TimeQuest Timing Analyzer report for IP-ROM
Fri Feb 28 20:56:35 2025
Quartus II 64-Bit Version 13.0.1 Build 232 06/12/2013 Service Pack 1 SJ Full Version


---------------------
; Table of Contents ;
---------------------
  1. Legal Notice
  2. TimeQuest Timing Analyzer Summary
  3. Parallel Compilation
  4. Clocks
  5. Slow 1200mV 85C Model Fmax Summary
  6. Timing Closure Recommendations
  7. Slow 1200mV 85C Model Setup Summary
  8. Slow 1200mV 85C Model Hold Summary
  9. Slow 1200mV 85C Model Recovery Summary
 10. Slow 1200mV 85C Model Removal Summary
 11. Slow 1200mV 85C Model Minimum Pulse Width Summary
 12. Slow 1200mV 85C Model Setup: 'system_clock'
 13. Slow 1200mV 85C Model Hold: 'system_clock'
 14. Slow 1200mV 85C Model Minimum Pulse Width: 'system_clock'
 15. Setup Times
 16. Hold Times
 17. Clock to Output Times
 18. Minimum Clock to Output Times
 19. Slow 1200mV 85C Model Metastability Report
 20. Slow 1200mV 0C Model Fmax Summary
 21. Slow 1200mV 0C Model Setup Summary
 22. Slow 1200mV 0C Model Hold Summary
 23. Slow 1200mV 0C Model Recovery Summary
 24. Slow 1200mV 0C Model Removal Summary
 25. Slow 1200mV 0C Model Minimum Pulse Width Summary
 26. Slow 1200mV 0C Model Setup: 'system_clock'
 27. Slow 1200mV 0C Model Hold: 'system_clock'
 28. Slow 1200mV 0C Model Minimum Pulse Width: 'system_clock'
 29. Setup Times
 30. Hold Times
 31. Clock to Output Times
 32. Minimum Clock to Output Times
 33. Slow 1200mV 0C Model Metastability Report
 34. Fast 1200mV 0C Model Setup Summary
 35. Fast 1200mV 0C Model Hold Summary
 36. Fast 1200mV 0C Model Recovery Summary
 37. Fast 1200mV 0C Model Removal Summary
 38. Fast 1200mV 0C Model Minimum Pulse Width Summary
 39. Fast 1200mV 0C Model Setup: 'system_clock'
 40. Fast 1200mV 0C Model Hold: 'system_clock'
 41. Fast 1200mV 0C Model Minimum Pulse Width: 'system_clock'
 42. Setup Times
 43. Hold Times
 44. Clock to Output Times
 45. Minimum Clock to Output Times
 46. Fast 1200mV 0C Model Metastability Report
 47. Multicorner Timing Analysis Summary
 48. Setup Times
 49. Hold Times
 50. Clock to Output Times
 51. Minimum Clock to Output Times
 52. Board Trace Model Assignments
 53. Input Transition Times
 54. Signal Integrity Metrics (Slow 1200mv 0c Model)
 55. Signal Integrity Metrics (Slow 1200mv 85c Model)
 56. Signal Integrity Metrics (Fast 1200mv 0c Model)
 57. Setup Transfers
 58. Hold Transfers
 59. Report TCCS
 60. Report RSKM
 61. Unconstrained Paths
 62. TimeQuest Timing Analyzer Messages



----------------
; Legal Notice ;
----------------
Copyright (C) 1991-2013 Altera Corporation
Your use of Altera Corporation's design tools, logic functions 
and other software and tools, and its AMPP partner logic 
functions, and any output files from any of the foregoing 
(including device programming or simulation files), and any 
associated documentation or information are expressly subject 
to the terms and conditions of the Altera Program License 
Subscription Agreement, Altera MegaCore Function License 
Agreement, or other applicable license agreement, including, 
without limitation, that your use is for the sole purpose of 
programming logic devices manufactured by Altera and sold by 
Altera or its authorized distributors.  Please refer to the 
applicable agreement for further details.



+-----------------------------------------------------------------------------------------+
; TimeQuest Timing Analyzer Summary                                                       ;
+--------------------+--------------------------------------------------------------------+
; Quartus II Version ; Version 13.0.1 Build 232 06/12/2013 Service Pack 1 SJ Full Version ;
; Revision Name      ; IP-ROM                                                             ;
; Device Family      ; Cyclone IV E                                                       ;
; Device Name        ; EP4CE10F17C8                                                       ;
; Timing Models      ; Final                                                              ;
; Delay Model        ; Combined                                                           ;
; Rise/Fall Delays   ; Enabled                                                            ;
+--------------------+--------------------------------------------------------------------+


+------------------------------------------+
; Parallel Compilation                     ;
+----------------------------+-------------+
; Processors                 ; Number      ;
+----------------------------+-------------+
; Number detected on machine ; 22          ;
; Maximum allowed            ; 16          ;
;                            ;             ;
; Average used               ; 1.00        ;
; Maximum used               ; 16          ;
;                            ;             ;
; Usage by Processor         ; % Time Used ;
;     Processor 1            ; 100.0%      ;
;     Processors 2-16        ; < 0.1%      ;
;     Processors 17-22       ;   0.0%      ;
+----------------------------+-------------+


+--------------------------------------------------------------------------------------------------------------------------------------------------------------------------------------------+
; Clocks                                                                                                                                                                                     ;
+--------------+------+--------+------------+-------+-------+------------+-----------+-------------+-------+--------+-----------+------------+----------+--------+--------+------------------+
; Clock Name   ; Type ; Period ; Frequency  ; Rise  ; Fall  ; Duty Cycle ; Divide by ; Multiply by ; Phase ; Offset ; Edge List ; Edge Shift ; Inverted ; Master ; Source ; Targets          ;
+--------------+------+--------+------------+-------+-------+------------+-----------+-------------+-------+--------+-----------+------------+----------+--------+--------+------------------+
; system_clock ; Base ; 1.000  ; 1000.0 MHz ; 0.000 ; 0.500 ;            ;           ;             ;       ;        ;           ;            ;          ;        ;        ; { system_clock } ;
+--------------+------+--------+------------+-------+-------+------------+-----------+-------------+-------+--------+-----------+------------+----------+--------+--------+------------------+


+----------------------------------------------------+
; Slow 1200mV 85C Model Fmax Summary                 ;
+------------+-----------------+--------------+------+
; Fmax       ; Restricted Fmax ; Clock Name   ; Note ;
+------------+-----------------+--------------+------+
; 193.09 MHz ; 193.09 MHz      ; system_clock ;      ;
+------------+-----------------+--------------+------+
This panel reports FMAX for every clock in the design, regardless of the user-specified clock periods.  FMAX is only computed for paths where the source and destination registers or ports are driven by the same clock.  Paths of different clocks, including generated clocks, are ignored.  For paths between a clock and its inversion, FMAX is computed as if the rising and falling edges are scaled along with FMAX, such that the duty cycle (in terms of a percentage) is maintained. Altera recommends that you always use clock constraints and other slack reports for sign-off analysis.


----------------------------------
; Timing Closure Recommendations ;
----------------------------------
HTML report is unavailable in plain text report export.


+---------------------------------------+
; Slow 1200mV 85C Model Setup Summary   ;
+--------------+--------+---------------+
; Clock        ; Slack  ; End Point TNS ;
+--------------+--------+---------------+
; system_clock ; -4.179 ; -601.200      ;
+--------------+--------+---------------+


+--------------------------------------+
; Slow 1200mV 85C Model Hold Summary   ;
+--------------+-------+---------------+
; Clock        ; Slack ; End Point TNS ;
+--------------+-------+---------------+
; system_clock ; 0.434 ; 0.000         ;
+--------------+-------+---------------+


------------------------------------------
; Slow 1200mV 85C Model Recovery Summary ;
------------------------------------------
No paths to report.


-----------------------------------------
; Slow 1200mV 85C Model Removal Summary ;
-----------------------------------------
No paths to report.


+---------------------------------------------------+
; Slow 1200mV 85C Model Minimum Pulse Width Summary ;
+--------------+--------+---------------------------+
; Clock        ; Slack  ; End Point TNS             ;
+--------------+--------+---------------------------+
; system_clock ; -3.201 ; -361.923                  ;
+--------------+--------+---------------------------+


+-------------------------------------------------------------------------------------------------------------------------------------------------------------------------------------------------------+
; Slow 1200mV 85C Model Setup: 'system_clock'                                                                                                                                                           ;
+--------+-----------------------------------------------------------+-----------------------------------------------------------+--------------+--------------+--------------+------------+------------+
; Slack  ; From Node                                                 ; To Node                                                   ; Launch Clock ; Latch Clock  ; Relationship ; Clock Skew ; Data Delay ;
+--------+-----------------------------------------------------------+-----------------------------------------------------------+--------------+--------------+--------------+------------+------------+
; -4.179 ; Button_Debounce:Button_Debounce_Instance_1|count_20ms[7]  ; Button_Debounce:Button_Debounce_Instance_1|count_20ms[1]  ; system_clock ; system_clock ; 1.000        ; -0.081     ; 5.099      ;
; -4.179 ; Button_Debounce:Button_Debounce_Instance_1|count_20ms[7]  ; Button_Debounce:Button_Debounce_Instance_1|count_20ms[2]  ; system_clock ; system_clock ; 1.000        ; -0.081     ; 5.099      ;
; -4.179 ; Button_Debounce:Button_Debounce_Instance_1|count_20ms[7]  ; Button_Debounce:Button_Debounce_Instance_1|count_20ms[3]  ; system_clock ; system_clock ; 1.000        ; -0.081     ; 5.099      ;
; -4.179 ; Button_Debounce:Button_Debounce_Instance_1|count_20ms[7]  ; Button_Debounce:Button_Debounce_Instance_1|count_20ms[4]  ; system_clock ; system_clock ; 1.000        ; -0.081     ; 5.099      ;
; -4.179 ; Button_Debounce:Button_Debounce_Instance_1|count_20ms[7]  ; Button_Debounce:Button_Debounce_Instance_1|count_20ms[5]  ; system_clock ; system_clock ; 1.000        ; -0.081     ; 5.099      ;
; -4.179 ; Button_Debounce:Button_Debounce_Instance_1|count_20ms[7]  ; Button_Debounce:Button_Debounce_Instance_1|count_20ms[6]  ; system_clock ; system_clock ; 1.000        ; -0.081     ; 5.099      ;
; -4.179 ; Button_Debounce:Button_Debounce_Instance_1|count_20ms[7]  ; Button_Debounce:Button_Debounce_Instance_1|count_20ms[7]  ; system_clock ; system_clock ; 1.000        ; -0.081     ; 5.099      ;
; -4.179 ; Button_Debounce:Button_Debounce_Instance_1|count_20ms[7]  ; Button_Debounce:Button_Debounce_Instance_1|count_20ms[8]  ; system_clock ; system_clock ; 1.000        ; -0.081     ; 5.099      ;
; -4.179 ; Button_Debounce:Button_Debounce_Instance_1|count_20ms[7]  ; Button_Debounce:Button_Debounce_Instance_1|count_20ms[9]  ; system_clock ; system_clock ; 1.000        ; -0.081     ; 5.099      ;
; -4.159 ; Button_Debounce:Button_Debounce_Instance_1|count_20ms[6]  ; Button_Debounce:Button_Debounce_Instance_1|count_20ms[1]  ; system_clock ; system_clock ; 1.000        ; -0.081     ; 5.079      ;
; -4.159 ; Button_Debounce:Button_Debounce_Instance_1|count_20ms[6]  ; Button_Debounce:Button_Debounce_Instance_1|count_20ms[2]  ; system_clock ; system_clock ; 1.000        ; -0.081     ; 5.079      ;
; -4.159 ; Button_Debounce:Button_Debounce_Instance_1|count_20ms[6]  ; Button_Debounce:Button_Debounce_Instance_1|count_20ms[3]  ; system_clock ; system_clock ; 1.000        ; -0.081     ; 5.079      ;
; -4.159 ; Button_Debounce:Button_Debounce_Instance_1|count_20ms[6]  ; Button_Debounce:Button_Debounce_Instance_1|count_20ms[4]  ; system_clock ; system_clock ; 1.000        ; -0.081     ; 5.079      ;
; -4.159 ; Button_Debounce:Button_Debounce_Instance_1|count_20ms[6]  ; Button_Debounce:Button_Debounce_Instance_1|count_20ms[5]  ; system_clock ; system_clock ; 1.000        ; -0.081     ; 5.079      ;
; -4.159 ; Button_Debounce:Button_Debounce_Instance_1|count_20ms[6]  ; Button_Debounce:Button_Debounce_Instance_1|count_20ms[6]  ; system_clock ; system_clock ; 1.000        ; -0.081     ; 5.079      ;
; -4.159 ; Button_Debounce:Button_Debounce_Instance_1|count_20ms[6]  ; Button_Debounce:Button_Debounce_Instance_1|count_20ms[7]  ; system_clock ; system_clock ; 1.000        ; -0.081     ; 5.079      ;
; -4.159 ; Button_Debounce:Button_Debounce_Instance_1|count_20ms[6]  ; Button_Debounce:Button_Debounce_Instance_1|count_20ms[8]  ; system_clock ; system_clock ; 1.000        ; -0.081     ; 5.079      ;
; -4.159 ; Button_Debounce:Button_Debounce_Instance_1|count_20ms[6]  ; Button_Debounce:Button_Debounce_Instance_1|count_20ms[9]  ; system_clock ; system_clock ; 1.000        ; -0.081     ; 5.079      ;
; -4.115 ; Button_Debounce:Button_Debounce_Instance_1|count_20ms[2]  ; Button_Debounce:Button_Debounce_Instance_1|count_20ms[1]  ; system_clock ; system_clock ; 1.000        ; -0.081     ; 5.035      ;
; -4.115 ; Button_Debounce:Button_Debounce_Instance_1|count_20ms[2]  ; Button_Debounce:Button_Debounce_Instance_1|count_20ms[2]  ; system_clock ; system_clock ; 1.000        ; -0.081     ; 5.035      ;
; -4.115 ; Button_Debounce:Button_Debounce_Instance_1|count_20ms[2]  ; Button_Debounce:Button_Debounce_Instance_1|count_20ms[3]  ; system_clock ; system_clock ; 1.000        ; -0.081     ; 5.035      ;
; -4.115 ; Button_Debounce:Button_Debounce_Instance_1|count_20ms[2]  ; Button_Debounce:Button_Debounce_Instance_1|count_20ms[4]  ; system_clock ; system_clock ; 1.000        ; -0.081     ; 5.035      ;
; -4.115 ; Button_Debounce:Button_Debounce_Instance_1|count_20ms[2]  ; Button_Debounce:Button_Debounce_Instance_1|count_20ms[5]  ; system_clock ; system_clock ; 1.000        ; -0.081     ; 5.035      ;
; -4.115 ; Button_Debounce:Button_Debounce_Instance_1|count_20ms[2]  ; Button_Debounce:Button_Debounce_Instance_1|count_20ms[6]  ; system_clock ; system_clock ; 1.000        ; -0.081     ; 5.035      ;
; -4.115 ; Button_Debounce:Button_Debounce_Instance_1|count_20ms[2]  ; Button_Debounce:Button_Debounce_Instance_1|count_20ms[7]  ; system_clock ; system_clock ; 1.000        ; -0.081     ; 5.035      ;
; -4.115 ; Button_Debounce:Button_Debounce_Instance_1|count_20ms[2]  ; Button_Debounce:Button_Debounce_Instance_1|count_20ms[8]  ; system_clock ; system_clock ; 1.000        ; -0.081     ; 5.035      ;
; -4.115 ; Button_Debounce:Button_Debounce_Instance_1|count_20ms[2]  ; Button_Debounce:Button_Debounce_Instance_1|count_20ms[9]  ; system_clock ; system_clock ; 1.000        ; -0.081     ; 5.035      ;
; -3.947 ; Button_Debounce:Button_Debounce_Instance_2|count_20ms[6]  ; Button_Debounce:Button_Debounce_Instance_2|count_20ms[10] ; system_clock ; system_clock ; 1.000        ; -0.082     ; 4.866      ;
; -3.947 ; Button_Debounce:Button_Debounce_Instance_2|count_20ms[6]  ; Button_Debounce:Button_Debounce_Instance_2|count_20ms[11] ; system_clock ; system_clock ; 1.000        ; -0.082     ; 4.866      ;
; -3.947 ; Button_Debounce:Button_Debounce_Instance_2|count_20ms[6]  ; Button_Debounce:Button_Debounce_Instance_2|count_20ms[12] ; system_clock ; system_clock ; 1.000        ; -0.082     ; 4.866      ;
; -3.947 ; Button_Debounce:Button_Debounce_Instance_2|count_20ms[6]  ; Button_Debounce:Button_Debounce_Instance_2|count_20ms[13] ; system_clock ; system_clock ; 1.000        ; -0.082     ; 4.866      ;
; -3.947 ; Button_Debounce:Button_Debounce_Instance_2|count_20ms[6]  ; Button_Debounce:Button_Debounce_Instance_2|count_20ms[14] ; system_clock ; system_clock ; 1.000        ; -0.082     ; 4.866      ;
; -3.947 ; Button_Debounce:Button_Debounce_Instance_2|count_20ms[6]  ; Button_Debounce:Button_Debounce_Instance_2|count_20ms[15] ; system_clock ; system_clock ; 1.000        ; -0.082     ; 4.866      ;
; -3.947 ; Button_Debounce:Button_Debounce_Instance_2|count_20ms[6]  ; Button_Debounce:Button_Debounce_Instance_2|count_20ms[16] ; system_clock ; system_clock ; 1.000        ; -0.082     ; 4.866      ;
; -3.941 ; Button_Debounce:Button_Debounce_Instance_1|count_20ms[5]  ; Button_Debounce:Button_Debounce_Instance_1|count_20ms[1]  ; system_clock ; system_clock ; 1.000        ; -0.081     ; 4.861      ;
; -3.941 ; Button_Debounce:Button_Debounce_Instance_1|count_20ms[5]  ; Button_Debounce:Button_Debounce_Instance_1|count_20ms[2]  ; system_clock ; system_clock ; 1.000        ; -0.081     ; 4.861      ;
; -3.941 ; Button_Debounce:Button_Debounce_Instance_1|count_20ms[5]  ; Button_Debounce:Button_Debounce_Instance_1|count_20ms[3]  ; system_clock ; system_clock ; 1.000        ; -0.081     ; 4.861      ;
; -3.941 ; Button_Debounce:Button_Debounce_Instance_1|count_20ms[5]  ; Button_Debounce:Button_Debounce_Instance_1|count_20ms[4]  ; system_clock ; system_clock ; 1.000        ; -0.081     ; 4.861      ;
; -3.941 ; Button_Debounce:Button_Debounce_Instance_1|count_20ms[5]  ; Button_Debounce:Button_Debounce_Instance_1|count_20ms[5]  ; system_clock ; system_clock ; 1.000        ; -0.081     ; 4.861      ;
; -3.941 ; Button_Debounce:Button_Debounce_Instance_1|count_20ms[5]  ; Button_Debounce:Button_Debounce_Instance_1|count_20ms[6]  ; system_clock ; system_clock ; 1.000        ; -0.081     ; 4.861      ;
; -3.941 ; Button_Debounce:Button_Debounce_Instance_1|count_20ms[5]  ; Button_Debounce:Button_Debounce_Instance_1|count_20ms[7]  ; system_clock ; system_clock ; 1.000        ; -0.081     ; 4.861      ;
; -3.941 ; Button_Debounce:Button_Debounce_Instance_1|count_20ms[5]  ; Button_Debounce:Button_Debounce_Instance_1|count_20ms[8]  ; system_clock ; system_clock ; 1.000        ; -0.081     ; 4.861      ;
; -3.941 ; Button_Debounce:Button_Debounce_Instance_1|count_20ms[5]  ; Button_Debounce:Button_Debounce_Instance_1|count_20ms[9]  ; system_clock ; system_clock ; 1.000        ; -0.081     ; 4.861      ;
; -3.923 ; Button_Debounce:Button_Debounce_Instance_2|count_20ms[7]  ; Button_Debounce:Button_Debounce_Instance_2|count_20ms[10] ; system_clock ; system_clock ; 1.000        ; -0.082     ; 4.842      ;
; -3.923 ; Button_Debounce:Button_Debounce_Instance_2|count_20ms[7]  ; Button_Debounce:Button_Debounce_Instance_2|count_20ms[11] ; system_clock ; system_clock ; 1.000        ; -0.082     ; 4.842      ;
; -3.923 ; Button_Debounce:Button_Debounce_Instance_2|count_20ms[7]  ; Button_Debounce:Button_Debounce_Instance_2|count_20ms[12] ; system_clock ; system_clock ; 1.000        ; -0.082     ; 4.842      ;
; -3.923 ; Button_Debounce:Button_Debounce_Instance_2|count_20ms[7]  ; Button_Debounce:Button_Debounce_Instance_2|count_20ms[13] ; system_clock ; system_clock ; 1.000        ; -0.082     ; 4.842      ;
; -3.923 ; Button_Debounce:Button_Debounce_Instance_2|count_20ms[7]  ; Button_Debounce:Button_Debounce_Instance_2|count_20ms[14] ; system_clock ; system_clock ; 1.000        ; -0.082     ; 4.842      ;
; -3.923 ; Button_Debounce:Button_Debounce_Instance_2|count_20ms[7]  ; Button_Debounce:Button_Debounce_Instance_2|count_20ms[15] ; system_clock ; system_clock ; 1.000        ; -0.082     ; 4.842      ;
; -3.923 ; Button_Debounce:Button_Debounce_Instance_2|count_20ms[7]  ; Button_Debounce:Button_Debounce_Instance_2|count_20ms[16] ; system_clock ; system_clock ; 1.000        ; -0.082     ; 4.842      ;
; -3.912 ; Button_Debounce:Button_Debounce_Instance_2|count_20ms[8]  ; Button_Debounce:Button_Debounce_Instance_2|count_20ms[10] ; system_clock ; system_clock ; 1.000        ; -0.082     ; 4.831      ;
; -3.912 ; Button_Debounce:Button_Debounce_Instance_2|count_20ms[8]  ; Button_Debounce:Button_Debounce_Instance_2|count_20ms[11] ; system_clock ; system_clock ; 1.000        ; -0.082     ; 4.831      ;
; -3.912 ; Button_Debounce:Button_Debounce_Instance_2|count_20ms[8]  ; Button_Debounce:Button_Debounce_Instance_2|count_20ms[12] ; system_clock ; system_clock ; 1.000        ; -0.082     ; 4.831      ;
; -3.912 ; Button_Debounce:Button_Debounce_Instance_2|count_20ms[8]  ; Button_Debounce:Button_Debounce_Instance_2|count_20ms[13] ; system_clock ; system_clock ; 1.000        ; -0.082     ; 4.831      ;
; -3.912 ; Button_Debounce:Button_Debounce_Instance_2|count_20ms[8]  ; Button_Debounce:Button_Debounce_Instance_2|count_20ms[14] ; system_clock ; system_clock ; 1.000        ; -0.082     ; 4.831      ;
; -3.912 ; Button_Debounce:Button_Debounce_Instance_2|count_20ms[8]  ; Button_Debounce:Button_Debounce_Instance_2|count_20ms[15] ; system_clock ; system_clock ; 1.000        ; -0.082     ; 4.831      ;
; -3.912 ; Button_Debounce:Button_Debounce_Instance_2|count_20ms[8]  ; Button_Debounce:Button_Debounce_Instance_2|count_20ms[16] ; system_clock ; system_clock ; 1.000        ; -0.082     ; 4.831      ;
; -3.908 ; Button_Debounce:Button_Debounce_Instance_1|count_20ms[3]  ; Button_Debounce:Button_Debounce_Instance_1|count_20ms[1]  ; system_clock ; system_clock ; 1.000        ; -0.081     ; 4.828      ;
; -3.908 ; Button_Debounce:Button_Debounce_Instance_1|count_20ms[3]  ; Button_Debounce:Button_Debounce_Instance_1|count_20ms[2]  ; system_clock ; system_clock ; 1.000        ; -0.081     ; 4.828      ;
; -3.908 ; Button_Debounce:Button_Debounce_Instance_1|count_20ms[3]  ; Button_Debounce:Button_Debounce_Instance_1|count_20ms[3]  ; system_clock ; system_clock ; 1.000        ; -0.081     ; 4.828      ;
; -3.908 ; Button_Debounce:Button_Debounce_Instance_1|count_20ms[3]  ; Button_Debounce:Button_Debounce_Instance_1|count_20ms[4]  ; system_clock ; system_clock ; 1.000        ; -0.081     ; 4.828      ;
; -3.908 ; Button_Debounce:Button_Debounce_Instance_1|count_20ms[3]  ; Button_Debounce:Button_Debounce_Instance_1|count_20ms[5]  ; system_clock ; system_clock ; 1.000        ; -0.081     ; 4.828      ;
; -3.908 ; Button_Debounce:Button_Debounce_Instance_1|count_20ms[3]  ; Button_Debounce:Button_Debounce_Instance_1|count_20ms[6]  ; system_clock ; system_clock ; 1.000        ; -0.081     ; 4.828      ;
; -3.908 ; Button_Debounce:Button_Debounce_Instance_1|count_20ms[3]  ; Button_Debounce:Button_Debounce_Instance_1|count_20ms[7]  ; system_clock ; system_clock ; 1.000        ; -0.081     ; 4.828      ;
; -3.908 ; Button_Debounce:Button_Debounce_Instance_1|count_20ms[3]  ; Button_Debounce:Button_Debounce_Instance_1|count_20ms[8]  ; system_clock ; system_clock ; 1.000        ; -0.081     ; 4.828      ;
; -3.908 ; Button_Debounce:Button_Debounce_Instance_1|count_20ms[3]  ; Button_Debounce:Button_Debounce_Instance_1|count_20ms[9]  ; system_clock ; system_clock ; 1.000        ; -0.081     ; 4.828      ;
; -3.900 ; Button_Debounce:Button_Debounce_Instance_2|count_20ms[13] ; Button_Debounce:Button_Debounce_Instance_2|count_20ms[10] ; system_clock ; system_clock ; 1.000        ; -0.082     ; 4.819      ;
; -3.900 ; Button_Debounce:Button_Debounce_Instance_2|count_20ms[13] ; Button_Debounce:Button_Debounce_Instance_2|count_20ms[11] ; system_clock ; system_clock ; 1.000        ; -0.082     ; 4.819      ;
; -3.900 ; Button_Debounce:Button_Debounce_Instance_2|count_20ms[13] ; Button_Debounce:Button_Debounce_Instance_2|count_20ms[12] ; system_clock ; system_clock ; 1.000        ; -0.082     ; 4.819      ;
; -3.900 ; Button_Debounce:Button_Debounce_Instance_2|count_20ms[13] ; Button_Debounce:Button_Debounce_Instance_2|count_20ms[13] ; system_clock ; system_clock ; 1.000        ; -0.082     ; 4.819      ;
; -3.900 ; Button_Debounce:Button_Debounce_Instance_2|count_20ms[13] ; Button_Debounce:Button_Debounce_Instance_2|count_20ms[14] ; system_clock ; system_clock ; 1.000        ; -0.082     ; 4.819      ;
; -3.900 ; Button_Debounce:Button_Debounce_Instance_2|count_20ms[13] ; Button_Debounce:Button_Debounce_Instance_2|count_20ms[15] ; system_clock ; system_clock ; 1.000        ; -0.082     ; 4.819      ;
; -3.900 ; Button_Debounce:Button_Debounce_Instance_2|count_20ms[13] ; Button_Debounce:Button_Debounce_Instance_2|count_20ms[16] ; system_clock ; system_clock ; 1.000        ; -0.082     ; 4.819      ;
; -3.854 ; Button_Debounce:Button_Debounce_Instance_1|count_20ms[8]  ; Button_Debounce:Button_Debounce_Instance_1|count_20ms[1]  ; system_clock ; system_clock ; 1.000        ; -0.081     ; 4.774      ;
; -3.854 ; Button_Debounce:Button_Debounce_Instance_1|count_20ms[8]  ; Button_Debounce:Button_Debounce_Instance_1|count_20ms[2]  ; system_clock ; system_clock ; 1.000        ; -0.081     ; 4.774      ;
; -3.854 ; Button_Debounce:Button_Debounce_Instance_1|count_20ms[8]  ; Button_Debounce:Button_Debounce_Instance_1|count_20ms[3]  ; system_clock ; system_clock ; 1.000        ; -0.081     ; 4.774      ;
; -3.854 ; Button_Debounce:Button_Debounce_Instance_1|count_20ms[8]  ; Button_Debounce:Button_Debounce_Instance_1|count_20ms[4]  ; system_clock ; system_clock ; 1.000        ; -0.081     ; 4.774      ;
; -3.854 ; Button_Debounce:Button_Debounce_Instance_1|count_20ms[8]  ; Button_Debounce:Button_Debounce_Instance_1|count_20ms[5]  ; system_clock ; system_clock ; 1.000        ; -0.081     ; 4.774      ;
; -3.854 ; Button_Debounce:Button_Debounce_Instance_1|count_20ms[8]  ; Button_Debounce:Button_Debounce_Instance_1|count_20ms[6]  ; system_clock ; system_clock ; 1.000        ; -0.081     ; 4.774      ;
; -3.854 ; Button_Debounce:Button_Debounce_Instance_1|count_20ms[8]  ; Button_Debounce:Button_Debounce_Instance_1|count_20ms[7]  ; system_clock ; system_clock ; 1.000        ; -0.081     ; 4.774      ;
; -3.854 ; Button_Debounce:Button_Debounce_Instance_1|count_20ms[8]  ; Button_Debounce:Button_Debounce_Instance_1|count_20ms[8]  ; system_clock ; system_clock ; 1.000        ; -0.081     ; 4.774      ;
; -3.854 ; Button_Debounce:Button_Debounce_Instance_1|count_20ms[8]  ; Button_Debounce:Button_Debounce_Instance_1|count_20ms[9]  ; system_clock ; system_clock ; 1.000        ; -0.081     ; 4.774      ;
; -3.841 ; Button_Debounce:Button_Debounce_Instance_1|count_20ms[9]  ; Button_Debounce:Button_Debounce_Instance_1|count_20ms[1]  ; system_clock ; system_clock ; 1.000        ; -0.081     ; 4.761      ;
; -3.841 ; Button_Debounce:Button_Debounce_Instance_1|count_20ms[9]  ; Button_Debounce:Button_Debounce_Instance_1|count_20ms[2]  ; system_clock ; system_clock ; 1.000        ; -0.081     ; 4.761      ;
; -3.841 ; Button_Debounce:Button_Debounce_Instance_1|count_20ms[9]  ; Button_Debounce:Button_Debounce_Instance_1|count_20ms[3]  ; system_clock ; system_clock ; 1.000        ; -0.081     ; 4.761      ;
; -3.841 ; Button_Debounce:Button_Debounce_Instance_1|count_20ms[9]  ; Button_Debounce:Button_Debounce_Instance_1|count_20ms[4]  ; system_clock ; system_clock ; 1.000        ; -0.081     ; 4.761      ;
; -3.841 ; Button_Debounce:Button_Debounce_Instance_1|count_20ms[9]  ; Button_Debounce:Button_Debounce_Instance_1|count_20ms[5]  ; system_clock ; system_clock ; 1.000        ; -0.081     ; 4.761      ;
; -3.841 ; Button_Debounce:Button_Debounce_Instance_1|count_20ms[9]  ; Button_Debounce:Button_Debounce_Instance_1|count_20ms[6]  ; system_clock ; system_clock ; 1.000        ; -0.081     ; 4.761      ;
; -3.841 ; Button_Debounce:Button_Debounce_Instance_1|count_20ms[9]  ; Button_Debounce:Button_Debounce_Instance_1|count_20ms[7]  ; system_clock ; system_clock ; 1.000        ; -0.081     ; 4.761      ;
; -3.841 ; Button_Debounce:Button_Debounce_Instance_1|count_20ms[9]  ; Button_Debounce:Button_Debounce_Instance_1|count_20ms[8]  ; system_clock ; system_clock ; 1.000        ; -0.081     ; 4.761      ;
; -3.841 ; Button_Debounce:Button_Debounce_Instance_1|count_20ms[9]  ; Button_Debounce:Button_Debounce_Instance_1|count_20ms[9]  ; system_clock ; system_clock ; 1.000        ; -0.081     ; 4.761      ;
; -3.829 ; Button_Debounce:Button_Debounce_Instance_2|count_20ms[16] ; Button_Debounce:Button_Debounce_Instance_2|count_20ms[10] ; system_clock ; system_clock ; 1.000        ; -0.082     ; 4.748      ;
; -3.829 ; Button_Debounce:Button_Debounce_Instance_2|count_20ms[16] ; Button_Debounce:Button_Debounce_Instance_2|count_20ms[11] ; system_clock ; system_clock ; 1.000        ; -0.082     ; 4.748      ;
; -3.829 ; Button_Debounce:Button_Debounce_Instance_2|count_20ms[16] ; Button_Debounce:Button_Debounce_Instance_2|count_20ms[12] ; system_clock ; system_clock ; 1.000        ; -0.082     ; 4.748      ;
; -3.829 ; Button_Debounce:Button_Debounce_Instance_2|count_20ms[16] ; Button_Debounce:Button_Debounce_Instance_2|count_20ms[13] ; system_clock ; system_clock ; 1.000        ; -0.082     ; 4.748      ;
; -3.829 ; Button_Debounce:Button_Debounce_Instance_2|count_20ms[16] ; Button_Debounce:Button_Debounce_Instance_2|count_20ms[14] ; system_clock ; system_clock ; 1.000        ; -0.082     ; 4.748      ;
; -3.829 ; Button_Debounce:Button_Debounce_Instance_2|count_20ms[16] ; Button_Debounce:Button_Debounce_Instance_2|count_20ms[15] ; system_clock ; system_clock ; 1.000        ; -0.082     ; 4.748      ;
; -3.829 ; Button_Debounce:Button_Debounce_Instance_2|count_20ms[16] ; Button_Debounce:Button_Debounce_Instance_2|count_20ms[16] ; system_clock ; system_clock ; 1.000        ; -0.082     ; 4.748      ;
; -3.807 ; Button_Debounce:Button_Debounce_Instance_2|count_20ms[14] ; Button_Debounce:Button_Debounce_Instance_2|count_20ms[10] ; system_clock ; system_clock ; 1.000        ; -0.082     ; 4.726      ;
; -3.807 ; Button_Debounce:Button_Debounce_Instance_2|count_20ms[14] ; Button_Debounce:Button_Debounce_Instance_2|count_20ms[11] ; system_clock ; system_clock ; 1.000        ; -0.082     ; 4.726      ;
+--------+-----------------------------------------------------------+-----------------------------------------------------------+--------------+--------------+--------------+------------+------------+


+----------------------------------------------------------------------------------------------------------------------------------------------------------------------------------------------------------------------------------------------------------------------------------------------------------------------+
; Slow 1200mV 85C Model Hold: 'system_clock'                                                                                                                                                                                                                                                                           ;
+-------+-------------------------------------------------------------------------------------------------------------+-------------------------------------------------------------------------------------------------------------------------+--------------+--------------+--------------+------------+------------+
; Slack ; From Node                                                                                                   ; To Node                                                                                                                 ; Launch Clock ; Latch Clock  ; Relationship ; Clock Skew ; Data Delay ;
+-------+-------------------------------------------------------------------------------------------------------------+-------------------------------------------------------------------------------------------------------------------------+--------------+--------------+--------------+------------+------------+
; 0.434 ; ROM_Control:ROM_Control_Instance|key2_enable                                                                ; ROM_Control:ROM_Control_Instance|key2_enable                                                                            ; system_clock ; system_clock ; 0.000        ; 0.100      ; 0.746      ;
; 0.434 ; ROM_Control:ROM_Control_Instance|key1_enable                                                                ; ROM_Control:ROM_Control_Instance|key1_enable                                                                            ; system_clock ; system_clock ; 0.000        ; 0.100      ; 0.746      ;
; 0.434 ; ROM_Control:ROM_Control_Instance|address[4]                                                                 ; ROM_Control:ROM_Control_Instance|address[4]                                                                             ; system_clock ; system_clock ; 0.000        ; 0.100      ; 0.746      ;
; 0.434 ; seg_595_dynamic:seg_595_dynamic_Instance|seg_dynamic:seg_dynamic_inst|bcd_8421:bcd_8421_inst|data_shift[29] ; seg_595_dynamic:seg_595_dynamic_Instance|seg_dynamic:seg_dynamic_inst|bcd_8421:bcd_8421_inst|data_shift[29]             ; system_clock ; system_clock ; 0.000        ; 0.100      ; 0.746      ;
; 0.434 ; seg_595_dynamic:seg_595_dynamic_Instance|seg_dynamic:seg_dynamic_inst|bcd_8421:bcd_8421_inst|data_shift[37] ; seg_595_dynamic:seg_595_dynamic_Instance|seg_dynamic:seg_dynamic_inst|bcd_8421:bcd_8421_inst|data_shift[37]             ; system_clock ; system_clock ; 0.000        ; 0.100      ; 0.746      ;
; 0.445 ; seg_595_dynamic:seg_595_dynamic_Instance|seg_dynamic:seg_dynamic_inst|bcd_8421:bcd_8421_inst|data_shift[20] ; seg_595_dynamic:seg_595_dynamic_Instance|seg_dynamic:seg_dynamic_inst|bcd_8421:bcd_8421_inst|data_shift[20]             ; system_clock ; system_clock ; 0.000        ; 0.101      ; 0.758      ;
; 0.446 ; seg_595_dynamic:seg_595_dynamic_Instance|seg_dynamic:seg_dynamic_inst|bcd_8421:bcd_8421_inst|data_shift[28] ; seg_595_dynamic:seg_595_dynamic_Instance|seg_dynamic:seg_dynamic_inst|bcd_8421:bcd_8421_inst|data_shift[28]             ; system_clock ; system_clock ; 0.000        ; 0.100      ; 0.758      ;
; 0.446 ; seg_595_dynamic:seg_595_dynamic_Instance|seg_dynamic:seg_dynamic_inst|bcd_8421:bcd_8421_inst|data_shift[36] ; seg_595_dynamic:seg_595_dynamic_Instance|seg_dynamic:seg_dynamic_inst|bcd_8421:bcd_8421_inst|data_shift[36]             ; system_clock ; system_clock ; 0.000        ; 0.100      ; 0.758      ;
; 0.452 ; ROM_Control:ROM_Control_Instance|address[3]                                                                 ; ROM_Control:ROM_Control_Instance|address[3]                                                                             ; system_clock ; system_clock ; 0.000        ; 0.082      ; 0.746      ;
; 0.452 ; seg_595_dynamic:seg_595_dynamic_Instance|hc595_ctrl:hc595_ctrl|cnt_bit[1]                                   ; seg_595_dynamic:seg_595_dynamic_Instance|hc595_ctrl:hc595_ctrl|cnt_bit[1]                                               ; system_clock ; system_clock ; 0.000        ; 0.082      ; 0.746      ;
; 0.452 ; seg_595_dynamic:seg_595_dynamic_Instance|hc595_ctrl:hc595_ctrl|cnt_bit[2]                                   ; seg_595_dynamic:seg_595_dynamic_Instance|hc595_ctrl:hc595_ctrl|cnt_bit[2]                                               ; system_clock ; system_clock ; 0.000        ; 0.082      ; 0.746      ;
; 0.452 ; seg_595_dynamic:seg_595_dynamic_Instance|hc595_ctrl:hc595_ctrl|cnt_bit[3]                                   ; seg_595_dynamic:seg_595_dynamic_Instance|hc595_ctrl:hc595_ctrl|cnt_bit[3]                                               ; system_clock ; system_clock ; 0.000        ; 0.082      ; 0.746      ;
; 0.452 ; seg_595_dynamic:seg_595_dynamic_Instance|hc595_ctrl:hc595_ctrl|cnt_bit[0]                                   ; seg_595_dynamic:seg_595_dynamic_Instance|hc595_ctrl:hc595_ctrl|cnt_bit[0]                                               ; system_clock ; system_clock ; 0.000        ; 0.082      ; 0.746      ;
; 0.452 ; seg_595_dynamic:seg_595_dynamic_Instance|seg_dynamic:seg_dynamic_inst|cnt_sel[1]                            ; seg_595_dynamic:seg_595_dynamic_Instance|seg_dynamic:seg_dynamic_inst|cnt_sel[1]                                        ; system_clock ; system_clock ; 0.000        ; 0.082      ; 0.746      ;
; 0.452 ; seg_595_dynamic:seg_595_dynamic_Instance|seg_dynamic:seg_dynamic_inst|cnt_sel[2]                            ; seg_595_dynamic:seg_595_dynamic_Instance|seg_dynamic:seg_dynamic_inst|cnt_sel[2]                                        ; system_clock ; system_clock ; 0.000        ; 0.082      ; 0.746      ;
; 0.452 ; seg_595_dynamic:seg_595_dynamic_Instance|seg_dynamic:seg_dynamic_inst|sel_reg[0]                            ; seg_595_dynamic:seg_595_dynamic_Instance|seg_dynamic:seg_dynamic_inst|sel_reg[0]                                        ; system_clock ; system_clock ; 0.000        ; 0.082      ; 0.746      ;
; 0.452 ; seg_595_dynamic:seg_595_dynamic_Instance|seg_dynamic:seg_dynamic_inst|bcd_8421:bcd_8421_inst|data_shift[41] ; seg_595_dynamic:seg_595_dynamic_Instance|seg_dynamic:seg_dynamic_inst|bcd_8421:bcd_8421_inst|data_shift[41]             ; system_clock ; system_clock ; 0.000        ; 0.082      ; 0.746      ;
; 0.452 ; seg_595_dynamic:seg_595_dynamic_Instance|seg_dynamic:seg_dynamic_inst|bcd_8421:bcd_8421_inst|data_shift[42] ; seg_595_dynamic:seg_595_dynamic_Instance|seg_dynamic:seg_dynamic_inst|bcd_8421:bcd_8421_inst|data_shift[42]             ; system_clock ; system_clock ; 0.000        ; 0.082      ; 0.746      ;
; 0.452 ; seg_595_dynamic:seg_595_dynamic_Instance|seg_dynamic:seg_dynamic_inst|bcd_8421:bcd_8421_inst|data_shift[43] ; seg_595_dynamic:seg_595_dynamic_Instance|seg_dynamic:seg_dynamic_inst|bcd_8421:bcd_8421_inst|data_shift[43]             ; system_clock ; system_clock ; 0.000        ; 0.082      ; 0.746      ;
; 0.452 ; seg_595_dynamic:seg_595_dynamic_Instance|seg_dynamic:seg_dynamic_inst|bcd_8421:bcd_8421_inst|data_shift[25] ; seg_595_dynamic:seg_595_dynamic_Instance|seg_dynamic:seg_dynamic_inst|bcd_8421:bcd_8421_inst|data_shift[25]             ; system_clock ; system_clock ; 0.000        ; 0.082      ; 0.746      ;
; 0.452 ; seg_595_dynamic:seg_595_dynamic_Instance|seg_dynamic:seg_dynamic_inst|bcd_8421:bcd_8421_inst|data_shift[0]  ; seg_595_dynamic:seg_595_dynamic_Instance|seg_dynamic:seg_dynamic_inst|bcd_8421:bcd_8421_inst|data_shift[0]              ; system_clock ; system_clock ; 0.000        ; 0.082      ; 0.746      ;
; 0.452 ; seg_595_dynamic:seg_595_dynamic_Instance|seg_dynamic:seg_dynamic_inst|bcd_8421:bcd_8421_inst|data_shift[22] ; seg_595_dynamic:seg_595_dynamic_Instance|seg_dynamic:seg_dynamic_inst|bcd_8421:bcd_8421_inst|data_shift[22]             ; system_clock ; system_clock ; 0.000        ; 0.082      ; 0.746      ;
; 0.452 ; seg_595_dynamic:seg_595_dynamic_Instance|seg_dynamic:seg_dynamic_inst|bcd_8421:bcd_8421_inst|data_shift[23] ; seg_595_dynamic:seg_595_dynamic_Instance|seg_dynamic:seg_dynamic_inst|bcd_8421:bcd_8421_inst|data_shift[23]             ; system_clock ; system_clock ; 0.000        ; 0.082      ; 0.746      ;
; 0.452 ; seg_595_dynamic:seg_595_dynamic_Instance|seg_dynamic:seg_dynamic_inst|bcd_8421:bcd_8421_inst|data_shift[26] ; seg_595_dynamic:seg_595_dynamic_Instance|seg_dynamic:seg_dynamic_inst|bcd_8421:bcd_8421_inst|data_shift[26]             ; system_clock ; system_clock ; 0.000        ; 0.082      ; 0.746      ;
; 0.452 ; seg_595_dynamic:seg_595_dynamic_Instance|seg_dynamic:seg_dynamic_inst|bcd_8421:bcd_8421_inst|data_shift[27] ; seg_595_dynamic:seg_595_dynamic_Instance|seg_dynamic:seg_dynamic_inst|bcd_8421:bcd_8421_inst|data_shift[27]             ; system_clock ; system_clock ; 0.000        ; 0.082      ; 0.746      ;
; 0.452 ; seg_595_dynamic:seg_595_dynamic_Instance|seg_dynamic:seg_dynamic_inst|bcd_8421:bcd_8421_inst|data_shift[38] ; seg_595_dynamic:seg_595_dynamic_Instance|seg_dynamic:seg_dynamic_inst|bcd_8421:bcd_8421_inst|data_shift[38]             ; system_clock ; system_clock ; 0.000        ; 0.082      ; 0.746      ;
; 0.452 ; seg_595_dynamic:seg_595_dynamic_Instance|seg_dynamic:seg_dynamic_inst|bcd_8421:bcd_8421_inst|data_shift[39] ; seg_595_dynamic:seg_595_dynamic_Instance|seg_dynamic:seg_dynamic_inst|bcd_8421:bcd_8421_inst|data_shift[39]             ; system_clock ; system_clock ; 0.000        ; 0.082      ; 0.746      ;
; 0.452 ; seg_595_dynamic:seg_595_dynamic_Instance|hc595_ctrl:hc595_ctrl|ds                                           ; seg_595_dynamic:seg_595_dynamic_Instance|hc595_ctrl:hc595_ctrl|ds                                                       ; system_clock ; system_clock ; 0.000        ; 0.082      ; 0.746      ;
; 0.452 ; seg_595_dynamic:seg_595_dynamic_Instance|hc595_ctrl:hc595_ctrl|stcp                                         ; seg_595_dynamic:seg_595_dynamic_Instance|hc595_ctrl:hc595_ctrl|stcp                                                     ; system_clock ; system_clock ; 0.000        ; 0.082      ; 0.746      ;
; 0.453 ; seg_595_dynamic:seg_595_dynamic_Instance|seg_dynamic:seg_dynamic_inst|bcd_8421:bcd_8421_inst|data_shift[33] ; seg_595_dynamic:seg_595_dynamic_Instance|seg_dynamic:seg_dynamic_inst|bcd_8421:bcd_8421_inst|data_shift[33]             ; system_clock ; system_clock ; 0.000        ; 0.081      ; 0.746      ;
; 0.453 ; seg_595_dynamic:seg_595_dynamic_Instance|seg_dynamic:seg_dynamic_inst|bcd_8421:bcd_8421_inst|data_shift[21] ; seg_595_dynamic:seg_595_dynamic_Instance|seg_dynamic:seg_dynamic_inst|bcd_8421:bcd_8421_inst|data_shift[21]             ; system_clock ; system_clock ; 0.000        ; 0.081      ; 0.746      ;
; 0.453 ; seg_595_dynamic:seg_595_dynamic_Instance|seg_dynamic:seg_dynamic_inst|bcd_8421:bcd_8421_inst|data_shift[30] ; seg_595_dynamic:seg_595_dynamic_Instance|seg_dynamic:seg_dynamic_inst|bcd_8421:bcd_8421_inst|data_shift[30]             ; system_clock ; system_clock ; 0.000        ; 0.081      ; 0.746      ;
; 0.453 ; seg_595_dynamic:seg_595_dynamic_Instance|seg_dynamic:seg_dynamic_inst|bcd_8421:bcd_8421_inst|data_shift[31] ; seg_595_dynamic:seg_595_dynamic_Instance|seg_dynamic:seg_dynamic_inst|bcd_8421:bcd_8421_inst|data_shift[31]             ; system_clock ; system_clock ; 0.000        ; 0.081      ; 0.746      ;
; 0.453 ; seg_595_dynamic:seg_595_dynamic_Instance|seg_dynamic:seg_dynamic_inst|bcd_8421:bcd_8421_inst|data_shift[34] ; seg_595_dynamic:seg_595_dynamic_Instance|seg_dynamic:seg_dynamic_inst|bcd_8421:bcd_8421_inst|data_shift[34]             ; system_clock ; system_clock ; 0.000        ; 0.081      ; 0.746      ;
; 0.453 ; seg_595_dynamic:seg_595_dynamic_Instance|seg_dynamic:seg_dynamic_inst|bcd_8421:bcd_8421_inst|data_shift[35] ; seg_595_dynamic:seg_595_dynamic_Instance|seg_dynamic:seg_dynamic_inst|bcd_8421:bcd_8421_inst|data_shift[35]             ; system_clock ; system_clock ; 0.000        ; 0.081      ; 0.746      ;
; 0.453 ; seg_595_dynamic:seg_595_dynamic_Instance|hc595_ctrl:hc595_ctrl|shcp                                         ; seg_595_dynamic:seg_595_dynamic_Instance|hc595_ctrl:hc595_ctrl|shcp                                                     ; system_clock ; system_clock ; 0.000        ; 0.081      ; 0.746      ;
; 0.464 ; seg_595_dynamic:seg_595_dynamic_Instance|hc595_ctrl:hc595_ctrl|cnt[0]                                       ; seg_595_dynamic:seg_595_dynamic_Instance|hc595_ctrl:hc595_ctrl|cnt[0]                                                   ; system_clock ; system_clock ; 0.000        ; 0.082      ; 0.758      ;
; 0.464 ; seg_595_dynamic:seg_595_dynamic_Instance|seg_dynamic:seg_dynamic_inst|cnt_sel[0]                            ; seg_595_dynamic:seg_595_dynamic_Instance|seg_dynamic:seg_dynamic_inst|cnt_sel[0]                                        ; system_clock ; system_clock ; 0.000        ; 0.082      ; 0.758      ;
; 0.464 ; seg_595_dynamic:seg_595_dynamic_Instance|seg_dynamic:seg_dynamic_inst|bcd_8421:bcd_8421_inst|data_shift[24] ; seg_595_dynamic:seg_595_dynamic_Instance|seg_dynamic:seg_dynamic_inst|bcd_8421:bcd_8421_inst|data_shift[24]             ; system_clock ; system_clock ; 0.000        ; 0.082      ; 0.758      ;
; 0.464 ; seg_595_dynamic:seg_595_dynamic_Instance|seg_dynamic:seg_dynamic_inst|bcd_8421:bcd_8421_inst|data_shift[40] ; seg_595_dynamic:seg_595_dynamic_Instance|seg_dynamic:seg_dynamic_inst|bcd_8421:bcd_8421_inst|data_shift[40]             ; system_clock ; system_clock ; 0.000        ; 0.082      ; 0.758      ;
; 0.465 ; seg_595_dynamic:seg_595_dynamic_Instance|seg_dynamic:seg_dynamic_inst|bcd_8421:bcd_8421_inst|data_shift[32] ; seg_595_dynamic:seg_595_dynamic_Instance|seg_dynamic:seg_dynamic_inst|bcd_8421:bcd_8421_inst|data_shift[32]             ; system_clock ; system_clock ; 0.000        ; 0.081      ; 0.758      ;
; 0.516 ; seg_595_dynamic:seg_595_dynamic_Instance|seg_dynamic:seg_dynamic_inst|bcd_8421:bcd_8421_inst|h_hun[2]       ; seg_595_dynamic:seg_595_dynamic_Instance|seg_dynamic:seg_dynamic_inst|data_reg[21]                                      ; system_clock ; system_clock ; 0.000        ; 0.082      ; 0.810      ;
; 0.524 ; seg_595_dynamic:seg_595_dynamic_Instance|seg_dynamic:seg_dynamic_inst|cnt_sel[2]                            ; seg_595_dynamic:seg_595_dynamic_Instance|seg_dynamic:seg_dynamic_inst|data_disp[3]                                      ; system_clock ; system_clock ; 0.000        ; 0.082      ; 0.818      ;
; 0.524 ; seg_595_dynamic:seg_595_dynamic_Instance|seg_dynamic:seg_dynamic_inst|cnt_sel[2]                            ; seg_595_dynamic:seg_595_dynamic_Instance|seg_dynamic:seg_dynamic_inst|cnt_sel[1]                                        ; system_clock ; system_clock ; 0.000        ; 0.082      ; 0.818      ;
; 0.529 ; seg_595_dynamic:seg_595_dynamic_Instance|seg_dynamic:seg_dynamic_inst|sel_reg[2]                            ; seg_595_dynamic:seg_595_dynamic_Instance|seg_dynamic:seg_dynamic_inst|sel_reg[3]                                        ; system_clock ; system_clock ; 0.000        ; 0.082      ; 0.823      ;
; 0.606 ; seg_595_dynamic:seg_595_dynamic_Instance|seg_dynamic:seg_dynamic_inst|cnt_sel[1]                            ; seg_595_dynamic:seg_595_dynamic_Instance|seg_dynamic:seg_dynamic_inst|cnt_sel[2]                                        ; system_clock ; system_clock ; 0.000        ; 0.082      ; 0.900      ;
; 0.608 ; ROM_Control:ROM_Control_Instance|address[0]                                                                 ; ROM_8x256:ROM_8x256_inst|altsyncram:altsyncram_component|altsyncram_qb91:auto_generated|ram_block1a0~porta_address_reg0 ; system_clock ; system_clock ; 0.000        ; 0.468      ; 1.330      ;
; 0.643 ; seg_595_dynamic:seg_595_dynamic_Instance|seg_dynamic:seg_dynamic_inst|bcd_8421:bcd_8421_inst|data_shift[17] ; seg_595_dynamic:seg_595_dynamic_Instance|seg_dynamic:seg_dynamic_inst|bcd_8421:bcd_8421_inst|data_shift[18]             ; system_clock ; system_clock ; 0.000        ; 0.082      ; 0.937      ;
; 0.645 ; seg_595_dynamic:seg_595_dynamic_Instance|seg_dynamic:seg_dynamic_inst|bcd_8421:bcd_8421_inst|data_shift[2]  ; seg_595_dynamic:seg_595_dynamic_Instance|seg_dynamic:seg_dynamic_inst|bcd_8421:bcd_8421_inst|data_shift[3]              ; system_clock ; system_clock ; 0.000        ; 0.081      ; 0.938      ;
; 0.645 ; seg_595_dynamic:seg_595_dynamic_Instance|seg_dynamic:seg_dynamic_inst|bcd_8421:bcd_8421_inst|data_shift[3]  ; seg_595_dynamic:seg_595_dynamic_Instance|seg_dynamic:seg_dynamic_inst|bcd_8421:bcd_8421_inst|data_shift[4]              ; system_clock ; system_clock ; 0.000        ; 0.081      ; 0.938      ;
; 0.645 ; seg_595_dynamic:seg_595_dynamic_Instance|seg_dynamic:seg_dynamic_inst|bcd_8421:bcd_8421_inst|data_shift[7]  ; seg_595_dynamic:seg_595_dynamic_Instance|seg_dynamic:seg_dynamic_inst|bcd_8421:bcd_8421_inst|data_shift[8]              ; system_clock ; system_clock ; 0.000        ; 0.081      ; 0.938      ;
; 0.645 ; seg_595_dynamic:seg_595_dynamic_Instance|seg_dynamic:seg_dynamic_inst|bcd_8421:bcd_8421_inst|data_shift[9]  ; seg_595_dynamic:seg_595_dynamic_Instance|seg_dynamic:seg_dynamic_inst|bcd_8421:bcd_8421_inst|data_shift[10]             ; system_clock ; system_clock ; 0.000        ; 0.081      ; 0.938      ;
; 0.647 ; Button_Debounce:Button_Debounce_Instance_1|count_20ms[16]                                                   ; Button_Debounce:Button_Debounce_Instance_1|count_20ms[17]                                                               ; system_clock ; system_clock ; 0.000        ; 0.542      ; 1.401      ;
; 0.647 ; seg_595_dynamic:seg_595_dynamic_Instance|seg_dynamic:seg_dynamic_inst|bcd_8421:bcd_8421_inst|data_shift[15] ; seg_595_dynamic:seg_595_dynamic_Instance|seg_dynamic:seg_dynamic_inst|bcd_8421:bcd_8421_inst|data_shift[16]             ; system_clock ; system_clock ; 0.000        ; 0.081      ; 0.940      ;
; 0.649 ; Button_Debounce:Button_Debounce_Instance_1|count_20ms[18]                                                   ; Button_Debounce:Button_Debounce_Instance_1|count_20ms[19]                                                               ; system_clock ; system_clock ; 0.000        ; 0.542      ; 1.403      ;
; 0.663 ; ROM_Control:ROM_Control_Instance|address[1]                                                                 ; ROM_8x256:ROM_8x256_inst|altsyncram:altsyncram_component|altsyncram_qb91:auto_generated|ram_block1a0~porta_address_reg0 ; system_clock ; system_clock ; 0.000        ; 0.468      ; 1.385      ;
; 0.665 ; seg_595_dynamic:seg_595_dynamic_Instance|seg_dynamic:seg_dynamic_inst|bcd_8421:bcd_8421_inst|h_hun[0]       ; seg_595_dynamic:seg_595_dynamic_Instance|seg_dynamic:seg_dynamic_inst|data_reg[21]                                      ; system_clock ; system_clock ; 0.000        ; 0.082      ; 0.959      ;
; 0.672 ; ROM_Control:ROM_Control_Instance|address[3]                                                                 ; ROM_8x256:ROM_8x256_inst|altsyncram:altsyncram_component|altsyncram_qb91:auto_generated|ram_block1a0~porta_address_reg0 ; system_clock ; system_clock ; 0.000        ; 0.468      ; 1.394      ;
; 0.676 ; ROM_Control:ROM_Control_Instance|address[2]                                                                 ; ROM_8x256:ROM_8x256_inst|altsyncram:altsyncram_component|altsyncram_qb91:auto_generated|ram_block1a0~porta_address_reg0 ; system_clock ; system_clock ; 0.000        ; 0.468      ; 1.398      ;
; 0.685 ; ROM_Control:ROM_Control_Instance|address[7]                                                                 ; ROM_8x256:ROM_8x256_inst|altsyncram:altsyncram_component|altsyncram_qb91:auto_generated|ram_block1a0~porta_address_reg0 ; system_clock ; system_clock ; 0.000        ; 0.468      ; 1.407      ;
; 0.704 ; seg_595_dynamic:seg_595_dynamic_Instance|seg_dynamic:seg_dynamic_inst|sel_reg[3]                            ; seg_595_dynamic:seg_595_dynamic_Instance|seg_dynamic:seg_dynamic_inst|sel[3]                                            ; system_clock ; system_clock ; 0.000        ; 0.082      ; 0.998      ;
; 0.708 ; seg_595_dynamic:seg_595_dynamic_Instance|seg_dynamic:seg_dynamic_inst|bcd_8421:bcd_8421_inst|ten[2]         ; seg_595_dynamic:seg_595_dynamic_Instance|seg_dynamic:seg_dynamic_inst|data_reg[6]                                       ; system_clock ; system_clock ; 0.000        ; 0.083      ; 1.003      ;
; 0.708 ; seg_595_dynamic:seg_595_dynamic_Instance|seg_dynamic:seg_dynamic_inst|sel_reg[1]                            ; seg_595_dynamic:seg_595_dynamic_Instance|seg_dynamic:seg_dynamic_inst|sel[1]                                            ; system_clock ; system_clock ; 0.000        ; 0.082      ; 1.002      ;
; 0.710 ; seg_595_dynamic:seg_595_dynamic_Instance|seg_dynamic:seg_dynamic_inst|bcd_8421:bcd_8421_inst|t_tho[1]       ; seg_595_dynamic:seg_595_dynamic_Instance|seg_dynamic:seg_dynamic_inst|data_reg[17]                                      ; system_clock ; system_clock ; 0.000        ; 0.082      ; 1.004      ;
; 0.711 ; ROM_Control:ROM_Control_Instance|address[5]                                                                 ; ROM_8x256:ROM_8x256_inst|altsyncram:altsyncram_component|altsyncram_qb91:auto_generated|ram_block1a0~porta_address_reg0 ; system_clock ; system_clock ; 0.000        ; 0.468      ; 1.433      ;
; 0.711 ; seg_595_dynamic:seg_595_dynamic_Instance|seg_dynamic:seg_dynamic_inst|bcd_8421:bcd_8421_inst|h_hun[0]       ; seg_595_dynamic:seg_595_dynamic_Instance|seg_dynamic:seg_dynamic_inst|data_reg[20]                                      ; system_clock ; system_clock ; 0.000        ; 0.082      ; 1.005      ;
; 0.714 ; seg_595_dynamic:seg_595_dynamic_Instance|seg_dynamic:seg_dynamic_inst|bcd_8421:bcd_8421_inst|tho[0]         ; seg_595_dynamic:seg_595_dynamic_Instance|seg_dynamic:seg_dynamic_inst|data_reg[13]                                      ; system_clock ; system_clock ; 0.000        ; 0.083      ; 1.009      ;
; 0.714 ; seg_595_dynamic:seg_595_dynamic_Instance|seg_dynamic:seg_dynamic_inst|bcd_8421:bcd_8421_inst|tho[0]         ; seg_595_dynamic:seg_595_dynamic_Instance|seg_dynamic:seg_dynamic_inst|data_reg[15]                                      ; system_clock ; system_clock ; 0.000        ; 0.083      ; 1.009      ;
; 0.719 ; seg_595_dynamic:seg_595_dynamic_Instance|seg_dynamic:seg_dynamic_inst|bcd_8421:bcd_8421_inst|t_tho[3]       ; seg_595_dynamic:seg_595_dynamic_Instance|seg_dynamic:seg_dynamic_inst|data_reg[19]                                      ; system_clock ; system_clock ; 0.000        ; 0.082      ; 1.013      ;
; 0.724 ; seg_595_dynamic:seg_595_dynamic_Instance|seg_dynamic:seg_dynamic_inst|bcd_8421:bcd_8421_inst|t_tho[0]       ; seg_595_dynamic:seg_595_dynamic_Instance|seg_dynamic:seg_dynamic_inst|data_reg[16]                                      ; system_clock ; system_clock ; 0.000        ; 0.082      ; 1.018      ;
; 0.726 ; seg_595_dynamic:seg_595_dynamic_Instance|seg_dynamic:seg_dynamic_inst|bcd_8421:bcd_8421_inst|tho[0]         ; seg_595_dynamic:seg_595_dynamic_Instance|seg_dynamic:seg_dynamic_inst|data_reg[12]                                      ; system_clock ; system_clock ; 0.000        ; 0.083      ; 1.021      ;
; 0.728 ; seg_595_dynamic:seg_595_dynamic_Instance|seg_dynamic:seg_dynamic_inst|bcd_8421:bcd_8421_inst|data_shift[39] ; seg_595_dynamic:seg_595_dynamic_Instance|seg_dynamic:seg_dynamic_inst|bcd_8421:bcd_8421_inst|data_shift[40]             ; system_clock ; system_clock ; 0.000        ; 0.082      ; 1.022      ;
; 0.730 ; Button_Debounce:Button_Debounce_Instance_1|count_20ms[19]                                                   ; Button_Debounce:Button_Debounce_Instance_1|count_20ms[19]                                                               ; system_clock ; system_clock ; 0.000        ; 0.100      ; 1.042      ;
; 0.737 ; seg_595_dynamic:seg_595_dynamic_Instance|seg_dynamic:seg_dynamic_inst|bcd_8421:bcd_8421_inst|h_hun[3]       ; seg_595_dynamic:seg_595_dynamic_Instance|seg_dynamic:seg_dynamic_inst|data_reg[23]                                      ; system_clock ; system_clock ; 0.000        ; 0.082      ; 1.031      ;
; 0.738 ; seg_595_dynamic:seg_595_dynamic_Instance|hc595_ctrl:hc595_ctrl|cnt_bit[0]                                   ; seg_595_dynamic:seg_595_dynamic_Instance|hc595_ctrl:hc595_ctrl|cnt_bit[1]                                               ; system_clock ; system_clock ; 0.000        ; 0.082      ; 1.032      ;
; 0.739 ; seg_595_dynamic:seg_595_dynamic_Instance|hc595_ctrl:hc595_ctrl|cnt_bit[0]                                   ; seg_595_dynamic:seg_595_dynamic_Instance|hc595_ctrl:hc595_ctrl|stcp                                                     ; system_clock ; system_clock ; 0.000        ; 0.082      ; 1.033      ;
; 0.741 ; seg_595_dynamic:seg_595_dynamic_Instance|seg_dynamic:seg_dynamic_inst|cnt_1ms[2]                            ; seg_595_dynamic:seg_595_dynamic_Instance|seg_dynamic:seg_dynamic_inst|cnt_1ms[2]                                        ; system_clock ; system_clock ; 0.000        ; 0.102      ; 1.055      ;
; 0.741 ; ROM_Control:ROM_Control_Instance|count_200ms[9]                                                             ; ROM_Control:ROM_Control_Instance|count_200ms[9]                                                                         ; system_clock ; system_clock ; 0.000        ; 0.082      ; 1.035      ;
; 0.741 ; ROM_Control:ROM_Control_Instance|count_200ms[11]                                                            ; ROM_Control:ROM_Control_Instance|count_200ms[11]                                                                        ; system_clock ; system_clock ; 0.000        ; 0.082      ; 1.035      ;
; 0.741 ; Button_Debounce:Button_Debounce_Instance_2|count_20ms[9]                                                    ; Button_Debounce:Button_Debounce_Instance_2|count_20ms[9]                                                                ; system_clock ; system_clock ; 0.000        ; 0.082      ; 1.035      ;
; 0.742 ; ROM_Control:ROM_Control_Instance|count_200ms[7]                                                             ; ROM_Control:ROM_Control_Instance|count_200ms[7]                                                                         ; system_clock ; system_clock ; 0.000        ; 0.082      ; 1.036      ;
; 0.742 ; ROM_Control:ROM_Control_Instance|count_200ms[15]                                                            ; ROM_Control:ROM_Control_Instance|count_200ms[15]                                                                        ; system_clock ; system_clock ; 0.000        ; 0.082      ; 1.036      ;
; 0.743 ; ROM_Control:ROM_Control_Instance|count_200ms[13]                                                            ; ROM_Control:ROM_Control_Instance|count_200ms[13]                                                                        ; system_clock ; system_clock ; 0.000        ; 0.082      ; 1.037      ;
; 0.743 ; ROM_Control:ROM_Control_Instance|count_200ms[17]                                                            ; ROM_Control:ROM_Control_Instance|count_200ms[17]                                                                        ; system_clock ; system_clock ; 0.000        ; 0.082      ; 1.037      ;
; 0.744 ; ROM_Control:ROM_Control_Instance|count_200ms[1]                                                             ; ROM_Control:ROM_Control_Instance|count_200ms[1]                                                                         ; system_clock ; system_clock ; 0.000        ; 0.082      ; 1.038      ;
; 0.744 ; Button_Debounce:Button_Debounce_Instance_1|count_20ms[15]                                                   ; Button_Debounce:Button_Debounce_Instance_1|count_20ms[15]                                                               ; system_clock ; system_clock ; 0.000        ; 0.082      ; 1.038      ;
; 0.744 ; Button_Debounce:Button_Debounce_Instance_2|count_20ms[17]                                                   ; Button_Debounce:Button_Debounce_Instance_2|count_20ms[17]                                                               ; system_clock ; system_clock ; 0.000        ; 0.101      ; 1.057      ;
; 0.745 ; ROM_Control:ROM_Control_Instance|count_200ms[2]                                                             ; ROM_Control:ROM_Control_Instance|count_200ms[2]                                                                         ; system_clock ; system_clock ; 0.000        ; 0.082      ; 1.039      ;
; 0.745 ; ROM_Control:ROM_Control_Instance|count_200ms[3]                                                             ; ROM_Control:ROM_Control_Instance|count_200ms[3]                                                                         ; system_clock ; system_clock ; 0.000        ; 0.082      ; 1.039      ;
; 0.745 ; ROM_Control:ROM_Control_Instance|count_200ms[8]                                                             ; ROM_Control:ROM_Control_Instance|count_200ms[8]                                                                         ; system_clock ; system_clock ; 0.000        ; 0.082      ; 1.039      ;
; 0.745 ; ROM_Control:ROM_Control_Instance|count_200ms[10]                                                            ; ROM_Control:ROM_Control_Instance|count_200ms[10]                                                                        ; system_clock ; system_clock ; 0.000        ; 0.082      ; 1.039      ;
; 0.745 ; ROM_Control:ROM_Control_Instance|count_200ms[12]                                                            ; ROM_Control:ROM_Control_Instance|count_200ms[12]                                                                        ; system_clock ; system_clock ; 0.000        ; 0.082      ; 1.039      ;
; 0.745 ; ROM_Control:ROM_Control_Instance|count_200ms[14]                                                            ; ROM_Control:ROM_Control_Instance|count_200ms[14]                                                                        ; system_clock ; system_clock ; 0.000        ; 0.082      ; 1.039      ;
; 0.745 ; Button_Debounce:Button_Debounce_Instance_1|count_20ms[10]                                                   ; Button_Debounce:Button_Debounce_Instance_1|count_20ms[10]                                                               ; system_clock ; system_clock ; 0.000        ; 0.082      ; 1.039      ;
; 0.745 ; Button_Debounce:Button_Debounce_Instance_1|count_20ms[12]                                                   ; Button_Debounce:Button_Debounce_Instance_1|count_20ms[12]                                                               ; system_clock ; system_clock ; 0.000        ; 0.082      ; 1.039      ;
; 0.745 ; Button_Debounce:Button_Debounce_Instance_2|count_20ms[3]                                                    ; Button_Debounce:Button_Debounce_Instance_2|count_20ms[3]                                                                ; system_clock ; system_clock ; 0.000        ; 0.082      ; 1.039      ;
; 0.745 ; seg_595_dynamic:seg_595_dynamic_Instance|seg_dynamic:seg_dynamic_inst|bcd_8421:bcd_8421_inst|data_shift[31] ; seg_595_dynamic:seg_595_dynamic_Instance|seg_dynamic:seg_dynamic_inst|bcd_8421:bcd_8421_inst|hun[3]                     ; system_clock ; system_clock ; 0.000        ; 0.082      ; 1.039      ;
; 0.745 ; Button_Debounce:Button_Debounce_Instance_1|count_20ms[17]                                                   ; Button_Debounce:Button_Debounce_Instance_1|count_20ms[17]                                                               ; system_clock ; system_clock ; 0.000        ; 0.100      ; 1.057      ;
; 0.746 ; ROM_Control:ROM_Control_Instance|count_200ms[4]                                                             ; ROM_Control:ROM_Control_Instance|count_200ms[4]                                                                         ; system_clock ; system_clock ; 0.000        ; 0.082      ; 1.040      ;
; 0.746 ; ROM_Control:ROM_Control_Instance|count_200ms[6]                                                             ; ROM_Control:ROM_Control_Instance|count_200ms[6]                                                                         ; system_clock ; system_clock ; 0.000        ; 0.082      ; 1.040      ;
+-------+-------------------------------------------------------------------------------------------------------------+-------------------------------------------------------------------------------------------------------------------------+--------------+--------------+--------------+------------+------------+


+-----------------------------------------------------------------------------------------------------------------------------------------------------------------------------------------------------------+
; Slow 1200mV 85C Model Minimum Pulse Width: 'system_clock'                                                                                                                                                 ;
+--------+--------------+----------------+------------+--------------+------------+-------------------------------------------------------------------------------------------------------------------------+
; Slack  ; Actual Width ; Required Width ; Type       ; Clock        ; Clock Edge ; Target                                                                                                                  ;
+--------+--------------+----------------+------------+--------------+------------+-------------------------------------------------------------------------------------------------------------------------+
; -3.201 ; 1.000        ; 4.201          ; Min Period ; system_clock ; Rise       ; ROM_8x256:ROM_8x256_inst|altsyncram:altsyncram_component|altsyncram_qb91:auto_generated|q_a[0]                          ;
; -3.201 ; 1.000        ; 4.201          ; Min Period ; system_clock ; Rise       ; ROM_8x256:ROM_8x256_inst|altsyncram:altsyncram_component|altsyncram_qb91:auto_generated|q_a[1]                          ;
; -3.201 ; 1.000        ; 4.201          ; Min Period ; system_clock ; Rise       ; ROM_8x256:ROM_8x256_inst|altsyncram:altsyncram_component|altsyncram_qb91:auto_generated|q_a[2]                          ;
; -3.201 ; 1.000        ; 4.201          ; Min Period ; system_clock ; Rise       ; ROM_8x256:ROM_8x256_inst|altsyncram:altsyncram_component|altsyncram_qb91:auto_generated|q_a[3]                          ;
; -3.201 ; 1.000        ; 4.201          ; Min Period ; system_clock ; Rise       ; ROM_8x256:ROM_8x256_inst|altsyncram:altsyncram_component|altsyncram_qb91:auto_generated|q_a[4]                          ;
; -3.201 ; 1.000        ; 4.201          ; Min Period ; system_clock ; Rise       ; ROM_8x256:ROM_8x256_inst|altsyncram:altsyncram_component|altsyncram_qb91:auto_generated|q_a[5]                          ;
; -3.201 ; 1.000        ; 4.201          ; Min Period ; system_clock ; Rise       ; ROM_8x256:ROM_8x256_inst|altsyncram:altsyncram_component|altsyncram_qb91:auto_generated|q_a[6]                          ;
; -3.201 ; 1.000        ; 4.201          ; Min Period ; system_clock ; Rise       ; ROM_8x256:ROM_8x256_inst|altsyncram:altsyncram_component|altsyncram_qb91:auto_generated|q_a[7]                          ;
; -3.201 ; 1.000        ; 4.201          ; Min Period ; system_clock ; Rise       ; ROM_8x256:ROM_8x256_inst|altsyncram:altsyncram_component|altsyncram_qb91:auto_generated|ram_block1a0~porta_address_reg0 ;
; -3.000 ; 1.000        ; 4.000          ; Port Rate  ; system_clock ; Rise       ; system_clock                                                                                                            ;
; -1.487 ; 1.000        ; 2.487          ; Min Period ; system_clock ; Rise       ; Button_Debounce:Button_Debounce_Instance_1|count_20ms[0]                                                                ;
; -1.487 ; 1.000        ; 2.487          ; Min Period ; system_clock ; Rise       ; Button_Debounce:Button_Debounce_Instance_1|count_20ms[10]                                                               ;
; -1.487 ; 1.000        ; 2.487          ; Min Period ; system_clock ; Rise       ; Button_Debounce:Button_Debounce_Instance_1|count_20ms[11]                                                               ;
; -1.487 ; 1.000        ; 2.487          ; Min Period ; system_clock ; Rise       ; Button_Debounce:Button_Debounce_Instance_1|count_20ms[12]                                                               ;
; -1.487 ; 1.000        ; 2.487          ; Min Period ; system_clock ; Rise       ; Button_Debounce:Button_Debounce_Instance_1|count_20ms[13]                                                               ;
; -1.487 ; 1.000        ; 2.487          ; Min Period ; system_clock ; Rise       ; Button_Debounce:Button_Debounce_Instance_1|count_20ms[14]                                                               ;
; -1.487 ; 1.000        ; 2.487          ; Min Period ; system_clock ; Rise       ; Button_Debounce:Button_Debounce_Instance_1|count_20ms[15]                                                               ;
; -1.487 ; 1.000        ; 2.487          ; Min Period ; system_clock ; Rise       ; Button_Debounce:Button_Debounce_Instance_1|count_20ms[16]                                                               ;
; -1.487 ; 1.000        ; 2.487          ; Min Period ; system_clock ; Rise       ; Button_Debounce:Button_Debounce_Instance_1|count_20ms[17]                                                               ;
; -1.487 ; 1.000        ; 2.487          ; Min Period ; system_clock ; Rise       ; Button_Debounce:Button_Debounce_Instance_1|count_20ms[18]                                                               ;
; -1.487 ; 1.000        ; 2.487          ; Min Period ; system_clock ; Rise       ; Button_Debounce:Button_Debounce_Instance_1|count_20ms[19]                                                               ;
; -1.487 ; 1.000        ; 2.487          ; Min Period ; system_clock ; Rise       ; Button_Debounce:Button_Debounce_Instance_1|count_20ms[1]                                                                ;
; -1.487 ; 1.000        ; 2.487          ; Min Period ; system_clock ; Rise       ; Button_Debounce:Button_Debounce_Instance_1|count_20ms[2]                                                                ;
; -1.487 ; 1.000        ; 2.487          ; Min Period ; system_clock ; Rise       ; Button_Debounce:Button_Debounce_Instance_1|count_20ms[3]                                                                ;
; -1.487 ; 1.000        ; 2.487          ; Min Period ; system_clock ; Rise       ; Button_Debounce:Button_Debounce_Instance_1|count_20ms[4]                                                                ;
; -1.487 ; 1.000        ; 2.487          ; Min Period ; system_clock ; Rise       ; Button_Debounce:Button_Debounce_Instance_1|count_20ms[5]                                                                ;
; -1.487 ; 1.000        ; 2.487          ; Min Period ; system_clock ; Rise       ; Button_Debounce:Button_Debounce_Instance_1|count_20ms[6]                                                                ;
; -1.487 ; 1.000        ; 2.487          ; Min Period ; system_clock ; Rise       ; Button_Debounce:Button_Debounce_Instance_1|count_20ms[7]                                                                ;
; -1.487 ; 1.000        ; 2.487          ; Min Period ; system_clock ; Rise       ; Button_Debounce:Button_Debounce_Instance_1|count_20ms[8]                                                                ;
; -1.487 ; 1.000        ; 2.487          ; Min Period ; system_clock ; Rise       ; Button_Debounce:Button_Debounce_Instance_1|count_20ms[9]                                                                ;
; -1.487 ; 1.000        ; 2.487          ; Min Period ; system_clock ; Rise       ; Button_Debounce:Button_Debounce_Instance_1|key_flag                                                                     ;
; -1.487 ; 1.000        ; 2.487          ; Min Period ; system_clock ; Rise       ; Button_Debounce:Button_Debounce_Instance_2|count_20ms[0]                                                                ;
; -1.487 ; 1.000        ; 2.487          ; Min Period ; system_clock ; Rise       ; Button_Debounce:Button_Debounce_Instance_2|count_20ms[10]                                                               ;
; -1.487 ; 1.000        ; 2.487          ; Min Period ; system_clock ; Rise       ; Button_Debounce:Button_Debounce_Instance_2|count_20ms[11]                                                               ;
; -1.487 ; 1.000        ; 2.487          ; Min Period ; system_clock ; Rise       ; Button_Debounce:Button_Debounce_Instance_2|count_20ms[12]                                                               ;
; -1.487 ; 1.000        ; 2.487          ; Min Period ; system_clock ; Rise       ; Button_Debounce:Button_Debounce_Instance_2|count_20ms[13]                                                               ;
; -1.487 ; 1.000        ; 2.487          ; Min Period ; system_clock ; Rise       ; Button_Debounce:Button_Debounce_Instance_2|count_20ms[14]                                                               ;
; -1.487 ; 1.000        ; 2.487          ; Min Period ; system_clock ; Rise       ; Button_Debounce:Button_Debounce_Instance_2|count_20ms[15]                                                               ;
; -1.487 ; 1.000        ; 2.487          ; Min Period ; system_clock ; Rise       ; Button_Debounce:Button_Debounce_Instance_2|count_20ms[16]                                                               ;
; -1.487 ; 1.000        ; 2.487          ; Min Period ; system_clock ; Rise       ; Button_Debounce:Button_Debounce_Instance_2|count_20ms[17]                                                               ;
; -1.487 ; 1.000        ; 2.487          ; Min Period ; system_clock ; Rise       ; Button_Debounce:Button_Debounce_Instance_2|count_20ms[18]                                                               ;
; -1.487 ; 1.000        ; 2.487          ; Min Period ; system_clock ; Rise       ; Button_Debounce:Button_Debounce_Instance_2|count_20ms[19]                                                               ;
; -1.487 ; 1.000        ; 2.487          ; Min Period ; system_clock ; Rise       ; Button_Debounce:Button_Debounce_Instance_2|count_20ms[1]                                                                ;
; -1.487 ; 1.000        ; 2.487          ; Min Period ; system_clock ; Rise       ; Button_Debounce:Button_Debounce_Instance_2|count_20ms[2]                                                                ;
; -1.487 ; 1.000        ; 2.487          ; Min Period ; system_clock ; Rise       ; Button_Debounce:Button_Debounce_Instance_2|count_20ms[3]                                                                ;
; -1.487 ; 1.000        ; 2.487          ; Min Period ; system_clock ; Rise       ; Button_Debounce:Button_Debounce_Instance_2|count_20ms[4]                                                                ;
; -1.487 ; 1.000        ; 2.487          ; Min Period ; system_clock ; Rise       ; Button_Debounce:Button_Debounce_Instance_2|count_20ms[5]                                                                ;
; -1.487 ; 1.000        ; 2.487          ; Min Period ; system_clock ; Rise       ; Button_Debounce:Button_Debounce_Instance_2|count_20ms[6]                                                                ;
; -1.487 ; 1.000        ; 2.487          ; Min Period ; system_clock ; Rise       ; Button_Debounce:Button_Debounce_Instance_2|count_20ms[7]                                                                ;
; -1.487 ; 1.000        ; 2.487          ; Min Period ; system_clock ; Rise       ; Button_Debounce:Button_Debounce_Instance_2|count_20ms[8]                                                                ;
; -1.487 ; 1.000        ; 2.487          ; Min Period ; system_clock ; Rise       ; Button_Debounce:Button_Debounce_Instance_2|count_20ms[9]                                                                ;
; -1.487 ; 1.000        ; 2.487          ; Min Period ; system_clock ; Rise       ; Button_Debounce:Button_Debounce_Instance_2|key_flag                                                                     ;
; -1.487 ; 1.000        ; 2.487          ; Min Period ; system_clock ; Rise       ; ROM_Control:ROM_Control_Instance|address[0]                                                                             ;
; -1.487 ; 1.000        ; 2.487          ; Min Period ; system_clock ; Rise       ; ROM_Control:ROM_Control_Instance|address[1]                                                                             ;
; -1.487 ; 1.000        ; 2.487          ; Min Period ; system_clock ; Rise       ; ROM_Control:ROM_Control_Instance|address[2]                                                                             ;
; -1.487 ; 1.000        ; 2.487          ; Min Period ; system_clock ; Rise       ; ROM_Control:ROM_Control_Instance|address[3]                                                                             ;
; -1.487 ; 1.000        ; 2.487          ; Min Period ; system_clock ; Rise       ; ROM_Control:ROM_Control_Instance|address[4]                                                                             ;
; -1.487 ; 1.000        ; 2.487          ; Min Period ; system_clock ; Rise       ; ROM_Control:ROM_Control_Instance|address[5]                                                                             ;
; -1.487 ; 1.000        ; 2.487          ; Min Period ; system_clock ; Rise       ; ROM_Control:ROM_Control_Instance|address[6]                                                                             ;
; -1.487 ; 1.000        ; 2.487          ; Min Period ; system_clock ; Rise       ; ROM_Control:ROM_Control_Instance|address[7]                                                                             ;
; -1.487 ; 1.000        ; 2.487          ; Min Period ; system_clock ; Rise       ; ROM_Control:ROM_Control_Instance|count_200ms[0]                                                                         ;
; -1.487 ; 1.000        ; 2.487          ; Min Period ; system_clock ; Rise       ; ROM_Control:ROM_Control_Instance|count_200ms[10]                                                                        ;
; -1.487 ; 1.000        ; 2.487          ; Min Period ; system_clock ; Rise       ; ROM_Control:ROM_Control_Instance|count_200ms[11]                                                                        ;
; -1.487 ; 1.000        ; 2.487          ; Min Period ; system_clock ; Rise       ; ROM_Control:ROM_Control_Instance|count_200ms[12]                                                                        ;
; -1.487 ; 1.000        ; 2.487          ; Min Period ; system_clock ; Rise       ; ROM_Control:ROM_Control_Instance|count_200ms[13]                                                                        ;
; -1.487 ; 1.000        ; 2.487          ; Min Period ; system_clock ; Rise       ; ROM_Control:ROM_Control_Instance|count_200ms[14]                                                                        ;
; -1.487 ; 1.000        ; 2.487          ; Min Period ; system_clock ; Rise       ; ROM_Control:ROM_Control_Instance|count_200ms[15]                                                                        ;
; -1.487 ; 1.000        ; 2.487          ; Min Period ; system_clock ; Rise       ; ROM_Control:ROM_Control_Instance|count_200ms[16]                                                                        ;
; -1.487 ; 1.000        ; 2.487          ; Min Period ; system_clock ; Rise       ; ROM_Control:ROM_Control_Instance|count_200ms[17]                                                                        ;
; -1.487 ; 1.000        ; 2.487          ; Min Period ; system_clock ; Rise       ; ROM_Control:ROM_Control_Instance|count_200ms[18]                                                                        ;
; -1.487 ; 1.000        ; 2.487          ; Min Period ; system_clock ; Rise       ; ROM_Control:ROM_Control_Instance|count_200ms[19]                                                                        ;
; -1.487 ; 1.000        ; 2.487          ; Min Period ; system_clock ; Rise       ; ROM_Control:ROM_Control_Instance|count_200ms[1]                                                                         ;
; -1.487 ; 1.000        ; 2.487          ; Min Period ; system_clock ; Rise       ; ROM_Control:ROM_Control_Instance|count_200ms[20]                                                                        ;
; -1.487 ; 1.000        ; 2.487          ; Min Period ; system_clock ; Rise       ; ROM_Control:ROM_Control_Instance|count_200ms[21]                                                                        ;
; -1.487 ; 1.000        ; 2.487          ; Min Period ; system_clock ; Rise       ; ROM_Control:ROM_Control_Instance|count_200ms[22]                                                                        ;
; -1.487 ; 1.000        ; 2.487          ; Min Period ; system_clock ; Rise       ; ROM_Control:ROM_Control_Instance|count_200ms[23]                                                                        ;
; -1.487 ; 1.000        ; 2.487          ; Min Period ; system_clock ; Rise       ; ROM_Control:ROM_Control_Instance|count_200ms[2]                                                                         ;
; -1.487 ; 1.000        ; 2.487          ; Min Period ; system_clock ; Rise       ; ROM_Control:ROM_Control_Instance|count_200ms[3]                                                                         ;
; -1.487 ; 1.000        ; 2.487          ; Min Period ; system_clock ; Rise       ; ROM_Control:ROM_Control_Instance|count_200ms[4]                                                                         ;
; -1.487 ; 1.000        ; 2.487          ; Min Period ; system_clock ; Rise       ; ROM_Control:ROM_Control_Instance|count_200ms[5]                                                                         ;
; -1.487 ; 1.000        ; 2.487          ; Min Period ; system_clock ; Rise       ; ROM_Control:ROM_Control_Instance|count_200ms[6]                                                                         ;
; -1.487 ; 1.000        ; 2.487          ; Min Period ; system_clock ; Rise       ; ROM_Control:ROM_Control_Instance|count_200ms[7]                                                                         ;
; -1.487 ; 1.000        ; 2.487          ; Min Period ; system_clock ; Rise       ; ROM_Control:ROM_Control_Instance|count_200ms[8]                                                                         ;
; -1.487 ; 1.000        ; 2.487          ; Min Period ; system_clock ; Rise       ; ROM_Control:ROM_Control_Instance|count_200ms[9]                                                                         ;
; -1.487 ; 1.000        ; 2.487          ; Min Period ; system_clock ; Rise       ; ROM_Control:ROM_Control_Instance|key1_enable                                                                            ;
; -1.487 ; 1.000        ; 2.487          ; Min Period ; system_clock ; Rise       ; ROM_Control:ROM_Control_Instance|key2_enable                                                                            ;
; -1.487 ; 1.000        ; 2.487          ; Min Period ; system_clock ; Rise       ; seg_595_dynamic:seg_595_dynamic_Instance|hc595_ctrl:hc595_ctrl|cnt[0]                                                   ;
; -1.487 ; 1.000        ; 2.487          ; Min Period ; system_clock ; Rise       ; seg_595_dynamic:seg_595_dynamic_Instance|hc595_ctrl:hc595_ctrl|cnt[1]                                                   ;
; -1.487 ; 1.000        ; 2.487          ; Min Period ; system_clock ; Rise       ; seg_595_dynamic:seg_595_dynamic_Instance|hc595_ctrl:hc595_ctrl|cnt_bit[0]                                               ;
; -1.487 ; 1.000        ; 2.487          ; Min Period ; system_clock ; Rise       ; seg_595_dynamic:seg_595_dynamic_Instance|hc595_ctrl:hc595_ctrl|cnt_bit[1]                                               ;
; -1.487 ; 1.000        ; 2.487          ; Min Period ; system_clock ; Rise       ; seg_595_dynamic:seg_595_dynamic_Instance|hc595_ctrl:hc595_ctrl|cnt_bit[2]                                               ;
; -1.487 ; 1.000        ; 2.487          ; Min Period ; system_clock ; Rise       ; seg_595_dynamic:seg_595_dynamic_Instance|hc595_ctrl:hc595_ctrl|cnt_bit[3]                                               ;
; -1.487 ; 1.000        ; 2.487          ; Min Period ; system_clock ; Rise       ; seg_595_dynamic:seg_595_dynamic_Instance|hc595_ctrl:hc595_ctrl|ds                                                       ;
; -1.487 ; 1.000        ; 2.487          ; Min Period ; system_clock ; Rise       ; seg_595_dynamic:seg_595_dynamic_Instance|hc595_ctrl:hc595_ctrl|shcp                                                     ;
; -1.487 ; 1.000        ; 2.487          ; Min Period ; system_clock ; Rise       ; seg_595_dynamic:seg_595_dynamic_Instance|hc595_ctrl:hc595_ctrl|stcp                                                     ;
; -1.487 ; 1.000        ; 2.487          ; Min Period ; system_clock ; Rise       ; seg_595_dynamic:seg_595_dynamic_Instance|seg_dynamic:seg_dynamic_inst|bcd_8421:bcd_8421_inst|cnt_shift[1]               ;
; -1.487 ; 1.000        ; 2.487          ; Min Period ; system_clock ; Rise       ; seg_595_dynamic:seg_595_dynamic_Instance|seg_dynamic:seg_dynamic_inst|bcd_8421:bcd_8421_inst|cnt_shift[2]               ;
; -1.487 ; 1.000        ; 2.487          ; Min Period ; system_clock ; Rise       ; seg_595_dynamic:seg_595_dynamic_Instance|seg_dynamic:seg_dynamic_inst|bcd_8421:bcd_8421_inst|cnt_shift[3]               ;
; -1.487 ; 1.000        ; 2.487          ; Min Period ; system_clock ; Rise       ; seg_595_dynamic:seg_595_dynamic_Instance|seg_dynamic:seg_dynamic_inst|bcd_8421:bcd_8421_inst|cnt_shift[4]               ;
; -1.487 ; 1.000        ; 2.487          ; Min Period ; system_clock ; Rise       ; seg_595_dynamic:seg_595_dynamic_Instance|seg_dynamic:seg_dynamic_inst|bcd_8421:bcd_8421_inst|data_shift[0]              ;
+--------+--------------+----------------+------------+--------------+------------+-------------------------------------------------------------------------------------------------------------------------+


+-------------------------------------------------------------------------+
; Setup Times                                                             ;
+-----------+--------------+-------+-------+------------+-----------------+
; Data Port ; Clock Port   ; Rise  ; Fall  ; Clock Edge ; Clock Reference ;
+-----------+--------------+-------+-------+------------+-----------------+
; key1      ; system_clock ; 1.542 ; 1.640 ; Rise       ; system_clock    ;
; key2      ; system_clock ; 1.534 ; 1.636 ; Rise       ; system_clock    ;
+-----------+--------------+-------+-------+------------+-----------------+


+-------------------------------------------------------------------------+
; Hold Times                                                              ;
+-----------+--------------+-------+-------+------------+-----------------+
; Data Port ; Clock Port   ; Rise  ; Fall  ; Clock Edge ; Clock Reference ;
+-----------+--------------+-------+-------+------------+-----------------+
; key1      ; system_clock ; 0.279 ; 0.093 ; Rise       ; system_clock    ;
; key2      ; system_clock ; 0.425 ; 0.258 ; Rise       ; system_clock    ;
+-----------+--------------+-------+-------+------------+-----------------+


+-------------------------------------------------------------------------+
; Clock to Output Times                                                   ;
+-----------+--------------+-------+-------+------------+-----------------+
; Data Port ; Clock Port   ; Rise  ; Fall  ; Clock Edge ; Clock Reference ;
+-----------+--------------+-------+-------+------------+-----------------+
; ds        ; system_clock ; 7.868 ; 7.736 ; Rise       ; system_clock    ;
; shcp      ; system_clock ; 7.234 ; 7.079 ; Rise       ; system_clock    ;
; stcp      ; system_clock ; 8.765 ; 8.546 ; Rise       ; system_clock    ;
+-----------+--------------+-------+-------+------------+-----------------+


+-------------------------------------------------------------------------+
; Minimum Clock to Output Times                                           ;
+-----------+--------------+-------+-------+------------+-----------------+
; Data Port ; Clock Port   ; Rise  ; Fall  ; Clock Edge ; Clock Reference ;
+-----------+--------------+-------+-------+------------+-----------------+
; ds        ; system_clock ; 7.589 ; 7.460 ; Rise       ; system_clock    ;
; shcp      ; system_clock ; 6.980 ; 6.830 ; Rise       ; system_clock    ;
; stcp      ; system_clock ; 8.454 ; 8.242 ; Rise       ; system_clock    ;
+-----------+--------------+-------+-------+------------+-----------------+


----------------------------------------------
; Slow 1200mV 85C Model Metastability Report ;
----------------------------------------------
No synchronizer chains to report.


+----------------------------------------------------+
; Slow 1200mV 0C Model Fmax Summary                  ;
+------------+-----------------+--------------+------+
; Fmax       ; Restricted Fmax ; Clock Name   ; Note ;
+------------+-----------------+--------------+------+
; 205.89 MHz ; 205.89 MHz      ; system_clock ;      ;
+------------+-----------------+--------------+------+
This panel reports FMAX for every clock in the design, regardless of the user-specified clock periods.  FMAX is only computed for paths where the source and destination registers or ports are driven by the same clock.  Paths of different clocks, including generated clocks, are ignored.  For paths between a clock and its inversion, FMAX is computed as if the rising and falling edges are scaled along with FMAX, such that the duty cycle (in terms of a percentage) is maintained. Altera recommends that you always use clock constraints and other slack reports for sign-off analysis.


+---------------------------------------+
; Slow 1200mV 0C Model Setup Summary    ;
+--------------+--------+---------------+
; Clock        ; Slack  ; End Point TNS ;
+--------------+--------+---------------+
; system_clock ; -3.857 ; -545.675      ;
+--------------+--------+---------------+


+--------------------------------------+
; Slow 1200mV 0C Model Hold Summary    ;
+--------------+-------+---------------+
; Clock        ; Slack ; End Point TNS ;
+--------------+-------+---------------+
; system_clock ; 0.383 ; 0.000         ;
+--------------+-------+---------------+


-----------------------------------------
; Slow 1200mV 0C Model Recovery Summary ;
-----------------------------------------
No paths to report.


----------------------------------------
; Slow 1200mV 0C Model Removal Summary ;
----------------------------------------
No paths to report.


+--------------------------------------------------+
; Slow 1200mV 0C Model Minimum Pulse Width Summary ;
+--------------+--------+--------------------------+
; Clock        ; Slack  ; End Point TNS            ;
+--------------+--------+--------------------------+
; system_clock ; -3.201 ; -361.923                 ;
+--------------+--------+--------------------------+


+-------------------------------------------------------------------------------------------------------------------------------------------------------------------------------------------------------+
; Slow 1200mV 0C Model Setup: 'system_clock'                                                                                                                                                            ;
+--------+-----------------------------------------------------------+-----------------------------------------------------------+--------------+--------------+--------------+------------+------------+
; Slack  ; From Node                                                 ; To Node                                                   ; Launch Clock ; Latch Clock  ; Relationship ; Clock Skew ; Data Delay ;
+--------+-----------------------------------------------------------+-----------------------------------------------------------+--------------+--------------+--------------+------------+------------+
; -3.857 ; Button_Debounce:Button_Debounce_Instance_1|count_20ms[7]  ; Button_Debounce:Button_Debounce_Instance_1|count_20ms[1]  ; system_clock ; system_clock ; 1.000        ; -0.073     ; 4.786      ;
; -3.857 ; Button_Debounce:Button_Debounce_Instance_1|count_20ms[7]  ; Button_Debounce:Button_Debounce_Instance_1|count_20ms[2]  ; system_clock ; system_clock ; 1.000        ; -0.073     ; 4.786      ;
; -3.857 ; Button_Debounce:Button_Debounce_Instance_1|count_20ms[7]  ; Button_Debounce:Button_Debounce_Instance_1|count_20ms[3]  ; system_clock ; system_clock ; 1.000        ; -0.073     ; 4.786      ;
; -3.857 ; Button_Debounce:Button_Debounce_Instance_1|count_20ms[7]  ; Button_Debounce:Button_Debounce_Instance_1|count_20ms[4]  ; system_clock ; system_clock ; 1.000        ; -0.073     ; 4.786      ;
; -3.857 ; Button_Debounce:Button_Debounce_Instance_1|count_20ms[7]  ; Button_Debounce:Button_Debounce_Instance_1|count_20ms[5]  ; system_clock ; system_clock ; 1.000        ; -0.073     ; 4.786      ;
; -3.857 ; Button_Debounce:Button_Debounce_Instance_1|count_20ms[7]  ; Button_Debounce:Button_Debounce_Instance_1|count_20ms[6]  ; system_clock ; system_clock ; 1.000        ; -0.073     ; 4.786      ;
; -3.857 ; Button_Debounce:Button_Debounce_Instance_1|count_20ms[7]  ; Button_Debounce:Button_Debounce_Instance_1|count_20ms[7]  ; system_clock ; system_clock ; 1.000        ; -0.073     ; 4.786      ;
; -3.857 ; Button_Debounce:Button_Debounce_Instance_1|count_20ms[7]  ; Button_Debounce:Button_Debounce_Instance_1|count_20ms[8]  ; system_clock ; system_clock ; 1.000        ; -0.073     ; 4.786      ;
; -3.857 ; Button_Debounce:Button_Debounce_Instance_1|count_20ms[7]  ; Button_Debounce:Button_Debounce_Instance_1|count_20ms[9]  ; system_clock ; system_clock ; 1.000        ; -0.073     ; 4.786      ;
; -3.844 ; Button_Debounce:Button_Debounce_Instance_1|count_20ms[2]  ; Button_Debounce:Button_Debounce_Instance_1|count_20ms[1]  ; system_clock ; system_clock ; 1.000        ; -0.073     ; 4.773      ;
; -3.844 ; Button_Debounce:Button_Debounce_Instance_1|count_20ms[2]  ; Button_Debounce:Button_Debounce_Instance_1|count_20ms[2]  ; system_clock ; system_clock ; 1.000        ; -0.073     ; 4.773      ;
; -3.844 ; Button_Debounce:Button_Debounce_Instance_1|count_20ms[2]  ; Button_Debounce:Button_Debounce_Instance_1|count_20ms[3]  ; system_clock ; system_clock ; 1.000        ; -0.073     ; 4.773      ;
; -3.844 ; Button_Debounce:Button_Debounce_Instance_1|count_20ms[2]  ; Button_Debounce:Button_Debounce_Instance_1|count_20ms[4]  ; system_clock ; system_clock ; 1.000        ; -0.073     ; 4.773      ;
; -3.844 ; Button_Debounce:Button_Debounce_Instance_1|count_20ms[2]  ; Button_Debounce:Button_Debounce_Instance_1|count_20ms[5]  ; system_clock ; system_clock ; 1.000        ; -0.073     ; 4.773      ;
; -3.844 ; Button_Debounce:Button_Debounce_Instance_1|count_20ms[2]  ; Button_Debounce:Button_Debounce_Instance_1|count_20ms[6]  ; system_clock ; system_clock ; 1.000        ; -0.073     ; 4.773      ;
; -3.844 ; Button_Debounce:Button_Debounce_Instance_1|count_20ms[2]  ; Button_Debounce:Button_Debounce_Instance_1|count_20ms[7]  ; system_clock ; system_clock ; 1.000        ; -0.073     ; 4.773      ;
; -3.844 ; Button_Debounce:Button_Debounce_Instance_1|count_20ms[2]  ; Button_Debounce:Button_Debounce_Instance_1|count_20ms[8]  ; system_clock ; system_clock ; 1.000        ; -0.073     ; 4.773      ;
; -3.844 ; Button_Debounce:Button_Debounce_Instance_1|count_20ms[2]  ; Button_Debounce:Button_Debounce_Instance_1|count_20ms[9]  ; system_clock ; system_clock ; 1.000        ; -0.073     ; 4.773      ;
; -3.839 ; Button_Debounce:Button_Debounce_Instance_1|count_20ms[6]  ; Button_Debounce:Button_Debounce_Instance_1|count_20ms[1]  ; system_clock ; system_clock ; 1.000        ; -0.073     ; 4.768      ;
; -3.839 ; Button_Debounce:Button_Debounce_Instance_1|count_20ms[6]  ; Button_Debounce:Button_Debounce_Instance_1|count_20ms[2]  ; system_clock ; system_clock ; 1.000        ; -0.073     ; 4.768      ;
; -3.839 ; Button_Debounce:Button_Debounce_Instance_1|count_20ms[6]  ; Button_Debounce:Button_Debounce_Instance_1|count_20ms[3]  ; system_clock ; system_clock ; 1.000        ; -0.073     ; 4.768      ;
; -3.839 ; Button_Debounce:Button_Debounce_Instance_1|count_20ms[6]  ; Button_Debounce:Button_Debounce_Instance_1|count_20ms[4]  ; system_clock ; system_clock ; 1.000        ; -0.073     ; 4.768      ;
; -3.839 ; Button_Debounce:Button_Debounce_Instance_1|count_20ms[6]  ; Button_Debounce:Button_Debounce_Instance_1|count_20ms[5]  ; system_clock ; system_clock ; 1.000        ; -0.073     ; 4.768      ;
; -3.839 ; Button_Debounce:Button_Debounce_Instance_1|count_20ms[6]  ; Button_Debounce:Button_Debounce_Instance_1|count_20ms[6]  ; system_clock ; system_clock ; 1.000        ; -0.073     ; 4.768      ;
; -3.839 ; Button_Debounce:Button_Debounce_Instance_1|count_20ms[6]  ; Button_Debounce:Button_Debounce_Instance_1|count_20ms[7]  ; system_clock ; system_clock ; 1.000        ; -0.073     ; 4.768      ;
; -3.839 ; Button_Debounce:Button_Debounce_Instance_1|count_20ms[6]  ; Button_Debounce:Button_Debounce_Instance_1|count_20ms[8]  ; system_clock ; system_clock ; 1.000        ; -0.073     ; 4.768      ;
; -3.839 ; Button_Debounce:Button_Debounce_Instance_1|count_20ms[6]  ; Button_Debounce:Button_Debounce_Instance_1|count_20ms[9]  ; system_clock ; system_clock ; 1.000        ; -0.073     ; 4.768      ;
; -3.665 ; Button_Debounce:Button_Debounce_Instance_1|count_20ms[5]  ; Button_Debounce:Button_Debounce_Instance_1|count_20ms[1]  ; system_clock ; system_clock ; 1.000        ; -0.073     ; 4.594      ;
; -3.665 ; Button_Debounce:Button_Debounce_Instance_1|count_20ms[5]  ; Button_Debounce:Button_Debounce_Instance_1|count_20ms[2]  ; system_clock ; system_clock ; 1.000        ; -0.073     ; 4.594      ;
; -3.665 ; Button_Debounce:Button_Debounce_Instance_1|count_20ms[5]  ; Button_Debounce:Button_Debounce_Instance_1|count_20ms[3]  ; system_clock ; system_clock ; 1.000        ; -0.073     ; 4.594      ;
; -3.665 ; Button_Debounce:Button_Debounce_Instance_1|count_20ms[5]  ; Button_Debounce:Button_Debounce_Instance_1|count_20ms[4]  ; system_clock ; system_clock ; 1.000        ; -0.073     ; 4.594      ;
; -3.665 ; Button_Debounce:Button_Debounce_Instance_1|count_20ms[5]  ; Button_Debounce:Button_Debounce_Instance_1|count_20ms[5]  ; system_clock ; system_clock ; 1.000        ; -0.073     ; 4.594      ;
; -3.665 ; Button_Debounce:Button_Debounce_Instance_1|count_20ms[5]  ; Button_Debounce:Button_Debounce_Instance_1|count_20ms[6]  ; system_clock ; system_clock ; 1.000        ; -0.073     ; 4.594      ;
; -3.665 ; Button_Debounce:Button_Debounce_Instance_1|count_20ms[5]  ; Button_Debounce:Button_Debounce_Instance_1|count_20ms[7]  ; system_clock ; system_clock ; 1.000        ; -0.073     ; 4.594      ;
; -3.665 ; Button_Debounce:Button_Debounce_Instance_1|count_20ms[5]  ; Button_Debounce:Button_Debounce_Instance_1|count_20ms[8]  ; system_clock ; system_clock ; 1.000        ; -0.073     ; 4.594      ;
; -3.665 ; Button_Debounce:Button_Debounce_Instance_1|count_20ms[5]  ; Button_Debounce:Button_Debounce_Instance_1|count_20ms[9]  ; system_clock ; system_clock ; 1.000        ; -0.073     ; 4.594      ;
; -3.635 ; Button_Debounce:Button_Debounce_Instance_1|count_20ms[3]  ; Button_Debounce:Button_Debounce_Instance_1|count_20ms[1]  ; system_clock ; system_clock ; 1.000        ; -0.073     ; 4.564      ;
; -3.635 ; Button_Debounce:Button_Debounce_Instance_1|count_20ms[3]  ; Button_Debounce:Button_Debounce_Instance_1|count_20ms[2]  ; system_clock ; system_clock ; 1.000        ; -0.073     ; 4.564      ;
; -3.635 ; Button_Debounce:Button_Debounce_Instance_1|count_20ms[3]  ; Button_Debounce:Button_Debounce_Instance_1|count_20ms[3]  ; system_clock ; system_clock ; 1.000        ; -0.073     ; 4.564      ;
; -3.635 ; Button_Debounce:Button_Debounce_Instance_1|count_20ms[3]  ; Button_Debounce:Button_Debounce_Instance_1|count_20ms[4]  ; system_clock ; system_clock ; 1.000        ; -0.073     ; 4.564      ;
; -3.635 ; Button_Debounce:Button_Debounce_Instance_1|count_20ms[3]  ; Button_Debounce:Button_Debounce_Instance_1|count_20ms[5]  ; system_clock ; system_clock ; 1.000        ; -0.073     ; 4.564      ;
; -3.635 ; Button_Debounce:Button_Debounce_Instance_1|count_20ms[3]  ; Button_Debounce:Button_Debounce_Instance_1|count_20ms[6]  ; system_clock ; system_clock ; 1.000        ; -0.073     ; 4.564      ;
; -3.635 ; Button_Debounce:Button_Debounce_Instance_1|count_20ms[3]  ; Button_Debounce:Button_Debounce_Instance_1|count_20ms[7]  ; system_clock ; system_clock ; 1.000        ; -0.073     ; 4.564      ;
; -3.635 ; Button_Debounce:Button_Debounce_Instance_1|count_20ms[3]  ; Button_Debounce:Button_Debounce_Instance_1|count_20ms[8]  ; system_clock ; system_clock ; 1.000        ; -0.073     ; 4.564      ;
; -3.635 ; Button_Debounce:Button_Debounce_Instance_1|count_20ms[3]  ; Button_Debounce:Button_Debounce_Instance_1|count_20ms[9]  ; system_clock ; system_clock ; 1.000        ; -0.073     ; 4.564      ;
; -3.630 ; Button_Debounce:Button_Debounce_Instance_2|count_20ms[6]  ; Button_Debounce:Button_Debounce_Instance_2|count_20ms[10] ; system_clock ; system_clock ; 1.000        ; -0.074     ; 4.558      ;
; -3.630 ; Button_Debounce:Button_Debounce_Instance_2|count_20ms[6]  ; Button_Debounce:Button_Debounce_Instance_2|count_20ms[11] ; system_clock ; system_clock ; 1.000        ; -0.074     ; 4.558      ;
; -3.630 ; Button_Debounce:Button_Debounce_Instance_2|count_20ms[6]  ; Button_Debounce:Button_Debounce_Instance_2|count_20ms[12] ; system_clock ; system_clock ; 1.000        ; -0.074     ; 4.558      ;
; -3.630 ; Button_Debounce:Button_Debounce_Instance_2|count_20ms[6]  ; Button_Debounce:Button_Debounce_Instance_2|count_20ms[13] ; system_clock ; system_clock ; 1.000        ; -0.074     ; 4.558      ;
; -3.630 ; Button_Debounce:Button_Debounce_Instance_2|count_20ms[6]  ; Button_Debounce:Button_Debounce_Instance_2|count_20ms[14] ; system_clock ; system_clock ; 1.000        ; -0.074     ; 4.558      ;
; -3.630 ; Button_Debounce:Button_Debounce_Instance_2|count_20ms[6]  ; Button_Debounce:Button_Debounce_Instance_2|count_20ms[15] ; system_clock ; system_clock ; 1.000        ; -0.074     ; 4.558      ;
; -3.630 ; Button_Debounce:Button_Debounce_Instance_2|count_20ms[6]  ; Button_Debounce:Button_Debounce_Instance_2|count_20ms[16] ; system_clock ; system_clock ; 1.000        ; -0.074     ; 4.558      ;
; -3.601 ; Button_Debounce:Button_Debounce_Instance_2|count_20ms[13] ; Button_Debounce:Button_Debounce_Instance_2|count_20ms[10] ; system_clock ; system_clock ; 1.000        ; -0.073     ; 4.530      ;
; -3.601 ; Button_Debounce:Button_Debounce_Instance_2|count_20ms[13] ; Button_Debounce:Button_Debounce_Instance_2|count_20ms[11] ; system_clock ; system_clock ; 1.000        ; -0.073     ; 4.530      ;
; -3.601 ; Button_Debounce:Button_Debounce_Instance_2|count_20ms[13] ; Button_Debounce:Button_Debounce_Instance_2|count_20ms[12] ; system_clock ; system_clock ; 1.000        ; -0.073     ; 4.530      ;
; -3.601 ; Button_Debounce:Button_Debounce_Instance_2|count_20ms[13] ; Button_Debounce:Button_Debounce_Instance_2|count_20ms[13] ; system_clock ; system_clock ; 1.000        ; -0.073     ; 4.530      ;
; -3.601 ; Button_Debounce:Button_Debounce_Instance_2|count_20ms[13] ; Button_Debounce:Button_Debounce_Instance_2|count_20ms[14] ; system_clock ; system_clock ; 1.000        ; -0.073     ; 4.530      ;
; -3.601 ; Button_Debounce:Button_Debounce_Instance_2|count_20ms[13] ; Button_Debounce:Button_Debounce_Instance_2|count_20ms[15] ; system_clock ; system_clock ; 1.000        ; -0.073     ; 4.530      ;
; -3.601 ; Button_Debounce:Button_Debounce_Instance_2|count_20ms[13] ; Button_Debounce:Button_Debounce_Instance_2|count_20ms[16] ; system_clock ; system_clock ; 1.000        ; -0.073     ; 4.530      ;
; -3.595 ; Button_Debounce:Button_Debounce_Instance_2|count_20ms[7]  ; Button_Debounce:Button_Debounce_Instance_2|count_20ms[10] ; system_clock ; system_clock ; 1.000        ; -0.074     ; 4.523      ;
; -3.595 ; Button_Debounce:Button_Debounce_Instance_2|count_20ms[7]  ; Button_Debounce:Button_Debounce_Instance_2|count_20ms[11] ; system_clock ; system_clock ; 1.000        ; -0.074     ; 4.523      ;
; -3.595 ; Button_Debounce:Button_Debounce_Instance_2|count_20ms[7]  ; Button_Debounce:Button_Debounce_Instance_2|count_20ms[12] ; system_clock ; system_clock ; 1.000        ; -0.074     ; 4.523      ;
; -3.595 ; Button_Debounce:Button_Debounce_Instance_2|count_20ms[7]  ; Button_Debounce:Button_Debounce_Instance_2|count_20ms[13] ; system_clock ; system_clock ; 1.000        ; -0.074     ; 4.523      ;
; -3.595 ; Button_Debounce:Button_Debounce_Instance_2|count_20ms[7]  ; Button_Debounce:Button_Debounce_Instance_2|count_20ms[14] ; system_clock ; system_clock ; 1.000        ; -0.074     ; 4.523      ;
; -3.595 ; Button_Debounce:Button_Debounce_Instance_2|count_20ms[7]  ; Button_Debounce:Button_Debounce_Instance_2|count_20ms[15] ; system_clock ; system_clock ; 1.000        ; -0.074     ; 4.523      ;
; -3.595 ; Button_Debounce:Button_Debounce_Instance_2|count_20ms[7]  ; Button_Debounce:Button_Debounce_Instance_2|count_20ms[16] ; system_clock ; system_clock ; 1.000        ; -0.074     ; 4.523      ;
; -3.586 ; Button_Debounce:Button_Debounce_Instance_2|count_20ms[8]  ; Button_Debounce:Button_Debounce_Instance_2|count_20ms[10] ; system_clock ; system_clock ; 1.000        ; -0.074     ; 4.514      ;
; -3.586 ; Button_Debounce:Button_Debounce_Instance_2|count_20ms[8]  ; Button_Debounce:Button_Debounce_Instance_2|count_20ms[11] ; system_clock ; system_clock ; 1.000        ; -0.074     ; 4.514      ;
; -3.586 ; Button_Debounce:Button_Debounce_Instance_2|count_20ms[8]  ; Button_Debounce:Button_Debounce_Instance_2|count_20ms[12] ; system_clock ; system_clock ; 1.000        ; -0.074     ; 4.514      ;
; -3.586 ; Button_Debounce:Button_Debounce_Instance_2|count_20ms[8]  ; Button_Debounce:Button_Debounce_Instance_2|count_20ms[13] ; system_clock ; system_clock ; 1.000        ; -0.074     ; 4.514      ;
; -3.586 ; Button_Debounce:Button_Debounce_Instance_2|count_20ms[8]  ; Button_Debounce:Button_Debounce_Instance_2|count_20ms[14] ; system_clock ; system_clock ; 1.000        ; -0.074     ; 4.514      ;
; -3.586 ; Button_Debounce:Button_Debounce_Instance_2|count_20ms[8]  ; Button_Debounce:Button_Debounce_Instance_2|count_20ms[15] ; system_clock ; system_clock ; 1.000        ; -0.074     ; 4.514      ;
; -3.586 ; Button_Debounce:Button_Debounce_Instance_2|count_20ms[8]  ; Button_Debounce:Button_Debounce_Instance_2|count_20ms[16] ; system_clock ; system_clock ; 1.000        ; -0.074     ; 4.514      ;
; -3.584 ; Button_Debounce:Button_Debounce_Instance_2|count_20ms[16] ; Button_Debounce:Button_Debounce_Instance_2|count_20ms[10] ; system_clock ; system_clock ; 1.000        ; -0.073     ; 4.513      ;
; -3.584 ; Button_Debounce:Button_Debounce_Instance_2|count_20ms[16] ; Button_Debounce:Button_Debounce_Instance_2|count_20ms[11] ; system_clock ; system_clock ; 1.000        ; -0.073     ; 4.513      ;
; -3.584 ; Button_Debounce:Button_Debounce_Instance_2|count_20ms[16] ; Button_Debounce:Button_Debounce_Instance_2|count_20ms[12] ; system_clock ; system_clock ; 1.000        ; -0.073     ; 4.513      ;
; -3.584 ; Button_Debounce:Button_Debounce_Instance_2|count_20ms[16] ; Button_Debounce:Button_Debounce_Instance_2|count_20ms[13] ; system_clock ; system_clock ; 1.000        ; -0.073     ; 4.513      ;
; -3.584 ; Button_Debounce:Button_Debounce_Instance_2|count_20ms[16] ; Button_Debounce:Button_Debounce_Instance_2|count_20ms[14] ; system_clock ; system_clock ; 1.000        ; -0.073     ; 4.513      ;
; -3.584 ; Button_Debounce:Button_Debounce_Instance_2|count_20ms[16] ; Button_Debounce:Button_Debounce_Instance_2|count_20ms[15] ; system_clock ; system_clock ; 1.000        ; -0.073     ; 4.513      ;
; -3.584 ; Button_Debounce:Button_Debounce_Instance_2|count_20ms[16] ; Button_Debounce:Button_Debounce_Instance_2|count_20ms[16] ; system_clock ; system_clock ; 1.000        ; -0.073     ; 4.513      ;
; -3.568 ; Button_Debounce:Button_Debounce_Instance_1|count_20ms[8]  ; Button_Debounce:Button_Debounce_Instance_1|count_20ms[1]  ; system_clock ; system_clock ; 1.000        ; -0.073     ; 4.497      ;
; -3.568 ; Button_Debounce:Button_Debounce_Instance_1|count_20ms[8]  ; Button_Debounce:Button_Debounce_Instance_1|count_20ms[2]  ; system_clock ; system_clock ; 1.000        ; -0.073     ; 4.497      ;
; -3.568 ; Button_Debounce:Button_Debounce_Instance_1|count_20ms[8]  ; Button_Debounce:Button_Debounce_Instance_1|count_20ms[3]  ; system_clock ; system_clock ; 1.000        ; -0.073     ; 4.497      ;
; -3.568 ; Button_Debounce:Button_Debounce_Instance_1|count_20ms[8]  ; Button_Debounce:Button_Debounce_Instance_1|count_20ms[4]  ; system_clock ; system_clock ; 1.000        ; -0.073     ; 4.497      ;
; -3.568 ; Button_Debounce:Button_Debounce_Instance_1|count_20ms[8]  ; Button_Debounce:Button_Debounce_Instance_1|count_20ms[5]  ; system_clock ; system_clock ; 1.000        ; -0.073     ; 4.497      ;
; -3.568 ; Button_Debounce:Button_Debounce_Instance_1|count_20ms[8]  ; Button_Debounce:Button_Debounce_Instance_1|count_20ms[6]  ; system_clock ; system_clock ; 1.000        ; -0.073     ; 4.497      ;
; -3.568 ; Button_Debounce:Button_Debounce_Instance_1|count_20ms[8]  ; Button_Debounce:Button_Debounce_Instance_1|count_20ms[7]  ; system_clock ; system_clock ; 1.000        ; -0.073     ; 4.497      ;
; -3.568 ; Button_Debounce:Button_Debounce_Instance_1|count_20ms[8]  ; Button_Debounce:Button_Debounce_Instance_1|count_20ms[8]  ; system_clock ; system_clock ; 1.000        ; -0.073     ; 4.497      ;
; -3.568 ; Button_Debounce:Button_Debounce_Instance_1|count_20ms[8]  ; Button_Debounce:Button_Debounce_Instance_1|count_20ms[9]  ; system_clock ; system_clock ; 1.000        ; -0.073     ; 4.497      ;
; -3.567 ; Button_Debounce:Button_Debounce_Instance_1|count_20ms[9]  ; Button_Debounce:Button_Debounce_Instance_1|count_20ms[1]  ; system_clock ; system_clock ; 1.000        ; -0.073     ; 4.496      ;
; -3.567 ; Button_Debounce:Button_Debounce_Instance_1|count_20ms[9]  ; Button_Debounce:Button_Debounce_Instance_1|count_20ms[2]  ; system_clock ; system_clock ; 1.000        ; -0.073     ; 4.496      ;
; -3.567 ; Button_Debounce:Button_Debounce_Instance_1|count_20ms[9]  ; Button_Debounce:Button_Debounce_Instance_1|count_20ms[3]  ; system_clock ; system_clock ; 1.000        ; -0.073     ; 4.496      ;
; -3.567 ; Button_Debounce:Button_Debounce_Instance_1|count_20ms[9]  ; Button_Debounce:Button_Debounce_Instance_1|count_20ms[4]  ; system_clock ; system_clock ; 1.000        ; -0.073     ; 4.496      ;
; -3.567 ; Button_Debounce:Button_Debounce_Instance_1|count_20ms[9]  ; Button_Debounce:Button_Debounce_Instance_1|count_20ms[5]  ; system_clock ; system_clock ; 1.000        ; -0.073     ; 4.496      ;
; -3.567 ; Button_Debounce:Button_Debounce_Instance_1|count_20ms[9]  ; Button_Debounce:Button_Debounce_Instance_1|count_20ms[6]  ; system_clock ; system_clock ; 1.000        ; -0.073     ; 4.496      ;
; -3.567 ; Button_Debounce:Button_Debounce_Instance_1|count_20ms[9]  ; Button_Debounce:Button_Debounce_Instance_1|count_20ms[7]  ; system_clock ; system_clock ; 1.000        ; -0.073     ; 4.496      ;
; -3.567 ; Button_Debounce:Button_Debounce_Instance_1|count_20ms[9]  ; Button_Debounce:Button_Debounce_Instance_1|count_20ms[8]  ; system_clock ; system_clock ; 1.000        ; -0.073     ; 4.496      ;
; -3.567 ; Button_Debounce:Button_Debounce_Instance_1|count_20ms[9]  ; Button_Debounce:Button_Debounce_Instance_1|count_20ms[9]  ; system_clock ; system_clock ; 1.000        ; -0.073     ; 4.496      ;
; -3.547 ; Button_Debounce:Button_Debounce_Instance_2|count_20ms[14] ; Button_Debounce:Button_Debounce_Instance_2|count_20ms[10] ; system_clock ; system_clock ; 1.000        ; -0.073     ; 4.476      ;
; -3.547 ; Button_Debounce:Button_Debounce_Instance_2|count_20ms[14] ; Button_Debounce:Button_Debounce_Instance_2|count_20ms[11] ; system_clock ; system_clock ; 1.000        ; -0.073     ; 4.476      ;
+--------+-----------------------------------------------------------+-----------------------------------------------------------+--------------+--------------+--------------+------------+------------+


+----------------------------------------------------------------------------------------------------------------------------------------------------------------------------------------------------------------------------------------------------------------------------------------------------------------------+
; Slow 1200mV 0C Model Hold: 'system_clock'                                                                                                                                                                                                                                                                            ;
+-------+-------------------------------------------------------------------------------------------------------------+-------------------------------------------------------------------------------------------------------------------------+--------------+--------------+--------------+------------+------------+
; Slack ; From Node                                                                                                   ; To Node                                                                                                                 ; Launch Clock ; Latch Clock  ; Relationship ; Clock Skew ; Data Delay ;
+-------+-------------------------------------------------------------------------------------------------------------+-------------------------------------------------------------------------------------------------------------------------+--------------+--------------+--------------+------------+------------+
; 0.383 ; seg_595_dynamic:seg_595_dynamic_Instance|seg_dynamic:seg_dynamic_inst|bcd_8421:bcd_8421_inst|data_shift[29] ; seg_595_dynamic:seg_595_dynamic_Instance|seg_dynamic:seg_dynamic_inst|bcd_8421:bcd_8421_inst|data_shift[29]             ; system_clock ; system_clock ; 0.000        ; 0.091      ; 0.669      ;
; 0.384 ; ROM_Control:ROM_Control_Instance|key2_enable                                                                ; ROM_Control:ROM_Control_Instance|key2_enable                                                                            ; system_clock ; system_clock ; 0.000        ; 0.090      ; 0.669      ;
; 0.384 ; ROM_Control:ROM_Control_Instance|key1_enable                                                                ; ROM_Control:ROM_Control_Instance|key1_enable                                                                            ; system_clock ; system_clock ; 0.000        ; 0.090      ; 0.669      ;
; 0.384 ; ROM_Control:ROM_Control_Instance|address[4]                                                                 ; ROM_Control:ROM_Control_Instance|address[4]                                                                             ; system_clock ; system_clock ; 0.000        ; 0.090      ; 0.669      ;
; 0.384 ; seg_595_dynamic:seg_595_dynamic_Instance|seg_dynamic:seg_dynamic_inst|bcd_8421:bcd_8421_inst|data_shift[37] ; seg_595_dynamic:seg_595_dynamic_Instance|seg_dynamic:seg_dynamic_inst|bcd_8421:bcd_8421_inst|data_shift[37]             ; system_clock ; system_clock ; 0.000        ; 0.090      ; 0.669      ;
; 0.397 ; seg_595_dynamic:seg_595_dynamic_Instance|seg_dynamic:seg_dynamic_inst|bcd_8421:bcd_8421_inst|data_shift[20] ; seg_595_dynamic:seg_595_dynamic_Instance|seg_dynamic:seg_dynamic_inst|bcd_8421:bcd_8421_inst|data_shift[20]             ; system_clock ; system_clock ; 0.000        ; 0.092      ; 0.684      ;
; 0.398 ; seg_595_dynamic:seg_595_dynamic_Instance|seg_dynamic:seg_dynamic_inst|bcd_8421:bcd_8421_inst|data_shift[28] ; seg_595_dynamic:seg_595_dynamic_Instance|seg_dynamic:seg_dynamic_inst|bcd_8421:bcd_8421_inst|data_shift[28]             ; system_clock ; system_clock ; 0.000        ; 0.091      ; 0.684      ;
; 0.399 ; seg_595_dynamic:seg_595_dynamic_Instance|seg_dynamic:seg_dynamic_inst|bcd_8421:bcd_8421_inst|data_shift[36] ; seg_595_dynamic:seg_595_dynamic_Instance|seg_dynamic:seg_dynamic_inst|bcd_8421:bcd_8421_inst|data_shift[36]             ; system_clock ; system_clock ; 0.000        ; 0.090      ; 0.684      ;
; 0.400 ; ROM_Control:ROM_Control_Instance|address[3]                                                                 ; ROM_Control:ROM_Control_Instance|address[3]                                                                             ; system_clock ; system_clock ; 0.000        ; 0.074      ; 0.669      ;
; 0.400 ; seg_595_dynamic:seg_595_dynamic_Instance|seg_dynamic:seg_dynamic_inst|bcd_8421:bcd_8421_inst|data_shift[41] ; seg_595_dynamic:seg_595_dynamic_Instance|seg_dynamic:seg_dynamic_inst|bcd_8421:bcd_8421_inst|data_shift[41]             ; system_clock ; system_clock ; 0.000        ; 0.074      ; 0.669      ;
; 0.400 ; seg_595_dynamic:seg_595_dynamic_Instance|seg_dynamic:seg_dynamic_inst|bcd_8421:bcd_8421_inst|data_shift[42] ; seg_595_dynamic:seg_595_dynamic_Instance|seg_dynamic:seg_dynamic_inst|bcd_8421:bcd_8421_inst|data_shift[42]             ; system_clock ; system_clock ; 0.000        ; 0.074      ; 0.669      ;
; 0.400 ; seg_595_dynamic:seg_595_dynamic_Instance|seg_dynamic:seg_dynamic_inst|bcd_8421:bcd_8421_inst|data_shift[43] ; seg_595_dynamic:seg_595_dynamic_Instance|seg_dynamic:seg_dynamic_inst|bcd_8421:bcd_8421_inst|data_shift[43]             ; system_clock ; system_clock ; 0.000        ; 0.074      ; 0.669      ;
; 0.400 ; seg_595_dynamic:seg_595_dynamic_Instance|seg_dynamic:seg_dynamic_inst|bcd_8421:bcd_8421_inst|data_shift[0]  ; seg_595_dynamic:seg_595_dynamic_Instance|seg_dynamic:seg_dynamic_inst|bcd_8421:bcd_8421_inst|data_shift[0]              ; system_clock ; system_clock ; 0.000        ; 0.074      ; 0.669      ;
; 0.400 ; seg_595_dynamic:seg_595_dynamic_Instance|seg_dynamic:seg_dynamic_inst|bcd_8421:bcd_8421_inst|data_shift[39] ; seg_595_dynamic:seg_595_dynamic_Instance|seg_dynamic:seg_dynamic_inst|bcd_8421:bcd_8421_inst|data_shift[39]             ; system_clock ; system_clock ; 0.000        ; 0.074      ; 0.669      ;
; 0.401 ; seg_595_dynamic:seg_595_dynamic_Instance|hc595_ctrl:hc595_ctrl|cnt_bit[1]                                   ; seg_595_dynamic:seg_595_dynamic_Instance|hc595_ctrl:hc595_ctrl|cnt_bit[1]                                               ; system_clock ; system_clock ; 0.000        ; 0.073      ; 0.669      ;
; 0.401 ; seg_595_dynamic:seg_595_dynamic_Instance|hc595_ctrl:hc595_ctrl|cnt_bit[2]                                   ; seg_595_dynamic:seg_595_dynamic_Instance|hc595_ctrl:hc595_ctrl|cnt_bit[2]                                               ; system_clock ; system_clock ; 0.000        ; 0.073      ; 0.669      ;
; 0.401 ; seg_595_dynamic:seg_595_dynamic_Instance|hc595_ctrl:hc595_ctrl|cnt_bit[3]                                   ; seg_595_dynamic:seg_595_dynamic_Instance|hc595_ctrl:hc595_ctrl|cnt_bit[3]                                               ; system_clock ; system_clock ; 0.000        ; 0.073      ; 0.669      ;
; 0.401 ; seg_595_dynamic:seg_595_dynamic_Instance|hc595_ctrl:hc595_ctrl|cnt_bit[0]                                   ; seg_595_dynamic:seg_595_dynamic_Instance|hc595_ctrl:hc595_ctrl|cnt_bit[0]                                               ; system_clock ; system_clock ; 0.000        ; 0.073      ; 0.669      ;
; 0.401 ; seg_595_dynamic:seg_595_dynamic_Instance|seg_dynamic:seg_dynamic_inst|cnt_sel[1]                            ; seg_595_dynamic:seg_595_dynamic_Instance|seg_dynamic:seg_dynamic_inst|cnt_sel[1]                                        ; system_clock ; system_clock ; 0.000        ; 0.073      ; 0.669      ;
; 0.401 ; seg_595_dynamic:seg_595_dynamic_Instance|seg_dynamic:seg_dynamic_inst|cnt_sel[2]                            ; seg_595_dynamic:seg_595_dynamic_Instance|seg_dynamic:seg_dynamic_inst|cnt_sel[2]                                        ; system_clock ; system_clock ; 0.000        ; 0.073      ; 0.669      ;
; 0.401 ; seg_595_dynamic:seg_595_dynamic_Instance|seg_dynamic:seg_dynamic_inst|sel_reg[0]                            ; seg_595_dynamic:seg_595_dynamic_Instance|seg_dynamic:seg_dynamic_inst|sel_reg[0]                                        ; system_clock ; system_clock ; 0.000        ; 0.073      ; 0.669      ;
; 0.401 ; seg_595_dynamic:seg_595_dynamic_Instance|seg_dynamic:seg_dynamic_inst|bcd_8421:bcd_8421_inst|data_shift[33] ; seg_595_dynamic:seg_595_dynamic_Instance|seg_dynamic:seg_dynamic_inst|bcd_8421:bcd_8421_inst|data_shift[33]             ; system_clock ; system_clock ; 0.000        ; 0.073      ; 0.669      ;
; 0.401 ; seg_595_dynamic:seg_595_dynamic_Instance|seg_dynamic:seg_dynamic_inst|bcd_8421:bcd_8421_inst|data_shift[25] ; seg_595_dynamic:seg_595_dynamic_Instance|seg_dynamic:seg_dynamic_inst|bcd_8421:bcd_8421_inst|data_shift[25]             ; system_clock ; system_clock ; 0.000        ; 0.073      ; 0.669      ;
; 0.401 ; seg_595_dynamic:seg_595_dynamic_Instance|seg_dynamic:seg_dynamic_inst|bcd_8421:bcd_8421_inst|data_shift[21] ; seg_595_dynamic:seg_595_dynamic_Instance|seg_dynamic:seg_dynamic_inst|bcd_8421:bcd_8421_inst|data_shift[21]             ; system_clock ; system_clock ; 0.000        ; 0.073      ; 0.669      ;
; 0.401 ; seg_595_dynamic:seg_595_dynamic_Instance|seg_dynamic:seg_dynamic_inst|bcd_8421:bcd_8421_inst|data_shift[22] ; seg_595_dynamic:seg_595_dynamic_Instance|seg_dynamic:seg_dynamic_inst|bcd_8421:bcd_8421_inst|data_shift[22]             ; system_clock ; system_clock ; 0.000        ; 0.073      ; 0.669      ;
; 0.401 ; seg_595_dynamic:seg_595_dynamic_Instance|seg_dynamic:seg_dynamic_inst|bcd_8421:bcd_8421_inst|data_shift[23] ; seg_595_dynamic:seg_595_dynamic_Instance|seg_dynamic:seg_dynamic_inst|bcd_8421:bcd_8421_inst|data_shift[23]             ; system_clock ; system_clock ; 0.000        ; 0.073      ; 0.669      ;
; 0.401 ; seg_595_dynamic:seg_595_dynamic_Instance|seg_dynamic:seg_dynamic_inst|bcd_8421:bcd_8421_inst|data_shift[26] ; seg_595_dynamic:seg_595_dynamic_Instance|seg_dynamic:seg_dynamic_inst|bcd_8421:bcd_8421_inst|data_shift[26]             ; system_clock ; system_clock ; 0.000        ; 0.073      ; 0.669      ;
; 0.401 ; seg_595_dynamic:seg_595_dynamic_Instance|seg_dynamic:seg_dynamic_inst|bcd_8421:bcd_8421_inst|data_shift[27] ; seg_595_dynamic:seg_595_dynamic_Instance|seg_dynamic:seg_dynamic_inst|bcd_8421:bcd_8421_inst|data_shift[27]             ; system_clock ; system_clock ; 0.000        ; 0.073      ; 0.669      ;
; 0.401 ; seg_595_dynamic:seg_595_dynamic_Instance|seg_dynamic:seg_dynamic_inst|bcd_8421:bcd_8421_inst|data_shift[30] ; seg_595_dynamic:seg_595_dynamic_Instance|seg_dynamic:seg_dynamic_inst|bcd_8421:bcd_8421_inst|data_shift[30]             ; system_clock ; system_clock ; 0.000        ; 0.073      ; 0.669      ;
; 0.401 ; seg_595_dynamic:seg_595_dynamic_Instance|seg_dynamic:seg_dynamic_inst|bcd_8421:bcd_8421_inst|data_shift[31] ; seg_595_dynamic:seg_595_dynamic_Instance|seg_dynamic:seg_dynamic_inst|bcd_8421:bcd_8421_inst|data_shift[31]             ; system_clock ; system_clock ; 0.000        ; 0.073      ; 0.669      ;
; 0.401 ; seg_595_dynamic:seg_595_dynamic_Instance|seg_dynamic:seg_dynamic_inst|bcd_8421:bcd_8421_inst|data_shift[34] ; seg_595_dynamic:seg_595_dynamic_Instance|seg_dynamic:seg_dynamic_inst|bcd_8421:bcd_8421_inst|data_shift[34]             ; system_clock ; system_clock ; 0.000        ; 0.073      ; 0.669      ;
; 0.401 ; seg_595_dynamic:seg_595_dynamic_Instance|seg_dynamic:seg_dynamic_inst|bcd_8421:bcd_8421_inst|data_shift[35] ; seg_595_dynamic:seg_595_dynamic_Instance|seg_dynamic:seg_dynamic_inst|bcd_8421:bcd_8421_inst|data_shift[35]             ; system_clock ; system_clock ; 0.000        ; 0.073      ; 0.669      ;
; 0.401 ; seg_595_dynamic:seg_595_dynamic_Instance|seg_dynamic:seg_dynamic_inst|bcd_8421:bcd_8421_inst|data_shift[38] ; seg_595_dynamic:seg_595_dynamic_Instance|seg_dynamic:seg_dynamic_inst|bcd_8421:bcd_8421_inst|data_shift[38]             ; system_clock ; system_clock ; 0.000        ; 0.073      ; 0.669      ;
; 0.401 ; seg_595_dynamic:seg_595_dynamic_Instance|hc595_ctrl:hc595_ctrl|ds                                           ; seg_595_dynamic:seg_595_dynamic_Instance|hc595_ctrl:hc595_ctrl|ds                                                       ; system_clock ; system_clock ; 0.000        ; 0.073      ; 0.669      ;
; 0.401 ; seg_595_dynamic:seg_595_dynamic_Instance|hc595_ctrl:hc595_ctrl|shcp                                         ; seg_595_dynamic:seg_595_dynamic_Instance|hc595_ctrl:hc595_ctrl|shcp                                                     ; system_clock ; system_clock ; 0.000        ; 0.073      ; 0.669      ;
; 0.401 ; seg_595_dynamic:seg_595_dynamic_Instance|hc595_ctrl:hc595_ctrl|stcp                                         ; seg_595_dynamic:seg_595_dynamic_Instance|hc595_ctrl:hc595_ctrl|stcp                                                     ; system_clock ; system_clock ; 0.000        ; 0.073      ; 0.669      ;
; 0.415 ; seg_595_dynamic:seg_595_dynamic_Instance|seg_dynamic:seg_dynamic_inst|bcd_8421:bcd_8421_inst|data_shift[40] ; seg_595_dynamic:seg_595_dynamic_Instance|seg_dynamic:seg_dynamic_inst|bcd_8421:bcd_8421_inst|data_shift[40]             ; system_clock ; system_clock ; 0.000        ; 0.074      ; 0.684      ;
; 0.416 ; seg_595_dynamic:seg_595_dynamic_Instance|hc595_ctrl:hc595_ctrl|cnt[0]                                       ; seg_595_dynamic:seg_595_dynamic_Instance|hc595_ctrl:hc595_ctrl|cnt[0]                                                   ; system_clock ; system_clock ; 0.000        ; 0.073      ; 0.684      ;
; 0.416 ; seg_595_dynamic:seg_595_dynamic_Instance|seg_dynamic:seg_dynamic_inst|cnt_sel[0]                            ; seg_595_dynamic:seg_595_dynamic_Instance|seg_dynamic:seg_dynamic_inst|cnt_sel[0]                                        ; system_clock ; system_clock ; 0.000        ; 0.073      ; 0.684      ;
; 0.416 ; seg_595_dynamic:seg_595_dynamic_Instance|seg_dynamic:seg_dynamic_inst|bcd_8421:bcd_8421_inst|data_shift[24] ; seg_595_dynamic:seg_595_dynamic_Instance|seg_dynamic:seg_dynamic_inst|bcd_8421:bcd_8421_inst|data_shift[24]             ; system_clock ; system_clock ; 0.000        ; 0.073      ; 0.684      ;
; 0.416 ; seg_595_dynamic:seg_595_dynamic_Instance|seg_dynamic:seg_dynamic_inst|bcd_8421:bcd_8421_inst|data_shift[32] ; seg_595_dynamic:seg_595_dynamic_Instance|seg_dynamic:seg_dynamic_inst|bcd_8421:bcd_8421_inst|data_shift[32]             ; system_clock ; system_clock ; 0.000        ; 0.073      ; 0.684      ;
; 0.477 ; seg_595_dynamic:seg_595_dynamic_Instance|seg_dynamic:seg_dynamic_inst|bcd_8421:bcd_8421_inst|h_hun[2]       ; seg_595_dynamic:seg_595_dynamic_Instance|seg_dynamic:seg_dynamic_inst|data_reg[21]                                      ; system_clock ; system_clock ; 0.000        ; 0.073      ; 0.745      ;
; 0.487 ; seg_595_dynamic:seg_595_dynamic_Instance|seg_dynamic:seg_dynamic_inst|cnt_sel[2]                            ; seg_595_dynamic:seg_595_dynamic_Instance|seg_dynamic:seg_dynamic_inst|data_disp[3]                                      ; system_clock ; system_clock ; 0.000        ; 0.073      ; 0.755      ;
; 0.487 ; seg_595_dynamic:seg_595_dynamic_Instance|seg_dynamic:seg_dynamic_inst|cnt_sel[2]                            ; seg_595_dynamic:seg_595_dynamic_Instance|seg_dynamic:seg_dynamic_inst|cnt_sel[1]                                        ; system_clock ; system_clock ; 0.000        ; 0.073      ; 0.755      ;
; 0.494 ; seg_595_dynamic:seg_595_dynamic_Instance|seg_dynamic:seg_dynamic_inst|sel_reg[2]                            ; seg_595_dynamic:seg_595_dynamic_Instance|seg_dynamic:seg_dynamic_inst|sel_reg[3]                                        ; system_clock ; system_clock ; 0.000        ; 0.073      ; 0.762      ;
; 0.563 ; ROM_Control:ROM_Control_Instance|address[0]                                                                 ; ROM_8x256:ROM_8x256_inst|altsyncram:altsyncram_component|altsyncram_qb91:auto_generated|ram_block1a0~porta_address_reg0 ; system_clock ; system_clock ; 0.000        ; 0.413      ; 1.206      ;
; 0.584 ; seg_595_dynamic:seg_595_dynamic_Instance|seg_dynamic:seg_dynamic_inst|cnt_sel[1]                            ; seg_595_dynamic:seg_595_dynamic_Instance|seg_dynamic:seg_dynamic_inst|cnt_sel[2]                                        ; system_clock ; system_clock ; 0.000        ; 0.073      ; 0.852      ;
; 0.585 ; Button_Debounce:Button_Debounce_Instance_1|count_20ms[16]                                                   ; Button_Debounce:Button_Debounce_Instance_1|count_20ms[17]                                                               ; system_clock ; system_clock ; 0.000        ; 0.502      ; 1.282      ;
; 0.589 ; Button_Debounce:Button_Debounce_Instance_1|count_20ms[18]                                                   ; Button_Debounce:Button_Debounce_Instance_1|count_20ms[19]                                                               ; system_clock ; system_clock ; 0.000        ; 0.502      ; 1.286      ;
; 0.599 ; seg_595_dynamic:seg_595_dynamic_Instance|seg_dynamic:seg_dynamic_inst|bcd_8421:bcd_8421_inst|data_shift[2]  ; seg_595_dynamic:seg_595_dynamic_Instance|seg_dynamic:seg_dynamic_inst|bcd_8421:bcd_8421_inst|data_shift[3]              ; system_clock ; system_clock ; 0.000        ; 0.074      ; 0.868      ;
; 0.599 ; seg_595_dynamic:seg_595_dynamic_Instance|seg_dynamic:seg_dynamic_inst|bcd_8421:bcd_8421_inst|data_shift[3]  ; seg_595_dynamic:seg_595_dynamic_Instance|seg_dynamic:seg_dynamic_inst|bcd_8421:bcd_8421_inst|data_shift[4]              ; system_clock ; system_clock ; 0.000        ; 0.074      ; 0.868      ;
; 0.599 ; seg_595_dynamic:seg_595_dynamic_Instance|seg_dynamic:seg_dynamic_inst|bcd_8421:bcd_8421_inst|data_shift[7]  ; seg_595_dynamic:seg_595_dynamic_Instance|seg_dynamic:seg_dynamic_inst|bcd_8421:bcd_8421_inst|data_shift[8]              ; system_clock ; system_clock ; 0.000        ; 0.074      ; 0.868      ;
; 0.599 ; seg_595_dynamic:seg_595_dynamic_Instance|seg_dynamic:seg_dynamic_inst|bcd_8421:bcd_8421_inst|data_shift[9]  ; seg_595_dynamic:seg_595_dynamic_Instance|seg_dynamic:seg_dynamic_inst|bcd_8421:bcd_8421_inst|data_shift[10]             ; system_clock ; system_clock ; 0.000        ; 0.074      ; 0.868      ;
; 0.600 ; seg_595_dynamic:seg_595_dynamic_Instance|seg_dynamic:seg_dynamic_inst|bcd_8421:bcd_8421_inst|data_shift[17] ; seg_595_dynamic:seg_595_dynamic_Instance|seg_dynamic:seg_dynamic_inst|bcd_8421:bcd_8421_inst|data_shift[18]             ; system_clock ; system_clock ; 0.000        ; 0.073      ; 0.868      ;
; 0.601 ; seg_595_dynamic:seg_595_dynamic_Instance|seg_dynamic:seg_dynamic_inst|bcd_8421:bcd_8421_inst|data_shift[15] ; seg_595_dynamic:seg_595_dynamic_Instance|seg_dynamic:seg_dynamic_inst|bcd_8421:bcd_8421_inst|data_shift[16]             ; system_clock ; system_clock ; 0.000        ; 0.074      ; 0.870      ;
; 0.616 ; ROM_Control:ROM_Control_Instance|address[1]                                                                 ; ROM_8x256:ROM_8x256_inst|altsyncram:altsyncram_component|altsyncram_qb91:auto_generated|ram_block1a0~porta_address_reg0 ; system_clock ; system_clock ; 0.000        ; 0.413      ; 1.259      ;
; 0.618 ; seg_595_dynamic:seg_595_dynamic_Instance|seg_dynamic:seg_dynamic_inst|bcd_8421:bcd_8421_inst|h_hun[0]       ; seg_595_dynamic:seg_595_dynamic_Instance|seg_dynamic:seg_dynamic_inst|data_reg[21]                                      ; system_clock ; system_clock ; 0.000        ; 0.073      ; 0.886      ;
; 0.626 ; ROM_Control:ROM_Control_Instance|address[3]                                                                 ; ROM_8x256:ROM_8x256_inst|altsyncram:altsyncram_component|altsyncram_qb91:auto_generated|ram_block1a0~porta_address_reg0 ; system_clock ; system_clock ; 0.000        ; 0.413      ; 1.269      ;
; 0.629 ; ROM_Control:ROM_Control_Instance|address[2]                                                                 ; ROM_8x256:ROM_8x256_inst|altsyncram:altsyncram_component|altsyncram_qb91:auto_generated|ram_block1a0~porta_address_reg0 ; system_clock ; system_clock ; 0.000        ; 0.412      ; 1.271      ;
; 0.630 ; seg_595_dynamic:seg_595_dynamic_Instance|seg_dynamic:seg_dynamic_inst|sel_reg[1]                            ; seg_595_dynamic:seg_595_dynamic_Instance|seg_dynamic:seg_dynamic_inst|sel[1]                                            ; system_clock ; system_clock ; 0.000        ; 0.072      ; 0.897      ;
; 0.631 ; seg_595_dynamic:seg_595_dynamic_Instance|seg_dynamic:seg_dynamic_inst|bcd_8421:bcd_8421_inst|ten[2]         ; seg_595_dynamic:seg_595_dynamic_Instance|seg_dynamic:seg_dynamic_inst|data_reg[6]                                       ; system_clock ; system_clock ; 0.000        ; 0.074      ; 0.900      ;
; 0.632 ; seg_595_dynamic:seg_595_dynamic_Instance|seg_dynamic:seg_dynamic_inst|bcd_8421:bcd_8421_inst|t_tho[1]       ; seg_595_dynamic:seg_595_dynamic_Instance|seg_dynamic:seg_dynamic_inst|data_reg[17]                                      ; system_clock ; system_clock ; 0.000        ; 0.073      ; 0.900      ;
; 0.634 ; seg_595_dynamic:seg_595_dynamic_Instance|seg_dynamic:seg_dynamic_inst|bcd_8421:bcd_8421_inst|h_hun[0]       ; seg_595_dynamic:seg_595_dynamic_Instance|seg_dynamic:seg_dynamic_inst|data_reg[20]                                      ; system_clock ; system_clock ; 0.000        ; 0.073      ; 0.902      ;
; 0.637 ; ROM_Control:ROM_Control_Instance|address[7]                                                                 ; ROM_8x256:ROM_8x256_inst|altsyncram:altsyncram_component|altsyncram_qb91:auto_generated|ram_block1a0~porta_address_reg0 ; system_clock ; system_clock ; 0.000        ; 0.412      ; 1.279      ;
; 0.641 ; seg_595_dynamic:seg_595_dynamic_Instance|seg_dynamic:seg_dynamic_inst|bcd_8421:bcd_8421_inst|t_tho[3]       ; seg_595_dynamic:seg_595_dynamic_Instance|seg_dynamic:seg_dynamic_inst|data_reg[19]                                      ; system_clock ; system_clock ; 0.000        ; 0.073      ; 0.909      ;
; 0.643 ; seg_595_dynamic:seg_595_dynamic_Instance|seg_dynamic:seg_dynamic_inst|bcd_8421:bcd_8421_inst|t_tho[0]       ; seg_595_dynamic:seg_595_dynamic_Instance|seg_dynamic:seg_dynamic_inst|data_reg[16]                                      ; system_clock ; system_clock ; 0.000        ; 0.073      ; 0.911      ;
; 0.647 ; seg_595_dynamic:seg_595_dynamic_Instance|seg_dynamic:seg_dynamic_inst|bcd_8421:bcd_8421_inst|tho[0]         ; seg_595_dynamic:seg_595_dynamic_Instance|seg_dynamic:seg_dynamic_inst|data_reg[12]                                      ; system_clock ; system_clock ; 0.000        ; 0.074      ; 0.916      ;
; 0.647 ; seg_595_dynamic:seg_595_dynamic_Instance|seg_dynamic:seg_dynamic_inst|bcd_8421:bcd_8421_inst|data_shift[39] ; seg_595_dynamic:seg_595_dynamic_Instance|seg_dynamic:seg_dynamic_inst|bcd_8421:bcd_8421_inst|data_shift[40]             ; system_clock ; system_clock ; 0.000        ; 0.074      ; 0.916      ;
; 0.652 ; seg_595_dynamic:seg_595_dynamic_Instance|seg_dynamic:seg_dynamic_inst|sel_reg[3]                            ; seg_595_dynamic:seg_595_dynamic_Instance|seg_dynamic:seg_dynamic_inst|sel[3]                                            ; system_clock ; system_clock ; 0.000        ; 0.073      ; 0.920      ;
; 0.658 ; seg_595_dynamic:seg_595_dynamic_Instance|seg_dynamic:seg_dynamic_inst|bcd_8421:bcd_8421_inst|h_hun[3]       ; seg_595_dynamic:seg_595_dynamic_Instance|seg_dynamic:seg_dynamic_inst|data_reg[23]                                      ; system_clock ; system_clock ; 0.000        ; 0.073      ; 0.926      ;
; 0.661 ; ROM_Control:ROM_Control_Instance|address[5]                                                                 ; ROM_8x256:ROM_8x256_inst|altsyncram:altsyncram_component|altsyncram_qb91:auto_generated|ram_block1a0~porta_address_reg0 ; system_clock ; system_clock ; 0.000        ; 0.412      ; 1.303      ;
; 0.664 ; seg_595_dynamic:seg_595_dynamic_Instance|seg_dynamic:seg_dynamic_inst|bcd_8421:bcd_8421_inst|data_shift[31] ; seg_595_dynamic:seg_595_dynamic_Instance|seg_dynamic:seg_dynamic_inst|bcd_8421:bcd_8421_inst|hun[3]                     ; system_clock ; system_clock ; 0.000        ; 0.074      ; 0.933      ;
; 0.674 ; seg_595_dynamic:seg_595_dynamic_Instance|hc595_ctrl:hc595_ctrl|cnt_bit[0]                                   ; seg_595_dynamic:seg_595_dynamic_Instance|hc595_ctrl:hc595_ctrl|cnt_bit[1]                                               ; system_clock ; system_clock ; 0.000        ; 0.073      ; 0.942      ;
; 0.675 ; seg_595_dynamic:seg_595_dynamic_Instance|seg_dynamic:seg_dynamic_inst|bcd_8421:bcd_8421_inst|tho[0]         ; seg_595_dynamic:seg_595_dynamic_Instance|seg_dynamic:seg_dynamic_inst|data_reg[13]                                      ; system_clock ; system_clock ; 0.000        ; 0.074      ; 0.944      ;
; 0.675 ; seg_595_dynamic:seg_595_dynamic_Instance|seg_dynamic:seg_dynamic_inst|bcd_8421:bcd_8421_inst|tho[0]         ; seg_595_dynamic:seg_595_dynamic_Instance|seg_dynamic:seg_dynamic_inst|data_reg[15]                                      ; system_clock ; system_clock ; 0.000        ; 0.074      ; 0.944      ;
; 0.676 ; seg_595_dynamic:seg_595_dynamic_Instance|hc595_ctrl:hc595_ctrl|cnt_bit[0]                                   ; seg_595_dynamic:seg_595_dynamic_Instance|hc595_ctrl:hc595_ctrl|stcp                                                     ; system_clock ; system_clock ; 0.000        ; 0.073      ; 0.944      ;
; 0.678 ; Button_Debounce:Button_Debounce_Instance_1|count_20ms[19]                                                   ; Button_Debounce:Button_Debounce_Instance_1|count_20ms[19]                                                               ; system_clock ; system_clock ; 0.000        ; 0.091      ; 0.964      ;
; 0.679 ; Button_Debounce:Button_Debounce_Instance_1|count_20ms[15]                                                   ; Button_Debounce:Button_Debounce_Instance_1|count_20ms[17]                                                               ; system_clock ; system_clock ; 0.000        ; 0.502      ; 1.376      ;
; 0.687 ; seg_595_dynamic:seg_595_dynamic_Instance|seg_dynamic:seg_dynamic_inst|cnt_1ms[2]                            ; seg_595_dynamic:seg_595_dynamic_Instance|seg_dynamic:seg_dynamic_inst|cnt_1ms[2]                                        ; system_clock ; system_clock ; 0.000        ; 0.092      ; 0.974      ;
; 0.690 ; ROM_Control:ROM_Control_Instance|count_200ms[9]                                                             ; ROM_Control:ROM_Control_Instance|count_200ms[9]                                                                         ; system_clock ; system_clock ; 0.000        ; 0.073      ; 0.958      ;
; 0.690 ; ROM_Control:ROM_Control_Instance|count_200ms[11]                                                            ; ROM_Control:ROM_Control_Instance|count_200ms[11]                                                                        ; system_clock ; system_clock ; 0.000        ; 0.073      ; 0.958      ;
; 0.690 ; ROM_Control:ROM_Control_Instance|count_200ms[15]                                                            ; ROM_Control:ROM_Control_Instance|count_200ms[15]                                                                        ; system_clock ; system_clock ; 0.000        ; 0.074      ; 0.959      ;
; 0.690 ; Button_Debounce:Button_Debounce_Instance_2|count_20ms[9]                                                    ; Button_Debounce:Button_Debounce_Instance_2|count_20ms[9]                                                                ; system_clock ; system_clock ; 0.000        ; 0.073      ; 0.958      ;
; 0.691 ; ROM_Control:ROM_Control_Instance|count_200ms[1]                                                             ; ROM_Control:ROM_Control_Instance|count_200ms[1]                                                                         ; system_clock ; system_clock ; 0.000        ; 0.073      ; 0.959      ;
; 0.691 ; ROM_Control:ROM_Control_Instance|count_200ms[7]                                                             ; ROM_Control:ROM_Control_Instance|count_200ms[7]                                                                         ; system_clock ; system_clock ; 0.000        ; 0.073      ; 0.959      ;
; 0.691 ; ROM_Control:ROM_Control_Instance|count_200ms[13]                                                            ; ROM_Control:ROM_Control_Instance|count_200ms[13]                                                                        ; system_clock ; system_clock ; 0.000        ; 0.074      ; 0.960      ;
; 0.691 ; Button_Debounce:Button_Debounce_Instance_1|count_20ms[15]                                                   ; Button_Debounce:Button_Debounce_Instance_1|count_20ms[15]                                                               ; system_clock ; system_clock ; 0.000        ; 0.073      ; 0.959      ;
; 0.691 ; Button_Debounce:Button_Debounce_Instance_2|count_20ms[17]                                                   ; Button_Debounce:Button_Debounce_Instance_2|count_20ms[17]                                                               ; system_clock ; system_clock ; 0.000        ; 0.091      ; 0.977      ;
; 0.691 ; Button_Debounce:Button_Debounce_Instance_1|count_20ms[17]                                                   ; Button_Debounce:Button_Debounce_Instance_1|count_20ms[17]                                                               ; system_clock ; system_clock ; 0.000        ; 0.091      ; 0.977      ;
; 0.692 ; ROM_Control:ROM_Control_Instance|count_200ms[17]                                                            ; ROM_Control:ROM_Control_Instance|count_200ms[17]                                                                        ; system_clock ; system_clock ; 0.000        ; 0.074      ; 0.961      ;
; 0.692 ; ROM_Control:ROM_Control_Instance|count_200ms[18]                                                            ; ROM_Control:ROM_Control_Instance|count_200ms[18]                                                                        ; system_clock ; system_clock ; 0.000        ; 0.074      ; 0.961      ;
; 0.693 ; ROM_Control:ROM_Control_Instance|count_200ms[12]                                                            ; ROM_Control:ROM_Control_Instance|count_200ms[12]                                                                        ; system_clock ; system_clock ; 0.000        ; 0.074      ; 0.962      ;
; 0.693 ; Button_Debounce:Button_Debounce_Instance_2|count_20ms[3]                                                    ; Button_Debounce:Button_Debounce_Instance_2|count_20ms[3]                                                                ; system_clock ; system_clock ; 0.000        ; 0.073      ; 0.961      ;
; 0.693 ; Button_Debounce:Button_Debounce_Instance_2|count_20ms[19]                                                   ; Button_Debounce:Button_Debounce_Instance_2|count_20ms[19]                                                               ; system_clock ; system_clock ; 0.000        ; 0.091      ; 0.979      ;
; 0.693 ; ROM_Control:ROM_Control_Instance|address[6]                                                                 ; ROM_8x256:ROM_8x256_inst|altsyncram:altsyncram_component|altsyncram_qb91:auto_generated|ram_block1a0~porta_address_reg0 ; system_clock ; system_clock ; 0.000        ; 0.413      ; 1.336      ;
; 0.694 ; ROM_Control:ROM_Control_Instance|count_200ms[10]                                                            ; ROM_Control:ROM_Control_Instance|count_200ms[10]                                                                        ; system_clock ; system_clock ; 0.000        ; 0.073      ; 0.962      ;
; 0.694 ; Button_Debounce:Button_Debounce_Instance_1|count_20ms[1]                                                    ; Button_Debounce:Button_Debounce_Instance_1|count_20ms[1]                                                                ; system_clock ; system_clock ; 0.000        ; 0.073      ; 0.962      ;
; 0.694 ; Button_Debounce:Button_Debounce_Instance_2|count_20ms[18]                                                   ; Button_Debounce:Button_Debounce_Instance_2|count_20ms[18]                                                               ; system_clock ; system_clock ; 0.000        ; 0.091      ; 0.980      ;
; 0.695 ; ROM_Control:ROM_Control_Instance|count_200ms[2]                                                             ; ROM_Control:ROM_Control_Instance|count_200ms[2]                                                                         ; system_clock ; system_clock ; 0.000        ; 0.073      ; 0.963      ;
; 0.695 ; ROM_Control:ROM_Control_Instance|count_200ms[3]                                                             ; ROM_Control:ROM_Control_Instance|count_200ms[3]                                                                         ; system_clock ; system_clock ; 0.000        ; 0.073      ; 0.963      ;
+-------+-------------------------------------------------------------------------------------------------------------+-------------------------------------------------------------------------------------------------------------------------+--------------+--------------+--------------+------------+------------+


+-----------------------------------------------------------------------------------------------------------------------------------------------------------------------------------------------------------+
; Slow 1200mV 0C Model Minimum Pulse Width: 'system_clock'                                                                                                                                                  ;
+--------+--------------+----------------+------------+--------------+------------+-------------------------------------------------------------------------------------------------------------------------+
; Slack  ; Actual Width ; Required Width ; Type       ; Clock        ; Clock Edge ; Target                                                                                                                  ;
+--------+--------------+----------------+------------+--------------+------------+-------------------------------------------------------------------------------------------------------------------------+
; -3.201 ; 1.000        ; 4.201          ; Min Period ; system_clock ; Rise       ; ROM_8x256:ROM_8x256_inst|altsyncram:altsyncram_component|altsyncram_qb91:auto_generated|q_a[0]                          ;
; -3.201 ; 1.000        ; 4.201          ; Min Period ; system_clock ; Rise       ; ROM_8x256:ROM_8x256_inst|altsyncram:altsyncram_component|altsyncram_qb91:auto_generated|q_a[1]                          ;
; -3.201 ; 1.000        ; 4.201          ; Min Period ; system_clock ; Rise       ; ROM_8x256:ROM_8x256_inst|altsyncram:altsyncram_component|altsyncram_qb91:auto_generated|q_a[2]                          ;
; -3.201 ; 1.000        ; 4.201          ; Min Period ; system_clock ; Rise       ; ROM_8x256:ROM_8x256_inst|altsyncram:altsyncram_component|altsyncram_qb91:auto_generated|q_a[3]                          ;
; -3.201 ; 1.000        ; 4.201          ; Min Period ; system_clock ; Rise       ; ROM_8x256:ROM_8x256_inst|altsyncram:altsyncram_component|altsyncram_qb91:auto_generated|q_a[4]                          ;
; -3.201 ; 1.000        ; 4.201          ; Min Period ; system_clock ; Rise       ; ROM_8x256:ROM_8x256_inst|altsyncram:altsyncram_component|altsyncram_qb91:auto_generated|q_a[5]                          ;
; -3.201 ; 1.000        ; 4.201          ; Min Period ; system_clock ; Rise       ; ROM_8x256:ROM_8x256_inst|altsyncram:altsyncram_component|altsyncram_qb91:auto_generated|q_a[6]                          ;
; -3.201 ; 1.000        ; 4.201          ; Min Period ; system_clock ; Rise       ; ROM_8x256:ROM_8x256_inst|altsyncram:altsyncram_component|altsyncram_qb91:auto_generated|q_a[7]                          ;
; -3.201 ; 1.000        ; 4.201          ; Min Period ; system_clock ; Rise       ; ROM_8x256:ROM_8x256_inst|altsyncram:altsyncram_component|altsyncram_qb91:auto_generated|ram_block1a0~porta_address_reg0 ;
; -3.000 ; 1.000        ; 4.000          ; Port Rate  ; system_clock ; Rise       ; system_clock                                                                                                            ;
; -1.487 ; 1.000        ; 2.487          ; Min Period ; system_clock ; Rise       ; Button_Debounce:Button_Debounce_Instance_1|count_20ms[0]                                                                ;
; -1.487 ; 1.000        ; 2.487          ; Min Period ; system_clock ; Rise       ; Button_Debounce:Button_Debounce_Instance_1|count_20ms[10]                                                               ;
; -1.487 ; 1.000        ; 2.487          ; Min Period ; system_clock ; Rise       ; Button_Debounce:Button_Debounce_Instance_1|count_20ms[11]                                                               ;
; -1.487 ; 1.000        ; 2.487          ; Min Period ; system_clock ; Rise       ; Button_Debounce:Button_Debounce_Instance_1|count_20ms[12]                                                               ;
; -1.487 ; 1.000        ; 2.487          ; Min Period ; system_clock ; Rise       ; Button_Debounce:Button_Debounce_Instance_1|count_20ms[13]                                                               ;
; -1.487 ; 1.000        ; 2.487          ; Min Period ; system_clock ; Rise       ; Button_Debounce:Button_Debounce_Instance_1|count_20ms[14]                                                               ;
; -1.487 ; 1.000        ; 2.487          ; Min Period ; system_clock ; Rise       ; Button_Debounce:Button_Debounce_Instance_1|count_20ms[15]                                                               ;
; -1.487 ; 1.000        ; 2.487          ; Min Period ; system_clock ; Rise       ; Button_Debounce:Button_Debounce_Instance_1|count_20ms[16]                                                               ;
; -1.487 ; 1.000        ; 2.487          ; Min Period ; system_clock ; Rise       ; Button_Debounce:Button_Debounce_Instance_1|count_20ms[17]                                                               ;
; -1.487 ; 1.000        ; 2.487          ; Min Period ; system_clock ; Rise       ; Button_Debounce:Button_Debounce_Instance_1|count_20ms[18]                                                               ;
; -1.487 ; 1.000        ; 2.487          ; Min Period ; system_clock ; Rise       ; Button_Debounce:Button_Debounce_Instance_1|count_20ms[19]                                                               ;
; -1.487 ; 1.000        ; 2.487          ; Min Period ; system_clock ; Rise       ; Button_Debounce:Button_Debounce_Instance_1|count_20ms[1]                                                                ;
; -1.487 ; 1.000        ; 2.487          ; Min Period ; system_clock ; Rise       ; Button_Debounce:Button_Debounce_Instance_1|count_20ms[2]                                                                ;
; -1.487 ; 1.000        ; 2.487          ; Min Period ; system_clock ; Rise       ; Button_Debounce:Button_Debounce_Instance_1|count_20ms[3]                                                                ;
; -1.487 ; 1.000        ; 2.487          ; Min Period ; system_clock ; Rise       ; Button_Debounce:Button_Debounce_Instance_1|count_20ms[4]                                                                ;
; -1.487 ; 1.000        ; 2.487          ; Min Period ; system_clock ; Rise       ; Button_Debounce:Button_Debounce_Instance_1|count_20ms[5]                                                                ;
; -1.487 ; 1.000        ; 2.487          ; Min Period ; system_clock ; Rise       ; Button_Debounce:Button_Debounce_Instance_1|count_20ms[6]                                                                ;
; -1.487 ; 1.000        ; 2.487          ; Min Period ; system_clock ; Rise       ; Button_Debounce:Button_Debounce_Instance_1|count_20ms[7]                                                                ;
; -1.487 ; 1.000        ; 2.487          ; Min Period ; system_clock ; Rise       ; Button_Debounce:Button_Debounce_Instance_1|count_20ms[8]                                                                ;
; -1.487 ; 1.000        ; 2.487          ; Min Period ; system_clock ; Rise       ; Button_Debounce:Button_Debounce_Instance_1|count_20ms[9]                                                                ;
; -1.487 ; 1.000        ; 2.487          ; Min Period ; system_clock ; Rise       ; Button_Debounce:Button_Debounce_Instance_1|key_flag                                                                     ;
; -1.487 ; 1.000        ; 2.487          ; Min Period ; system_clock ; Rise       ; Button_Debounce:Button_Debounce_Instance_2|count_20ms[0]                                                                ;
; -1.487 ; 1.000        ; 2.487          ; Min Period ; system_clock ; Rise       ; Button_Debounce:Button_Debounce_Instance_2|count_20ms[10]                                                               ;
; -1.487 ; 1.000        ; 2.487          ; Min Period ; system_clock ; Rise       ; Button_Debounce:Button_Debounce_Instance_2|count_20ms[11]                                                               ;
; -1.487 ; 1.000        ; 2.487          ; Min Period ; system_clock ; Rise       ; Button_Debounce:Button_Debounce_Instance_2|count_20ms[12]                                                               ;
; -1.487 ; 1.000        ; 2.487          ; Min Period ; system_clock ; Rise       ; Button_Debounce:Button_Debounce_Instance_2|count_20ms[13]                                                               ;
; -1.487 ; 1.000        ; 2.487          ; Min Period ; system_clock ; Rise       ; Button_Debounce:Button_Debounce_Instance_2|count_20ms[14]                                                               ;
; -1.487 ; 1.000        ; 2.487          ; Min Period ; system_clock ; Rise       ; Button_Debounce:Button_Debounce_Instance_2|count_20ms[15]                                                               ;
; -1.487 ; 1.000        ; 2.487          ; Min Period ; system_clock ; Rise       ; Button_Debounce:Button_Debounce_Instance_2|count_20ms[16]                                                               ;
; -1.487 ; 1.000        ; 2.487          ; Min Period ; system_clock ; Rise       ; Button_Debounce:Button_Debounce_Instance_2|count_20ms[17]                                                               ;
; -1.487 ; 1.000        ; 2.487          ; Min Period ; system_clock ; Rise       ; Button_Debounce:Button_Debounce_Instance_2|count_20ms[18]                                                               ;
; -1.487 ; 1.000        ; 2.487          ; Min Period ; system_clock ; Rise       ; Button_Debounce:Button_Debounce_Instance_2|count_20ms[19]                                                               ;
; -1.487 ; 1.000        ; 2.487          ; Min Period ; system_clock ; Rise       ; Button_Debounce:Button_Debounce_Instance_2|count_20ms[1]                                                                ;
; -1.487 ; 1.000        ; 2.487          ; Min Period ; system_clock ; Rise       ; Button_Debounce:Button_Debounce_Instance_2|count_20ms[2]                                                                ;
; -1.487 ; 1.000        ; 2.487          ; Min Period ; system_clock ; Rise       ; Button_Debounce:Button_Debounce_Instance_2|count_20ms[3]                                                                ;
; -1.487 ; 1.000        ; 2.487          ; Min Period ; system_clock ; Rise       ; Button_Debounce:Button_Debounce_Instance_2|count_20ms[4]                                                                ;
; -1.487 ; 1.000        ; 2.487          ; Min Period ; system_clock ; Rise       ; Button_Debounce:Button_Debounce_Instance_2|count_20ms[5]                                                                ;
; -1.487 ; 1.000        ; 2.487          ; Min Period ; system_clock ; Rise       ; Button_Debounce:Button_Debounce_Instance_2|count_20ms[6]                                                                ;
; -1.487 ; 1.000        ; 2.487          ; Min Period ; system_clock ; Rise       ; Button_Debounce:Button_Debounce_Instance_2|count_20ms[7]                                                                ;
; -1.487 ; 1.000        ; 2.487          ; Min Period ; system_clock ; Rise       ; Button_Debounce:Button_Debounce_Instance_2|count_20ms[8]                                                                ;
; -1.487 ; 1.000        ; 2.487          ; Min Period ; system_clock ; Rise       ; Button_Debounce:Button_Debounce_Instance_2|count_20ms[9]                                                                ;
; -1.487 ; 1.000        ; 2.487          ; Min Period ; system_clock ; Rise       ; Button_Debounce:Button_Debounce_Instance_2|key_flag                                                                     ;
; -1.487 ; 1.000        ; 2.487          ; Min Period ; system_clock ; Rise       ; ROM_Control:ROM_Control_Instance|address[0]                                                                             ;
; -1.487 ; 1.000        ; 2.487          ; Min Period ; system_clock ; Rise       ; ROM_Control:ROM_Control_Instance|address[1]                                                                             ;
; -1.487 ; 1.000        ; 2.487          ; Min Period ; system_clock ; Rise       ; ROM_Control:ROM_Control_Instance|address[2]                                                                             ;
; -1.487 ; 1.000        ; 2.487          ; Min Period ; system_clock ; Rise       ; ROM_Control:ROM_Control_Instance|address[3]                                                                             ;
; -1.487 ; 1.000        ; 2.487          ; Min Period ; system_clock ; Rise       ; ROM_Control:ROM_Control_Instance|address[4]                                                                             ;
; -1.487 ; 1.000        ; 2.487          ; Min Period ; system_clock ; Rise       ; ROM_Control:ROM_Control_Instance|address[5]                                                                             ;
; -1.487 ; 1.000        ; 2.487          ; Min Period ; system_clock ; Rise       ; ROM_Control:ROM_Control_Instance|address[6]                                                                             ;
; -1.487 ; 1.000        ; 2.487          ; Min Period ; system_clock ; Rise       ; ROM_Control:ROM_Control_Instance|address[7]                                                                             ;
; -1.487 ; 1.000        ; 2.487          ; Min Period ; system_clock ; Rise       ; ROM_Control:ROM_Control_Instance|count_200ms[0]                                                                         ;
; -1.487 ; 1.000        ; 2.487          ; Min Period ; system_clock ; Rise       ; ROM_Control:ROM_Control_Instance|count_200ms[10]                                                                        ;
; -1.487 ; 1.000        ; 2.487          ; Min Period ; system_clock ; Rise       ; ROM_Control:ROM_Control_Instance|count_200ms[11]                                                                        ;
; -1.487 ; 1.000        ; 2.487          ; Min Period ; system_clock ; Rise       ; ROM_Control:ROM_Control_Instance|count_200ms[12]                                                                        ;
; -1.487 ; 1.000        ; 2.487          ; Min Period ; system_clock ; Rise       ; ROM_Control:ROM_Control_Instance|count_200ms[13]                                                                        ;
; -1.487 ; 1.000        ; 2.487          ; Min Period ; system_clock ; Rise       ; ROM_Control:ROM_Control_Instance|count_200ms[14]                                                                        ;
; -1.487 ; 1.000        ; 2.487          ; Min Period ; system_clock ; Rise       ; ROM_Control:ROM_Control_Instance|count_200ms[15]                                                                        ;
; -1.487 ; 1.000        ; 2.487          ; Min Period ; system_clock ; Rise       ; ROM_Control:ROM_Control_Instance|count_200ms[16]                                                                        ;
; -1.487 ; 1.000        ; 2.487          ; Min Period ; system_clock ; Rise       ; ROM_Control:ROM_Control_Instance|count_200ms[17]                                                                        ;
; -1.487 ; 1.000        ; 2.487          ; Min Period ; system_clock ; Rise       ; ROM_Control:ROM_Control_Instance|count_200ms[18]                                                                        ;
; -1.487 ; 1.000        ; 2.487          ; Min Period ; system_clock ; Rise       ; ROM_Control:ROM_Control_Instance|count_200ms[19]                                                                        ;
; -1.487 ; 1.000        ; 2.487          ; Min Period ; system_clock ; Rise       ; ROM_Control:ROM_Control_Instance|count_200ms[1]                                                                         ;
; -1.487 ; 1.000        ; 2.487          ; Min Period ; system_clock ; Rise       ; ROM_Control:ROM_Control_Instance|count_200ms[20]                                                                        ;
; -1.487 ; 1.000        ; 2.487          ; Min Period ; system_clock ; Rise       ; ROM_Control:ROM_Control_Instance|count_200ms[21]                                                                        ;
; -1.487 ; 1.000        ; 2.487          ; Min Period ; system_clock ; Rise       ; ROM_Control:ROM_Control_Instance|count_200ms[22]                                                                        ;
; -1.487 ; 1.000        ; 2.487          ; Min Period ; system_clock ; Rise       ; ROM_Control:ROM_Control_Instance|count_200ms[23]                                                                        ;
; -1.487 ; 1.000        ; 2.487          ; Min Period ; system_clock ; Rise       ; ROM_Control:ROM_Control_Instance|count_200ms[2]                                                                         ;
; -1.487 ; 1.000        ; 2.487          ; Min Period ; system_clock ; Rise       ; ROM_Control:ROM_Control_Instance|count_200ms[3]                                                                         ;
; -1.487 ; 1.000        ; 2.487          ; Min Period ; system_clock ; Rise       ; ROM_Control:ROM_Control_Instance|count_200ms[4]                                                                         ;
; -1.487 ; 1.000        ; 2.487          ; Min Period ; system_clock ; Rise       ; ROM_Control:ROM_Control_Instance|count_200ms[5]                                                                         ;
; -1.487 ; 1.000        ; 2.487          ; Min Period ; system_clock ; Rise       ; ROM_Control:ROM_Control_Instance|count_200ms[6]                                                                         ;
; -1.487 ; 1.000        ; 2.487          ; Min Period ; system_clock ; Rise       ; ROM_Control:ROM_Control_Instance|count_200ms[7]                                                                         ;
; -1.487 ; 1.000        ; 2.487          ; Min Period ; system_clock ; Rise       ; ROM_Control:ROM_Control_Instance|count_200ms[8]                                                                         ;
; -1.487 ; 1.000        ; 2.487          ; Min Period ; system_clock ; Rise       ; ROM_Control:ROM_Control_Instance|count_200ms[9]                                                                         ;
; -1.487 ; 1.000        ; 2.487          ; Min Period ; system_clock ; Rise       ; ROM_Control:ROM_Control_Instance|key1_enable                                                                            ;
; -1.487 ; 1.000        ; 2.487          ; Min Period ; system_clock ; Rise       ; ROM_Control:ROM_Control_Instance|key2_enable                                                                            ;
; -1.487 ; 1.000        ; 2.487          ; Min Period ; system_clock ; Rise       ; seg_595_dynamic:seg_595_dynamic_Instance|hc595_ctrl:hc595_ctrl|cnt[0]                                                   ;
; -1.487 ; 1.000        ; 2.487          ; Min Period ; system_clock ; Rise       ; seg_595_dynamic:seg_595_dynamic_Instance|hc595_ctrl:hc595_ctrl|cnt[1]                                                   ;
; -1.487 ; 1.000        ; 2.487          ; Min Period ; system_clock ; Rise       ; seg_595_dynamic:seg_595_dynamic_Instance|hc595_ctrl:hc595_ctrl|cnt_bit[0]                                               ;
; -1.487 ; 1.000        ; 2.487          ; Min Period ; system_clock ; Rise       ; seg_595_dynamic:seg_595_dynamic_Instance|hc595_ctrl:hc595_ctrl|cnt_bit[1]                                               ;
; -1.487 ; 1.000        ; 2.487          ; Min Period ; system_clock ; Rise       ; seg_595_dynamic:seg_595_dynamic_Instance|hc595_ctrl:hc595_ctrl|cnt_bit[2]                                               ;
; -1.487 ; 1.000        ; 2.487          ; Min Period ; system_clock ; Rise       ; seg_595_dynamic:seg_595_dynamic_Instance|hc595_ctrl:hc595_ctrl|cnt_bit[3]                                               ;
; -1.487 ; 1.000        ; 2.487          ; Min Period ; system_clock ; Rise       ; seg_595_dynamic:seg_595_dynamic_Instance|hc595_ctrl:hc595_ctrl|ds                                                       ;
; -1.487 ; 1.000        ; 2.487          ; Min Period ; system_clock ; Rise       ; seg_595_dynamic:seg_595_dynamic_Instance|hc595_ctrl:hc595_ctrl|shcp                                                     ;
; -1.487 ; 1.000        ; 2.487          ; Min Period ; system_clock ; Rise       ; seg_595_dynamic:seg_595_dynamic_Instance|hc595_ctrl:hc595_ctrl|stcp                                                     ;
; -1.487 ; 1.000        ; 2.487          ; Min Period ; system_clock ; Rise       ; seg_595_dynamic:seg_595_dynamic_Instance|seg_dynamic:seg_dynamic_inst|bcd_8421:bcd_8421_inst|cnt_shift[1]               ;
; -1.487 ; 1.000        ; 2.487          ; Min Period ; system_clock ; Rise       ; seg_595_dynamic:seg_595_dynamic_Instance|seg_dynamic:seg_dynamic_inst|bcd_8421:bcd_8421_inst|cnt_shift[2]               ;
; -1.487 ; 1.000        ; 2.487          ; Min Period ; system_clock ; Rise       ; seg_595_dynamic:seg_595_dynamic_Instance|seg_dynamic:seg_dynamic_inst|bcd_8421:bcd_8421_inst|cnt_shift[3]               ;
; -1.487 ; 1.000        ; 2.487          ; Min Period ; system_clock ; Rise       ; seg_595_dynamic:seg_595_dynamic_Instance|seg_dynamic:seg_dynamic_inst|bcd_8421:bcd_8421_inst|cnt_shift[4]               ;
; -1.487 ; 1.000        ; 2.487          ; Min Period ; system_clock ; Rise       ; seg_595_dynamic:seg_595_dynamic_Instance|seg_dynamic:seg_dynamic_inst|bcd_8421:bcd_8421_inst|data_shift[0]              ;
+--------+--------------+----------------+------------+--------------+------------+-------------------------------------------------------------------------------------------------------------------------+


+-------------------------------------------------------------------------+
; Setup Times                                                             ;
+-----------+--------------+-------+-------+------------+-----------------+
; Data Port ; Clock Port   ; Rise  ; Fall  ; Clock Edge ; Clock Reference ;
+-----------+--------------+-------+-------+------------+-----------------+
; key1      ; system_clock ; 1.473 ; 1.572 ; Rise       ; system_clock    ;
; key2      ; system_clock ; 1.469 ; 1.572 ; Rise       ; system_clock    ;
+-----------+--------------+-------+-------+------------+-----------------+


+--------------------------------------------------------------------------+
; Hold Times                                                               ;
+-----------+--------------+-------+--------+------------+-----------------+
; Data Port ; Clock Port   ; Rise  ; Fall   ; Clock Edge ; Clock Reference ;
+-----------+--------------+-------+--------+------------+-----------------+
; key1      ; system_clock ; 0.259 ; -0.018 ; Rise       ; system_clock    ;
; key2      ; system_clock ; 0.383 ; 0.155  ; Rise       ; system_clock    ;
+-----------+--------------+-------+--------+------------+-----------------+


+-------------------------------------------------------------------------+
; Clock to Output Times                                                   ;
+-----------+--------------+-------+-------+------------+-----------------+
; Data Port ; Clock Port   ; Rise  ; Fall  ; Clock Edge ; Clock Reference ;
+-----------+--------------+-------+-------+------------+-----------------+
; ds        ; system_clock ; 7.238 ; 6.974 ; Rise       ; system_clock    ;
; shcp      ; system_clock ; 6.632 ; 6.379 ; Rise       ; system_clock    ;
; stcp      ; system_clock ; 8.062 ; 7.707 ; Rise       ; system_clock    ;
+-----------+--------------+-------+-------+------------+-----------------+


+-------------------------------------------------------------------------+
; Minimum Clock to Output Times                                           ;
+-----------+--------------+-------+-------+------------+-----------------+
; Data Port ; Clock Port   ; Rise  ; Fall  ; Clock Edge ; Clock Reference ;
+-----------+--------------+-------+-------+------------+-----------------+
; ds        ; system_clock ; 6.964 ; 6.710 ; Rise       ; system_clock    ;
; shcp      ; system_clock ; 6.382 ; 6.138 ; Rise       ; system_clock    ;
; stcp      ; system_clock ; 7.757 ; 7.415 ; Rise       ; system_clock    ;
+-----------+--------------+-------+-------+------------+-----------------+


---------------------------------------------
; Slow 1200mV 0C Model Metastability Report ;
---------------------------------------------
No synchronizer chains to report.


+---------------------------------------+
; Fast 1200mV 0C Model Setup Summary    ;
+--------------+--------+---------------+
; Clock        ; Slack  ; End Point TNS ;
+--------------+--------+---------------+
; system_clock ; -1.213 ; -130.698      ;
+--------------+--------+---------------+


+--------------------------------------+
; Fast 1200mV 0C Model Hold Summary    ;
+--------------+-------+---------------+
; Clock        ; Slack ; End Point TNS ;
+--------------+-------+---------------+
; system_clock ; 0.178 ; 0.000         ;
+--------------+-------+---------------+


-----------------------------------------
; Fast 1200mV 0C Model Recovery Summary ;
-----------------------------------------
No paths to report.


----------------------------------------
; Fast 1200mV 0C Model Removal Summary ;
----------------------------------------
No paths to report.


+--------------------------------------------------+
; Fast 1200mV 0C Model Minimum Pulse Width Summary ;
+--------------+--------+--------------------------+
; Clock        ; Slack  ; End Point TNS            ;
+--------------+--------+--------------------------+
; system_clock ; -3.000 ; -249.382                 ;
+--------------+--------+--------------------------+


+-------------------------------------------------------------------------------------------------------------------------------------------------------------------------------------------------------+
; Fast 1200mV 0C Model Setup: 'system_clock'                                                                                                                                                            ;
+--------+-----------------------------------------------------------+-----------------------------------------------------------+--------------+--------------+--------------+------------+------------+
; Slack  ; From Node                                                 ; To Node                                                   ; Launch Clock ; Latch Clock  ; Relationship ; Clock Skew ; Data Delay ;
+--------+-----------------------------------------------------------+-----------------------------------------------------------+--------------+--------------+--------------+------------+------------+
; -1.213 ; Button_Debounce:Button_Debounce_Instance_1|count_20ms[2]  ; Button_Debounce:Button_Debounce_Instance_1|count_20ms[1]  ; system_clock ; system_clock ; 1.000        ; -0.037     ; 2.163      ;
; -1.213 ; Button_Debounce:Button_Debounce_Instance_1|count_20ms[2]  ; Button_Debounce:Button_Debounce_Instance_1|count_20ms[2]  ; system_clock ; system_clock ; 1.000        ; -0.037     ; 2.163      ;
; -1.213 ; Button_Debounce:Button_Debounce_Instance_1|count_20ms[2]  ; Button_Debounce:Button_Debounce_Instance_1|count_20ms[3]  ; system_clock ; system_clock ; 1.000        ; -0.037     ; 2.163      ;
; -1.213 ; Button_Debounce:Button_Debounce_Instance_1|count_20ms[2]  ; Button_Debounce:Button_Debounce_Instance_1|count_20ms[4]  ; system_clock ; system_clock ; 1.000        ; -0.037     ; 2.163      ;
; -1.213 ; Button_Debounce:Button_Debounce_Instance_1|count_20ms[2]  ; Button_Debounce:Button_Debounce_Instance_1|count_20ms[5]  ; system_clock ; system_clock ; 1.000        ; -0.037     ; 2.163      ;
; -1.213 ; Button_Debounce:Button_Debounce_Instance_1|count_20ms[2]  ; Button_Debounce:Button_Debounce_Instance_1|count_20ms[6]  ; system_clock ; system_clock ; 1.000        ; -0.037     ; 2.163      ;
; -1.213 ; Button_Debounce:Button_Debounce_Instance_1|count_20ms[2]  ; Button_Debounce:Button_Debounce_Instance_1|count_20ms[7]  ; system_clock ; system_clock ; 1.000        ; -0.037     ; 2.163      ;
; -1.213 ; Button_Debounce:Button_Debounce_Instance_1|count_20ms[2]  ; Button_Debounce:Button_Debounce_Instance_1|count_20ms[8]  ; system_clock ; system_clock ; 1.000        ; -0.037     ; 2.163      ;
; -1.213 ; Button_Debounce:Button_Debounce_Instance_1|count_20ms[2]  ; Button_Debounce:Button_Debounce_Instance_1|count_20ms[9]  ; system_clock ; system_clock ; 1.000        ; -0.037     ; 2.163      ;
; -1.165 ; Button_Debounce:Button_Debounce_Instance_1|count_20ms[7]  ; Button_Debounce:Button_Debounce_Instance_1|count_20ms[1]  ; system_clock ; system_clock ; 1.000        ; -0.037     ; 2.115      ;
; -1.165 ; Button_Debounce:Button_Debounce_Instance_1|count_20ms[7]  ; Button_Debounce:Button_Debounce_Instance_1|count_20ms[2]  ; system_clock ; system_clock ; 1.000        ; -0.037     ; 2.115      ;
; -1.165 ; Button_Debounce:Button_Debounce_Instance_1|count_20ms[7]  ; Button_Debounce:Button_Debounce_Instance_1|count_20ms[3]  ; system_clock ; system_clock ; 1.000        ; -0.037     ; 2.115      ;
; -1.165 ; Button_Debounce:Button_Debounce_Instance_1|count_20ms[7]  ; Button_Debounce:Button_Debounce_Instance_1|count_20ms[4]  ; system_clock ; system_clock ; 1.000        ; -0.037     ; 2.115      ;
; -1.165 ; Button_Debounce:Button_Debounce_Instance_1|count_20ms[7]  ; Button_Debounce:Button_Debounce_Instance_1|count_20ms[5]  ; system_clock ; system_clock ; 1.000        ; -0.037     ; 2.115      ;
; -1.165 ; Button_Debounce:Button_Debounce_Instance_1|count_20ms[7]  ; Button_Debounce:Button_Debounce_Instance_1|count_20ms[6]  ; system_clock ; system_clock ; 1.000        ; -0.037     ; 2.115      ;
; -1.165 ; Button_Debounce:Button_Debounce_Instance_1|count_20ms[7]  ; Button_Debounce:Button_Debounce_Instance_1|count_20ms[7]  ; system_clock ; system_clock ; 1.000        ; -0.037     ; 2.115      ;
; -1.165 ; Button_Debounce:Button_Debounce_Instance_1|count_20ms[7]  ; Button_Debounce:Button_Debounce_Instance_1|count_20ms[8]  ; system_clock ; system_clock ; 1.000        ; -0.037     ; 2.115      ;
; -1.165 ; Button_Debounce:Button_Debounce_Instance_1|count_20ms[7]  ; Button_Debounce:Button_Debounce_Instance_1|count_20ms[9]  ; system_clock ; system_clock ; 1.000        ; -0.037     ; 2.115      ;
; -1.161 ; Button_Debounce:Button_Debounce_Instance_1|count_20ms[6]  ; Button_Debounce:Button_Debounce_Instance_1|count_20ms[1]  ; system_clock ; system_clock ; 1.000        ; -0.037     ; 2.111      ;
; -1.161 ; Button_Debounce:Button_Debounce_Instance_1|count_20ms[6]  ; Button_Debounce:Button_Debounce_Instance_1|count_20ms[2]  ; system_clock ; system_clock ; 1.000        ; -0.037     ; 2.111      ;
; -1.161 ; Button_Debounce:Button_Debounce_Instance_1|count_20ms[6]  ; Button_Debounce:Button_Debounce_Instance_1|count_20ms[3]  ; system_clock ; system_clock ; 1.000        ; -0.037     ; 2.111      ;
; -1.161 ; Button_Debounce:Button_Debounce_Instance_1|count_20ms[6]  ; Button_Debounce:Button_Debounce_Instance_1|count_20ms[4]  ; system_clock ; system_clock ; 1.000        ; -0.037     ; 2.111      ;
; -1.161 ; Button_Debounce:Button_Debounce_Instance_1|count_20ms[6]  ; Button_Debounce:Button_Debounce_Instance_1|count_20ms[5]  ; system_clock ; system_clock ; 1.000        ; -0.037     ; 2.111      ;
; -1.161 ; Button_Debounce:Button_Debounce_Instance_1|count_20ms[6]  ; Button_Debounce:Button_Debounce_Instance_1|count_20ms[6]  ; system_clock ; system_clock ; 1.000        ; -0.037     ; 2.111      ;
; -1.161 ; Button_Debounce:Button_Debounce_Instance_1|count_20ms[6]  ; Button_Debounce:Button_Debounce_Instance_1|count_20ms[7]  ; system_clock ; system_clock ; 1.000        ; -0.037     ; 2.111      ;
; -1.161 ; Button_Debounce:Button_Debounce_Instance_1|count_20ms[6]  ; Button_Debounce:Button_Debounce_Instance_1|count_20ms[8]  ; system_clock ; system_clock ; 1.000        ; -0.037     ; 2.111      ;
; -1.161 ; Button_Debounce:Button_Debounce_Instance_1|count_20ms[6]  ; Button_Debounce:Button_Debounce_Instance_1|count_20ms[9]  ; system_clock ; system_clock ; 1.000        ; -0.037     ; 2.111      ;
; -1.140 ; Button_Debounce:Button_Debounce_Instance_1|count_20ms[5]  ; Button_Debounce:Button_Debounce_Instance_1|count_20ms[1]  ; system_clock ; system_clock ; 1.000        ; -0.037     ; 2.090      ;
; -1.140 ; Button_Debounce:Button_Debounce_Instance_1|count_20ms[5]  ; Button_Debounce:Button_Debounce_Instance_1|count_20ms[2]  ; system_clock ; system_clock ; 1.000        ; -0.037     ; 2.090      ;
; -1.140 ; Button_Debounce:Button_Debounce_Instance_1|count_20ms[5]  ; Button_Debounce:Button_Debounce_Instance_1|count_20ms[3]  ; system_clock ; system_clock ; 1.000        ; -0.037     ; 2.090      ;
; -1.140 ; Button_Debounce:Button_Debounce_Instance_1|count_20ms[5]  ; Button_Debounce:Button_Debounce_Instance_1|count_20ms[4]  ; system_clock ; system_clock ; 1.000        ; -0.037     ; 2.090      ;
; -1.140 ; Button_Debounce:Button_Debounce_Instance_1|count_20ms[5]  ; Button_Debounce:Button_Debounce_Instance_1|count_20ms[5]  ; system_clock ; system_clock ; 1.000        ; -0.037     ; 2.090      ;
; -1.140 ; Button_Debounce:Button_Debounce_Instance_1|count_20ms[5]  ; Button_Debounce:Button_Debounce_Instance_1|count_20ms[6]  ; system_clock ; system_clock ; 1.000        ; -0.037     ; 2.090      ;
; -1.140 ; Button_Debounce:Button_Debounce_Instance_1|count_20ms[5]  ; Button_Debounce:Button_Debounce_Instance_1|count_20ms[7]  ; system_clock ; system_clock ; 1.000        ; -0.037     ; 2.090      ;
; -1.140 ; Button_Debounce:Button_Debounce_Instance_1|count_20ms[5]  ; Button_Debounce:Button_Debounce_Instance_1|count_20ms[8]  ; system_clock ; system_clock ; 1.000        ; -0.037     ; 2.090      ;
; -1.140 ; Button_Debounce:Button_Debounce_Instance_1|count_20ms[5]  ; Button_Debounce:Button_Debounce_Instance_1|count_20ms[9]  ; system_clock ; system_clock ; 1.000        ; -0.037     ; 2.090      ;
; -1.137 ; Button_Debounce:Button_Debounce_Instance_1|count_20ms[3]  ; Button_Debounce:Button_Debounce_Instance_1|count_20ms[1]  ; system_clock ; system_clock ; 1.000        ; -0.037     ; 2.087      ;
; -1.137 ; Button_Debounce:Button_Debounce_Instance_1|count_20ms[3]  ; Button_Debounce:Button_Debounce_Instance_1|count_20ms[2]  ; system_clock ; system_clock ; 1.000        ; -0.037     ; 2.087      ;
; -1.137 ; Button_Debounce:Button_Debounce_Instance_1|count_20ms[3]  ; Button_Debounce:Button_Debounce_Instance_1|count_20ms[3]  ; system_clock ; system_clock ; 1.000        ; -0.037     ; 2.087      ;
; -1.137 ; Button_Debounce:Button_Debounce_Instance_1|count_20ms[3]  ; Button_Debounce:Button_Debounce_Instance_1|count_20ms[4]  ; system_clock ; system_clock ; 1.000        ; -0.037     ; 2.087      ;
; -1.137 ; Button_Debounce:Button_Debounce_Instance_1|count_20ms[3]  ; Button_Debounce:Button_Debounce_Instance_1|count_20ms[5]  ; system_clock ; system_clock ; 1.000        ; -0.037     ; 2.087      ;
; -1.137 ; Button_Debounce:Button_Debounce_Instance_1|count_20ms[3]  ; Button_Debounce:Button_Debounce_Instance_1|count_20ms[6]  ; system_clock ; system_clock ; 1.000        ; -0.037     ; 2.087      ;
; -1.137 ; Button_Debounce:Button_Debounce_Instance_1|count_20ms[3]  ; Button_Debounce:Button_Debounce_Instance_1|count_20ms[7]  ; system_clock ; system_clock ; 1.000        ; -0.037     ; 2.087      ;
; -1.137 ; Button_Debounce:Button_Debounce_Instance_1|count_20ms[3]  ; Button_Debounce:Button_Debounce_Instance_1|count_20ms[8]  ; system_clock ; system_clock ; 1.000        ; -0.037     ; 2.087      ;
; -1.137 ; Button_Debounce:Button_Debounce_Instance_1|count_20ms[3]  ; Button_Debounce:Button_Debounce_Instance_1|count_20ms[9]  ; system_clock ; system_clock ; 1.000        ; -0.037     ; 2.087      ;
; -1.094 ; Button_Debounce:Button_Debounce_Instance_1|count_20ms[9]  ; Button_Debounce:Button_Debounce_Instance_1|count_20ms[1]  ; system_clock ; system_clock ; 1.000        ; -0.037     ; 2.044      ;
; -1.094 ; Button_Debounce:Button_Debounce_Instance_1|count_20ms[9]  ; Button_Debounce:Button_Debounce_Instance_1|count_20ms[2]  ; system_clock ; system_clock ; 1.000        ; -0.037     ; 2.044      ;
; -1.094 ; Button_Debounce:Button_Debounce_Instance_1|count_20ms[9]  ; Button_Debounce:Button_Debounce_Instance_1|count_20ms[3]  ; system_clock ; system_clock ; 1.000        ; -0.037     ; 2.044      ;
; -1.094 ; Button_Debounce:Button_Debounce_Instance_1|count_20ms[9]  ; Button_Debounce:Button_Debounce_Instance_1|count_20ms[4]  ; system_clock ; system_clock ; 1.000        ; -0.037     ; 2.044      ;
; -1.094 ; Button_Debounce:Button_Debounce_Instance_1|count_20ms[9]  ; Button_Debounce:Button_Debounce_Instance_1|count_20ms[5]  ; system_clock ; system_clock ; 1.000        ; -0.037     ; 2.044      ;
; -1.094 ; Button_Debounce:Button_Debounce_Instance_1|count_20ms[9]  ; Button_Debounce:Button_Debounce_Instance_1|count_20ms[6]  ; system_clock ; system_clock ; 1.000        ; -0.037     ; 2.044      ;
; -1.094 ; Button_Debounce:Button_Debounce_Instance_1|count_20ms[9]  ; Button_Debounce:Button_Debounce_Instance_1|count_20ms[7]  ; system_clock ; system_clock ; 1.000        ; -0.037     ; 2.044      ;
; -1.094 ; Button_Debounce:Button_Debounce_Instance_1|count_20ms[9]  ; Button_Debounce:Button_Debounce_Instance_1|count_20ms[8]  ; system_clock ; system_clock ; 1.000        ; -0.037     ; 2.044      ;
; -1.094 ; Button_Debounce:Button_Debounce_Instance_1|count_20ms[9]  ; Button_Debounce:Button_Debounce_Instance_1|count_20ms[9]  ; system_clock ; system_clock ; 1.000        ; -0.037     ; 2.044      ;
; -1.073 ; Button_Debounce:Button_Debounce_Instance_2|count_20ms[6]  ; Button_Debounce:Button_Debounce_Instance_2|count_20ms[10] ; system_clock ; system_clock ; 1.000        ; -0.038     ; 2.022      ;
; -1.073 ; Button_Debounce:Button_Debounce_Instance_2|count_20ms[6]  ; Button_Debounce:Button_Debounce_Instance_2|count_20ms[11] ; system_clock ; system_clock ; 1.000        ; -0.038     ; 2.022      ;
; -1.073 ; Button_Debounce:Button_Debounce_Instance_2|count_20ms[6]  ; Button_Debounce:Button_Debounce_Instance_2|count_20ms[12] ; system_clock ; system_clock ; 1.000        ; -0.038     ; 2.022      ;
; -1.073 ; Button_Debounce:Button_Debounce_Instance_2|count_20ms[6]  ; Button_Debounce:Button_Debounce_Instance_2|count_20ms[13] ; system_clock ; system_clock ; 1.000        ; -0.038     ; 2.022      ;
; -1.073 ; Button_Debounce:Button_Debounce_Instance_2|count_20ms[6]  ; Button_Debounce:Button_Debounce_Instance_2|count_20ms[14] ; system_clock ; system_clock ; 1.000        ; -0.038     ; 2.022      ;
; -1.073 ; Button_Debounce:Button_Debounce_Instance_2|count_20ms[6]  ; Button_Debounce:Button_Debounce_Instance_2|count_20ms[15] ; system_clock ; system_clock ; 1.000        ; -0.038     ; 2.022      ;
; -1.073 ; Button_Debounce:Button_Debounce_Instance_2|count_20ms[6]  ; Button_Debounce:Button_Debounce_Instance_2|count_20ms[16] ; system_clock ; system_clock ; 1.000        ; -0.038     ; 2.022      ;
; -1.069 ; Button_Debounce:Button_Debounce_Instance_2|count_20ms[16] ; Button_Debounce:Button_Debounce_Instance_2|count_20ms[10] ; system_clock ; system_clock ; 1.000        ; -0.037     ; 2.019      ;
; -1.069 ; Button_Debounce:Button_Debounce_Instance_2|count_20ms[16] ; Button_Debounce:Button_Debounce_Instance_2|count_20ms[11] ; system_clock ; system_clock ; 1.000        ; -0.037     ; 2.019      ;
; -1.069 ; Button_Debounce:Button_Debounce_Instance_2|count_20ms[16] ; Button_Debounce:Button_Debounce_Instance_2|count_20ms[12] ; system_clock ; system_clock ; 1.000        ; -0.037     ; 2.019      ;
; -1.069 ; Button_Debounce:Button_Debounce_Instance_2|count_20ms[16] ; Button_Debounce:Button_Debounce_Instance_2|count_20ms[13] ; system_clock ; system_clock ; 1.000        ; -0.037     ; 2.019      ;
; -1.069 ; Button_Debounce:Button_Debounce_Instance_2|count_20ms[16] ; Button_Debounce:Button_Debounce_Instance_2|count_20ms[14] ; system_clock ; system_clock ; 1.000        ; -0.037     ; 2.019      ;
; -1.069 ; Button_Debounce:Button_Debounce_Instance_2|count_20ms[16] ; Button_Debounce:Button_Debounce_Instance_2|count_20ms[15] ; system_clock ; system_clock ; 1.000        ; -0.037     ; 2.019      ;
; -1.069 ; Button_Debounce:Button_Debounce_Instance_2|count_20ms[16] ; Button_Debounce:Button_Debounce_Instance_2|count_20ms[16] ; system_clock ; system_clock ; 1.000        ; -0.037     ; 2.019      ;
; -1.068 ; Button_Debounce:Button_Debounce_Instance_1|count_20ms[1]  ; Button_Debounce:Button_Debounce_Instance_1|count_20ms[1]  ; system_clock ; system_clock ; 1.000        ; -0.037     ; 2.018      ;
; -1.068 ; Button_Debounce:Button_Debounce_Instance_1|count_20ms[1]  ; Button_Debounce:Button_Debounce_Instance_1|count_20ms[2]  ; system_clock ; system_clock ; 1.000        ; -0.037     ; 2.018      ;
; -1.068 ; Button_Debounce:Button_Debounce_Instance_1|count_20ms[1]  ; Button_Debounce:Button_Debounce_Instance_1|count_20ms[3]  ; system_clock ; system_clock ; 1.000        ; -0.037     ; 2.018      ;
; -1.068 ; Button_Debounce:Button_Debounce_Instance_1|count_20ms[1]  ; Button_Debounce:Button_Debounce_Instance_1|count_20ms[4]  ; system_clock ; system_clock ; 1.000        ; -0.037     ; 2.018      ;
; -1.068 ; Button_Debounce:Button_Debounce_Instance_1|count_20ms[1]  ; Button_Debounce:Button_Debounce_Instance_1|count_20ms[5]  ; system_clock ; system_clock ; 1.000        ; -0.037     ; 2.018      ;
; -1.068 ; Button_Debounce:Button_Debounce_Instance_1|count_20ms[1]  ; Button_Debounce:Button_Debounce_Instance_1|count_20ms[6]  ; system_clock ; system_clock ; 1.000        ; -0.037     ; 2.018      ;
; -1.068 ; Button_Debounce:Button_Debounce_Instance_1|count_20ms[1]  ; Button_Debounce:Button_Debounce_Instance_1|count_20ms[7]  ; system_clock ; system_clock ; 1.000        ; -0.037     ; 2.018      ;
; -1.068 ; Button_Debounce:Button_Debounce_Instance_1|count_20ms[1]  ; Button_Debounce:Button_Debounce_Instance_1|count_20ms[8]  ; system_clock ; system_clock ; 1.000        ; -0.037     ; 2.018      ;
; -1.068 ; Button_Debounce:Button_Debounce_Instance_1|count_20ms[1]  ; Button_Debounce:Button_Debounce_Instance_1|count_20ms[9]  ; system_clock ; system_clock ; 1.000        ; -0.037     ; 2.018      ;
; -1.058 ; Button_Debounce:Button_Debounce_Instance_2|count_20ms[14] ; Button_Debounce:Button_Debounce_Instance_2|count_20ms[10] ; system_clock ; system_clock ; 1.000        ; -0.037     ; 2.008      ;
; -1.058 ; Button_Debounce:Button_Debounce_Instance_2|count_20ms[14] ; Button_Debounce:Button_Debounce_Instance_2|count_20ms[11] ; system_clock ; system_clock ; 1.000        ; -0.037     ; 2.008      ;
; -1.058 ; Button_Debounce:Button_Debounce_Instance_2|count_20ms[14] ; Button_Debounce:Button_Debounce_Instance_2|count_20ms[12] ; system_clock ; system_clock ; 1.000        ; -0.037     ; 2.008      ;
; -1.058 ; Button_Debounce:Button_Debounce_Instance_2|count_20ms[14] ; Button_Debounce:Button_Debounce_Instance_2|count_20ms[13] ; system_clock ; system_clock ; 1.000        ; -0.037     ; 2.008      ;
; -1.058 ; Button_Debounce:Button_Debounce_Instance_2|count_20ms[14] ; Button_Debounce:Button_Debounce_Instance_2|count_20ms[14] ; system_clock ; system_clock ; 1.000        ; -0.037     ; 2.008      ;
; -1.058 ; Button_Debounce:Button_Debounce_Instance_2|count_20ms[14] ; Button_Debounce:Button_Debounce_Instance_2|count_20ms[15] ; system_clock ; system_clock ; 1.000        ; -0.037     ; 2.008      ;
; -1.058 ; Button_Debounce:Button_Debounce_Instance_2|count_20ms[14] ; Button_Debounce:Button_Debounce_Instance_2|count_20ms[16] ; system_clock ; system_clock ; 1.000        ; -0.037     ; 2.008      ;
; -1.049 ; Button_Debounce:Button_Debounce_Instance_2|count_20ms[7]  ; Button_Debounce:Button_Debounce_Instance_2|count_20ms[10] ; system_clock ; system_clock ; 1.000        ; -0.038     ; 1.998      ;
; -1.049 ; Button_Debounce:Button_Debounce_Instance_2|count_20ms[7]  ; Button_Debounce:Button_Debounce_Instance_2|count_20ms[11] ; system_clock ; system_clock ; 1.000        ; -0.038     ; 1.998      ;
; -1.049 ; Button_Debounce:Button_Debounce_Instance_2|count_20ms[7]  ; Button_Debounce:Button_Debounce_Instance_2|count_20ms[12] ; system_clock ; system_clock ; 1.000        ; -0.038     ; 1.998      ;
; -1.049 ; Button_Debounce:Button_Debounce_Instance_2|count_20ms[7]  ; Button_Debounce:Button_Debounce_Instance_2|count_20ms[13] ; system_clock ; system_clock ; 1.000        ; -0.038     ; 1.998      ;
; -1.049 ; Button_Debounce:Button_Debounce_Instance_2|count_20ms[7]  ; Button_Debounce:Button_Debounce_Instance_2|count_20ms[14] ; system_clock ; system_clock ; 1.000        ; -0.038     ; 1.998      ;
; -1.049 ; Button_Debounce:Button_Debounce_Instance_2|count_20ms[7]  ; Button_Debounce:Button_Debounce_Instance_2|count_20ms[15] ; system_clock ; system_clock ; 1.000        ; -0.038     ; 1.998      ;
; -1.049 ; Button_Debounce:Button_Debounce_Instance_2|count_20ms[7]  ; Button_Debounce:Button_Debounce_Instance_2|count_20ms[16] ; system_clock ; system_clock ; 1.000        ; -0.038     ; 1.998      ;
; -1.047 ; Button_Debounce:Button_Debounce_Instance_2|count_20ms[8]  ; Button_Debounce:Button_Debounce_Instance_2|count_20ms[10] ; system_clock ; system_clock ; 1.000        ; -0.038     ; 1.996      ;
; -1.047 ; Button_Debounce:Button_Debounce_Instance_2|count_20ms[8]  ; Button_Debounce:Button_Debounce_Instance_2|count_20ms[11] ; system_clock ; system_clock ; 1.000        ; -0.038     ; 1.996      ;
; -1.047 ; Button_Debounce:Button_Debounce_Instance_2|count_20ms[8]  ; Button_Debounce:Button_Debounce_Instance_2|count_20ms[12] ; system_clock ; system_clock ; 1.000        ; -0.038     ; 1.996      ;
; -1.047 ; Button_Debounce:Button_Debounce_Instance_2|count_20ms[8]  ; Button_Debounce:Button_Debounce_Instance_2|count_20ms[13] ; system_clock ; system_clock ; 1.000        ; -0.038     ; 1.996      ;
; -1.047 ; Button_Debounce:Button_Debounce_Instance_2|count_20ms[8]  ; Button_Debounce:Button_Debounce_Instance_2|count_20ms[14] ; system_clock ; system_clock ; 1.000        ; -0.038     ; 1.996      ;
; -1.047 ; Button_Debounce:Button_Debounce_Instance_2|count_20ms[8]  ; Button_Debounce:Button_Debounce_Instance_2|count_20ms[15] ; system_clock ; system_clock ; 1.000        ; -0.038     ; 1.996      ;
; -1.047 ; Button_Debounce:Button_Debounce_Instance_2|count_20ms[8]  ; Button_Debounce:Button_Debounce_Instance_2|count_20ms[16] ; system_clock ; system_clock ; 1.000        ; -0.038     ; 1.996      ;
; -1.037 ; Button_Debounce:Button_Debounce_Instance_2|count_20ms[13] ; Button_Debounce:Button_Debounce_Instance_2|count_20ms[10] ; system_clock ; system_clock ; 1.000        ; -0.037     ; 1.987      ;
; -1.037 ; Button_Debounce:Button_Debounce_Instance_2|count_20ms[13] ; Button_Debounce:Button_Debounce_Instance_2|count_20ms[11] ; system_clock ; system_clock ; 1.000        ; -0.037     ; 1.987      ;
+--------+-----------------------------------------------------------+-----------------------------------------------------------+--------------+--------------+--------------+------------+------------+


+----------------------------------------------------------------------------------------------------------------------------------------------------------------------------------------------------------------------------------------------------------------------------------------------------------------------+
; Fast 1200mV 0C Model Hold: 'system_clock'                                                                                                                                                                                                                                                                            ;
+-------+-------------------------------------------------------------------------------------------------------------+-------------------------------------------------------------------------------------------------------------------------+--------------+--------------+--------------+------------+------------+
; Slack ; From Node                                                                                                   ; To Node                                                                                                                 ; Launch Clock ; Latch Clock  ; Relationship ; Clock Skew ; Data Delay ;
+-------+-------------------------------------------------------------------------------------------------------------+-------------------------------------------------------------------------------------------------------------------------+--------------+--------------+--------------+------------+------------+
; 0.178 ; ROM_Control:ROM_Control_Instance|key2_enable                                                                ; ROM_Control:ROM_Control_Instance|key2_enable                                                                            ; system_clock ; system_clock ; 0.000        ; 0.045      ; 0.307      ;
; 0.178 ; ROM_Control:ROM_Control_Instance|key1_enable                                                                ; ROM_Control:ROM_Control_Instance|key1_enable                                                                            ; system_clock ; system_clock ; 0.000        ; 0.045      ; 0.307      ;
; 0.178 ; ROM_Control:ROM_Control_Instance|address[4]                                                                 ; ROM_Control:ROM_Control_Instance|address[4]                                                                             ; system_clock ; system_clock ; 0.000        ; 0.045      ; 0.307      ;
; 0.178 ; seg_595_dynamic:seg_595_dynamic_Instance|seg_dynamic:seg_dynamic_inst|bcd_8421:bcd_8421_inst|data_shift[29] ; seg_595_dynamic:seg_595_dynamic_Instance|seg_dynamic:seg_dynamic_inst|bcd_8421:bcd_8421_inst|data_shift[29]             ; system_clock ; system_clock ; 0.000        ; 0.045      ; 0.307      ;
; 0.179 ; seg_595_dynamic:seg_595_dynamic_Instance|seg_dynamic:seg_dynamic_inst|bcd_8421:bcd_8421_inst|data_shift[37] ; seg_595_dynamic:seg_595_dynamic_Instance|seg_dynamic:seg_dynamic_inst|bcd_8421:bcd_8421_inst|data_shift[37]             ; system_clock ; system_clock ; 0.000        ; 0.044      ; 0.307      ;
; 0.185 ; seg_595_dynamic:seg_595_dynamic_Instance|seg_dynamic:seg_dynamic_inst|bcd_8421:bcd_8421_inst|data_shift[20] ; seg_595_dynamic:seg_595_dynamic_Instance|seg_dynamic:seg_dynamic_inst|bcd_8421:bcd_8421_inst|data_shift[20]             ; system_clock ; system_clock ; 0.000        ; 0.045      ; 0.314      ;
; 0.185 ; seg_595_dynamic:seg_595_dynamic_Instance|seg_dynamic:seg_dynamic_inst|bcd_8421:bcd_8421_inst|data_shift[28] ; seg_595_dynamic:seg_595_dynamic_Instance|seg_dynamic:seg_dynamic_inst|bcd_8421:bcd_8421_inst|data_shift[28]             ; system_clock ; system_clock ; 0.000        ; 0.045      ; 0.314      ;
; 0.186 ; ROM_Control:ROM_Control_Instance|address[3]                                                                 ; ROM_Control:ROM_Control_Instance|address[3]                                                                             ; system_clock ; system_clock ; 0.000        ; 0.037      ; 0.307      ;
; 0.186 ; seg_595_dynamic:seg_595_dynamic_Instance|seg_dynamic:seg_dynamic_inst|cnt_sel[1]                            ; seg_595_dynamic:seg_595_dynamic_Instance|seg_dynamic:seg_dynamic_inst|cnt_sel[1]                                        ; system_clock ; system_clock ; 0.000        ; 0.037      ; 0.307      ;
; 0.186 ; seg_595_dynamic:seg_595_dynamic_Instance|seg_dynamic:seg_dynamic_inst|cnt_sel[2]                            ; seg_595_dynamic:seg_595_dynamic_Instance|seg_dynamic:seg_dynamic_inst|cnt_sel[2]                                        ; system_clock ; system_clock ; 0.000        ; 0.037      ; 0.307      ;
; 0.186 ; seg_595_dynamic:seg_595_dynamic_Instance|seg_dynamic:seg_dynamic_inst|sel_reg[0]                            ; seg_595_dynamic:seg_595_dynamic_Instance|seg_dynamic:seg_dynamic_inst|sel_reg[0]                                        ; system_clock ; system_clock ; 0.000        ; 0.037      ; 0.307      ;
; 0.186 ; seg_595_dynamic:seg_595_dynamic_Instance|seg_dynamic:seg_dynamic_inst|bcd_8421:bcd_8421_inst|data_shift[41] ; seg_595_dynamic:seg_595_dynamic_Instance|seg_dynamic:seg_dynamic_inst|bcd_8421:bcd_8421_inst|data_shift[41]             ; system_clock ; system_clock ; 0.000        ; 0.037      ; 0.307      ;
; 0.186 ; seg_595_dynamic:seg_595_dynamic_Instance|seg_dynamic:seg_dynamic_inst|bcd_8421:bcd_8421_inst|data_shift[42] ; seg_595_dynamic:seg_595_dynamic_Instance|seg_dynamic:seg_dynamic_inst|bcd_8421:bcd_8421_inst|data_shift[42]             ; system_clock ; system_clock ; 0.000        ; 0.037      ; 0.307      ;
; 0.186 ; seg_595_dynamic:seg_595_dynamic_Instance|seg_dynamic:seg_dynamic_inst|bcd_8421:bcd_8421_inst|data_shift[43] ; seg_595_dynamic:seg_595_dynamic_Instance|seg_dynamic:seg_dynamic_inst|bcd_8421:bcd_8421_inst|data_shift[43]             ; system_clock ; system_clock ; 0.000        ; 0.037      ; 0.307      ;
; 0.186 ; seg_595_dynamic:seg_595_dynamic_Instance|seg_dynamic:seg_dynamic_inst|bcd_8421:bcd_8421_inst|data_shift[33] ; seg_595_dynamic:seg_595_dynamic_Instance|seg_dynamic:seg_dynamic_inst|bcd_8421:bcd_8421_inst|data_shift[33]             ; system_clock ; system_clock ; 0.000        ; 0.037      ; 0.307      ;
; 0.186 ; seg_595_dynamic:seg_595_dynamic_Instance|seg_dynamic:seg_dynamic_inst|bcd_8421:bcd_8421_inst|data_shift[25] ; seg_595_dynamic:seg_595_dynamic_Instance|seg_dynamic:seg_dynamic_inst|bcd_8421:bcd_8421_inst|data_shift[25]             ; system_clock ; system_clock ; 0.000        ; 0.037      ; 0.307      ;
; 0.186 ; seg_595_dynamic:seg_595_dynamic_Instance|seg_dynamic:seg_dynamic_inst|bcd_8421:bcd_8421_inst|data_shift[0]  ; seg_595_dynamic:seg_595_dynamic_Instance|seg_dynamic:seg_dynamic_inst|bcd_8421:bcd_8421_inst|data_shift[0]              ; system_clock ; system_clock ; 0.000        ; 0.037      ; 0.307      ;
; 0.186 ; seg_595_dynamic:seg_595_dynamic_Instance|seg_dynamic:seg_dynamic_inst|bcd_8421:bcd_8421_inst|data_shift[21] ; seg_595_dynamic:seg_595_dynamic_Instance|seg_dynamic:seg_dynamic_inst|bcd_8421:bcd_8421_inst|data_shift[21]             ; system_clock ; system_clock ; 0.000        ; 0.037      ; 0.307      ;
; 0.186 ; seg_595_dynamic:seg_595_dynamic_Instance|seg_dynamic:seg_dynamic_inst|bcd_8421:bcd_8421_inst|data_shift[22] ; seg_595_dynamic:seg_595_dynamic_Instance|seg_dynamic:seg_dynamic_inst|bcd_8421:bcd_8421_inst|data_shift[22]             ; system_clock ; system_clock ; 0.000        ; 0.037      ; 0.307      ;
; 0.186 ; seg_595_dynamic:seg_595_dynamic_Instance|seg_dynamic:seg_dynamic_inst|bcd_8421:bcd_8421_inst|data_shift[23] ; seg_595_dynamic:seg_595_dynamic_Instance|seg_dynamic:seg_dynamic_inst|bcd_8421:bcd_8421_inst|data_shift[23]             ; system_clock ; system_clock ; 0.000        ; 0.037      ; 0.307      ;
; 0.186 ; seg_595_dynamic:seg_595_dynamic_Instance|seg_dynamic:seg_dynamic_inst|bcd_8421:bcd_8421_inst|data_shift[26] ; seg_595_dynamic:seg_595_dynamic_Instance|seg_dynamic:seg_dynamic_inst|bcd_8421:bcd_8421_inst|data_shift[26]             ; system_clock ; system_clock ; 0.000        ; 0.037      ; 0.307      ;
; 0.186 ; seg_595_dynamic:seg_595_dynamic_Instance|seg_dynamic:seg_dynamic_inst|bcd_8421:bcd_8421_inst|data_shift[27] ; seg_595_dynamic:seg_595_dynamic_Instance|seg_dynamic:seg_dynamic_inst|bcd_8421:bcd_8421_inst|data_shift[27]             ; system_clock ; system_clock ; 0.000        ; 0.037      ; 0.307      ;
; 0.186 ; seg_595_dynamic:seg_595_dynamic_Instance|seg_dynamic:seg_dynamic_inst|bcd_8421:bcd_8421_inst|data_shift[30] ; seg_595_dynamic:seg_595_dynamic_Instance|seg_dynamic:seg_dynamic_inst|bcd_8421:bcd_8421_inst|data_shift[30]             ; system_clock ; system_clock ; 0.000        ; 0.037      ; 0.307      ;
; 0.186 ; seg_595_dynamic:seg_595_dynamic_Instance|seg_dynamic:seg_dynamic_inst|bcd_8421:bcd_8421_inst|data_shift[31] ; seg_595_dynamic:seg_595_dynamic_Instance|seg_dynamic:seg_dynamic_inst|bcd_8421:bcd_8421_inst|data_shift[31]             ; system_clock ; system_clock ; 0.000        ; 0.037      ; 0.307      ;
; 0.186 ; seg_595_dynamic:seg_595_dynamic_Instance|seg_dynamic:seg_dynamic_inst|bcd_8421:bcd_8421_inst|data_shift[34] ; seg_595_dynamic:seg_595_dynamic_Instance|seg_dynamic:seg_dynamic_inst|bcd_8421:bcd_8421_inst|data_shift[34]             ; system_clock ; system_clock ; 0.000        ; 0.037      ; 0.307      ;
; 0.186 ; seg_595_dynamic:seg_595_dynamic_Instance|seg_dynamic:seg_dynamic_inst|bcd_8421:bcd_8421_inst|data_shift[35] ; seg_595_dynamic:seg_595_dynamic_Instance|seg_dynamic:seg_dynamic_inst|bcd_8421:bcd_8421_inst|data_shift[35]             ; system_clock ; system_clock ; 0.000        ; 0.037      ; 0.307      ;
; 0.186 ; seg_595_dynamic:seg_595_dynamic_Instance|seg_dynamic:seg_dynamic_inst|bcd_8421:bcd_8421_inst|data_shift[36] ; seg_595_dynamic:seg_595_dynamic_Instance|seg_dynamic:seg_dynamic_inst|bcd_8421:bcd_8421_inst|data_shift[36]             ; system_clock ; system_clock ; 0.000        ; 0.044      ; 0.314      ;
; 0.186 ; seg_595_dynamic:seg_595_dynamic_Instance|seg_dynamic:seg_dynamic_inst|bcd_8421:bcd_8421_inst|data_shift[39] ; seg_595_dynamic:seg_595_dynamic_Instance|seg_dynamic:seg_dynamic_inst|bcd_8421:bcd_8421_inst|data_shift[39]             ; system_clock ; system_clock ; 0.000        ; 0.037      ; 0.307      ;
; 0.186 ; seg_595_dynamic:seg_595_dynamic_Instance|hc595_ctrl:hc595_ctrl|ds                                           ; seg_595_dynamic:seg_595_dynamic_Instance|hc595_ctrl:hc595_ctrl|ds                                                       ; system_clock ; system_clock ; 0.000        ; 0.037      ; 0.307      ;
; 0.186 ; seg_595_dynamic:seg_595_dynamic_Instance|hc595_ctrl:hc595_ctrl|shcp                                         ; seg_595_dynamic:seg_595_dynamic_Instance|hc595_ctrl:hc595_ctrl|shcp                                                     ; system_clock ; system_clock ; 0.000        ; 0.037      ; 0.307      ;
; 0.187 ; seg_595_dynamic:seg_595_dynamic_Instance|hc595_ctrl:hc595_ctrl|cnt_bit[1]                                   ; seg_595_dynamic:seg_595_dynamic_Instance|hc595_ctrl:hc595_ctrl|cnt_bit[1]                                               ; system_clock ; system_clock ; 0.000        ; 0.036      ; 0.307      ;
; 0.187 ; seg_595_dynamic:seg_595_dynamic_Instance|hc595_ctrl:hc595_ctrl|cnt_bit[2]                                   ; seg_595_dynamic:seg_595_dynamic_Instance|hc595_ctrl:hc595_ctrl|cnt_bit[2]                                               ; system_clock ; system_clock ; 0.000        ; 0.036      ; 0.307      ;
; 0.187 ; seg_595_dynamic:seg_595_dynamic_Instance|hc595_ctrl:hc595_ctrl|cnt_bit[3]                                   ; seg_595_dynamic:seg_595_dynamic_Instance|hc595_ctrl:hc595_ctrl|cnt_bit[3]                                               ; system_clock ; system_clock ; 0.000        ; 0.036      ; 0.307      ;
; 0.187 ; seg_595_dynamic:seg_595_dynamic_Instance|hc595_ctrl:hc595_ctrl|cnt_bit[0]                                   ; seg_595_dynamic:seg_595_dynamic_Instance|hc595_ctrl:hc595_ctrl|cnt_bit[0]                                               ; system_clock ; system_clock ; 0.000        ; 0.036      ; 0.307      ;
; 0.187 ; seg_595_dynamic:seg_595_dynamic_Instance|seg_dynamic:seg_dynamic_inst|bcd_8421:bcd_8421_inst|data_shift[38] ; seg_595_dynamic:seg_595_dynamic_Instance|seg_dynamic:seg_dynamic_inst|bcd_8421:bcd_8421_inst|data_shift[38]             ; system_clock ; system_clock ; 0.000        ; 0.036      ; 0.307      ;
; 0.187 ; seg_595_dynamic:seg_595_dynamic_Instance|hc595_ctrl:hc595_ctrl|stcp                                         ; seg_595_dynamic:seg_595_dynamic_Instance|hc595_ctrl:hc595_ctrl|stcp                                                     ; system_clock ; system_clock ; 0.000        ; 0.036      ; 0.307      ;
; 0.193 ; seg_595_dynamic:seg_595_dynamic_Instance|hc595_ctrl:hc595_ctrl|cnt[0]                                       ; seg_595_dynamic:seg_595_dynamic_Instance|hc595_ctrl:hc595_ctrl|cnt[0]                                                   ; system_clock ; system_clock ; 0.000        ; 0.037      ; 0.314      ;
; 0.193 ; seg_595_dynamic:seg_595_dynamic_Instance|seg_dynamic:seg_dynamic_inst|cnt_sel[0]                            ; seg_595_dynamic:seg_595_dynamic_Instance|seg_dynamic:seg_dynamic_inst|cnt_sel[0]                                        ; system_clock ; system_clock ; 0.000        ; 0.037      ; 0.314      ;
; 0.193 ; seg_595_dynamic:seg_595_dynamic_Instance|seg_dynamic:seg_dynamic_inst|bcd_8421:bcd_8421_inst|data_shift[24] ; seg_595_dynamic:seg_595_dynamic_Instance|seg_dynamic:seg_dynamic_inst|bcd_8421:bcd_8421_inst|data_shift[24]             ; system_clock ; system_clock ; 0.000        ; 0.037      ; 0.314      ;
; 0.193 ; seg_595_dynamic:seg_595_dynamic_Instance|seg_dynamic:seg_dynamic_inst|bcd_8421:bcd_8421_inst|data_shift[32] ; seg_595_dynamic:seg_595_dynamic_Instance|seg_dynamic:seg_dynamic_inst|bcd_8421:bcd_8421_inst|data_shift[32]             ; system_clock ; system_clock ; 0.000        ; 0.037      ; 0.314      ;
; 0.193 ; seg_595_dynamic:seg_595_dynamic_Instance|seg_dynamic:seg_dynamic_inst|bcd_8421:bcd_8421_inst|data_shift[40] ; seg_595_dynamic:seg_595_dynamic_Instance|seg_dynamic:seg_dynamic_inst|bcd_8421:bcd_8421_inst|data_shift[40]             ; system_clock ; system_clock ; 0.000        ; 0.037      ; 0.314      ;
; 0.208 ; seg_595_dynamic:seg_595_dynamic_Instance|seg_dynamic:seg_dynamic_inst|sel_reg[2]                            ; seg_595_dynamic:seg_595_dynamic_Instance|seg_dynamic:seg_dynamic_inst|sel_reg[3]                                        ; system_clock ; system_clock ; 0.000        ; 0.036      ; 0.328      ;
; 0.213 ; seg_595_dynamic:seg_595_dynamic_Instance|seg_dynamic:seg_dynamic_inst|bcd_8421:bcd_8421_inst|h_hun[2]       ; seg_595_dynamic:seg_595_dynamic_Instance|seg_dynamic:seg_dynamic_inst|data_reg[21]                                      ; system_clock ; system_clock ; 0.000        ; 0.037      ; 0.334      ;
; 0.213 ; seg_595_dynamic:seg_595_dynamic_Instance|seg_dynamic:seg_dynamic_inst|cnt_sel[2]                            ; seg_595_dynamic:seg_595_dynamic_Instance|seg_dynamic:seg_dynamic_inst|data_disp[3]                                      ; system_clock ; system_clock ; 0.000        ; 0.037      ; 0.334      ;
; 0.218 ; seg_595_dynamic:seg_595_dynamic_Instance|seg_dynamic:seg_dynamic_inst|cnt_sel[2]                            ; seg_595_dynamic:seg_595_dynamic_Instance|seg_dynamic:seg_dynamic_inst|cnt_sel[1]                                        ; system_clock ; system_clock ; 0.000        ; 0.037      ; 0.339      ;
; 0.233 ; ROM_Control:ROM_Control_Instance|address[0]                                                                 ; ROM_8x256:ROM_8x256_inst|altsyncram:altsyncram_component|altsyncram_qb91:auto_generated|ram_block1a0~porta_address_reg0 ; system_clock ; system_clock ; 0.000        ; 0.215      ; 0.552      ;
; 0.252 ; seg_595_dynamic:seg_595_dynamic_Instance|seg_dynamic:seg_dynamic_inst|bcd_8421:bcd_8421_inst|data_shift[2]  ; seg_595_dynamic:seg_595_dynamic_Instance|seg_dynamic:seg_dynamic_inst|bcd_8421:bcd_8421_inst|data_shift[3]              ; system_clock ; system_clock ; 0.000        ; 0.037      ; 0.373      ;
; 0.252 ; seg_595_dynamic:seg_595_dynamic_Instance|seg_dynamic:seg_dynamic_inst|bcd_8421:bcd_8421_inst|data_shift[3]  ; seg_595_dynamic:seg_595_dynamic_Instance|seg_dynamic:seg_dynamic_inst|bcd_8421:bcd_8421_inst|data_shift[4]              ; system_clock ; system_clock ; 0.000        ; 0.037      ; 0.373      ;
; 0.252 ; seg_595_dynamic:seg_595_dynamic_Instance|seg_dynamic:seg_dynamic_inst|bcd_8421:bcd_8421_inst|data_shift[7]  ; seg_595_dynamic:seg_595_dynamic_Instance|seg_dynamic:seg_dynamic_inst|bcd_8421:bcd_8421_inst|data_shift[8]              ; system_clock ; system_clock ; 0.000        ; 0.037      ; 0.373      ;
; 0.252 ; seg_595_dynamic:seg_595_dynamic_Instance|seg_dynamic:seg_dynamic_inst|bcd_8421:bcd_8421_inst|data_shift[17] ; seg_595_dynamic:seg_595_dynamic_Instance|seg_dynamic:seg_dynamic_inst|bcd_8421:bcd_8421_inst|data_shift[18]             ; system_clock ; system_clock ; 0.000        ; 0.037      ; 0.373      ;
; 0.253 ; seg_595_dynamic:seg_595_dynamic_Instance|seg_dynamic:seg_dynamic_inst|bcd_8421:bcd_8421_inst|data_shift[9]  ; seg_595_dynamic:seg_595_dynamic_Instance|seg_dynamic:seg_dynamic_inst|bcd_8421:bcd_8421_inst|data_shift[10]             ; system_clock ; system_clock ; 0.000        ; 0.037      ; 0.374      ;
; 0.254 ; seg_595_dynamic:seg_595_dynamic_Instance|seg_dynamic:seg_dynamic_inst|bcd_8421:bcd_8421_inst|data_shift[15] ; seg_595_dynamic:seg_595_dynamic_Instance|seg_dynamic:seg_dynamic_inst|bcd_8421:bcd_8421_inst|data_shift[16]             ; system_clock ; system_clock ; 0.000        ; 0.037      ; 0.375      ;
; 0.254 ; seg_595_dynamic:seg_595_dynamic_Instance|seg_dynamic:seg_dynamic_inst|cnt_sel[1]                            ; seg_595_dynamic:seg_595_dynamic_Instance|seg_dynamic:seg_dynamic_inst|cnt_sel[2]                                        ; system_clock ; system_clock ; 0.000        ; 0.037      ; 0.375      ;
; 0.263 ; ROM_Control:ROM_Control_Instance|address[1]                                                                 ; ROM_8x256:ROM_8x256_inst|altsyncram:altsyncram_component|altsyncram_qb91:auto_generated|ram_block1a0~porta_address_reg0 ; system_clock ; system_clock ; 0.000        ; 0.215      ; 0.582      ;
; 0.266 ; ROM_Control:ROM_Control_Instance|address[2]                                                                 ; ROM_8x256:ROM_8x256_inst|altsyncram:altsyncram_component|altsyncram_qb91:auto_generated|ram_block1a0~porta_address_reg0 ; system_clock ; system_clock ; 0.000        ; 0.214      ; 0.584      ;
; 0.266 ; seg_595_dynamic:seg_595_dynamic_Instance|seg_dynamic:seg_dynamic_inst|bcd_8421:bcd_8421_inst|ten[2]         ; seg_595_dynamic:seg_595_dynamic_Instance|seg_dynamic:seg_dynamic_inst|data_reg[6]                                       ; system_clock ; system_clock ; 0.000        ; 0.038      ; 0.388      ;
; 0.268 ; ROM_Control:ROM_Control_Instance|address[3]                                                                 ; ROM_8x256:ROM_8x256_inst|altsyncram:altsyncram_component|altsyncram_qb91:auto_generated|ram_block1a0~porta_address_reg0 ; system_clock ; system_clock ; 0.000        ; 0.215      ; 0.587      ;
; 0.269 ; Button_Debounce:Button_Debounce_Instance_1|count_20ms[16]                                                   ; Button_Debounce:Button_Debounce_Instance_1|count_20ms[17]                                                               ; system_clock ; system_clock ; 0.000        ; 0.225      ; 0.578      ;
; 0.269 ; seg_595_dynamic:seg_595_dynamic_Instance|seg_dynamic:seg_dynamic_inst|bcd_8421:bcd_8421_inst|t_tho[1]       ; seg_595_dynamic:seg_595_dynamic_Instance|seg_dynamic:seg_dynamic_inst|data_reg[17]                                      ; system_clock ; system_clock ; 0.000        ; 0.037      ; 0.390      ;
; 0.270 ; Button_Debounce:Button_Debounce_Instance_1|count_20ms[18]                                                   ; Button_Debounce:Button_Debounce_Instance_1|count_20ms[19]                                                               ; system_clock ; system_clock ; 0.000        ; 0.225      ; 0.579      ;
; 0.270 ; seg_595_dynamic:seg_595_dynamic_Instance|seg_dynamic:seg_dynamic_inst|bcd_8421:bcd_8421_inst|h_hun[0]       ; seg_595_dynamic:seg_595_dynamic_Instance|seg_dynamic:seg_dynamic_inst|data_reg[20]                                      ; system_clock ; system_clock ; 0.000        ; 0.037      ; 0.391      ;
; 0.271 ; seg_595_dynamic:seg_595_dynamic_Instance|seg_dynamic:seg_dynamic_inst|sel_reg[3]                            ; seg_595_dynamic:seg_595_dynamic_Instance|seg_dynamic:seg_dynamic_inst|sel[3]                                            ; system_clock ; system_clock ; 0.000        ; 0.036      ; 0.391      ;
; 0.271 ; seg_595_dynamic:seg_595_dynamic_Instance|seg_dynamic:seg_dynamic_inst|bcd_8421:bcd_8421_inst|t_tho[3]       ; seg_595_dynamic:seg_595_dynamic_Instance|seg_dynamic:seg_dynamic_inst|data_reg[19]                                      ; system_clock ; system_clock ; 0.000        ; 0.037      ; 0.392      ;
; 0.273 ; seg_595_dynamic:seg_595_dynamic_Instance|seg_dynamic:seg_dynamic_inst|bcd_8421:bcd_8421_inst|tho[0]         ; seg_595_dynamic:seg_595_dynamic_Instance|seg_dynamic:seg_dynamic_inst|data_reg[12]                                      ; system_clock ; system_clock ; 0.000        ; 0.038      ; 0.395      ;
; 0.274 ; ROM_Control:ROM_Control_Instance|address[7]                                                                 ; ROM_8x256:ROM_8x256_inst|altsyncram:altsyncram_component|altsyncram_qb91:auto_generated|ram_block1a0~porta_address_reg0 ; system_clock ; system_clock ; 0.000        ; 0.214      ; 0.592      ;
; 0.274 ; seg_595_dynamic:seg_595_dynamic_Instance|seg_dynamic:seg_dynamic_inst|sel_reg[1]                            ; seg_595_dynamic:seg_595_dynamic_Instance|seg_dynamic:seg_dynamic_inst|sel[1]                                            ; system_clock ; system_clock ; 0.000        ; 0.035      ; 0.393      ;
; 0.274 ; seg_595_dynamic:seg_595_dynamic_Instance|seg_dynamic:seg_dynamic_inst|bcd_8421:bcd_8421_inst|h_hun[0]       ; seg_595_dynamic:seg_595_dynamic_Instance|seg_dynamic:seg_dynamic_inst|data_reg[21]                                      ; system_clock ; system_clock ; 0.000        ; 0.037      ; 0.395      ;
; 0.275 ; seg_595_dynamic:seg_595_dynamic_Instance|seg_dynamic:seg_dynamic_inst|bcd_8421:bcd_8421_inst|t_tho[0]       ; seg_595_dynamic:seg_595_dynamic_Instance|seg_dynamic:seg_dynamic_inst|data_reg[16]                                      ; system_clock ; system_clock ; 0.000        ; 0.037      ; 0.396      ;
; 0.275 ; seg_595_dynamic:seg_595_dynamic_Instance|seg_dynamic:seg_dynamic_inst|bcd_8421:bcd_8421_inst|data_shift[39] ; seg_595_dynamic:seg_595_dynamic_Instance|seg_dynamic:seg_dynamic_inst|bcd_8421:bcd_8421_inst|data_shift[40]             ; system_clock ; system_clock ; 0.000        ; 0.037      ; 0.396      ;
; 0.277 ; seg_595_dynamic:seg_595_dynamic_Instance|seg_dynamic:seg_dynamic_inst|bcd_8421:bcd_8421_inst|tho[0]         ; seg_595_dynamic:seg_595_dynamic_Instance|seg_dynamic:seg_dynamic_inst|data_reg[13]                                      ; system_clock ; system_clock ; 0.000        ; 0.038      ; 0.399      ;
; 0.277 ; seg_595_dynamic:seg_595_dynamic_Instance|seg_dynamic:seg_dynamic_inst|bcd_8421:bcd_8421_inst|tho[0]         ; seg_595_dynamic:seg_595_dynamic_Instance|seg_dynamic:seg_dynamic_inst|data_reg[15]                                      ; system_clock ; system_clock ; 0.000        ; 0.038      ; 0.399      ;
; 0.281 ; seg_595_dynamic:seg_595_dynamic_Instance|seg_dynamic:seg_dynamic_inst|bcd_8421:bcd_8421_inst|data_shift[31] ; seg_595_dynamic:seg_595_dynamic_Instance|seg_dynamic:seg_dynamic_inst|bcd_8421:bcd_8421_inst|hun[3]                     ; system_clock ; system_clock ; 0.000        ; 0.038      ; 0.403      ;
; 0.283 ; ROM_Control:ROM_Control_Instance|address[5]                                                                 ; ROM_8x256:ROM_8x256_inst|altsyncram:altsyncram_component|altsyncram_qb91:auto_generated|ram_block1a0~porta_address_reg0 ; system_clock ; system_clock ; 0.000        ; 0.214      ; 0.601      ;
; 0.283 ; seg_595_dynamic:seg_595_dynamic_Instance|seg_dynamic:seg_dynamic_inst|bcd_8421:bcd_8421_inst|h_hun[3]       ; seg_595_dynamic:seg_595_dynamic_Instance|seg_dynamic:seg_dynamic_inst|data_reg[23]                                      ; system_clock ; system_clock ; 0.000        ; 0.037      ; 0.404      ;
; 0.290 ; seg_595_dynamic:seg_595_dynamic_Instance|hc595_ctrl:hc595_ctrl|cnt_bit[0]                                   ; seg_595_dynamic:seg_595_dynamic_Instance|hc595_ctrl:hc595_ctrl|cnt_bit[1]                                               ; system_clock ; system_clock ; 0.000        ; 0.036      ; 0.410      ;
; 0.290 ; Button_Debounce:Button_Debounce_Instance_1|count_20ms[19]                                                   ; Button_Debounce:Button_Debounce_Instance_1|count_20ms[19]                                                               ; system_clock ; system_clock ; 0.000        ; 0.045      ; 0.419      ;
; 0.291 ; seg_595_dynamic:seg_595_dynamic_Instance|hc595_ctrl:hc595_ctrl|cnt_bit[0]                                   ; seg_595_dynamic:seg_595_dynamic_Instance|hc595_ctrl:hc595_ctrl|stcp                                                     ; system_clock ; system_clock ; 0.000        ; 0.036      ; 0.411      ;
; 0.295 ; ROM_Control:ROM_Control_Instance|count_200ms[11]                                                            ; ROM_Control:ROM_Control_Instance|count_200ms[11]                                                                        ; system_clock ; system_clock ; 0.000        ; 0.037      ; 0.416      ;
; 0.295 ; Button_Debounce:Button_Debounce_Instance_2|count_20ms[9]                                                    ; Button_Debounce:Button_Debounce_Instance_2|count_20ms[9]                                                                ; system_clock ; system_clock ; 0.000        ; 0.037      ; 0.416      ;
; 0.296 ; seg_595_dynamic:seg_595_dynamic_Instance|seg_dynamic:seg_dynamic_inst|cnt_1ms[2]                            ; seg_595_dynamic:seg_595_dynamic_Instance|seg_dynamic:seg_dynamic_inst|cnt_1ms[2]                                        ; system_clock ; system_clock ; 0.000        ; 0.045      ; 0.425      ;
; 0.296 ; ROM_Control:ROM_Control_Instance|count_200ms[9]                                                             ; ROM_Control:ROM_Control_Instance|count_200ms[9]                                                                         ; system_clock ; system_clock ; 0.000        ; 0.037      ; 0.417      ;
; 0.297 ; ROM_Control:ROM_Control_Instance|count_200ms[1]                                                             ; ROM_Control:ROM_Control_Instance|count_200ms[1]                                                                         ; system_clock ; system_clock ; 0.000        ; 0.037      ; 0.418      ;
; 0.297 ; ROM_Control:ROM_Control_Instance|count_200ms[7]                                                             ; ROM_Control:ROM_Control_Instance|count_200ms[7]                                                                         ; system_clock ; system_clock ; 0.000        ; 0.037      ; 0.418      ;
; 0.297 ; ROM_Control:ROM_Control_Instance|count_200ms[10]                                                            ; ROM_Control:ROM_Control_Instance|count_200ms[10]                                                                        ; system_clock ; system_clock ; 0.000        ; 0.037      ; 0.418      ;
; 0.297 ; ROM_Control:ROM_Control_Instance|count_200ms[12]                                                            ; ROM_Control:ROM_Control_Instance|count_200ms[12]                                                                        ; system_clock ; system_clock ; 0.000        ; 0.037      ; 0.418      ;
; 0.297 ; ROM_Control:ROM_Control_Instance|count_200ms[13]                                                            ; ROM_Control:ROM_Control_Instance|count_200ms[13]                                                                        ; system_clock ; system_clock ; 0.000        ; 0.037      ; 0.418      ;
; 0.297 ; ROM_Control:ROM_Control_Instance|count_200ms[15]                                                            ; ROM_Control:ROM_Control_Instance|count_200ms[15]                                                                        ; system_clock ; system_clock ; 0.000        ; 0.037      ; 0.418      ;
; 0.297 ; Button_Debounce:Button_Debounce_Instance_1|count_20ms[10]                                                   ; Button_Debounce:Button_Debounce_Instance_1|count_20ms[10]                                                               ; system_clock ; system_clock ; 0.000        ; 0.037      ; 0.418      ;
; 0.297 ; Button_Debounce:Button_Debounce_Instance_1|count_20ms[15]                                                   ; Button_Debounce:Button_Debounce_Instance_1|count_20ms[15]                                                               ; system_clock ; system_clock ; 0.000        ; 0.037      ; 0.418      ;
; 0.297 ; Button_Debounce:Button_Debounce_Instance_2|count_20ms[3]                                                    ; Button_Debounce:Button_Debounce_Instance_2|count_20ms[3]                                                                ; system_clock ; system_clock ; 0.000        ; 0.037      ; 0.418      ;
; 0.297 ; ROM_Control:ROM_Control_Instance|address[6]                                                                 ; ROM_8x256:ROM_8x256_inst|altsyncram:altsyncram_component|altsyncram_qb91:auto_generated|ram_block1a0~porta_address_reg0 ; system_clock ; system_clock ; 0.000        ; 0.215      ; 0.616      ;
; 0.297 ; Button_Debounce:Button_Debounce_Instance_1|count_20ms[17]                                                   ; Button_Debounce:Button_Debounce_Instance_1|count_20ms[17]                                                               ; system_clock ; system_clock ; 0.000        ; 0.045      ; 0.426      ;
; 0.298 ; ROM_Control:ROM_Control_Instance|count_200ms[2]                                                             ; ROM_Control:ROM_Control_Instance|count_200ms[2]                                                                         ; system_clock ; system_clock ; 0.000        ; 0.037      ; 0.419      ;
; 0.298 ; ROM_Control:ROM_Control_Instance|count_200ms[3]                                                             ; ROM_Control:ROM_Control_Instance|count_200ms[3]                                                                         ; system_clock ; system_clock ; 0.000        ; 0.037      ; 0.419      ;
; 0.298 ; ROM_Control:ROM_Control_Instance|count_200ms[6]                                                             ; ROM_Control:ROM_Control_Instance|count_200ms[6]                                                                         ; system_clock ; system_clock ; 0.000        ; 0.037      ; 0.419      ;
; 0.298 ; ROM_Control:ROM_Control_Instance|count_200ms[14]                                                            ; ROM_Control:ROM_Control_Instance|count_200ms[14]                                                                        ; system_clock ; system_clock ; 0.000        ; 0.037      ; 0.419      ;
; 0.298 ; ROM_Control:ROM_Control_Instance|count_200ms[17]                                                            ; ROM_Control:ROM_Control_Instance|count_200ms[17]                                                                        ; system_clock ; system_clock ; 0.000        ; 0.037      ; 0.419      ;
; 0.298 ; ROM_Control:ROM_Control_Instance|count_200ms[18]                                                            ; ROM_Control:ROM_Control_Instance|count_200ms[18]                                                                        ; system_clock ; system_clock ; 0.000        ; 0.037      ; 0.419      ;
; 0.298 ; ROM_Control:ROM_Control_Instance|count_200ms[19]                                                            ; ROM_Control:ROM_Control_Instance|count_200ms[19]                                                                        ; system_clock ; system_clock ; 0.000        ; 0.037      ; 0.419      ;
; 0.298 ; ROM_Control:ROM_Control_Instance|count_200ms[23]                                                            ; ROM_Control:ROM_Control_Instance|count_200ms[23]                                                                        ; system_clock ; system_clock ; 0.000        ; 0.037      ; 0.419      ;
+-------+-------------------------------------------------------------------------------------------------------------+-------------------------------------------------------------------------------------------------------------------------+--------------+--------------+--------------+------------+------------+


+-----------------------------------------------------------------------------------------------------------------------------------------------------------------------------------------------------------+
; Fast 1200mV 0C Model Minimum Pulse Width: 'system_clock'                                                                                                                                                  ;
+--------+--------------+----------------+------------+--------------+------------+-------------------------------------------------------------------------------------------------------------------------+
; Slack  ; Actual Width ; Required Width ; Type       ; Clock        ; Clock Edge ; Target                                                                                                                  ;
+--------+--------------+----------------+------------+--------------+------------+-------------------------------------------------------------------------------------------------------------------------+
; -3.000 ; 1.000        ; 4.000          ; Port Rate  ; system_clock ; Rise       ; system_clock                                                                                                            ;
; -1.000 ; 1.000        ; 2.000          ; Min Period ; system_clock ; Rise       ; Button_Debounce:Button_Debounce_Instance_1|count_20ms[0]                                                                ;
; -1.000 ; 1.000        ; 2.000          ; Min Period ; system_clock ; Rise       ; Button_Debounce:Button_Debounce_Instance_1|count_20ms[10]                                                               ;
; -1.000 ; 1.000        ; 2.000          ; Min Period ; system_clock ; Rise       ; Button_Debounce:Button_Debounce_Instance_1|count_20ms[11]                                                               ;
; -1.000 ; 1.000        ; 2.000          ; Min Period ; system_clock ; Rise       ; Button_Debounce:Button_Debounce_Instance_1|count_20ms[12]                                                               ;
; -1.000 ; 1.000        ; 2.000          ; Min Period ; system_clock ; Rise       ; Button_Debounce:Button_Debounce_Instance_1|count_20ms[13]                                                               ;
; -1.000 ; 1.000        ; 2.000          ; Min Period ; system_clock ; Rise       ; Button_Debounce:Button_Debounce_Instance_1|count_20ms[14]                                                               ;
; -1.000 ; 1.000        ; 2.000          ; Min Period ; system_clock ; Rise       ; Button_Debounce:Button_Debounce_Instance_1|count_20ms[15]                                                               ;
; -1.000 ; 1.000        ; 2.000          ; Min Period ; system_clock ; Rise       ; Button_Debounce:Button_Debounce_Instance_1|count_20ms[16]                                                               ;
; -1.000 ; 1.000        ; 2.000          ; Min Period ; system_clock ; Rise       ; Button_Debounce:Button_Debounce_Instance_1|count_20ms[17]                                                               ;
; -1.000 ; 1.000        ; 2.000          ; Min Period ; system_clock ; Rise       ; Button_Debounce:Button_Debounce_Instance_1|count_20ms[18]                                                               ;
; -1.000 ; 1.000        ; 2.000          ; Min Period ; system_clock ; Rise       ; Button_Debounce:Button_Debounce_Instance_1|count_20ms[19]                                                               ;
; -1.000 ; 1.000        ; 2.000          ; Min Period ; system_clock ; Rise       ; Button_Debounce:Button_Debounce_Instance_1|count_20ms[1]                                                                ;
; -1.000 ; 1.000        ; 2.000          ; Min Period ; system_clock ; Rise       ; Button_Debounce:Button_Debounce_Instance_1|count_20ms[2]                                                                ;
; -1.000 ; 1.000        ; 2.000          ; Min Period ; system_clock ; Rise       ; Button_Debounce:Button_Debounce_Instance_1|count_20ms[3]                                                                ;
; -1.000 ; 1.000        ; 2.000          ; Min Period ; system_clock ; Rise       ; Button_Debounce:Button_Debounce_Instance_1|count_20ms[4]                                                                ;
; -1.000 ; 1.000        ; 2.000          ; Min Period ; system_clock ; Rise       ; Button_Debounce:Button_Debounce_Instance_1|count_20ms[5]                                                                ;
; -1.000 ; 1.000        ; 2.000          ; Min Period ; system_clock ; Rise       ; Button_Debounce:Button_Debounce_Instance_1|count_20ms[6]                                                                ;
; -1.000 ; 1.000        ; 2.000          ; Min Period ; system_clock ; Rise       ; Button_Debounce:Button_Debounce_Instance_1|count_20ms[7]                                                                ;
; -1.000 ; 1.000        ; 2.000          ; Min Period ; system_clock ; Rise       ; Button_Debounce:Button_Debounce_Instance_1|count_20ms[8]                                                                ;
; -1.000 ; 1.000        ; 2.000          ; Min Period ; system_clock ; Rise       ; Button_Debounce:Button_Debounce_Instance_1|count_20ms[9]                                                                ;
; -1.000 ; 1.000        ; 2.000          ; Min Period ; system_clock ; Rise       ; Button_Debounce:Button_Debounce_Instance_1|key_flag                                                                     ;
; -1.000 ; 1.000        ; 2.000          ; Min Period ; system_clock ; Rise       ; Button_Debounce:Button_Debounce_Instance_2|count_20ms[0]                                                                ;
; -1.000 ; 1.000        ; 2.000          ; Min Period ; system_clock ; Rise       ; Button_Debounce:Button_Debounce_Instance_2|count_20ms[10]                                                               ;
; -1.000 ; 1.000        ; 2.000          ; Min Period ; system_clock ; Rise       ; Button_Debounce:Button_Debounce_Instance_2|count_20ms[11]                                                               ;
; -1.000 ; 1.000        ; 2.000          ; Min Period ; system_clock ; Rise       ; Button_Debounce:Button_Debounce_Instance_2|count_20ms[12]                                                               ;
; -1.000 ; 1.000        ; 2.000          ; Min Period ; system_clock ; Rise       ; Button_Debounce:Button_Debounce_Instance_2|count_20ms[13]                                                               ;
; -1.000 ; 1.000        ; 2.000          ; Min Period ; system_clock ; Rise       ; Button_Debounce:Button_Debounce_Instance_2|count_20ms[14]                                                               ;
; -1.000 ; 1.000        ; 2.000          ; Min Period ; system_clock ; Rise       ; Button_Debounce:Button_Debounce_Instance_2|count_20ms[15]                                                               ;
; -1.000 ; 1.000        ; 2.000          ; Min Period ; system_clock ; Rise       ; Button_Debounce:Button_Debounce_Instance_2|count_20ms[16]                                                               ;
; -1.000 ; 1.000        ; 2.000          ; Min Period ; system_clock ; Rise       ; Button_Debounce:Button_Debounce_Instance_2|count_20ms[17]                                                               ;
; -1.000 ; 1.000        ; 2.000          ; Min Period ; system_clock ; Rise       ; Button_Debounce:Button_Debounce_Instance_2|count_20ms[18]                                                               ;
; -1.000 ; 1.000        ; 2.000          ; Min Period ; system_clock ; Rise       ; Button_Debounce:Button_Debounce_Instance_2|count_20ms[19]                                                               ;
; -1.000 ; 1.000        ; 2.000          ; Min Period ; system_clock ; Rise       ; Button_Debounce:Button_Debounce_Instance_2|count_20ms[1]                                                                ;
; -1.000 ; 1.000        ; 2.000          ; Min Period ; system_clock ; Rise       ; Button_Debounce:Button_Debounce_Instance_2|count_20ms[2]                                                                ;
; -1.000 ; 1.000        ; 2.000          ; Min Period ; system_clock ; Rise       ; Button_Debounce:Button_Debounce_Instance_2|count_20ms[3]                                                                ;
; -1.000 ; 1.000        ; 2.000          ; Min Period ; system_clock ; Rise       ; Button_Debounce:Button_Debounce_Instance_2|count_20ms[4]                                                                ;
; -1.000 ; 1.000        ; 2.000          ; Min Period ; system_clock ; Rise       ; Button_Debounce:Button_Debounce_Instance_2|count_20ms[5]                                                                ;
; -1.000 ; 1.000        ; 2.000          ; Min Period ; system_clock ; Rise       ; Button_Debounce:Button_Debounce_Instance_2|count_20ms[6]                                                                ;
; -1.000 ; 1.000        ; 2.000          ; Min Period ; system_clock ; Rise       ; Button_Debounce:Button_Debounce_Instance_2|count_20ms[7]                                                                ;
; -1.000 ; 1.000        ; 2.000          ; Min Period ; system_clock ; Rise       ; Button_Debounce:Button_Debounce_Instance_2|count_20ms[8]                                                                ;
; -1.000 ; 1.000        ; 2.000          ; Min Period ; system_clock ; Rise       ; Button_Debounce:Button_Debounce_Instance_2|count_20ms[9]                                                                ;
; -1.000 ; 1.000        ; 2.000          ; Min Period ; system_clock ; Rise       ; Button_Debounce:Button_Debounce_Instance_2|key_flag                                                                     ;
; -1.000 ; 1.000        ; 2.000          ; Min Period ; system_clock ; Rise       ; ROM_8x256:ROM_8x256_inst|altsyncram:altsyncram_component|altsyncram_qb91:auto_generated|q_a[0]                          ;
; -1.000 ; 1.000        ; 2.000          ; Min Period ; system_clock ; Rise       ; ROM_8x256:ROM_8x256_inst|altsyncram:altsyncram_component|altsyncram_qb91:auto_generated|q_a[1]                          ;
; -1.000 ; 1.000        ; 2.000          ; Min Period ; system_clock ; Rise       ; ROM_8x256:ROM_8x256_inst|altsyncram:altsyncram_component|altsyncram_qb91:auto_generated|q_a[2]                          ;
; -1.000 ; 1.000        ; 2.000          ; Min Period ; system_clock ; Rise       ; ROM_8x256:ROM_8x256_inst|altsyncram:altsyncram_component|altsyncram_qb91:auto_generated|q_a[3]                          ;
; -1.000 ; 1.000        ; 2.000          ; Min Period ; system_clock ; Rise       ; ROM_8x256:ROM_8x256_inst|altsyncram:altsyncram_component|altsyncram_qb91:auto_generated|q_a[4]                          ;
; -1.000 ; 1.000        ; 2.000          ; Min Period ; system_clock ; Rise       ; ROM_8x256:ROM_8x256_inst|altsyncram:altsyncram_component|altsyncram_qb91:auto_generated|q_a[5]                          ;
; -1.000 ; 1.000        ; 2.000          ; Min Period ; system_clock ; Rise       ; ROM_8x256:ROM_8x256_inst|altsyncram:altsyncram_component|altsyncram_qb91:auto_generated|q_a[6]                          ;
; -1.000 ; 1.000        ; 2.000          ; Min Period ; system_clock ; Rise       ; ROM_8x256:ROM_8x256_inst|altsyncram:altsyncram_component|altsyncram_qb91:auto_generated|q_a[7]                          ;
; -1.000 ; 1.000        ; 2.000          ; Min Period ; system_clock ; Rise       ; ROM_8x256:ROM_8x256_inst|altsyncram:altsyncram_component|altsyncram_qb91:auto_generated|ram_block1a0~porta_address_reg0 ;
; -1.000 ; 1.000        ; 2.000          ; Min Period ; system_clock ; Rise       ; ROM_Control:ROM_Control_Instance|address[0]                                                                             ;
; -1.000 ; 1.000        ; 2.000          ; Min Period ; system_clock ; Rise       ; ROM_Control:ROM_Control_Instance|address[1]                                                                             ;
; -1.000 ; 1.000        ; 2.000          ; Min Period ; system_clock ; Rise       ; ROM_Control:ROM_Control_Instance|address[2]                                                                             ;
; -1.000 ; 1.000        ; 2.000          ; Min Period ; system_clock ; Rise       ; ROM_Control:ROM_Control_Instance|address[3]                                                                             ;
; -1.000 ; 1.000        ; 2.000          ; Min Period ; system_clock ; Rise       ; ROM_Control:ROM_Control_Instance|address[4]                                                                             ;
; -1.000 ; 1.000        ; 2.000          ; Min Period ; system_clock ; Rise       ; ROM_Control:ROM_Control_Instance|address[5]                                                                             ;
; -1.000 ; 1.000        ; 2.000          ; Min Period ; system_clock ; Rise       ; ROM_Control:ROM_Control_Instance|address[6]                                                                             ;
; -1.000 ; 1.000        ; 2.000          ; Min Period ; system_clock ; Rise       ; ROM_Control:ROM_Control_Instance|address[7]                                                                             ;
; -1.000 ; 1.000        ; 2.000          ; Min Period ; system_clock ; Rise       ; ROM_Control:ROM_Control_Instance|count_200ms[0]                                                                         ;
; -1.000 ; 1.000        ; 2.000          ; Min Period ; system_clock ; Rise       ; ROM_Control:ROM_Control_Instance|count_200ms[10]                                                                        ;
; -1.000 ; 1.000        ; 2.000          ; Min Period ; system_clock ; Rise       ; ROM_Control:ROM_Control_Instance|count_200ms[11]                                                                        ;
; -1.000 ; 1.000        ; 2.000          ; Min Period ; system_clock ; Rise       ; ROM_Control:ROM_Control_Instance|count_200ms[12]                                                                        ;
; -1.000 ; 1.000        ; 2.000          ; Min Period ; system_clock ; Rise       ; ROM_Control:ROM_Control_Instance|count_200ms[13]                                                                        ;
; -1.000 ; 1.000        ; 2.000          ; Min Period ; system_clock ; Rise       ; ROM_Control:ROM_Control_Instance|count_200ms[14]                                                                        ;
; -1.000 ; 1.000        ; 2.000          ; Min Period ; system_clock ; Rise       ; ROM_Control:ROM_Control_Instance|count_200ms[15]                                                                        ;
; -1.000 ; 1.000        ; 2.000          ; Min Period ; system_clock ; Rise       ; ROM_Control:ROM_Control_Instance|count_200ms[16]                                                                        ;
; -1.000 ; 1.000        ; 2.000          ; Min Period ; system_clock ; Rise       ; ROM_Control:ROM_Control_Instance|count_200ms[17]                                                                        ;
; -1.000 ; 1.000        ; 2.000          ; Min Period ; system_clock ; Rise       ; ROM_Control:ROM_Control_Instance|count_200ms[18]                                                                        ;
; -1.000 ; 1.000        ; 2.000          ; Min Period ; system_clock ; Rise       ; ROM_Control:ROM_Control_Instance|count_200ms[19]                                                                        ;
; -1.000 ; 1.000        ; 2.000          ; Min Period ; system_clock ; Rise       ; ROM_Control:ROM_Control_Instance|count_200ms[1]                                                                         ;
; -1.000 ; 1.000        ; 2.000          ; Min Period ; system_clock ; Rise       ; ROM_Control:ROM_Control_Instance|count_200ms[20]                                                                        ;
; -1.000 ; 1.000        ; 2.000          ; Min Period ; system_clock ; Rise       ; ROM_Control:ROM_Control_Instance|count_200ms[21]                                                                        ;
; -1.000 ; 1.000        ; 2.000          ; Min Period ; system_clock ; Rise       ; ROM_Control:ROM_Control_Instance|count_200ms[22]                                                                        ;
; -1.000 ; 1.000        ; 2.000          ; Min Period ; system_clock ; Rise       ; ROM_Control:ROM_Control_Instance|count_200ms[23]                                                                        ;
; -1.000 ; 1.000        ; 2.000          ; Min Period ; system_clock ; Rise       ; ROM_Control:ROM_Control_Instance|count_200ms[2]                                                                         ;
; -1.000 ; 1.000        ; 2.000          ; Min Period ; system_clock ; Rise       ; ROM_Control:ROM_Control_Instance|count_200ms[3]                                                                         ;
; -1.000 ; 1.000        ; 2.000          ; Min Period ; system_clock ; Rise       ; ROM_Control:ROM_Control_Instance|count_200ms[4]                                                                         ;
; -1.000 ; 1.000        ; 2.000          ; Min Period ; system_clock ; Rise       ; ROM_Control:ROM_Control_Instance|count_200ms[5]                                                                         ;
; -1.000 ; 1.000        ; 2.000          ; Min Period ; system_clock ; Rise       ; ROM_Control:ROM_Control_Instance|count_200ms[6]                                                                         ;
; -1.000 ; 1.000        ; 2.000          ; Min Period ; system_clock ; Rise       ; ROM_Control:ROM_Control_Instance|count_200ms[7]                                                                         ;
; -1.000 ; 1.000        ; 2.000          ; Min Period ; system_clock ; Rise       ; ROM_Control:ROM_Control_Instance|count_200ms[8]                                                                         ;
; -1.000 ; 1.000        ; 2.000          ; Min Period ; system_clock ; Rise       ; ROM_Control:ROM_Control_Instance|count_200ms[9]                                                                         ;
; -1.000 ; 1.000        ; 2.000          ; Min Period ; system_clock ; Rise       ; ROM_Control:ROM_Control_Instance|key1_enable                                                                            ;
; -1.000 ; 1.000        ; 2.000          ; Min Period ; system_clock ; Rise       ; ROM_Control:ROM_Control_Instance|key2_enable                                                                            ;
; -1.000 ; 1.000        ; 2.000          ; Min Period ; system_clock ; Rise       ; seg_595_dynamic:seg_595_dynamic_Instance|hc595_ctrl:hc595_ctrl|cnt[0]                                                   ;
; -1.000 ; 1.000        ; 2.000          ; Min Period ; system_clock ; Rise       ; seg_595_dynamic:seg_595_dynamic_Instance|hc595_ctrl:hc595_ctrl|cnt[1]                                                   ;
; -1.000 ; 1.000        ; 2.000          ; Min Period ; system_clock ; Rise       ; seg_595_dynamic:seg_595_dynamic_Instance|hc595_ctrl:hc595_ctrl|cnt_bit[0]                                               ;
; -1.000 ; 1.000        ; 2.000          ; Min Period ; system_clock ; Rise       ; seg_595_dynamic:seg_595_dynamic_Instance|hc595_ctrl:hc595_ctrl|cnt_bit[1]                                               ;
; -1.000 ; 1.000        ; 2.000          ; Min Period ; system_clock ; Rise       ; seg_595_dynamic:seg_595_dynamic_Instance|hc595_ctrl:hc595_ctrl|cnt_bit[2]                                               ;
; -1.000 ; 1.000        ; 2.000          ; Min Period ; system_clock ; Rise       ; seg_595_dynamic:seg_595_dynamic_Instance|hc595_ctrl:hc595_ctrl|cnt_bit[3]                                               ;
; -1.000 ; 1.000        ; 2.000          ; Min Period ; system_clock ; Rise       ; seg_595_dynamic:seg_595_dynamic_Instance|hc595_ctrl:hc595_ctrl|ds                                                       ;
; -1.000 ; 1.000        ; 2.000          ; Min Period ; system_clock ; Rise       ; seg_595_dynamic:seg_595_dynamic_Instance|hc595_ctrl:hc595_ctrl|shcp                                                     ;
; -1.000 ; 1.000        ; 2.000          ; Min Period ; system_clock ; Rise       ; seg_595_dynamic:seg_595_dynamic_Instance|hc595_ctrl:hc595_ctrl|stcp                                                     ;
; -1.000 ; 1.000        ; 2.000          ; Min Period ; system_clock ; Rise       ; seg_595_dynamic:seg_595_dynamic_Instance|seg_dynamic:seg_dynamic_inst|bcd_8421:bcd_8421_inst|cnt_shift[1]               ;
; -1.000 ; 1.000        ; 2.000          ; Min Period ; system_clock ; Rise       ; seg_595_dynamic:seg_595_dynamic_Instance|seg_dynamic:seg_dynamic_inst|bcd_8421:bcd_8421_inst|cnt_shift[2]               ;
; -1.000 ; 1.000        ; 2.000          ; Min Period ; system_clock ; Rise       ; seg_595_dynamic:seg_595_dynamic_Instance|seg_dynamic:seg_dynamic_inst|bcd_8421:bcd_8421_inst|cnt_shift[3]               ;
; -1.000 ; 1.000        ; 2.000          ; Min Period ; system_clock ; Rise       ; seg_595_dynamic:seg_595_dynamic_Instance|seg_dynamic:seg_dynamic_inst|bcd_8421:bcd_8421_inst|cnt_shift[4]               ;
; -1.000 ; 1.000        ; 2.000          ; Min Period ; system_clock ; Rise       ; seg_595_dynamic:seg_595_dynamic_Instance|seg_dynamic:seg_dynamic_inst|bcd_8421:bcd_8421_inst|data_shift[0]              ;
+--------+--------------+----------------+------------+--------------+------------+-------------------------------------------------------------------------------------------------------------------------+


+-------------------------------------------------------------------------+
; Setup Times                                                             ;
+-----------+--------------+-------+-------+------------+-----------------+
; Data Port ; Clock Port   ; Rise  ; Fall  ; Clock Edge ; Clock Reference ;
+-----------+--------------+-------+-------+------------+-----------------+
; key1      ; system_clock ; 0.602 ; 0.992 ; Rise       ; system_clock    ;
; key2      ; system_clock ; 0.619 ; 0.996 ; Rise       ; system_clock    ;
+-----------+--------------+-------+-------+------------+-----------------+


+--------------------------------------------------------------------------+
; Hold Times                                                               ;
+-----------+--------------+-------+--------+------------+-----------------+
; Data Port ; Clock Port   ; Rise  ; Fall   ; Clock Edge ; Clock Reference ;
+-----------+--------------+-------+--------+------------+-----------------+
; key1      ; system_clock ; 0.108 ; -0.189 ; Rise       ; system_clock    ;
; key2      ; system_clock ; 0.161 ; -0.144 ; Rise       ; system_clock    ;
+-----------+--------------+-------+--------+------------+-----------------+


+-------------------------------------------------------------------------+
; Clock to Output Times                                                   ;
+-----------+--------------+-------+-------+------------+-----------------+
; Data Port ; Clock Port   ; Rise  ; Fall  ; Clock Edge ; Clock Reference ;
+-----------+--------------+-------+-------+------------+-----------------+
; ds        ; system_clock ; 3.657 ; 3.776 ; Rise       ; system_clock    ;
; shcp      ; system_clock ; 3.350 ; 3.420 ; Rise       ; system_clock    ;
; stcp      ; system_clock ; 4.032 ; 4.201 ; Rise       ; system_clock    ;
+-----------+--------------+-------+-------+------------+-----------------+


+-------------------------------------------------------------------------+
; Minimum Clock to Output Times                                           ;
+-----------+--------------+-------+-------+------------+-----------------+
; Data Port ; Clock Port   ; Rise  ; Fall  ; Clock Edge ; Clock Reference ;
+-----------+--------------+-------+-------+------------+-----------------+
; ds        ; system_clock ; 3.539 ; 3.653 ; Rise       ; system_clock    ;
; shcp      ; system_clock ; 3.244 ; 3.311 ; Rise       ; system_clock    ;
; stcp      ; system_clock ; 3.897 ; 4.059 ; Rise       ; system_clock    ;
+-----------+--------------+-------+-------+------------+-----------------+


---------------------------------------------
; Fast 1200mV 0C Model Metastability Report ;
---------------------------------------------
No synchronizer chains to report.


+--------------------------------------------------------------------------------+
; Multicorner Timing Analysis Summary                                            ;
+------------------+----------+-------+----------+---------+---------------------+
; Clock            ; Setup    ; Hold  ; Recovery ; Removal ; Minimum Pulse Width ;
+------------------+----------+-------+----------+---------+---------------------+
; Worst-case Slack ; -4.179   ; 0.178 ; N/A      ; N/A     ; -3.201              ;
;  system_clock    ; -4.179   ; 0.178 ; N/A      ; N/A     ; -3.201              ;
; Design-wide TNS  ; -601.2   ; 0.0   ; 0.0      ; 0.0     ; -361.923            ;
;  system_clock    ; -601.200 ; 0.000 ; N/A      ; N/A     ; -361.923            ;
+------------------+----------+-------+----------+---------+---------------------+


+-------------------------------------------------------------------------+
; Setup Times                                                             ;
+-----------+--------------+-------+-------+------------+-----------------+
; Data Port ; Clock Port   ; Rise  ; Fall  ; Clock Edge ; Clock Reference ;
+-----------+--------------+-------+-------+------------+-----------------+
; key1      ; system_clock ; 1.542 ; 1.640 ; Rise       ; system_clock    ;
; key2      ; system_clock ; 1.534 ; 1.636 ; Rise       ; system_clock    ;
+-----------+--------------+-------+-------+------------+-----------------+


+-------------------------------------------------------------------------+
; Hold Times                                                              ;
+-----------+--------------+-------+-------+------------+-----------------+
; Data Port ; Clock Port   ; Rise  ; Fall  ; Clock Edge ; Clock Reference ;
+-----------+--------------+-------+-------+------------+-----------------+
; key1      ; system_clock ; 0.279 ; 0.093 ; Rise       ; system_clock    ;
; key2      ; system_clock ; 0.425 ; 0.258 ; Rise       ; system_clock    ;
+-----------+--------------+-------+-------+------------+-----------------+


+-------------------------------------------------------------------------+
; Clock to Output Times                                                   ;
+-----------+--------------+-------+-------+------------+-----------------+
; Data Port ; Clock Port   ; Rise  ; Fall  ; Clock Edge ; Clock Reference ;
+-----------+--------------+-------+-------+------------+-----------------+
; ds        ; system_clock ; 7.868 ; 7.736 ; Rise       ; system_clock    ;
; shcp      ; system_clock ; 7.234 ; 7.079 ; Rise       ; system_clock    ;
; stcp      ; system_clock ; 8.765 ; 8.546 ; Rise       ; system_clock    ;
+-----------+--------------+-------+-------+------------+-----------------+


+-------------------------------------------------------------------------+
; Minimum Clock to Output Times                                           ;
+-----------+--------------+-------+-------+------------+-----------------+
; Data Port ; Clock Port   ; Rise  ; Fall  ; Clock Edge ; Clock Reference ;
+-----------+--------------+-------+-------+------------+-----------------+
; ds        ; system_clock ; 3.539 ; 3.653 ; Rise       ; system_clock    ;
; shcp      ; system_clock ; 3.244 ; 3.311 ; Rise       ; system_clock    ;
; stcp      ; system_clock ; 3.897 ; 4.059 ; Rise       ; system_clock    ;
+-----------+--------------+-------+-------+------------+-----------------+


+------------------------------------------------------------------------------------------------------------------------------------------------------------------------------------------------------------------------------------------------------------------------------------------------------------------------------------------------------------------------------------------------------------------+
; Board Trace Model Assignments                                                                                                                                                                                                                                                                                                                                                                                    ;
+---------------+--------------+-------------------+-------------------------+-------------------------+---------------+---------------------+----------------+------------------+--------+------------------+------------------------+------------------------+--------------+---------------+-----------------+-------+---------------------+--------------------+---------------+-----------------+-------------+
; Pin           ; I/O Standard ; Near Tline Length ; Near Tline L per Length ; Near Tline C per Length ; Near Series R ; Near Differential R ; Near Pull-up R ; Near Pull-down R ; Near C ; Far Tline Length ; Far Tline L per Length ; Far Tline C per Length ; Far Series R ; Far Pull-up R ; Far Pull-down R ; Far C ; Termination Voltage ; Far Differential R ; EBD File Name ; EBD Signal Name ; EBD Far-end ;
+---------------+--------------+-------------------+-------------------------+-------------------------+---------------+---------------------+----------------+------------------+--------+------------------+------------------------+------------------------+--------------+---------------+-----------------+-------+---------------------+--------------------+---------------+-----------------+-------------+
; ds            ; 2.5 V        ; 0 in              ; 0 H/in                  ; 0 F/in                  ; short         ; -                   ; open           ; open             ; open   ; 0 in             ; 0 H/in                 ; 0 F/in                 ; short        ; open          ; open            ; open  ; 0 V                 ; -                  ; n/a           ; n/a             ; n/a         ;
; oe            ; 2.5 V        ; 0 in              ; 0 H/in                  ; 0 F/in                  ; short         ; -                   ; open           ; open             ; open   ; 0 in             ; 0 H/in                 ; 0 F/in                 ; short        ; open          ; open            ; open  ; 0 V                 ; -                  ; n/a           ; n/a             ; n/a         ;
; shcp          ; 2.5 V        ; 0 in              ; 0 H/in                  ; 0 F/in                  ; short         ; -                   ; open           ; open             ; open   ; 0 in             ; 0 H/in                 ; 0 F/in                 ; short        ; open          ; open            ; open  ; 0 V                 ; -                  ; n/a           ; n/a             ; n/a         ;
; stcp          ; 2.5 V        ; 0 in              ; 0 H/in                  ; 0 F/in                  ; short         ; -                   ; open           ; open             ; open   ; 0 in             ; 0 H/in                 ; 0 F/in                 ; short        ; open          ; open            ; open  ; 0 V                 ; -                  ; n/a           ; n/a             ; n/a         ;
; ~ALTERA_DCLK~ ; 2.5 V        ; 0 in              ; 0 H/in                  ; 0 F/in                  ; short         ; -                   ; open           ; open             ; open   ; 0 in             ; 0 H/in                 ; 0 F/in                 ; short        ; open          ; open            ; open  ; 0 V                 ; -                  ; n/a           ; n/a             ; n/a         ;
; ~ALTERA_nCEO~ ; 2.5 V        ; 0 in              ; 0 H/in                  ; 0 F/in                  ; short         ; -                   ; open           ; open             ; open   ; 0 in             ; 0 H/in                 ; 0 F/in                 ; short        ; open          ; open            ; open  ; 0 V                 ; -                  ; n/a           ; n/a             ; n/a         ;
+---------------+--------------+-------------------+-------------------------+-------------------------+---------------+---------------------+----------------+------------------+--------+------------------+------------------------+------------------------+--------------+---------------+-----------------+-------+---------------------+--------------------+---------------+-----------------+-------------+


+----------------------------------------------------------------------------+
; Input Transition Times                                                     ;
+-------------------------+--------------+-----------------+-----------------+
; Pin                     ; I/O Standard ; 10-90 Rise Time ; 90-10 Fall Time ;
+-------------------------+--------------+-----------------+-----------------+
; system_clock            ; 2.5 V        ; 2000 ps         ; 2000 ps         ;
; system_reset_n          ; 2.5 V        ; 2000 ps         ; 2000 ps         ;
; key1                    ; 2.5 V        ; 2000 ps         ; 2000 ps         ;
; key2                    ; 2.5 V        ; 2000 ps         ; 2000 ps         ;
; ~ALTERA_ASDO_DATA1~     ; 2.5 V        ; 2000 ps         ; 2000 ps         ;
; ~ALTERA_FLASH_nCE_nCSO~ ; 2.5 V        ; 2000 ps         ; 2000 ps         ;
; ~ALTERA_DATA0~          ; 2.5 V        ; 2000 ps         ; 2000 ps         ;
+-------------------------+--------------+-----------------+-----------------+


+--------------------------------------------------------------------------------------------------------------------------------------------------------------------------------------------------------------------------------------------------------------------------------------------------------------------------------------------------------------------------------------------------------------------------------------------------------------------------------------------------------------------------------------------------------------------------------------------------------------------------------------------------------------------------------------------+
; Signal Integrity Metrics (Slow 1200mv 0c Model)                                                                                                                                                                                                                                                                                                                                                                                                                                                                                                                                                                                                                                            ;
+---------------+--------------+---------------------+---------------------+------------------------------+------------------------------+---------------------+---------------------+--------------------------------------+--------------------------------------+-----------------------------+-----------------------------+----------------------------+----------------------------+-----------------------------+-----------------------------+--------------------+--------------------+-------------------------------------+-------------------------------------+----------------------------+----------------------------+---------------------------+---------------------------+
; Pin           ; I/O Standard ; Board Delay on Rise ; Board Delay on Fall ; Steady State Voh at FPGA Pin ; Steady State Vol at FPGA Pin ; Voh Max at FPGA Pin ; Vol Min at FPGA Pin ; Ringback Voltage on Rise at FPGA Pin ; Ringback Voltage on Fall at FPGA Pin ; 10-90 Rise Time at FPGA Pin ; 90-10 Fall Time at FPGA Pin ; Monotonic Rise at FPGA Pin ; Monotonic Fall at FPGA Pin ; Steady State Voh at Far-end ; Steady State Vol at Far-end ; Voh Max at Far-end ; Vol Min at Far-end ; Ringback Voltage on Rise at Far-end ; Ringback Voltage on Fall at Far-end ; 10-90 Rise Time at Far-end ; 90-10 Fall Time at Far-end ; Monotonic Rise at Far-end ; Monotonic Fall at Far-end ;
+---------------+--------------+---------------------+---------------------+------------------------------+------------------------------+---------------------+---------------------+--------------------------------------+--------------------------------------+-----------------------------+-----------------------------+----------------------------+----------------------------+-----------------------------+-----------------------------+--------------------+--------------------+-------------------------------------+-------------------------------------+----------------------------+----------------------------+---------------------------+---------------------------+
; ds            ; 2.5 V        ; 0 s                 ; 0 s                 ; 2.32 V                       ; 2.07e-09 V                   ; 2.38 V              ; -0.0073 V           ; 0.097 V                              ; 0.018 V                              ; 4.24e-10 s                  ; 3.65e-10 s                  ; No                         ; Yes                        ; 2.32 V                      ; 2.07e-09 V                  ; 2.38 V             ; -0.0073 V          ; 0.097 V                             ; 0.018 V                             ; 4.24e-10 s                 ; 3.65e-10 s                 ; No                        ; Yes                       ;
; oe            ; 2.5 V        ; 0 s                 ; 0 s                 ; 2.32 V                       ; 2.8e-09 V                    ; 2.37 V              ; -0.00373 V          ; 0.104 V                              ; 0.011 V                              ; 4.34e-10 s                  ; 3.82e-10 s                  ; Yes                        ; Yes                        ; 2.32 V                      ; 2.8e-09 V                   ; 2.37 V             ; -0.00373 V         ; 0.104 V                             ; 0.011 V                             ; 4.34e-10 s                 ; 3.82e-10 s                 ; Yes                       ; Yes                       ;
; shcp          ; 2.5 V        ; 0 s                 ; 0 s                 ; 2.32 V                       ; 2.07e-09 V                   ; 2.38 V              ; -0.0073 V           ; 0.097 V                              ; 0.018 V                              ; 4.24e-10 s                  ; 3.65e-10 s                  ; No                         ; Yes                        ; 2.32 V                      ; 2.07e-09 V                  ; 2.38 V             ; -0.0073 V          ; 0.097 V                             ; 0.018 V                             ; 4.24e-10 s                 ; 3.65e-10 s                 ; No                        ; Yes                       ;
; stcp          ; 2.5 V        ; 0 s                 ; 0 s                 ; 2.32 V                       ; 2.8e-09 V                    ; 2.37 V              ; -0.00373 V          ; 0.104 V                              ; 0.011 V                              ; 4.34e-10 s                  ; 3.82e-10 s                  ; Yes                        ; Yes                        ; 2.32 V                      ; 2.8e-09 V                   ; 2.37 V             ; -0.00373 V         ; 0.104 V                             ; 0.011 V                             ; 4.34e-10 s                 ; 3.82e-10 s                 ; Yes                       ; Yes                       ;
; ~ALTERA_DCLK~ ; 2.5 V        ; 0 s                 ; 0 s                 ; 2.32 V                       ; 1.74e-09 V                   ; 2.37 V              ; -0.0346 V           ; 0.198 V                              ; 0.094 V                              ; 3.14e-10 s                  ; 2.92e-10 s                  ; Yes                        ; Yes                        ; 2.32 V                      ; 1.74e-09 V                  ; 2.37 V             ; -0.0346 V          ; 0.198 V                             ; 0.094 V                             ; 3.14e-10 s                 ; 2.92e-10 s                 ; Yes                       ; Yes                       ;
; ~ALTERA_nCEO~ ; 2.5 V        ; 0 s                 ; 0 s                 ; 2.32 V                       ; 2.57e-09 V                   ; 2.37 V              ; -0.00683 V          ; 0.171 V                              ; 0.018 V                              ; 4.97e-10 s                  ; 6.66e-10 s                  ; Yes                        ; Yes                        ; 2.32 V                      ; 2.57e-09 V                  ; 2.37 V             ; -0.00683 V         ; 0.171 V                             ; 0.018 V                             ; 4.97e-10 s                 ; 6.66e-10 s                 ; Yes                       ; Yes                       ;
+---------------+--------------+---------------------+---------------------+------------------------------+------------------------------+---------------------+---------------------+--------------------------------------+--------------------------------------+-----------------------------+-----------------------------+----------------------------+----------------------------+-----------------------------+-----------------------------+--------------------+--------------------+-------------------------------------+-------------------------------------+----------------------------+----------------------------+---------------------------+---------------------------+


+--------------------------------------------------------------------------------------------------------------------------------------------------------------------------------------------------------------------------------------------------------------------------------------------------------------------------------------------------------------------------------------------------------------------------------------------------------------------------------------------------------------------------------------------------------------------------------------------------------------------------------------------------------------------------------------------+
; Signal Integrity Metrics (Slow 1200mv 85c Model)                                                                                                                                                                                                                                                                                                                                                                                                                                                                                                                                                                                                                                           ;
+---------------+--------------+---------------------+---------------------+------------------------------+------------------------------+---------------------+---------------------+--------------------------------------+--------------------------------------+-----------------------------+-----------------------------+----------------------------+----------------------------+-----------------------------+-----------------------------+--------------------+--------------------+-------------------------------------+-------------------------------------+----------------------------+----------------------------+---------------------------+---------------------------+
; Pin           ; I/O Standard ; Board Delay on Rise ; Board Delay on Fall ; Steady State Voh at FPGA Pin ; Steady State Vol at FPGA Pin ; Voh Max at FPGA Pin ; Vol Min at FPGA Pin ; Ringback Voltage on Rise at FPGA Pin ; Ringback Voltage on Fall at FPGA Pin ; 10-90 Rise Time at FPGA Pin ; 90-10 Fall Time at FPGA Pin ; Monotonic Rise at FPGA Pin ; Monotonic Fall at FPGA Pin ; Steady State Voh at Far-end ; Steady State Vol at Far-end ; Voh Max at Far-end ; Vol Min at Far-end ; Ringback Voltage on Rise at Far-end ; Ringback Voltage on Fall at Far-end ; 10-90 Rise Time at Far-end ; 90-10 Fall Time at Far-end ; Monotonic Rise at Far-end ; Monotonic Fall at Far-end ;
+---------------+--------------+---------------------+---------------------+------------------------------+------------------------------+---------------------+---------------------+--------------------------------------+--------------------------------------+-----------------------------+-----------------------------+----------------------------+----------------------------+-----------------------------+-----------------------------+--------------------+--------------------+-------------------------------------+-------------------------------------+----------------------------+----------------------------+---------------------------+---------------------------+
; ds            ; 2.5 V        ; 0 s                 ; 0 s                 ; 2.32 V                       ; 1.93e-07 V                   ; 2.35 V              ; -0.00834 V          ; 0.127 V                              ; 0.035 V                              ; 4.7e-10 s                   ; 4.64e-10 s                  ; Yes                        ; Yes                        ; 2.32 V                      ; 1.93e-07 V                  ; 2.35 V             ; -0.00834 V         ; 0.127 V                             ; 0.035 V                             ; 4.7e-10 s                  ; 4.64e-10 s                 ; Yes                       ; Yes                       ;
; oe            ; 2.5 V        ; 0 s                 ; 0 s                 ; 2.32 V                       ; 2.85e-07 V                   ; 2.35 V              ; -0.0123 V           ; 0.144 V                              ; 0.042 V                              ; 4.81e-10 s                  ; 4.81e-10 s                  ; Yes                        ; Yes                        ; 2.32 V                      ; 2.85e-07 V                  ; 2.35 V             ; -0.0123 V          ; 0.144 V                             ; 0.042 V                             ; 4.81e-10 s                 ; 4.81e-10 s                 ; Yes                       ; Yes                       ;
; shcp          ; 2.5 V        ; 0 s                 ; 0 s                 ; 2.32 V                       ; 1.93e-07 V                   ; 2.35 V              ; -0.00834 V          ; 0.127 V                              ; 0.035 V                              ; 4.7e-10 s                   ; 4.64e-10 s                  ; Yes                        ; Yes                        ; 2.32 V                      ; 1.93e-07 V                  ; 2.35 V             ; -0.00834 V         ; 0.127 V                             ; 0.035 V                             ; 4.7e-10 s                  ; 4.64e-10 s                 ; Yes                       ; Yes                       ;
; stcp          ; 2.5 V        ; 0 s                 ; 0 s                 ; 2.32 V                       ; 2.85e-07 V                   ; 2.35 V              ; -0.0123 V           ; 0.144 V                              ; 0.042 V                              ; 4.81e-10 s                  ; 4.81e-10 s                  ; Yes                        ; Yes                        ; 2.32 V                      ; 2.85e-07 V                  ; 2.35 V             ; -0.0123 V          ; 0.144 V                             ; 0.042 V                             ; 4.81e-10 s                 ; 4.81e-10 s                 ; Yes                       ; Yes                       ;
; ~ALTERA_DCLK~ ; 2.5 V        ; 0 s                 ; 0 s                 ; 2.32 V                       ; 1.55e-07 V                   ; 2.35 V              ; -0.00221 V          ; 0.097 V                              ; 0.005 V                              ; 4.49e-10 s                  ; 3.85e-10 s                  ; Yes                        ; Yes                        ; 2.32 V                      ; 1.55e-07 V                  ; 2.35 V             ; -0.00221 V         ; 0.097 V                             ; 0.005 V                             ; 4.49e-10 s                 ; 3.85e-10 s                 ; Yes                       ; Yes                       ;
; ~ALTERA_nCEO~ ; 2.5 V        ; 0 s                 ; 0 s                 ; 2.32 V                       ; 2.54e-07 V                   ; 2.34 V              ; -0.00774 V          ; 0.109 V                              ; 0.026 V                              ; 6.58e-10 s                  ; 8.24e-10 s                  ; Yes                        ; Yes                        ; 2.32 V                      ; 2.54e-07 V                  ; 2.34 V             ; -0.00774 V         ; 0.109 V                             ; 0.026 V                             ; 6.58e-10 s                 ; 8.24e-10 s                 ; Yes                       ; Yes                       ;
+---------------+--------------+---------------------+---------------------+------------------------------+------------------------------+---------------------+---------------------+--------------------------------------+--------------------------------------+-----------------------------+-----------------------------+----------------------------+----------------------------+-----------------------------+-----------------------------+--------------------+--------------------+-------------------------------------+-------------------------------------+----------------------------+----------------------------+---------------------------+---------------------------+


+--------------------------------------------------------------------------------------------------------------------------------------------------------------------------------------------------------------------------------------------------------------------------------------------------------------------------------------------------------------------------------------------------------------------------------------------------------------------------------------------------------------------------------------------------------------------------------------------------------------------------------------------------------------------------------------------+
; Signal Integrity Metrics (Fast 1200mv 0c Model)                                                                                                                                                                                                                                                                                                                                                                                                                                                                                                                                                                                                                                            ;
+---------------+--------------+---------------------+---------------------+------------------------------+------------------------------+---------------------+---------------------+--------------------------------------+--------------------------------------+-----------------------------+-----------------------------+----------------------------+----------------------------+-----------------------------+-----------------------------+--------------------+--------------------+-------------------------------------+-------------------------------------+----------------------------+----------------------------+---------------------------+---------------------------+
; Pin           ; I/O Standard ; Board Delay on Rise ; Board Delay on Fall ; Steady State Voh at FPGA Pin ; Steady State Vol at FPGA Pin ; Voh Max at FPGA Pin ; Vol Min at FPGA Pin ; Ringback Voltage on Rise at FPGA Pin ; Ringback Voltage on Fall at FPGA Pin ; 10-90 Rise Time at FPGA Pin ; 90-10 Fall Time at FPGA Pin ; Monotonic Rise at FPGA Pin ; Monotonic Fall at FPGA Pin ; Steady State Voh at Far-end ; Steady State Vol at Far-end ; Voh Max at Far-end ; Vol Min at Far-end ; Ringback Voltage on Rise at Far-end ; Ringback Voltage on Fall at Far-end ; 10-90 Rise Time at Far-end ; 90-10 Fall Time at Far-end ; Monotonic Rise at Far-end ; Monotonic Fall at Far-end ;
+---------------+--------------+---------------------+---------------------+------------------------------+------------------------------+---------------------+---------------------+--------------------------------------+--------------------------------------+-----------------------------+-----------------------------+----------------------------+----------------------------+-----------------------------+-----------------------------+--------------------+--------------------+-------------------------------------+-------------------------------------+----------------------------+----------------------------+---------------------------+---------------------------+
; ds            ; 2.5 V        ; 0 s                 ; 0 s                 ; 2.62 V                       ; 2.74e-08 V                   ; 2.73 V              ; -0.0384 V           ; 0.169 V                              ; 0.089 V                              ; 2.7e-10 s                   ; 2.62e-10 s                  ; Yes                        ; Yes                        ; 2.62 V                      ; 2.74e-08 V                  ; 2.73 V             ; -0.0384 V          ; 0.169 V                             ; 0.089 V                             ; 2.7e-10 s                  ; 2.62e-10 s                 ; Yes                       ; Yes                       ;
; oe            ; 2.5 V        ; 0 s                 ; 0 s                 ; 2.62 V                       ; 4.05e-08 V                   ; 2.72 V              ; -0.0349 V           ; 0.173 V                              ; 0.1 V                                ; 2.72e-10 s                  ; 2.69e-10 s                  ; Yes                        ; Yes                        ; 2.62 V                      ; 4.05e-08 V                  ; 2.72 V             ; -0.0349 V          ; 0.173 V                             ; 0.1 V                               ; 2.72e-10 s                 ; 2.69e-10 s                 ; Yes                       ; Yes                       ;
; shcp          ; 2.5 V        ; 0 s                 ; 0 s                 ; 2.62 V                       ; 2.74e-08 V                   ; 2.73 V              ; -0.0384 V           ; 0.169 V                              ; 0.089 V                              ; 2.7e-10 s                   ; 2.62e-10 s                  ; Yes                        ; Yes                        ; 2.62 V                      ; 2.74e-08 V                  ; 2.73 V             ; -0.0384 V          ; 0.169 V                             ; 0.089 V                             ; 2.7e-10 s                  ; 2.62e-10 s                 ; Yes                       ; Yes                       ;
; stcp          ; 2.5 V        ; 0 s                 ; 0 s                 ; 2.62 V                       ; 4.05e-08 V                   ; 2.72 V              ; -0.0349 V           ; 0.173 V                              ; 0.1 V                                ; 2.72e-10 s                  ; 2.69e-10 s                  ; Yes                        ; Yes                        ; 2.62 V                      ; 4.05e-08 V                  ; 2.72 V             ; -0.0349 V          ; 0.173 V                             ; 0.1 V                               ; 2.72e-10 s                 ; 2.69e-10 s                 ; Yes                       ; Yes                       ;
; ~ALTERA_DCLK~ ; 2.5 V        ; 0 s                 ; 0 s                 ; 2.62 V                       ; 2.22e-08 V                   ; 2.74 V              ; -0.06 V             ; 0.158 V                              ; 0.08 V                               ; 2.68e-10 s                  ; 2.19e-10 s                  ; Yes                        ; Yes                        ; 2.62 V                      ; 2.22e-08 V                  ; 2.74 V             ; -0.06 V            ; 0.158 V                             ; 0.08 V                              ; 2.68e-10 s                 ; 2.19e-10 s                 ; Yes                       ; Yes                       ;
; ~ALTERA_nCEO~ ; 2.5 V        ; 0 s                 ; 0 s                 ; 2.62 V                       ; 3.54e-08 V                   ; 2.7 V               ; -0.00943 V          ; 0.276 V                              ; 0.035 V                              ; 3.19e-10 s                  ; 4.99e-10 s                  ; No                         ; Yes                        ; 2.62 V                      ; 3.54e-08 V                  ; 2.7 V              ; -0.00943 V         ; 0.276 V                             ; 0.035 V                             ; 3.19e-10 s                 ; 4.99e-10 s                 ; No                        ; Yes                       ;
+---------------+--------------+---------------------+---------------------+------------------------------+------------------------------+---------------------+---------------------+--------------------------------------+--------------------------------------+-----------------------------+-----------------------------+----------------------------+----------------------------+-----------------------------+-----------------------------+--------------------+--------------------+-------------------------------------+-------------------------------------+----------------------------+----------------------------+---------------------------+---------------------------+


+-------------------------------------------------------------------------+
; Setup Transfers                                                         ;
+--------------+--------------+----------+----------+----------+----------+
; From Clock   ; To Clock     ; RR Paths ; FR Paths ; RF Paths ; FF Paths ;
+--------------+--------------+----------+----------+----------+----------+
; system_clock ; system_clock ; 4673     ; 0        ; 0        ; 0        ;
+--------------+--------------+----------+----------+----------+----------+
Entries labeled "false path" only account for clock-to-clock false paths and not path-based false paths. As a result, actual path counts may be lower than reported.


+-------------------------------------------------------------------------+
; Hold Transfers                                                          ;
+--------------+--------------+----------+----------+----------+----------+
; From Clock   ; To Clock     ; RR Paths ; FR Paths ; RF Paths ; FF Paths ;
+--------------+--------------+----------+----------+----------+----------+
; system_clock ; system_clock ; 4673     ; 0        ; 0        ; 0        ;
+--------------+--------------+----------+----------+----------+----------+
Entries labeled "false path" only account for clock-to-clock false paths and not path-based false paths. As a result, actual path counts may be lower than reported.


---------------
; Report TCCS ;
---------------
No dedicated SERDES Transmitter circuitry present in device or used in design


---------------
; Report RSKM ;
---------------
No dedicated SERDES Receiver circuitry present in device or used in design


+------------------------------------------------+
; Unconstrained Paths                            ;
+---------------------------------+-------+------+
; Property                        ; Setup ; Hold ;
+---------------------------------+-------+------+
; Illegal Clocks                  ; 0     ; 0    ;
; Unconstrained Clocks            ; 0     ; 0    ;
; Unconstrained Input Ports       ; 3     ; 3    ;
; Unconstrained Input Port Paths  ; 262   ; 262  ;
; Unconstrained Output Ports      ; 3     ; 3    ;
; Unconstrained Output Port Paths ; 3     ; 3    ;
+---------------------------------+-------+------+


+------------------------------------+
; TimeQuest Timing Analyzer Messages ;
+------------------------------------+
Info: *******************************************************************
Info: Running Quartus II 64-Bit TimeQuest Timing Analyzer
    Info: Version 13.0.1 Build 232 06/12/2013 Service Pack 1 SJ Full Version
    Info: Processing started: Fri Feb 28 20:56:33 2025
Info: Command: quartus_sta IP-ROM -c IP-ROM
Info: qsta_default_script.tcl version: #1
Info (11104): Parallel Compilation has detected 22 hyper-threaded processors. However, the extra hyper-threaded processors will not be used by default. Parallel Compilation will use 16 of the 16 physical processors detected instead.
Info (21077): Core supply voltage is 1.2V
Info (21077): Low junction temperature is 0 degrees C
Info (21077): High junction temperature is 85 degrees C
Critical Warning (332012): Synopsys Design Constraints File file not found: 'IP-ROM.sdc'. A Synopsys Design Constraints File is required by the TimeQuest Timing Analyzer to get proper timing constraints. Without it, the Compiler will not properly optimize the design.
Info (332142): No user constrained base clocks found in the design. Calling "derive_clocks -period 1.0"
Info (332105): Deriving Clocks
    Info (332105): create_clock -period 1.000 -name system_clock system_clock
Info (332143): No user constrained clock uncertainty found in the design. Calling "derive_clock_uncertainty"
Info (332123): Deriving Clock Uncertainty. Please refer to report_sdc in TimeQuest to see clock uncertainties.
Info: Found TIMEQUEST_REPORT_SCRIPT_INCLUDE_DEFAULT_ANALYSIS = ON
Info: Analyzing Slow 1200mV 85C Model
Critical Warning (332148): Timing requirements not met
    Info (11105): For recommendations on closing timing, run Report Timing Closure Recommendations in the TimeQuest Timing Analyzer.
Info (332146): Worst-case setup slack is -4.179
    Info (332119):     Slack End Point TNS Clock 
    Info (332119): ========= ============= =====================
    Info (332119):    -4.179      -601.200 system_clock 
Info (332146): Worst-case hold slack is 0.434
    Info (332119):     Slack End Point TNS Clock 
    Info (332119): ========= ============= =====================
    Info (332119):     0.434         0.000 system_clock 
Info (332140): No Recovery paths to report
Info (332140): No Removal paths to report
Info (332146): Worst-case minimum pulse width slack is -3.201
    Info (332119):     Slack End Point TNS Clock 
    Info (332119): ========= ============= =====================
    Info (332119):    -3.201      -361.923 system_clock 
Info: Analyzing Slow 1200mV 0C Model
Info (334003): Started post-fitting delay annotation
Info (334004): Delay annotation completed successfully
Info (332123): Deriving Clock Uncertainty. Please refer to report_sdc in TimeQuest to see clock uncertainties.
Critical Warning (332148): Timing requirements not met
    Info (11105): For recommendations on closing timing, run Report Timing Closure Recommendations in the TimeQuest Timing Analyzer.
Info (332146): Worst-case setup slack is -3.857
    Info (332119):     Slack End Point TNS Clock 
    Info (332119): ========= ============= =====================
    Info (332119):    -3.857      -545.675 system_clock 
Info (332146): Worst-case hold slack is 0.383
    Info (332119):     Slack End Point TNS Clock 
    Info (332119): ========= ============= =====================
    Info (332119):     0.383         0.000 system_clock 
Info (332140): No Recovery paths to report
Info (332140): No Removal paths to report
Info (332146): Worst-case minimum pulse width slack is -3.201
    Info (332119):     Slack End Point TNS Clock 
    Info (332119): ========= ============= =====================
    Info (332119):    -3.201      -361.923 system_clock 
Info: Analyzing Fast 1200mV 0C Model
Info (332123): Deriving Clock Uncertainty. Please refer to report_sdc in TimeQuest to see clock uncertainties.
Critical Warning (332148): Timing requirements not met
    Info (11105): For recommendations on closing timing, run Report Timing Closure Recommendations in the TimeQuest Timing Analyzer.
Info (332146): Worst-case setup slack is -1.213
    Info (332119):     Slack End Point TNS Clock 
    Info (332119): ========= ============= =====================
    Info (332119):    -1.213      -130.698 system_clock 
Info (332146): Worst-case hold slack is 0.178
    Info (332119):     Slack End Point TNS Clock 
    Info (332119): ========= ============= =====================
    Info (332119):     0.178         0.000 system_clock 
Info (332140): No Recovery paths to report
Info (332140): No Removal paths to report
Info (332146): Worst-case minimum pulse width slack is -3.000
    Info (332119):     Slack End Point TNS Clock 
    Info (332119): ========= ============= =====================
    Info (332119):    -3.000      -249.382 system_clock 
Info (332102): Design is not fully constrained for setup requirements
Info (332102): Design is not fully constrained for hold requirements
Info: Quartus II 64-Bit TimeQuest Timing Analyzer was successful. 0 errors, 4 warnings
    Info: Peak virtual memory: 4739 megabytes
    Info: Processing ended: Fri Feb 28 20:56:35 2025
    Info: Elapsed time: 00:00:02
    Info: Total CPU time (on all processors): 00:00:02


