TimeQuest Timing Analyzer report for Frequency_Counter
Fri Mar 14 02:22:16 2025
Quartus II 64-Bit Version 13.0.1 Build 232 06/12/2013 Service Pack 1 SJ Full Version


---------------------
; Table of Contents ;
---------------------
  1. Legal Notice
  2. TimeQuest Timing Analyzer Summary
  3. Parallel Compilation
  4. Clocks
  5. Slow 1200mV 85C Model Fmax Summary
  6. Timing Closure Recommendations
  7. Slow 1200mV 85C Model Setup Summary
  8. Slow 1200mV 85C Model Hold Summary
  9. Slow 1200mV 85C Model Recovery Summary
 10. Slow 1200mV 85C Model Removal Summary
 11. Slow 1200mV 85C Model Minimum Pulse Width Summary
 12. Slow 1200mV 85C Model Setup: 'system_clock'
 13. Slow 1200mV 85C Model Setup: 'clock_test'
 14. Slow 1200mV 85C Model Hold: 'system_clock'
 15. Slow 1200mV 85C Model Hold: 'clock_test'
 16. Slow 1200mV 85C Model Minimum Pulse Width: 'clock_test'
 17. Slow 1200mV 85C Model Minimum Pulse Width: 'system_clock'
 18. Clock to Output Times
 19. Minimum Clock to Output Times
 20. Slow 1200mV 85C Model Metastability Report
 21. Slow 1200mV 0C Model Fmax Summary
 22. Slow 1200mV 0C Model Setup Summary
 23. Slow 1200mV 0C Model Hold Summary
 24. Slow 1200mV 0C Model Recovery Summary
 25. Slow 1200mV 0C Model Removal Summary
 26. Slow 1200mV 0C Model Minimum Pulse Width Summary
 27. Slow 1200mV 0C Model Setup: 'system_clock'
 28. Slow 1200mV 0C Model Setup: 'clock_test'
 29. Slow 1200mV 0C Model Hold: 'clock_test'
 30. Slow 1200mV 0C Model Hold: 'system_clock'
 31. Slow 1200mV 0C Model Minimum Pulse Width: 'clock_test'
 32. Slow 1200mV 0C Model Minimum Pulse Width: 'system_clock'
 33. Clock to Output Times
 34. Minimum Clock to Output Times
 35. Slow 1200mV 0C Model Metastability Report
 36. Fast 1200mV 0C Model Setup Summary
 37. Fast 1200mV 0C Model Hold Summary
 38. Fast 1200mV 0C Model Recovery Summary
 39. Fast 1200mV 0C Model Removal Summary
 40. Fast 1200mV 0C Model Minimum Pulse Width Summary
 41. Fast 1200mV 0C Model Setup: 'system_clock'
 42. Fast 1200mV 0C Model Setup: 'clock_test'
 43. Fast 1200mV 0C Model Hold: 'system_clock'
 44. Fast 1200mV 0C Model Hold: 'clock_test'
 45. Fast 1200mV 0C Model Minimum Pulse Width: 'clock_test'
 46. Fast 1200mV 0C Model Minimum Pulse Width: 'system_clock'
 47. Clock to Output Times
 48. Minimum Clock to Output Times
 49. Fast 1200mV 0C Model Metastability Report
 50. Multicorner Timing Analysis Summary
 51. Clock to Output Times
 52. Minimum Clock to Output Times
 53. Board Trace Model Assignments
 54. Input Transition Times
 55. Signal Integrity Metrics (Slow 1200mv 0c Model)
 56. Signal Integrity Metrics (Slow 1200mv 85c Model)
 57. Signal Integrity Metrics (Fast 1200mv 0c Model)
 58. Setup Transfers
 59. Hold Transfers
 60. Report TCCS
 61. Report RSKM
 62. Unconstrained Paths
 63. TimeQuest Timing Analyzer Messages



----------------
; Legal Notice ;
----------------
Copyright (C) 1991-2013 Altera Corporation
Your use of Altera Corporation's design tools, logic functions 
and other software and tools, and its AMPP partner logic 
functions, and any output files from any of the foregoing 
(including device programming or simulation files), and any 
associated documentation or information are expressly subject 
to the terms and conditions of the Altera Program License 
Subscription Agreement, Altera MegaCore Function License 
Agreement, or other applicable license agreement, including, 
without limitation, that your use is for the sole purpose of 
programming logic devices manufactured by Altera and sold by 
Altera or its authorized distributors.  Please refer to the 
applicable agreement for further details.



+-----------------------------------------------------------------------------------------+
; TimeQuest Timing Analyzer Summary                                                       ;
+--------------------+--------------------------------------------------------------------+
; Quartus II Version ; Version 13.0.1 Build 232 06/12/2013 Service Pack 1 SJ Full Version ;
; Revision Name      ; Frequency_Counter                                                  ;
; Device Family      ; Cyclone IV E                                                       ;
; Device Name        ; EP4CE10F17C8                                                       ;
; Timing Models      ; Final                                                              ;
; Delay Model        ; Combined                                                           ;
; Rise/Fall Delays   ; Enabled                                                            ;
+--------------------+--------------------------------------------------------------------+


+------------------------------------------+
; Parallel Compilation                     ;
+----------------------------+-------------+
; Processors                 ; Number      ;
+----------------------------+-------------+
; Number detected on machine ; 22          ;
; Maximum allowed            ; 16          ;
;                            ;             ;
; Average used               ; 1.00        ;
; Maximum used               ; 16          ;
;                            ;             ;
; Usage by Processor         ; % Time Used ;
;     Processor 1            ; 100.0%      ;
;     Processors 2-16        ; < 0.1%      ;
;     Processors 17-22       ;   0.0%      ;
+----------------------------+-------------+


+--------------------------------------------------------------------------------------------------------------------------------------------------------------------------------------------+
; Clocks                                                                                                                                                                                     ;
+--------------+------+--------+------------+-------+-------+------------+-----------+-------------+-------+--------+-----------+------------+----------+--------+--------+------------------+
; Clock Name   ; Type ; Period ; Frequency  ; Rise  ; Fall  ; Duty Cycle ; Divide by ; Multiply by ; Phase ; Offset ; Edge List ; Edge Shift ; Inverted ; Master ; Source ; Targets          ;
+--------------+------+--------+------------+-------+-------+------------+-----------+-------------+-------+--------+-----------+------------+----------+--------+--------+------------------+
; clock_test   ; Base ; 1.000  ; 1000.0 MHz ; 0.000 ; 0.500 ;            ;           ;             ;       ;        ;           ;            ;          ;        ;        ; { clock_test }   ;
; system_clock ; Base ; 1.000  ; 1000.0 MHz ; 0.000 ; 0.500 ;            ;           ;             ;       ;        ;           ;            ;          ;        ;        ; { system_clock } ;
+--------------+------+--------+------------+-------+-------+------------+-----------+-------------+-------+--------+-----------+------------+----------+--------+--------+------------------+


+----------------------------------------------------------------------------------------------+
; Slow 1200mV 85C Model Fmax Summary                                                           ;
+------------+-----------------+--------------+------------------------------------------------+
; Fmax       ; Restricted Fmax ; Clock Name   ; Note                                           ;
+------------+-----------------+--------------+------------------------------------------------+
; 216.31 MHz ; 216.31 MHz      ; system_clock ;                                                ;
; 263.23 MHz ; 200.0 MHz       ; clock_test   ; limit due to minimum period restriction (tmin) ;
+------------+-----------------+--------------+------------------------------------------------+
This panel reports FMAX for every clock in the design, regardless of the user-specified clock periods.  FMAX is only computed for paths where the source and destination registers or ports are driven by the same clock.  Paths of different clocks, including generated clocks, are ignored.  For paths between a clock and its inversion, FMAX is computed as if the rising and falling edges are scaled along with FMAX, such that the duty cycle (in terms of a percentage) is maintained. Altera recommends that you always use clock constraints and other slack reports for sign-off analysis.


----------------------------------
; Timing Closure Recommendations ;
----------------------------------
HTML report is unavailable in plain text report export.


+---------------------------------------+
; Slow 1200mV 85C Model Setup Summary   ;
+--------------+--------+---------------+
; Clock        ; Slack  ; End Point TNS ;
+--------------+--------+---------------+
; system_clock ; -7.360 ; -236.481      ;
; clock_test   ; -2.799 ; -181.210      ;
+--------------+--------+---------------+


+--------------------------------------+
; Slow 1200mV 85C Model Hold Summary   ;
+--------------+-------+---------------+
; Clock        ; Slack ; End Point TNS ;
+--------------+-------+---------------+
; system_clock ; 0.573 ; 0.000         ;
; clock_test   ; 0.591 ; 0.000         ;
+--------------+-------+---------------+


------------------------------------------
; Slow 1200mV 85C Model Recovery Summary ;
------------------------------------------
No paths to report.


-----------------------------------------
; Slow 1200mV 85C Model Removal Summary ;
-----------------------------------------
No paths to report.


+---------------------------------------------------+
; Slow 1200mV 85C Model Minimum Pulse Width Summary ;
+--------------+--------+---------------------------+
; Clock        ; Slack  ; End Point TNS             ;
+--------------+--------+---------------------------+
; clock_test   ; -4.000 ; -255.941                  ;
; system_clock ; -3.000 ; -93.707                   ;
+--------------+--------+---------------------------+


+-----------------------------------------------------------------------------------------------------------------------------------+
; Slow 1200mV 85C Model Setup: 'system_clock'                                                                                       ;
+--------+------------------------------+--------------------+--------------+--------------+--------------+------------+------------+
; Slack  ; From Node                    ; To Node            ; Launch Clock ; Latch Clock  ; Relationship ; Clock Skew ; Data Delay ;
+--------+------------------------------+--------------------+--------------+--------------+--------------+------------+------------+
; -7.360 ; count_test_frequency_reg[18] ; frequency[31]~reg0 ; clock_test   ; system_clock ; 1.000        ; 0.525      ; 8.866      ;
; -7.360 ; count_test_frequency_reg[19] ; frequency[31]~reg0 ; clock_test   ; system_clock ; 1.000        ; 0.525      ; 8.866      ;
; -7.360 ; count_test_frequency_reg[20] ; frequency[31]~reg0 ; clock_test   ; system_clock ; 1.000        ; 0.525      ; 8.866      ;
; -7.360 ; count_test_frequency_reg[21] ; frequency[31]~reg0 ; clock_test   ; system_clock ; 1.000        ; 0.525      ; 8.866      ;
; -7.360 ; count_test_frequency_reg[22] ; frequency[31]~reg0 ; clock_test   ; system_clock ; 1.000        ; 0.525      ; 8.866      ;
; -7.360 ; count_test_frequency_reg[23] ; frequency[31]~reg0 ; clock_test   ; system_clock ; 1.000        ; 0.525      ; 8.866      ;
; -7.360 ; count_test_frequency_reg[24] ; frequency[31]~reg0 ; clock_test   ; system_clock ; 1.000        ; 0.525      ; 8.866      ;
; -7.360 ; count_test_frequency_reg[25] ; frequency[31]~reg0 ; clock_test   ; system_clock ; 1.000        ; 0.525      ; 8.866      ;
; -7.360 ; count_test_frequency_reg[26] ; frequency[31]~reg0 ; clock_test   ; system_clock ; 1.000        ; 0.525      ; 8.866      ;
; -7.360 ; count_test_frequency_reg[27] ; frequency[31]~reg0 ; clock_test   ; system_clock ; 1.000        ; 0.525      ; 8.866      ;
; -7.360 ; count_test_frequency_reg[28] ; frequency[31]~reg0 ; clock_test   ; system_clock ; 1.000        ; 0.525      ; 8.866      ;
; -7.360 ; count_test_frequency_reg[29] ; frequency[31]~reg0 ; clock_test   ; system_clock ; 1.000        ; 0.525      ; 8.866      ;
; -7.360 ; count_test_frequency_reg[30] ; frequency[31]~reg0 ; clock_test   ; system_clock ; 1.000        ; 0.525      ; 8.866      ;
; -7.360 ; count_test_frequency_reg[31] ; frequency[31]~reg0 ; clock_test   ; system_clock ; 1.000        ; 0.525      ; 8.866      ;
; -7.357 ; count_test_frequency_reg[18] ; frequency[30]~reg0 ; clock_test   ; system_clock ; 1.000        ; 0.525      ; 8.863      ;
; -7.357 ; count_test_frequency_reg[19] ; frequency[30]~reg0 ; clock_test   ; system_clock ; 1.000        ; 0.525      ; 8.863      ;
; -7.357 ; count_test_frequency_reg[20] ; frequency[30]~reg0 ; clock_test   ; system_clock ; 1.000        ; 0.525      ; 8.863      ;
; -7.357 ; count_test_frequency_reg[21] ; frequency[30]~reg0 ; clock_test   ; system_clock ; 1.000        ; 0.525      ; 8.863      ;
; -7.357 ; count_test_frequency_reg[22] ; frequency[30]~reg0 ; clock_test   ; system_clock ; 1.000        ; 0.525      ; 8.863      ;
; -7.357 ; count_test_frequency_reg[23] ; frequency[30]~reg0 ; clock_test   ; system_clock ; 1.000        ; 0.525      ; 8.863      ;
; -7.357 ; count_test_frequency_reg[24] ; frequency[30]~reg0 ; clock_test   ; system_clock ; 1.000        ; 0.525      ; 8.863      ;
; -7.357 ; count_test_frequency_reg[25] ; frequency[30]~reg0 ; clock_test   ; system_clock ; 1.000        ; 0.525      ; 8.863      ;
; -7.357 ; count_test_frequency_reg[26] ; frequency[30]~reg0 ; clock_test   ; system_clock ; 1.000        ; 0.525      ; 8.863      ;
; -7.357 ; count_test_frequency_reg[27] ; frequency[30]~reg0 ; clock_test   ; system_clock ; 1.000        ; 0.525      ; 8.863      ;
; -7.357 ; count_test_frequency_reg[28] ; frequency[30]~reg0 ; clock_test   ; system_clock ; 1.000        ; 0.525      ; 8.863      ;
; -7.357 ; count_test_frequency_reg[29] ; frequency[30]~reg0 ; clock_test   ; system_clock ; 1.000        ; 0.525      ; 8.863      ;
; -7.357 ; count_test_frequency_reg[30] ; frequency[30]~reg0 ; clock_test   ; system_clock ; 1.000        ; 0.525      ; 8.863      ;
; -7.357 ; count_test_frequency_reg[31] ; frequency[30]~reg0 ; clock_test   ; system_clock ; 1.000        ; 0.525      ; 8.863      ;
; -7.212 ; count_test_frequency_reg[18] ; frequency[29]~reg0 ; clock_test   ; system_clock ; 1.000        ; 0.525      ; 8.718      ;
; -7.212 ; count_test_frequency_reg[19] ; frequency[29]~reg0 ; clock_test   ; system_clock ; 1.000        ; 0.525      ; 8.718      ;
; -7.212 ; count_test_frequency_reg[20] ; frequency[29]~reg0 ; clock_test   ; system_clock ; 1.000        ; 0.525      ; 8.718      ;
; -7.212 ; count_test_frequency_reg[21] ; frequency[29]~reg0 ; clock_test   ; system_clock ; 1.000        ; 0.525      ; 8.718      ;
; -7.212 ; count_test_frequency_reg[22] ; frequency[29]~reg0 ; clock_test   ; system_clock ; 1.000        ; 0.525      ; 8.718      ;
; -7.212 ; count_test_frequency_reg[23] ; frequency[29]~reg0 ; clock_test   ; system_clock ; 1.000        ; 0.525      ; 8.718      ;
; -7.212 ; count_test_frequency_reg[24] ; frequency[29]~reg0 ; clock_test   ; system_clock ; 1.000        ; 0.525      ; 8.718      ;
; -7.212 ; count_test_frequency_reg[25] ; frequency[29]~reg0 ; clock_test   ; system_clock ; 1.000        ; 0.525      ; 8.718      ;
; -7.212 ; count_test_frequency_reg[26] ; frequency[29]~reg0 ; clock_test   ; system_clock ; 1.000        ; 0.525      ; 8.718      ;
; -7.212 ; count_test_frequency_reg[27] ; frequency[29]~reg0 ; clock_test   ; system_clock ; 1.000        ; 0.525      ; 8.718      ;
; -7.212 ; count_test_frequency_reg[28] ; frequency[29]~reg0 ; clock_test   ; system_clock ; 1.000        ; 0.525      ; 8.718      ;
; -7.212 ; count_test_frequency_reg[29] ; frequency[29]~reg0 ; clock_test   ; system_clock ; 1.000        ; 0.525      ; 8.718      ;
; -7.212 ; count_test_frequency_reg[30] ; frequency[29]~reg0 ; clock_test   ; system_clock ; 1.000        ; 0.525      ; 8.718      ;
; -7.212 ; count_test_frequency_reg[31] ; frequency[29]~reg0 ; clock_test   ; system_clock ; 1.000        ; 0.525      ; 8.718      ;
; -7.205 ; count_test_frequency_reg[18] ; frequency[28]~reg0 ; clock_test   ; system_clock ; 1.000        ; 0.525      ; 8.711      ;
; -7.205 ; count_test_frequency_reg[19] ; frequency[28]~reg0 ; clock_test   ; system_clock ; 1.000        ; 0.525      ; 8.711      ;
; -7.205 ; count_test_frequency_reg[20] ; frequency[28]~reg0 ; clock_test   ; system_clock ; 1.000        ; 0.525      ; 8.711      ;
; -7.205 ; count_test_frequency_reg[21] ; frequency[28]~reg0 ; clock_test   ; system_clock ; 1.000        ; 0.525      ; 8.711      ;
; -7.205 ; count_test_frequency_reg[22] ; frequency[28]~reg0 ; clock_test   ; system_clock ; 1.000        ; 0.525      ; 8.711      ;
; -7.205 ; count_test_frequency_reg[23] ; frequency[28]~reg0 ; clock_test   ; system_clock ; 1.000        ; 0.525      ; 8.711      ;
; -7.205 ; count_test_frequency_reg[24] ; frequency[28]~reg0 ; clock_test   ; system_clock ; 1.000        ; 0.525      ; 8.711      ;
; -7.205 ; count_test_frequency_reg[25] ; frequency[28]~reg0 ; clock_test   ; system_clock ; 1.000        ; 0.525      ; 8.711      ;
; -7.205 ; count_test_frequency_reg[26] ; frequency[28]~reg0 ; clock_test   ; system_clock ; 1.000        ; 0.525      ; 8.711      ;
; -7.205 ; count_test_frequency_reg[27] ; frequency[28]~reg0 ; clock_test   ; system_clock ; 1.000        ; 0.525      ; 8.711      ;
; -7.205 ; count_test_frequency_reg[28] ; frequency[28]~reg0 ; clock_test   ; system_clock ; 1.000        ; 0.525      ; 8.711      ;
; -7.205 ; count_test_frequency_reg[29] ; frequency[28]~reg0 ; clock_test   ; system_clock ; 1.000        ; 0.525      ; 8.711      ;
; -7.205 ; count_test_frequency_reg[30] ; frequency[28]~reg0 ; clock_test   ; system_clock ; 1.000        ; 0.525      ; 8.711      ;
; -7.205 ; count_test_frequency_reg[31] ; frequency[28]~reg0 ; clock_test   ; system_clock ; 1.000        ; 0.525      ; 8.711      ;
; -7.066 ; count_test_frequency_reg[18] ; frequency[27]~reg0 ; clock_test   ; system_clock ; 1.000        ; 0.525      ; 8.572      ;
; -7.066 ; count_test_frequency_reg[19] ; frequency[27]~reg0 ; clock_test   ; system_clock ; 1.000        ; 0.525      ; 8.572      ;
; -7.066 ; count_test_frequency_reg[20] ; frequency[27]~reg0 ; clock_test   ; system_clock ; 1.000        ; 0.525      ; 8.572      ;
; -7.066 ; count_test_frequency_reg[21] ; frequency[27]~reg0 ; clock_test   ; system_clock ; 1.000        ; 0.525      ; 8.572      ;
; -7.066 ; count_test_frequency_reg[22] ; frequency[27]~reg0 ; clock_test   ; system_clock ; 1.000        ; 0.525      ; 8.572      ;
; -7.066 ; count_test_frequency_reg[23] ; frequency[27]~reg0 ; clock_test   ; system_clock ; 1.000        ; 0.525      ; 8.572      ;
; -7.066 ; count_test_frequency_reg[24] ; frequency[27]~reg0 ; clock_test   ; system_clock ; 1.000        ; 0.525      ; 8.572      ;
; -7.066 ; count_test_frequency_reg[25] ; frequency[27]~reg0 ; clock_test   ; system_clock ; 1.000        ; 0.525      ; 8.572      ;
; -7.066 ; count_test_frequency_reg[26] ; frequency[27]~reg0 ; clock_test   ; system_clock ; 1.000        ; 0.525      ; 8.572      ;
; -7.066 ; count_test_frequency_reg[27] ; frequency[27]~reg0 ; clock_test   ; system_clock ; 1.000        ; 0.525      ; 8.572      ;
; -7.066 ; count_test_frequency_reg[28] ; frequency[27]~reg0 ; clock_test   ; system_clock ; 1.000        ; 0.525      ; 8.572      ;
; -7.066 ; count_test_frequency_reg[29] ; frequency[27]~reg0 ; clock_test   ; system_clock ; 1.000        ; 0.525      ; 8.572      ;
; -7.066 ; count_test_frequency_reg[30] ; frequency[27]~reg0 ; clock_test   ; system_clock ; 1.000        ; 0.525      ; 8.572      ;
; -7.066 ; count_test_frequency_reg[31] ; frequency[27]~reg0 ; clock_test   ; system_clock ; 1.000        ; 0.525      ; 8.572      ;
; -7.059 ; count_test_frequency_reg[18] ; frequency[26]~reg0 ; clock_test   ; system_clock ; 1.000        ; 0.525      ; 8.565      ;
; -7.059 ; count_test_frequency_reg[19] ; frequency[26]~reg0 ; clock_test   ; system_clock ; 1.000        ; 0.525      ; 8.565      ;
; -7.059 ; count_test_frequency_reg[20] ; frequency[26]~reg0 ; clock_test   ; system_clock ; 1.000        ; 0.525      ; 8.565      ;
; -7.059 ; count_test_frequency_reg[21] ; frequency[26]~reg0 ; clock_test   ; system_clock ; 1.000        ; 0.525      ; 8.565      ;
; -7.059 ; count_test_frequency_reg[22] ; frequency[26]~reg0 ; clock_test   ; system_clock ; 1.000        ; 0.525      ; 8.565      ;
; -7.059 ; count_test_frequency_reg[23] ; frequency[26]~reg0 ; clock_test   ; system_clock ; 1.000        ; 0.525      ; 8.565      ;
; -7.059 ; count_test_frequency_reg[24] ; frequency[26]~reg0 ; clock_test   ; system_clock ; 1.000        ; 0.525      ; 8.565      ;
; -7.059 ; count_test_frequency_reg[25] ; frequency[26]~reg0 ; clock_test   ; system_clock ; 1.000        ; 0.525      ; 8.565      ;
; -7.059 ; count_test_frequency_reg[26] ; frequency[26]~reg0 ; clock_test   ; system_clock ; 1.000        ; 0.525      ; 8.565      ;
; -7.059 ; count_test_frequency_reg[27] ; frequency[26]~reg0 ; clock_test   ; system_clock ; 1.000        ; 0.525      ; 8.565      ;
; -7.059 ; count_test_frequency_reg[28] ; frequency[26]~reg0 ; clock_test   ; system_clock ; 1.000        ; 0.525      ; 8.565      ;
; -7.059 ; count_test_frequency_reg[29] ; frequency[26]~reg0 ; clock_test   ; system_clock ; 1.000        ; 0.525      ; 8.565      ;
; -7.059 ; count_test_frequency_reg[30] ; frequency[26]~reg0 ; clock_test   ; system_clock ; 1.000        ; 0.525      ; 8.565      ;
; -7.059 ; count_test_frequency_reg[31] ; frequency[26]~reg0 ; clock_test   ; system_clock ; 1.000        ; 0.525      ; 8.565      ;
; -6.920 ; count_test_frequency_reg[18] ; frequency[25]~reg0 ; clock_test   ; system_clock ; 1.000        ; 0.525      ; 8.426      ;
; -6.920 ; count_test_frequency_reg[19] ; frequency[25]~reg0 ; clock_test   ; system_clock ; 1.000        ; 0.525      ; 8.426      ;
; -6.920 ; count_test_frequency_reg[20] ; frequency[25]~reg0 ; clock_test   ; system_clock ; 1.000        ; 0.525      ; 8.426      ;
; -6.920 ; count_test_frequency_reg[21] ; frequency[25]~reg0 ; clock_test   ; system_clock ; 1.000        ; 0.525      ; 8.426      ;
; -6.920 ; count_test_frequency_reg[22] ; frequency[25]~reg0 ; clock_test   ; system_clock ; 1.000        ; 0.525      ; 8.426      ;
; -6.920 ; count_test_frequency_reg[23] ; frequency[25]~reg0 ; clock_test   ; system_clock ; 1.000        ; 0.525      ; 8.426      ;
; -6.920 ; count_test_frequency_reg[24] ; frequency[25]~reg0 ; clock_test   ; system_clock ; 1.000        ; 0.525      ; 8.426      ;
; -6.920 ; count_test_frequency_reg[25] ; frequency[25]~reg0 ; clock_test   ; system_clock ; 1.000        ; 0.525      ; 8.426      ;
; -6.920 ; count_test_frequency_reg[26] ; frequency[25]~reg0 ; clock_test   ; system_clock ; 1.000        ; 0.525      ; 8.426      ;
; -6.920 ; count_test_frequency_reg[27] ; frequency[25]~reg0 ; clock_test   ; system_clock ; 1.000        ; 0.525      ; 8.426      ;
; -6.920 ; count_test_frequency_reg[28] ; frequency[25]~reg0 ; clock_test   ; system_clock ; 1.000        ; 0.525      ; 8.426      ;
; -6.920 ; count_test_frequency_reg[29] ; frequency[25]~reg0 ; clock_test   ; system_clock ; 1.000        ; 0.525      ; 8.426      ;
; -6.920 ; count_test_frequency_reg[30] ; frequency[25]~reg0 ; clock_test   ; system_clock ; 1.000        ; 0.525      ; 8.426      ;
; -6.920 ; count_test_frequency_reg[31] ; frequency[25]~reg0 ; clock_test   ; system_clock ; 1.000        ; 0.525      ; 8.426      ;
; -6.913 ; count_test_frequency_reg[18] ; frequency[24]~reg0 ; clock_test   ; system_clock ; 1.000        ; 0.525      ; 8.419      ;
; -6.913 ; count_test_frequency_reg[19] ; frequency[24]~reg0 ; clock_test   ; system_clock ; 1.000        ; 0.525      ; 8.419      ;
+--------+------------------------------+--------------------+--------------+--------------+--------------+------------+------------+


+----------------------------------------------------------------------------------------------------------------------------------------------------+
; Slow 1200mV 85C Model Setup: 'clock_test'                                                                                                          ;
+--------+-------------------------+-------------------------------------------+--------------+-------------+--------------+------------+------------+
; Slack  ; From Node               ; To Node                                   ; Launch Clock ; Latch Clock ; Relationship ; Clock Skew ; Data Delay ;
+--------+-------------------------+-------------------------------------------+--------------+-------------+--------------+------------+------------+
; -2.799 ; gate_a                  ; count_test_frequency_reg[18]              ; clock_test   ; clock_test  ; 1.000        ; -0.244     ; 3.307      ;
; -2.799 ; gate_a                  ; count_test_frequency_reg[19]              ; clock_test   ; clock_test  ; 1.000        ; -0.244     ; 3.307      ;
; -2.799 ; gate_a                  ; count_test_frequency_reg[20]              ; clock_test   ; clock_test  ; 1.000        ; -0.244     ; 3.307      ;
; -2.799 ; gate_a                  ; count_test_frequency_reg[21]              ; clock_test   ; clock_test  ; 1.000        ; -0.244     ; 3.307      ;
; -2.799 ; gate_a                  ; count_test_frequency_reg[22]              ; clock_test   ; clock_test  ; 1.000        ; -0.244     ; 3.307      ;
; -2.799 ; gate_a                  ; count_test_frequency_reg[23]              ; clock_test   ; clock_test  ; 1.000        ; -0.244     ; 3.307      ;
; -2.799 ; gate_a                  ; count_test_frequency_reg[24]              ; clock_test   ; clock_test  ; 1.000        ; -0.244     ; 3.307      ;
; -2.799 ; gate_a                  ; count_test_frequency_reg[25]              ; clock_test   ; clock_test  ; 1.000        ; -0.244     ; 3.307      ;
; -2.799 ; gate_a                  ; count_test_frequency_reg[26]              ; clock_test   ; clock_test  ; 1.000        ; -0.244     ; 3.307      ;
; -2.799 ; gate_a                  ; count_test_frequency_reg[27]              ; clock_test   ; clock_test  ; 1.000        ; -0.244     ; 3.307      ;
; -2.799 ; gate_a                  ; count_test_frequency_reg[28]              ; clock_test   ; clock_test  ; 1.000        ; -0.244     ; 3.307      ;
; -2.799 ; gate_a                  ; count_test_frequency_reg[29]              ; clock_test   ; clock_test  ; 1.000        ; -0.244     ; 3.307      ;
; -2.799 ; gate_a                  ; count_test_frequency_reg[30]              ; clock_test   ; clock_test  ; 1.000        ; -0.244     ; 3.307      ;
; -2.799 ; gate_a                  ; count_test_frequency_reg[31]              ; clock_test   ; clock_test  ; 1.000        ; -0.244     ; 3.307      ;
; -2.631 ; count_test_frequency[0] ; count_test_frequency[31]                  ; clock_test   ; clock_test  ; 1.000        ; 0.434      ; 4.066      ;
; -2.574 ; count_test_frequency[1] ; count_test_frequency[30]                  ; clock_test   ; clock_test  ; 1.000        ; 0.434      ; 4.009      ;
; -2.544 ; count_test_frequency[1] ; count_test_frequency[31]                  ; clock_test   ; clock_test  ; 1.000        ; 0.434      ; 3.979      ;
; -2.501 ; count_test_frequency[0] ; count_test_frequency[30]                  ; clock_test   ; clock_test  ; 1.000        ; 0.434      ; 3.936      ;
; -2.489 ; gate_a                  ; count_test_frequency_reg[0]~_Duplicate_2  ; clock_test   ; clock_test  ; 1.000        ; -0.078     ; 3.412      ;
; -2.485 ; count_test_frequency[0] ; count_test_frequency[29]                  ; clock_test   ; clock_test  ; 1.000        ; 0.434      ; 3.920      ;
; -2.461 ; count_test_frequency[2] ; count_test_frequency[31]                  ; clock_test   ; clock_test  ; 1.000        ; 0.434      ; 3.896      ;
; -2.428 ; count_test_frequency[1] ; count_test_frequency[28]                  ; clock_test   ; clock_test  ; 1.000        ; 0.434      ; 3.863      ;
; -2.426 ; count_test_frequency[3] ; count_test_frequency[30]                  ; clock_test   ; clock_test  ; 1.000        ; 0.434      ; 3.861      ;
; -2.398 ; count_test_frequency[1] ; count_test_frequency[29]                  ; clock_test   ; clock_test  ; 1.000        ; 0.434      ; 3.833      ;
; -2.396 ; count_test_frequency[3] ; count_test_frequency[31]                  ; clock_test   ; clock_test  ; 1.000        ; 0.434      ; 3.831      ;
; -2.358 ; count_test_frequency[1] ; count_test_frequency[20]                  ; clock_test   ; clock_test  ; 1.000        ; -0.080     ; 3.279      ;
; -2.355 ; count_test_frequency[0] ; count_test_frequency[28]                  ; clock_test   ; clock_test  ; 1.000        ; 0.434      ; 3.790      ;
; -2.339 ; count_test_frequency[0] ; count_test_frequency[27]                  ; clock_test   ; clock_test  ; 1.000        ; 0.434      ; 3.774      ;
; -2.331 ; count_test_frequency[2] ; count_test_frequency[30]                  ; clock_test   ; clock_test  ; 1.000        ; 0.434      ; 3.766      ;
; -2.315 ; count_test_frequency[4] ; count_test_frequency[31]                  ; clock_test   ; clock_test  ; 1.000        ; 0.434      ; 3.750      ;
; -2.315 ; count_test_frequency[2] ; count_test_frequency[29]                  ; clock_test   ; clock_test  ; 1.000        ; 0.434      ; 3.750      ;
; -2.285 ; count_test_frequency[0] ; count_test_frequency[20]                  ; clock_test   ; clock_test  ; 1.000        ; -0.080     ; 3.206      ;
; -2.282 ; count_test_frequency[1] ; count_test_frequency[26]                  ; clock_test   ; clock_test  ; 1.000        ; 0.434      ; 3.717      ;
; -2.281 ; count_test_frequency[5] ; count_test_frequency[30]                  ; clock_test   ; clock_test  ; 1.000        ; 0.434      ; 3.716      ;
; -2.280 ; count_test_frequency[3] ; count_test_frequency[28]                  ; clock_test   ; clock_test  ; 1.000        ; 0.434      ; 3.715      ;
; -2.269 ; count_test_frequency[0] ; count_test_frequency[19]                  ; clock_test   ; clock_test  ; 1.000        ; -0.080     ; 3.190      ;
; -2.252 ; gate_a                  ; count_test_frequency_reg[0]~_Duplicate_1  ; clock_test   ; clock_test  ; 1.000        ; 0.091      ; 3.095      ;
; -2.252 ; gate_a                  ; count_test_frequency_reg[1]~_Duplicate_1  ; clock_test   ; clock_test  ; 1.000        ; 0.091      ; 3.095      ;
; -2.252 ; gate_a                  ; count_test_frequency_reg[2]~_Duplicate_1  ; clock_test   ; clock_test  ; 1.000        ; 0.091      ; 3.095      ;
; -2.252 ; gate_a                  ; count_test_frequency_reg[3]~_Duplicate_1  ; clock_test   ; clock_test  ; 1.000        ; 0.091      ; 3.095      ;
; -2.252 ; gate_a                  ; count_test_frequency_reg[4]~_Duplicate_1  ; clock_test   ; clock_test  ; 1.000        ; 0.091      ; 3.095      ;
; -2.252 ; gate_a                  ; count_test_frequency_reg[5]~_Duplicate_1  ; clock_test   ; clock_test  ; 1.000        ; 0.091      ; 3.095      ;
; -2.252 ; gate_a                  ; count_test_frequency_reg[6]~_Duplicate_1  ; clock_test   ; clock_test  ; 1.000        ; 0.091      ; 3.095      ;
; -2.252 ; gate_a                  ; count_test_frequency_reg[7]~_Duplicate_1  ; clock_test   ; clock_test  ; 1.000        ; 0.091      ; 3.095      ;
; -2.252 ; gate_a                  ; count_test_frequency_reg[8]~_Duplicate_1  ; clock_test   ; clock_test  ; 1.000        ; 0.091      ; 3.095      ;
; -2.252 ; gate_a                  ; count_test_frequency_reg[9]~_Duplicate_1  ; clock_test   ; clock_test  ; 1.000        ; 0.091      ; 3.095      ;
; -2.252 ; gate_a                  ; count_test_frequency_reg[10]~_Duplicate_1 ; clock_test   ; clock_test  ; 1.000        ; 0.091      ; 3.095      ;
; -2.252 ; gate_a                  ; count_test_frequency_reg[11]~_Duplicate_1 ; clock_test   ; clock_test  ; 1.000        ; 0.091      ; 3.095      ;
; -2.252 ; gate_a                  ; count_test_frequency_reg[12]~_Duplicate_1 ; clock_test   ; clock_test  ; 1.000        ; 0.091      ; 3.095      ;
; -2.252 ; gate_a                  ; count_test_frequency_reg[13]~_Duplicate_1 ; clock_test   ; clock_test  ; 1.000        ; 0.091      ; 3.095      ;
; -2.252 ; gate_a                  ; count_test_frequency_reg[14]~_Duplicate_1 ; clock_test   ; clock_test  ; 1.000        ; 0.091      ; 3.095      ;
; -2.252 ; gate_a                  ; count_test_frequency_reg[15]~_Duplicate_1 ; clock_test   ; clock_test  ; 1.000        ; 0.091      ; 3.095      ;
; -2.252 ; gate_a                  ; count_test_frequency_reg[16]~_Duplicate_1 ; clock_test   ; clock_test  ; 1.000        ; 0.091      ; 3.095      ;
; -2.252 ; gate_a                  ; count_test_frequency_reg[17]~_Duplicate_1 ; clock_test   ; clock_test  ; 1.000        ; 0.091      ; 3.095      ;
; -2.252 ; count_test_frequency[1] ; count_test_frequency[27]                  ; clock_test   ; clock_test  ; 1.000        ; 0.434      ; 3.687      ;
; -2.251 ; count_test_frequency[5] ; count_test_frequency[31]                  ; clock_test   ; clock_test  ; 1.000        ; 0.434      ; 3.686      ;
; -2.250 ; count_test_frequency[3] ; count_test_frequency[29]                  ; clock_test   ; clock_test  ; 1.000        ; 0.434      ; 3.685      ;
; -2.212 ; count_test_frequency[1] ; count_test_frequency[18]                  ; clock_test   ; clock_test  ; 1.000        ; -0.080     ; 3.133      ;
; -2.210 ; count_test_frequency[3] ; count_test_frequency[20]                  ; clock_test   ; clock_test  ; 1.000        ; -0.080     ; 3.131      ;
; -2.209 ; count_test_frequency[0] ; count_test_frequency[26]                  ; clock_test   ; clock_test  ; 1.000        ; 0.434      ; 3.644      ;
; -2.193 ; count_test_frequency[0] ; count_test_frequency[25]                  ; clock_test   ; clock_test  ; 1.000        ; 0.434      ; 3.628      ;
; -2.191 ; count_test_frequency[6] ; count_test_frequency[31]                  ; clock_test   ; clock_test  ; 1.000        ; 0.434      ; 3.626      ;
; -2.186 ; count_test_frequency[4] ; count_test_frequency[30]                  ; clock_test   ; clock_test  ; 1.000        ; 0.434      ; 3.621      ;
; -2.185 ; count_test_frequency[2] ; count_test_frequency[28]                  ; clock_test   ; clock_test  ; 1.000        ; 0.434      ; 3.620      ;
; -2.182 ; count_test_frequency[1] ; count_test_frequency[19]                  ; clock_test   ; clock_test  ; 1.000        ; -0.080     ; 3.103      ;
; -2.169 ; count_test_frequency[4] ; count_test_frequency[29]                  ; clock_test   ; clock_test  ; 1.000        ; 0.434      ; 3.604      ;
; -2.169 ; count_test_frequency[2] ; count_test_frequency[27]                  ; clock_test   ; clock_test  ; 1.000        ; 0.434      ; 3.604      ;
; -2.165 ; gate_a                  ; count_test_frequency_reg[9]               ; clock_test   ; clock_test  ; 1.000        ; -0.244     ; 2.673      ;
; -2.165 ; gate_a                  ; count_test_frequency_reg[10]              ; clock_test   ; clock_test  ; 1.000        ; -0.244     ; 2.673      ;
; -2.165 ; gate_a                  ; count_test_frequency_reg[11]              ; clock_test   ; clock_test  ; 1.000        ; -0.244     ; 2.673      ;
; -2.165 ; gate_a                  ; count_test_frequency_reg[12]              ; clock_test   ; clock_test  ; 1.000        ; -0.244     ; 2.673      ;
; -2.165 ; gate_a                  ; count_test_frequency_reg[13]              ; clock_test   ; clock_test  ; 1.000        ; -0.244     ; 2.673      ;
; -2.165 ; gate_a                  ; count_test_frequency_reg[14]              ; clock_test   ; clock_test  ; 1.000        ; -0.244     ; 2.673      ;
; -2.165 ; gate_a                  ; count_test_frequency_reg[15]              ; clock_test   ; clock_test  ; 1.000        ; -0.244     ; 2.673      ;
; -2.165 ; gate_a                  ; count_test_frequency_reg[16]              ; clock_test   ; clock_test  ; 1.000        ; -0.244     ; 2.673      ;
; -2.165 ; gate_a                  ; count_test_frequency_reg[17]              ; clock_test   ; clock_test  ; 1.000        ; -0.244     ; 2.673      ;
; -2.165 ; gate_a                  ; count_test_frequency_reg[0]               ; clock_test   ; clock_test  ; 1.000        ; -0.244     ; 2.673      ;
; -2.165 ; gate_a                  ; count_test_frequency_reg[1]               ; clock_test   ; clock_test  ; 1.000        ; -0.244     ; 2.673      ;
; -2.165 ; gate_a                  ; count_test_frequency_reg[2]               ; clock_test   ; clock_test  ; 1.000        ; -0.244     ; 2.673      ;
; -2.165 ; gate_a                  ; count_test_frequency_reg[3]               ; clock_test   ; clock_test  ; 1.000        ; -0.244     ; 2.673      ;
; -2.165 ; gate_a                  ; count_test_frequency_reg[4]               ; clock_test   ; clock_test  ; 1.000        ; -0.244     ; 2.673      ;
; -2.165 ; gate_a                  ; count_test_frequency_reg[5]               ; clock_test   ; clock_test  ; 1.000        ; -0.244     ; 2.673      ;
; -2.165 ; gate_a                  ; count_test_frequency_reg[6]               ; clock_test   ; clock_test  ; 1.000        ; -0.244     ; 2.673      ;
; -2.165 ; gate_a                  ; count_test_frequency_reg[7]               ; clock_test   ; clock_test  ; 1.000        ; -0.244     ; 2.673      ;
; -2.165 ; gate_a                  ; count_test_frequency_reg[8]               ; clock_test   ; clock_test  ; 1.000        ; -0.244     ; 2.673      ;
; -2.139 ; count_test_frequency[7] ; count_test_frequency[30]                  ; clock_test   ; clock_test  ; 1.000        ; 0.434      ; 3.574      ;
; -2.139 ; count_test_frequency[0] ; count_test_frequency[18]                  ; clock_test   ; clock_test  ; 1.000        ; -0.080     ; 3.060      ;
; -2.136 ; count_test_frequency[1] ; count_test_frequency[24]                  ; clock_test   ; clock_test  ; 1.000        ; 0.434      ; 3.571      ;
; -2.135 ; count_test_frequency[5] ; count_test_frequency[28]                  ; clock_test   ; clock_test  ; 1.000        ; 0.434      ; 3.570      ;
; -2.134 ; count_test_frequency[3] ; count_test_frequency[26]                  ; clock_test   ; clock_test  ; 1.000        ; 0.434      ; 3.569      ;
; -2.123 ; count_test_frequency[0] ; count_test_frequency[17]                  ; clock_test   ; clock_test  ; 1.000        ; -0.080     ; 3.044      ;
; -2.115 ; count_test_frequency[2] ; count_test_frequency[20]                  ; clock_test   ; clock_test  ; 1.000        ; -0.080     ; 3.036      ;
; -2.109 ; count_test_frequency[7] ; count_test_frequency[31]                  ; clock_test   ; clock_test  ; 1.000        ; 0.434      ; 3.544      ;
; -2.106 ; count_test_frequency[1] ; count_test_frequency[25]                  ; clock_test   ; clock_test  ; 1.000        ; 0.434      ; 3.541      ;
; -2.105 ; count_test_frequency[5] ; count_test_frequency[29]                  ; clock_test   ; clock_test  ; 1.000        ; 0.434      ; 3.540      ;
; -2.104 ; count_test_frequency[3] ; count_test_frequency[27]                  ; clock_test   ; clock_test  ; 1.000        ; 0.434      ; 3.539      ;
; -2.099 ; count_test_frequency[2] ; count_test_frequency[19]                  ; clock_test   ; clock_test  ; 1.000        ; -0.080     ; 3.020      ;
; -2.073 ; count_test_frequency[6] ; count_test_frequency[30]                  ; clock_test   ; clock_test  ; 1.000        ; 0.434      ; 3.508      ;
; -2.066 ; count_test_frequency[1] ; count_test_frequency[16]                  ; clock_test   ; clock_test  ; 1.000        ; -0.080     ; 2.987      ;
; -2.065 ; count_test_frequency[5] ; count_test_frequency[20]                  ; clock_test   ; clock_test  ; 1.000        ; -0.080     ; 2.986      ;
+--------+-------------------------+-------------------------------------------+--------------+-------------+--------------+------------+------------+


+---------------------------------------------------------------------------------------------------------------------------------------------+
; Slow 1200mV 85C Model Hold: 'system_clock'                                                                                                  ;
+-------+------------------------------------------+-------------------+--------------+--------------+--------------+------------+------------+
; Slack ; From Node                                ; To Node           ; Launch Clock ; Latch Clock  ; Relationship ; Clock Skew ; Data Delay ;
+-------+------------------------------------------+-------------------+--------------+--------------+--------------+------------+------------+
; 0.573 ; count_test_frequency_reg[0]~_Duplicate_2 ; frequency[0]~reg0 ; clock_test   ; system_clock ; 0.000        ; 0.110      ; 0.935      ;
; 0.761 ; count_gate_s[3]                          ; count_gate_s[3]   ; system_clock ; system_clock ; 0.000        ; 0.081      ; 1.054      ;
; 0.762 ; count_gate_s[1]                          ; count_gate_s[1]   ; system_clock ; system_clock ; 0.000        ; 0.081      ; 1.055      ;
; 0.762 ; count_gate_s[9]                          ; count_gate_s[9]   ; system_clock ; system_clock ; 0.000        ; 0.081      ; 1.055      ;
; 0.762 ; count_gate_s[10]                         ; count_gate_s[10]  ; system_clock ; system_clock ; 0.000        ; 0.081      ; 1.055      ;
; 0.762 ; count_gate_s[15]                         ; count_gate_s[15]  ; system_clock ; system_clock ; 0.000        ; 0.081      ; 1.055      ;
; 0.763 ; count_gate_s[2]                          ; count_gate_s[2]   ; system_clock ; system_clock ; 0.000        ; 0.081      ; 1.056      ;
; 0.763 ; count_gate_s[5]                          ; count_gate_s[5]   ; system_clock ; system_clock ; 0.000        ; 0.081      ; 1.056      ;
; 0.763 ; count_gate_s[8]                          ; count_gate_s[8]   ; system_clock ; system_clock ; 0.000        ; 0.081      ; 1.056      ;
; 0.763 ; count_gate_s[16]                         ; count_gate_s[16]  ; system_clock ; system_clock ; 0.000        ; 0.081      ; 1.056      ;
; 0.764 ; count_gate_s[24]                         ; count_gate_s[24]  ; system_clock ; system_clock ; 0.000        ; 0.081      ; 1.057      ;
; 0.765 ; count_gate_s[4]                          ; count_gate_s[4]   ; system_clock ; system_clock ; 0.000        ; 0.081      ; 1.058      ;
; 0.779 ; count_gate_s[0]                          ; count_gate_s[0]   ; system_clock ; system_clock ; 0.000        ; 0.081      ; 1.072      ;
; 0.785 ; count_gate_s[12]                         ; count_gate_s[12]  ; system_clock ; system_clock ; 0.000        ; 0.081      ; 1.078      ;
; 0.786 ; count_gate_s[17]                         ; count_gate_s[17]  ; system_clock ; system_clock ; 0.000        ; 0.081      ; 1.079      ;
; 0.787 ; count_gate_s[18]                         ; count_gate_s[18]  ; system_clock ; system_clock ; 0.000        ; 0.081      ; 1.080      ;
; 0.787 ; count_gate_s[23]                         ; count_gate_s[23]  ; system_clock ; system_clock ; 0.000        ; 0.081      ; 1.080      ;
; 0.787 ; count_gate_s[25]                         ; count_gate_s[25]  ; system_clock ; system_clock ; 0.000        ; 0.081      ; 1.080      ;
; 1.116 ; count_gate_s[9]                          ; count_gate_s[10]  ; system_clock ; system_clock ; 0.000        ; 0.081      ; 1.409      ;
; 1.116 ; count_gate_s[1]                          ; count_gate_s[2]   ; system_clock ; system_clock ; 0.000        ; 0.081      ; 1.409      ;
; 1.116 ; count_gate_s[15]                         ; count_gate_s[16]  ; system_clock ; system_clock ; 0.000        ; 0.081      ; 1.409      ;
; 1.116 ; count_gate_s[3]                          ; count_gate_s[4]   ; system_clock ; system_clock ; 0.000        ; 0.081      ; 1.409      ;
; 1.119 ; count_gate_s[11]                         ; count_gate_s[12]  ; system_clock ; system_clock ; 0.000        ; 0.081      ; 1.412      ;
; 1.123 ; count_gate_s[0]                          ; count_gate_s[1]   ; system_clock ; system_clock ; 0.000        ; 0.081      ; 1.416      ;
; 1.124 ; count_gate_s[2]                          ; count_gate_s[3]   ; system_clock ; system_clock ; 0.000        ; 0.081      ; 1.417      ;
; 1.124 ; count_gate_s[8]                          ; count_gate_s[9]   ; system_clock ; system_clock ; 0.000        ; 0.081      ; 1.417      ;
; 1.124 ; count_gate_s[16]                         ; count_gate_s[17]  ; system_clock ; system_clock ; 0.000        ; 0.081      ; 1.417      ;
; 1.125 ; count_gate_s[24]                         ; count_gate_s[25]  ; system_clock ; system_clock ; 0.000        ; 0.081      ; 1.418      ;
; 1.126 ; count_gate_s[4]                          ; count_gate_s[5]   ; system_clock ; system_clock ; 0.000        ; 0.081      ; 1.419      ;
; 1.132 ; count_gate_s[0]                          ; count_gate_s[2]   ; system_clock ; system_clock ; 0.000        ; 0.081      ; 1.425      ;
; 1.132 ; count_gate_s[10]                         ; count_gate_s[12]  ; system_clock ; system_clock ; 0.000        ; 0.081      ; 1.425      ;
; 1.133 ; count_gate_s[16]                         ; count_gate_s[18]  ; system_clock ; system_clock ; 0.000        ; 0.081      ; 1.426      ;
; 1.133 ; count_gate_s[8]                          ; count_gate_s[10]  ; system_clock ; system_clock ; 0.000        ; 0.081      ; 1.426      ;
; 1.133 ; count_gate_s[2]                          ; count_gate_s[4]   ; system_clock ; system_clock ; 0.000        ; 0.081      ; 1.426      ;
; 1.140 ; count_gate_s[17]                         ; count_gate_s[18]  ; system_clock ; system_clock ; 0.000        ; 0.081      ; 1.433      ;
; 1.141 ; count_gate_s[7]                          ; count_gate_s[8]   ; system_clock ; system_clock ; 0.000        ; 0.081      ; 1.434      ;
; 1.141 ; count_gate_s[23]                         ; count_gate_s[24]  ; system_clock ; system_clock ; 0.000        ; 0.081      ; 1.434      ;
; 1.148 ; count_gate_s[22]                         ; count_gate_s[23]  ; system_clock ; system_clock ; 0.000        ; 0.081      ; 1.441      ;
; 1.157 ; count_gate_s[22]                         ; count_gate_s[24]  ; system_clock ; system_clock ; 0.000        ; 0.081      ; 1.450      ;
; 1.159 ; count_gate_s[6]                          ; count_gate_s[8]   ; system_clock ; system_clock ; 0.000        ; 0.081      ; 1.452      ;
; 1.165 ; count_gate_s[11]                         ; count_gate_s[11]  ; system_clock ; system_clock ; 0.000        ; 0.081      ; 1.458      ;
; 1.185 ; count_gate_s[22]                         ; count_gate_s[22]  ; system_clock ; system_clock ; 0.000        ; 0.081      ; 1.478      ;
; 1.187 ; count_gate_s[7]                          ; count_gate_s[7]   ; system_clock ; system_clock ; 0.000        ; 0.081      ; 1.480      ;
; 1.189 ; count_gate_s[6]                          ; count_gate_s[6]   ; system_clock ; system_clock ; 0.000        ; 0.081      ; 1.482      ;
; 1.228 ; count_gate_s[24]                         ; count_gate_s[26]  ; system_clock ; system_clock ; 0.000        ; 0.576      ; 2.016      ;
; 1.235 ; count_gate_s[25]                         ; count_gate_s[26]  ; system_clock ; system_clock ; 0.000        ; 0.576      ; 2.023      ;
; 1.247 ; count_gate_s[1]                          ; count_gate_s[3]   ; system_clock ; system_clock ; 0.000        ; 0.081      ; 1.540      ;
; 1.247 ; count_gate_s[15]                         ; count_gate_s[17]  ; system_clock ; system_clock ; 0.000        ; 0.081      ; 1.540      ;
; 1.247 ; count_gate_s[3]                          ; count_gate_s[5]   ; system_clock ; system_clock ; 0.000        ; 0.081      ; 1.540      ;
; 1.252 ; count_gate_s[26]                         ; count_gate_s[26]  ; system_clock ; system_clock ; 0.000        ; 0.101      ; 1.565      ;
; 1.256 ; count_gate_s[9]                          ; count_gate_s[12]  ; system_clock ; system_clock ; 0.000        ; 0.081      ; 1.549      ;
; 1.256 ; count_gate_s[15]                         ; count_gate_s[18]  ; system_clock ; system_clock ; 0.000        ; 0.081      ; 1.549      ;
; 1.256 ; count_gate_s[1]                          ; count_gate_s[4]   ; system_clock ; system_clock ; 0.000        ; 0.081      ; 1.549      ;
; 1.257 ; count_gate_s[5]                          ; count_gate_s[8]   ; system_clock ; system_clock ; 0.000        ; 0.081      ; 1.550      ;
; 1.263 ; count_gate_s[0]                          ; count_gate_s[3]   ; system_clock ; system_clock ; 0.000        ; 0.081      ; 1.556      ;
; 1.264 ; count_gate_s[2]                          ; count_gate_s[5]   ; system_clock ; system_clock ; 0.000        ; 0.081      ; 1.557      ;
; 1.267 ; count_gate_s[20]                         ; count_gate_s[23]  ; system_clock ; system_clock ; 0.000        ; 0.081      ; 1.560      ;
; 1.272 ; count_gate_s[7]                          ; count_gate_s[9]   ; system_clock ; system_clock ; 0.000        ; 0.081      ; 1.565      ;
; 1.272 ; count_gate_s[23]                         ; count_gate_s[25]  ; system_clock ; system_clock ; 0.000        ; 0.081      ; 1.565      ;
; 1.272 ; count_gate_s[0]                          ; count_gate_s[4]   ; system_clock ; system_clock ; 0.000        ; 0.081      ; 1.565      ;
; 1.273 ; count_gate_s[8]                          ; count_gate_s[12]  ; system_clock ; system_clock ; 0.000        ; 0.081      ; 1.566      ;
; 1.275 ; count_gate_s[4]                          ; count_gate_s[8]   ; system_clock ; system_clock ; 0.000        ; 0.081      ; 1.568      ;
; 1.276 ; count_gate_s[20]                         ; count_gate_s[24]  ; system_clock ; system_clock ; 0.000        ; 0.081      ; 1.569      ;
; 1.278 ; count_gate_s[12]                         ; count_gate_s[15]  ; system_clock ; system_clock ; 0.000        ; 0.089      ; 1.579      ;
; 1.281 ; count_gate_s[7]                          ; count_gate_s[10]  ; system_clock ; system_clock ; 0.000        ; 0.081      ; 1.574      ;
; 1.287 ; count_gate_s[12]                         ; count_gate_s[16]  ; system_clock ; system_clock ; 0.000        ; 0.089      ; 1.588      ;
; 1.288 ; count_gate_s[22]                         ; count_gate_s[25]  ; system_clock ; system_clock ; 0.000        ; 0.081      ; 1.581      ;
; 1.290 ; count_gate_s[6]                          ; count_gate_s[9]   ; system_clock ; system_clock ; 0.000        ; 0.081      ; 1.583      ;
; 1.299 ; count_gate_s[6]                          ; count_gate_s[10]  ; system_clock ; system_clock ; 0.000        ; 0.081      ; 1.592      ;
; 1.308 ; count_gate_s[20]                         ; count_gate_s[20]  ; system_clock ; system_clock ; 0.000        ; 0.081      ; 1.601      ;
; 1.345 ; count_gate_s[14]                         ; count_gate_s[15]  ; system_clock ; system_clock ; 0.000        ; 0.080      ; 1.637      ;
; 1.374 ; count_gate_s[14]                         ; count_gate_s[16]  ; system_clock ; system_clock ; 0.000        ; 0.080      ; 1.666      ;
; 1.375 ; count_gate_s[23]                         ; count_gate_s[26]  ; system_clock ; system_clock ; 0.000        ; 0.576      ; 2.163      ;
; 1.382 ; count_gate_s[11]                         ; count_gate_s[15]  ; system_clock ; system_clock ; 0.000        ; 0.089      ; 1.683      ;
; 1.387 ; count_gate_s[17]                         ; gate_s            ; system_clock ; system_clock ; 0.000        ; 0.063      ; 1.662      ;
; 1.387 ; count_gate_s[1]                          ; count_gate_s[5]   ; system_clock ; system_clock ; 0.000        ; 0.081      ; 1.680      ;
; 1.388 ; count_gate_s[5]                          ; count_gate_s[9]   ; system_clock ; system_clock ; 0.000        ; 0.081      ; 1.681      ;
; 1.391 ; count_gate_s[11]                         ; count_gate_s[16]  ; system_clock ; system_clock ; 0.000        ; 0.089      ; 1.692      ;
; 1.391 ; count_gate_s[22]                         ; count_gate_s[26]  ; system_clock ; system_clock ; 0.000        ; 0.576      ; 2.179      ;
; 1.395 ; count_gate_s[10]                         ; count_gate_s[15]  ; system_clock ; system_clock ; 0.000        ; 0.089      ; 1.696      ;
; 1.396 ; count_gate_s[3]                          ; count_gate_s[8]   ; system_clock ; system_clock ; 0.000        ; 0.081      ; 1.689      ;
; 1.397 ; count_gate_s[5]                          ; count_gate_s[10]  ; system_clock ; system_clock ; 0.000        ; 0.081      ; 1.690      ;
; 1.403 ; count_gate_s[0]                          ; count_gate_s[5]   ; system_clock ; system_clock ; 0.000        ; 0.081      ; 1.696      ;
; 1.404 ; count_gate_s[10]                         ; count_gate_s[16]  ; system_clock ; system_clock ; 0.000        ; 0.089      ; 1.705      ;
; 1.406 ; count_gate_s[4]                          ; count_gate_s[9]   ; system_clock ; system_clock ; 0.000        ; 0.081      ; 1.699      ;
; 1.407 ; count_gate_s[20]                         ; count_gate_s[25]  ; system_clock ; system_clock ; 0.000        ; 0.081      ; 1.700      ;
; 1.408 ; count_gate_s[13]                         ; count_gate_s[15]  ; system_clock ; system_clock ; 0.000        ; 0.080      ; 1.700      ;
; 1.413 ; count_gate_s[2]                          ; count_gate_s[8]   ; system_clock ; system_clock ; 0.000        ; 0.081      ; 1.706      ;
; 1.415 ; count_gate_s[4]                          ; count_gate_s[10]  ; system_clock ; system_clock ; 0.000        ; 0.081      ; 1.708      ;
; 1.418 ; count_gate_s[12]                         ; count_gate_s[17]  ; system_clock ; system_clock ; 0.000        ; 0.089      ; 1.719      ;
; 1.421 ; count_gate_s[7]                          ; count_gate_s[12]  ; system_clock ; system_clock ; 0.000        ; 0.081      ; 1.714      ;
; 1.427 ; count_gate_s[12]                         ; count_gate_s[18]  ; system_clock ; system_clock ; 0.000        ; 0.089      ; 1.728      ;
; 1.428 ; count_gate_s[18]                         ; count_gate_s[23]  ; system_clock ; system_clock ; 0.000        ; 0.081      ; 1.721      ;
; 1.437 ; count_gate_s[18]                         ; count_gate_s[24]  ; system_clock ; system_clock ; 0.000        ; 0.081      ; 1.730      ;
; 1.439 ; count_gate_s[6]                          ; count_gate_s[12]  ; system_clock ; system_clock ; 0.000        ; 0.081      ; 1.732      ;
; 1.464 ; count_gate_s[13]                         ; count_gate_s[16]  ; system_clock ; system_clock ; 0.000        ; 0.080      ; 1.756      ;
; 1.485 ; count_gate_s[14]                         ; count_gate_s[17]  ; system_clock ; system_clock ; 0.000        ; 0.080      ; 1.777      ;
; 1.504 ; count_gate_s[10]                         ; count_gate_s[11]  ; system_clock ; system_clock ; 0.000        ; 0.081      ; 1.797      ;
; 1.510 ; count_gate_s[20]                         ; count_gate_s[26]  ; system_clock ; system_clock ; 0.000        ; 0.576      ; 2.298      ;
; 1.511 ; count_gate_s[13]                         ; count_gate_s[26]  ; system_clock ; system_clock ; 0.000        ; 0.575      ; 2.298      ;
+-------+------------------------------------------+-------------------+--------------+--------------+--------------+------------+------------+


+---------------------------------------------------------------------------------------------------------------------------------------------------+
; Slow 1200mV 85C Model Hold: 'clock_test'                                                                                                          ;
+-------+--------------------------+------------------------------------------+--------------+-------------+--------------+------------+------------+
; Slack ; From Node                ; To Node                                  ; Launch Clock ; Latch Clock ; Relationship ; Clock Skew ; Data Delay ;
+-------+--------------------------+------------------------------------------+--------------+-------------+--------------+------------+------------+
; 0.591 ; count_test_frequency[20] ; count_test_frequency[21]                 ; clock_test   ; clock_test  ; 0.000        ; 0.616      ; 1.419      ;
; 0.600 ; count_test_frequency[20] ; count_test_frequency[22]                 ; clock_test   ; clock_test  ; 0.000        ; 0.616      ; 1.428      ;
; 0.670 ; gate_s                   ; gate_a                                   ; system_clock ; clock_test  ; 0.000        ; 0.069      ; 0.991      ;
; 0.712 ; count_test_frequency[19] ; count_test_frequency[21]                 ; clock_test   ; clock_test  ; 0.000        ; 0.616      ; 1.540      ;
; 0.721 ; count_test_frequency[19] ; count_test_frequency[22]                 ; clock_test   ; clock_test  ; 0.000        ; 0.616      ; 1.549      ;
; 0.730 ; count_test_frequency[18] ; count_test_frequency[21]                 ; clock_test   ; clock_test  ; 0.000        ; 0.616      ; 1.558      ;
; 0.731 ; count_test_frequency[20] ; count_test_frequency[23]                 ; clock_test   ; clock_test  ; 0.000        ; 0.616      ; 1.559      ;
; 0.739 ; count_test_frequency[18] ; count_test_frequency[22]                 ; clock_test   ; clock_test  ; 0.000        ; 0.616      ; 1.567      ;
; 0.740 ; count_test_frequency[20] ; count_test_frequency[24]                 ; clock_test   ; clock_test  ; 0.000        ; 0.616      ; 1.568      ;
; 0.741 ; count_test_frequency[27] ; count_test_frequency[27]                 ; clock_test   ; clock_test  ; 0.000        ; 0.102      ; 1.055      ;
; 0.741 ; count_test_frequency[29] ; count_test_frequency[29]                 ; clock_test   ; clock_test  ; 0.000        ; 0.102      ; 1.055      ;
; 0.741 ; count_test_frequency[21] ; count_test_frequency[21]                 ; clock_test   ; clock_test  ; 0.000        ; 0.102      ; 1.055      ;
; 0.742 ; count_test_frequency[31] ; count_test_frequency[31]                 ; clock_test   ; clock_test  ; 0.000        ; 0.102      ; 1.056      ;
; 0.743 ; count_test_frequency[25] ; count_test_frequency[25]                 ; clock_test   ; clock_test  ; 0.000        ; 0.102      ; 1.057      ;
; 0.743 ; count_test_frequency[22] ; count_test_frequency[22]                 ; clock_test   ; clock_test  ; 0.000        ; 0.102      ; 1.057      ;
; 0.743 ; count_test_frequency[23] ; count_test_frequency[23]                 ; clock_test   ; clock_test  ; 0.000        ; 0.102      ; 1.057      ;
; 0.744 ; count_test_frequency[30] ; count_test_frequency[30]                 ; clock_test   ; clock_test  ; 0.000        ; 0.102      ; 1.058      ;
; 0.745 ; count_test_frequency[26] ; count_test_frequency[26]                 ; clock_test   ; clock_test  ; 0.000        ; 0.102      ; 1.059      ;
; 0.745 ; count_test_frequency[28] ; count_test_frequency[28]                 ; clock_test   ; clock_test  ; 0.000        ; 0.102      ; 1.059      ;
; 0.745 ; count_test_frequency[24] ; count_test_frequency[24]                 ; clock_test   ; clock_test  ; 0.000        ; 0.102      ; 1.059      ;
; 0.761 ; count_test_frequency[3]  ; count_test_frequency[3]                  ; clock_test   ; clock_test  ; 0.000        ; 0.080      ; 1.053      ;
; 0.761 ; count_test_frequency[15] ; count_test_frequency[15]                 ; clock_test   ; clock_test  ; 0.000        ; 0.080      ; 1.053      ;
; 0.761 ; count_test_frequency[19] ; count_test_frequency[19]                 ; clock_test   ; clock_test  ; 0.000        ; 0.081      ; 1.054      ;
; 0.762 ; count_test_frequency[1]  ; count_test_frequency[1]                  ; clock_test   ; clock_test  ; 0.000        ; 0.080      ; 1.054      ;
; 0.762 ; count_test_frequency[5]  ; count_test_frequency[5]                  ; clock_test   ; clock_test  ; 0.000        ; 0.080      ; 1.054      ;
; 0.762 ; count_test_frequency[11] ; count_test_frequency[11]                 ; clock_test   ; clock_test  ; 0.000        ; 0.080      ; 1.054      ;
; 0.762 ; count_test_frequency[13] ; count_test_frequency[13]                 ; clock_test   ; clock_test  ; 0.000        ; 0.080      ; 1.054      ;
; 0.762 ; count_test_frequency[17] ; count_test_frequency[17]                 ; clock_test   ; clock_test  ; 0.000        ; 0.081      ; 1.055      ;
; 0.763 ; count_test_frequency[16] ; count_test_frequency[16]                 ; clock_test   ; clock_test  ; 0.000        ; 0.081      ; 1.056      ;
; 0.764 ; count_test_frequency[2]  ; count_test_frequency[2]                  ; clock_test   ; clock_test  ; 0.000        ; 0.080      ; 1.056      ;
; 0.764 ; count_test_frequency[7]  ; count_test_frequency[7]                  ; clock_test   ; clock_test  ; 0.000        ; 0.080      ; 1.056      ;
; 0.764 ; count_test_frequency[9]  ; count_test_frequency[9]                  ; clock_test   ; clock_test  ; 0.000        ; 0.080      ; 1.056      ;
; 0.764 ; count_test_frequency[18] ; count_test_frequency[18]                 ; clock_test   ; clock_test  ; 0.000        ; 0.081      ; 1.057      ;
; 0.765 ; count_test_frequency[4]  ; count_test_frequency[4]                  ; clock_test   ; clock_test  ; 0.000        ; 0.080      ; 1.057      ;
; 0.765 ; count_test_frequency[12] ; count_test_frequency[12]                 ; clock_test   ; clock_test  ; 0.000        ; 0.080      ; 1.057      ;
; 0.765 ; count_test_frequency[14] ; count_test_frequency[14]                 ; clock_test   ; clock_test  ; 0.000        ; 0.080      ; 1.057      ;
; 0.765 ; count_test_frequency[20] ; count_test_frequency[20]                 ; clock_test   ; clock_test  ; 0.000        ; 0.081      ; 1.058      ;
; 0.766 ; count_test_frequency[8]  ; count_test_frequency[8]                  ; clock_test   ; clock_test  ; 0.000        ; 0.080      ; 1.058      ;
; 0.766 ; count_test_frequency[10] ; count_test_frequency[10]                 ; clock_test   ; clock_test  ; 0.000        ; 0.080      ; 1.058      ;
; 0.788 ; count_test_frequency[6]  ; count_test_frequency[6]                  ; clock_test   ; clock_test  ; 0.000        ; 0.080      ; 1.080      ;
; 0.810 ; count_test_frequency[0]  ; count_test_frequency[0]                  ; clock_test   ; clock_test  ; 0.000        ; 0.080      ; 1.102      ;
; 0.852 ; count_test_frequency[17] ; count_test_frequency[21]                 ; clock_test   ; clock_test  ; 0.000        ; 0.616      ; 1.680      ;
; 0.852 ; count_test_frequency[19] ; count_test_frequency[23]                 ; clock_test   ; clock_test  ; 0.000        ; 0.616      ; 1.680      ;
; 0.861 ; count_test_frequency[17] ; count_test_frequency[22]                 ; clock_test   ; clock_test  ; 0.000        ; 0.616      ; 1.689      ;
; 0.861 ; count_test_frequency[19] ; count_test_frequency[24]                 ; clock_test   ; clock_test  ; 0.000        ; 0.616      ; 1.689      ;
; 0.869 ; count_test_frequency[16] ; count_test_frequency[21]                 ; clock_test   ; clock_test  ; 0.000        ; 0.616      ; 1.697      ;
; 0.870 ; count_test_frequency[18] ; count_test_frequency[23]                 ; clock_test   ; clock_test  ; 0.000        ; 0.616      ; 1.698      ;
; 0.871 ; count_test_frequency[20] ; count_test_frequency[25]                 ; clock_test   ; clock_test  ; 0.000        ; 0.616      ; 1.699      ;
; 0.878 ; count_test_frequency[16] ; count_test_frequency[22]                 ; clock_test   ; clock_test  ; 0.000        ; 0.616      ; 1.706      ;
; 0.879 ; count_test_frequency[18] ; count_test_frequency[24]                 ; clock_test   ; clock_test  ; 0.000        ; 0.616      ; 1.707      ;
; 0.880 ; count_test_frequency[20] ; count_test_frequency[26]                 ; clock_test   ; clock_test  ; 0.000        ; 0.616      ; 1.708      ;
; 0.882 ; gate_a                   ; count_test_frequency[21]                 ; clock_test   ; clock_test  ; 0.000        ; 0.620      ; 1.714      ;
; 0.882 ; gate_a                   ; count_test_frequency[22]                 ; clock_test   ; clock_test  ; 0.000        ; 0.620      ; 1.714      ;
; 0.882 ; gate_a                   ; count_test_frequency[23]                 ; clock_test   ; clock_test  ; 0.000        ; 0.620      ; 1.714      ;
; 0.882 ; gate_a                   ; count_test_frequency[24]                 ; clock_test   ; clock_test  ; 0.000        ; 0.620      ; 1.714      ;
; 0.882 ; gate_a                   ; count_test_frequency[25]                 ; clock_test   ; clock_test  ; 0.000        ; 0.620      ; 1.714      ;
; 0.882 ; gate_a                   ; count_test_frequency[26]                 ; clock_test   ; clock_test  ; 0.000        ; 0.620      ; 1.714      ;
; 0.882 ; gate_a                   ; count_test_frequency[27]                 ; clock_test   ; clock_test  ; 0.000        ; 0.620      ; 1.714      ;
; 0.882 ; gate_a                   ; count_test_frequency[28]                 ; clock_test   ; clock_test  ; 0.000        ; 0.620      ; 1.714      ;
; 0.882 ; gate_a                   ; count_test_frequency[29]                 ; clock_test   ; clock_test  ; 0.000        ; 0.620      ; 1.714      ;
; 0.882 ; gate_a                   ; count_test_frequency[30]                 ; clock_test   ; clock_test  ; 0.000        ; 0.620      ; 1.714      ;
; 0.882 ; gate_a                   ; count_test_frequency[31]                 ; clock_test   ; clock_test  ; 0.000        ; 0.620      ; 1.714      ;
; 0.991 ; count_test_frequency[15] ; count_test_frequency[21]                 ; clock_test   ; clock_test  ; 0.000        ; 0.616      ; 1.819      ;
; 0.992 ; count_test_frequency[17] ; count_test_frequency[23]                 ; clock_test   ; clock_test  ; 0.000        ; 0.616      ; 1.820      ;
; 0.992 ; count_test_frequency[19] ; count_test_frequency[25]                 ; clock_test   ; clock_test  ; 0.000        ; 0.616      ; 1.820      ;
; 1.000 ; count_test_frequency[15] ; count_test_frequency[22]                 ; clock_test   ; clock_test  ; 0.000        ; 0.616      ; 1.828      ;
; 1.001 ; count_test_frequency[17] ; count_test_frequency[24]                 ; clock_test   ; clock_test  ; 0.000        ; 0.616      ; 1.829      ;
; 1.001 ; count_test_frequency[19] ; count_test_frequency[26]                 ; clock_test   ; clock_test  ; 0.000        ; 0.616      ; 1.829      ;
; 1.009 ; count_test_frequency[16] ; count_test_frequency[23]                 ; clock_test   ; clock_test  ; 0.000        ; 0.616      ; 1.837      ;
; 1.010 ; count_test_frequency[14] ; count_test_frequency[21]                 ; clock_test   ; clock_test  ; 0.000        ; 0.616      ; 1.838      ;
; 1.010 ; count_test_frequency[18] ; count_test_frequency[25]                 ; clock_test   ; clock_test  ; 0.000        ; 0.616      ; 1.838      ;
; 1.011 ; count_test_frequency[20] ; count_test_frequency[27]                 ; clock_test   ; clock_test  ; 0.000        ; 0.616      ; 1.839      ;
; 1.018 ; count_test_frequency[16] ; count_test_frequency[24]                 ; clock_test   ; clock_test  ; 0.000        ; 0.616      ; 1.846      ;
; 1.019 ; count_test_frequency[14] ; count_test_frequency[22]                 ; clock_test   ; clock_test  ; 0.000        ; 0.616      ; 1.847      ;
; 1.019 ; count_test_frequency[18] ; count_test_frequency[26]                 ; clock_test   ; clock_test  ; 0.000        ; 0.616      ; 1.847      ;
; 1.020 ; count_test_frequency[20] ; count_test_frequency[28]                 ; clock_test   ; clock_test  ; 0.000        ; 0.616      ; 1.848      ;
; 1.065 ; count_test_frequency[0]  ; count_test_frequency_reg[0]~_Duplicate_2 ; clock_test   ; clock_test  ; 0.000        ; 0.079      ; 1.356      ;
; 1.096 ; count_test_frequency[21] ; count_test_frequency[22]                 ; clock_test   ; clock_test  ; 0.000        ; 0.102      ; 1.410      ;
; 1.096 ; count_test_frequency[29] ; count_test_frequency[30]                 ; clock_test   ; clock_test  ; 0.000        ; 0.102      ; 1.410      ;
; 1.096 ; count_test_frequency[27] ; count_test_frequency[28]                 ; clock_test   ; clock_test  ; 0.000        ; 0.102      ; 1.410      ;
; 1.097 ; count_test_frequency[23] ; count_test_frequency[24]                 ; clock_test   ; clock_test  ; 0.000        ; 0.102      ; 1.411      ;
; 1.097 ; count_test_frequency[25] ; count_test_frequency[26]                 ; clock_test   ; clock_test  ; 0.000        ; 0.102      ; 1.411      ;
; 1.104 ; count_test_frequency[22] ; count_test_frequency[23]                 ; clock_test   ; clock_test  ; 0.000        ; 0.102      ; 1.418      ;
; 1.105 ; count_test_frequency[30] ; count_test_frequency[31]                 ; clock_test   ; clock_test  ; 0.000        ; 0.102      ; 1.419      ;
; 1.106 ; count_test_frequency[28] ; count_test_frequency[29]                 ; clock_test   ; clock_test  ; 0.000        ; 0.102      ; 1.420      ;
; 1.106 ; count_test_frequency[24] ; count_test_frequency[25]                 ; clock_test   ; clock_test  ; 0.000        ; 0.102      ; 1.420      ;
; 1.106 ; count_test_frequency[26] ; count_test_frequency[27]                 ; clock_test   ; clock_test  ; 0.000        ; 0.102      ; 1.420      ;
; 1.113 ; count_test_frequency[22] ; count_test_frequency[24]                 ; clock_test   ; clock_test  ; 0.000        ; 0.102      ; 1.427      ;
; 1.115 ; count_test_frequency[15] ; count_test_frequency[16]                 ; clock_test   ; clock_test  ; 0.000        ; 0.081      ; 1.408      ;
; 1.115 ; count_test_frequency[24] ; count_test_frequency[26]                 ; clock_test   ; clock_test  ; 0.000        ; 0.102      ; 1.429      ;
; 1.115 ; count_test_frequency[26] ; count_test_frequency[28]                 ; clock_test   ; clock_test  ; 0.000        ; 0.102      ; 1.429      ;
; 1.115 ; count_test_frequency[28] ; count_test_frequency[30]                 ; clock_test   ; clock_test  ; 0.000        ; 0.102      ; 1.429      ;
; 1.116 ; count_test_frequency[1]  ; count_test_frequency[2]                  ; clock_test   ; clock_test  ; 0.000        ; 0.080      ; 1.408      ;
; 1.116 ; count_test_frequency[17] ; count_test_frequency[18]                 ; clock_test   ; clock_test  ; 0.000        ; 0.081      ; 1.409      ;
; 1.116 ; count_test_frequency[3]  ; count_test_frequency[4]                  ; clock_test   ; clock_test  ; 0.000        ; 0.080      ; 1.408      ;
; 1.116 ; count_test_frequency[19] ; count_test_frequency[20]                 ; clock_test   ; clock_test  ; 0.000        ; 0.081      ; 1.409      ;
; 1.117 ; count_test_frequency[11] ; count_test_frequency[12]                 ; clock_test   ; clock_test  ; 0.000        ; 0.080      ; 1.409      ;
; 1.117 ; count_test_frequency[13] ; count_test_frequency[14]                 ; clock_test   ; clock_test  ; 0.000        ; 0.080      ; 1.409      ;
; 1.117 ; count_test_frequency[5]  ; count_test_frequency[6]                  ; clock_test   ; clock_test  ; 0.000        ; 0.080      ; 1.409      ;
; 1.118 ; count_test_frequency[7]  ; count_test_frequency[8]                  ; clock_test   ; clock_test  ; 0.000        ; 0.080      ; 1.410      ;
+-------+--------------------------+------------------------------------------+--------------+-------------+--------------+------------+------------+


+--------------------------------------------------------------------------------------------------------------------------------+
; Slow 1200mV 85C Model Minimum Pulse Width: 'clock_test'                                                                        ;
+--------+--------------+----------------+-----------------+------------+------------+-------------------------------------------+
; Slack  ; Actual Width ; Required Width ; Type            ; Clock      ; Clock Edge ; Target                                    ;
+--------+--------------+----------------+-----------------+------------+------------+-------------------------------------------+
; -4.000 ; 1.000        ; 5.000          ; Min Period      ; clock_test ; Rise       ; count_test_frequency_reg[0]               ;
; -4.000 ; 1.000        ; 5.000          ; Min Period      ; clock_test ; Rise       ; count_test_frequency_reg[0]~_Duplicate_1  ;
; -4.000 ; 1.000        ; 5.000          ; Min Period      ; clock_test ; Rise       ; count_test_frequency_reg[10]              ;
; -4.000 ; 1.000        ; 5.000          ; Min Period      ; clock_test ; Rise       ; count_test_frequency_reg[10]~_Duplicate_1 ;
; -4.000 ; 1.000        ; 5.000          ; Min Period      ; clock_test ; Rise       ; count_test_frequency_reg[11]              ;
; -4.000 ; 1.000        ; 5.000          ; Min Period      ; clock_test ; Rise       ; count_test_frequency_reg[11]~_Duplicate_1 ;
; -4.000 ; 1.000        ; 5.000          ; Min Period      ; clock_test ; Rise       ; count_test_frequency_reg[12]              ;
; -4.000 ; 1.000        ; 5.000          ; Min Period      ; clock_test ; Rise       ; count_test_frequency_reg[12]~_Duplicate_1 ;
; -4.000 ; 1.000        ; 5.000          ; Min Period      ; clock_test ; Rise       ; count_test_frequency_reg[13]              ;
; -4.000 ; 1.000        ; 5.000          ; Min Period      ; clock_test ; Rise       ; count_test_frequency_reg[13]~_Duplicate_1 ;
; -4.000 ; 1.000        ; 5.000          ; Min Period      ; clock_test ; Rise       ; count_test_frequency_reg[14]              ;
; -4.000 ; 1.000        ; 5.000          ; Min Period      ; clock_test ; Rise       ; count_test_frequency_reg[14]~_Duplicate_1 ;
; -4.000 ; 1.000        ; 5.000          ; Min Period      ; clock_test ; Rise       ; count_test_frequency_reg[15]              ;
; -4.000 ; 1.000        ; 5.000          ; Min Period      ; clock_test ; Rise       ; count_test_frequency_reg[15]~_Duplicate_1 ;
; -4.000 ; 1.000        ; 5.000          ; Min Period      ; clock_test ; Rise       ; count_test_frequency_reg[16]              ;
; -4.000 ; 1.000        ; 5.000          ; Min Period      ; clock_test ; Rise       ; count_test_frequency_reg[16]~_Duplicate_1 ;
; -4.000 ; 1.000        ; 5.000          ; Min Period      ; clock_test ; Rise       ; count_test_frequency_reg[17]              ;
; -4.000 ; 1.000        ; 5.000          ; Min Period      ; clock_test ; Rise       ; count_test_frequency_reg[17]~_Duplicate_1 ;
; -4.000 ; 1.000        ; 5.000          ; Min Period      ; clock_test ; Rise       ; count_test_frequency_reg[18]              ;
; -4.000 ; 1.000        ; 5.000          ; Min Period      ; clock_test ; Rise       ; count_test_frequency_reg[19]              ;
; -4.000 ; 1.000        ; 5.000          ; Min Period      ; clock_test ; Rise       ; count_test_frequency_reg[1]               ;
; -4.000 ; 1.000        ; 5.000          ; Min Period      ; clock_test ; Rise       ; count_test_frequency_reg[1]~_Duplicate_1  ;
; -4.000 ; 1.000        ; 5.000          ; Min Period      ; clock_test ; Rise       ; count_test_frequency_reg[20]              ;
; -4.000 ; 1.000        ; 5.000          ; Min Period      ; clock_test ; Rise       ; count_test_frequency_reg[21]              ;
; -4.000 ; 1.000        ; 5.000          ; Min Period      ; clock_test ; Rise       ; count_test_frequency_reg[22]              ;
; -4.000 ; 1.000        ; 5.000          ; Min Period      ; clock_test ; Rise       ; count_test_frequency_reg[23]              ;
; -4.000 ; 1.000        ; 5.000          ; Min Period      ; clock_test ; Rise       ; count_test_frequency_reg[24]              ;
; -4.000 ; 1.000        ; 5.000          ; Min Period      ; clock_test ; Rise       ; count_test_frequency_reg[25]              ;
; -4.000 ; 1.000        ; 5.000          ; Min Period      ; clock_test ; Rise       ; count_test_frequency_reg[26]              ;
; -4.000 ; 1.000        ; 5.000          ; Min Period      ; clock_test ; Rise       ; count_test_frequency_reg[27]              ;
; -4.000 ; 1.000        ; 5.000          ; Min Period      ; clock_test ; Rise       ; count_test_frequency_reg[28]              ;
; -4.000 ; 1.000        ; 5.000          ; Min Period      ; clock_test ; Rise       ; count_test_frequency_reg[29]              ;
; -4.000 ; 1.000        ; 5.000          ; Min Period      ; clock_test ; Rise       ; count_test_frequency_reg[2]               ;
; -4.000 ; 1.000        ; 5.000          ; Min Period      ; clock_test ; Rise       ; count_test_frequency_reg[2]~_Duplicate_1  ;
; -4.000 ; 1.000        ; 5.000          ; Min Period      ; clock_test ; Rise       ; count_test_frequency_reg[30]              ;
; -4.000 ; 1.000        ; 5.000          ; Min Period      ; clock_test ; Rise       ; count_test_frequency_reg[31]              ;
; -4.000 ; 1.000        ; 5.000          ; Min Period      ; clock_test ; Rise       ; count_test_frequency_reg[3]               ;
; -4.000 ; 1.000        ; 5.000          ; Min Period      ; clock_test ; Rise       ; count_test_frequency_reg[3]~_Duplicate_1  ;
; -4.000 ; 1.000        ; 5.000          ; Min Period      ; clock_test ; Rise       ; count_test_frequency_reg[4]               ;
; -4.000 ; 1.000        ; 5.000          ; Min Period      ; clock_test ; Rise       ; count_test_frequency_reg[4]~_Duplicate_1  ;
; -4.000 ; 1.000        ; 5.000          ; Min Period      ; clock_test ; Rise       ; count_test_frequency_reg[5]               ;
; -4.000 ; 1.000        ; 5.000          ; Min Period      ; clock_test ; Rise       ; count_test_frequency_reg[5]~_Duplicate_1  ;
; -4.000 ; 1.000        ; 5.000          ; Min Period      ; clock_test ; Rise       ; count_test_frequency_reg[6]               ;
; -4.000 ; 1.000        ; 5.000          ; Min Period      ; clock_test ; Rise       ; count_test_frequency_reg[6]~_Duplicate_1  ;
; -4.000 ; 1.000        ; 5.000          ; Min Period      ; clock_test ; Rise       ; count_test_frequency_reg[7]               ;
; -4.000 ; 1.000        ; 5.000          ; Min Period      ; clock_test ; Rise       ; count_test_frequency_reg[7]~_Duplicate_1  ;
; -4.000 ; 1.000        ; 5.000          ; Min Period      ; clock_test ; Rise       ; count_test_frequency_reg[8]               ;
; -4.000 ; 1.000        ; 5.000          ; Min Period      ; clock_test ; Rise       ; count_test_frequency_reg[8]~_Duplicate_1  ;
; -4.000 ; 1.000        ; 5.000          ; Min Period      ; clock_test ; Rise       ; count_test_frequency_reg[9]               ;
; -4.000 ; 1.000        ; 5.000          ; Min Period      ; clock_test ; Rise       ; count_test_frequency_reg[9]~_Duplicate_1  ;
; -3.000 ; 1.000        ; 4.000          ; Port Rate       ; clock_test ; Rise       ; clock_test                                ;
; -1.487 ; 1.000        ; 2.487          ; Min Period      ; clock_test ; Rise       ; count_test_frequency[0]                   ;
; -1.487 ; 1.000        ; 2.487          ; Min Period      ; clock_test ; Rise       ; count_test_frequency[10]                  ;
; -1.487 ; 1.000        ; 2.487          ; Min Period      ; clock_test ; Rise       ; count_test_frequency[11]                  ;
; -1.487 ; 1.000        ; 2.487          ; Min Period      ; clock_test ; Rise       ; count_test_frequency[12]                  ;
; -1.487 ; 1.000        ; 2.487          ; Min Period      ; clock_test ; Rise       ; count_test_frequency[13]                  ;
; -1.487 ; 1.000        ; 2.487          ; Min Period      ; clock_test ; Rise       ; count_test_frequency[14]                  ;
; -1.487 ; 1.000        ; 2.487          ; Min Period      ; clock_test ; Rise       ; count_test_frequency[15]                  ;
; -1.487 ; 1.000        ; 2.487          ; Min Period      ; clock_test ; Rise       ; count_test_frequency[16]                  ;
; -1.487 ; 1.000        ; 2.487          ; Min Period      ; clock_test ; Rise       ; count_test_frequency[17]                  ;
; -1.487 ; 1.000        ; 2.487          ; Min Period      ; clock_test ; Rise       ; count_test_frequency[18]                  ;
; -1.487 ; 1.000        ; 2.487          ; Min Period      ; clock_test ; Rise       ; count_test_frequency[19]                  ;
; -1.487 ; 1.000        ; 2.487          ; Min Period      ; clock_test ; Rise       ; count_test_frequency[1]                   ;
; -1.487 ; 1.000        ; 2.487          ; Min Period      ; clock_test ; Rise       ; count_test_frequency[20]                  ;
; -1.487 ; 1.000        ; 2.487          ; Min Period      ; clock_test ; Rise       ; count_test_frequency[21]                  ;
; -1.487 ; 1.000        ; 2.487          ; Min Period      ; clock_test ; Rise       ; count_test_frequency[22]                  ;
; -1.487 ; 1.000        ; 2.487          ; Min Period      ; clock_test ; Rise       ; count_test_frequency[23]                  ;
; -1.487 ; 1.000        ; 2.487          ; Min Period      ; clock_test ; Rise       ; count_test_frequency[24]                  ;
; -1.487 ; 1.000        ; 2.487          ; Min Period      ; clock_test ; Rise       ; count_test_frequency[25]                  ;
; -1.487 ; 1.000        ; 2.487          ; Min Period      ; clock_test ; Rise       ; count_test_frequency[26]                  ;
; -1.487 ; 1.000        ; 2.487          ; Min Period      ; clock_test ; Rise       ; count_test_frequency[27]                  ;
; -1.487 ; 1.000        ; 2.487          ; Min Period      ; clock_test ; Rise       ; count_test_frequency[28]                  ;
; -1.487 ; 1.000        ; 2.487          ; Min Period      ; clock_test ; Rise       ; count_test_frequency[29]                  ;
; -1.487 ; 1.000        ; 2.487          ; Min Period      ; clock_test ; Rise       ; count_test_frequency[2]                   ;
; -1.487 ; 1.000        ; 2.487          ; Min Period      ; clock_test ; Rise       ; count_test_frequency[30]                  ;
; -1.487 ; 1.000        ; 2.487          ; Min Period      ; clock_test ; Rise       ; count_test_frequency[31]                  ;
; -1.487 ; 1.000        ; 2.487          ; Min Period      ; clock_test ; Rise       ; count_test_frequency[3]                   ;
; -1.487 ; 1.000        ; 2.487          ; Min Period      ; clock_test ; Rise       ; count_test_frequency[4]                   ;
; -1.487 ; 1.000        ; 2.487          ; Min Period      ; clock_test ; Rise       ; count_test_frequency[5]                   ;
; -1.487 ; 1.000        ; 2.487          ; Min Period      ; clock_test ; Rise       ; count_test_frequency[6]                   ;
; -1.487 ; 1.000        ; 2.487          ; Min Period      ; clock_test ; Rise       ; count_test_frequency[7]                   ;
; -1.487 ; 1.000        ; 2.487          ; Min Period      ; clock_test ; Rise       ; count_test_frequency[8]                   ;
; -1.487 ; 1.000        ; 2.487          ; Min Period      ; clock_test ; Rise       ; count_test_frequency[9]                   ;
; -1.487 ; 1.000        ; 2.487          ; Min Period      ; clock_test ; Rise       ; count_test_frequency_reg[0]~_Duplicate_2  ;
; -1.487 ; 1.000        ; 2.487          ; Min Period      ; clock_test ; Rise       ; gate_a                                    ;
; -1.487 ; 1.000        ; 2.487          ; Min Period      ; clock_test ; Rise       ; gate_a_test_reg                           ;
; -0.028 ; 0.373        ; 0.401          ; Low Pulse Width ; clock_test ; Rise       ; count_test_frequency_reg[0]               ;
; -0.028 ; 0.373        ; 0.401          ; Low Pulse Width ; clock_test ; Rise       ; count_test_frequency_reg[10]              ;
; -0.028 ; 0.373        ; 0.401          ; Low Pulse Width ; clock_test ; Rise       ; count_test_frequency_reg[11]              ;
; -0.028 ; 0.373        ; 0.401          ; Low Pulse Width ; clock_test ; Rise       ; count_test_frequency_reg[12]              ;
; -0.028 ; 0.373        ; 0.401          ; Low Pulse Width ; clock_test ; Rise       ; count_test_frequency_reg[13]              ;
; -0.028 ; 0.373        ; 0.401          ; Low Pulse Width ; clock_test ; Rise       ; count_test_frequency_reg[14]              ;
; -0.028 ; 0.373        ; 0.401          ; Low Pulse Width ; clock_test ; Rise       ; count_test_frequency_reg[15]              ;
; -0.028 ; 0.373        ; 0.401          ; Low Pulse Width ; clock_test ; Rise       ; count_test_frequency_reg[16]              ;
; -0.028 ; 0.373        ; 0.401          ; Low Pulse Width ; clock_test ; Rise       ; count_test_frequency_reg[17]              ;
; -0.028 ; 0.373        ; 0.401          ; Low Pulse Width ; clock_test ; Rise       ; count_test_frequency_reg[18]              ;
; -0.028 ; 0.373        ; 0.401          ; Low Pulse Width ; clock_test ; Rise       ; count_test_frequency_reg[19]              ;
; -0.028 ; 0.373        ; 0.401          ; Low Pulse Width ; clock_test ; Rise       ; count_test_frequency_reg[1]               ;
; -0.028 ; 0.373        ; 0.401          ; Low Pulse Width ; clock_test ; Rise       ; count_test_frequency_reg[20]              ;
; -0.028 ; 0.373        ; 0.401          ; Low Pulse Width ; clock_test ; Rise       ; count_test_frequency_reg[21]              ;
+--------+--------------+----------------+-----------------+------------+------------+-------------------------------------------+


+------------------------------------------------------------------------------------------------------------+
; Slow 1200mV 85C Model Minimum Pulse Width: 'system_clock'                                                  ;
+--------+--------------+----------------+------------------+--------------+------------+--------------------+
; Slack  ; Actual Width ; Required Width ; Type             ; Clock        ; Clock Edge ; Target             ;
+--------+--------------+----------------+------------------+--------------+------------+--------------------+
; -3.000 ; 1.000        ; 4.000          ; Port Rate        ; system_clock ; Rise       ; system_clock       ;
; -1.487 ; 1.000        ; 2.487          ; Min Period       ; system_clock ; Rise       ; calculation_flag   ;
; -1.487 ; 1.000        ; 2.487          ; Min Period       ; system_clock ; Rise       ; count_gate_s[0]    ;
; -1.487 ; 1.000        ; 2.487          ; Min Period       ; system_clock ; Rise       ; count_gate_s[10]   ;
; -1.487 ; 1.000        ; 2.487          ; Min Period       ; system_clock ; Rise       ; count_gate_s[11]   ;
; -1.487 ; 1.000        ; 2.487          ; Min Period       ; system_clock ; Rise       ; count_gate_s[12]   ;
; -1.487 ; 1.000        ; 2.487          ; Min Period       ; system_clock ; Rise       ; count_gate_s[13]   ;
; -1.487 ; 1.000        ; 2.487          ; Min Period       ; system_clock ; Rise       ; count_gate_s[14]   ;
; -1.487 ; 1.000        ; 2.487          ; Min Period       ; system_clock ; Rise       ; count_gate_s[15]   ;
; -1.487 ; 1.000        ; 2.487          ; Min Period       ; system_clock ; Rise       ; count_gate_s[16]   ;
; -1.487 ; 1.000        ; 2.487          ; Min Period       ; system_clock ; Rise       ; count_gate_s[17]   ;
; -1.487 ; 1.000        ; 2.487          ; Min Period       ; system_clock ; Rise       ; count_gate_s[18]   ;
; -1.487 ; 1.000        ; 2.487          ; Min Period       ; system_clock ; Rise       ; count_gate_s[19]   ;
; -1.487 ; 1.000        ; 2.487          ; Min Period       ; system_clock ; Rise       ; count_gate_s[1]    ;
; -1.487 ; 1.000        ; 2.487          ; Min Period       ; system_clock ; Rise       ; count_gate_s[20]   ;
; -1.487 ; 1.000        ; 2.487          ; Min Period       ; system_clock ; Rise       ; count_gate_s[21]   ;
; -1.487 ; 1.000        ; 2.487          ; Min Period       ; system_clock ; Rise       ; count_gate_s[22]   ;
; -1.487 ; 1.000        ; 2.487          ; Min Period       ; system_clock ; Rise       ; count_gate_s[23]   ;
; -1.487 ; 1.000        ; 2.487          ; Min Period       ; system_clock ; Rise       ; count_gate_s[24]   ;
; -1.487 ; 1.000        ; 2.487          ; Min Period       ; system_clock ; Rise       ; count_gate_s[25]   ;
; -1.487 ; 1.000        ; 2.487          ; Min Period       ; system_clock ; Rise       ; count_gate_s[26]   ;
; -1.487 ; 1.000        ; 2.487          ; Min Period       ; system_clock ; Rise       ; count_gate_s[2]    ;
; -1.487 ; 1.000        ; 2.487          ; Min Period       ; system_clock ; Rise       ; count_gate_s[3]    ;
; -1.487 ; 1.000        ; 2.487          ; Min Period       ; system_clock ; Rise       ; count_gate_s[4]    ;
; -1.487 ; 1.000        ; 2.487          ; Min Period       ; system_clock ; Rise       ; count_gate_s[5]    ;
; -1.487 ; 1.000        ; 2.487          ; Min Period       ; system_clock ; Rise       ; count_gate_s[6]    ;
; -1.487 ; 1.000        ; 2.487          ; Min Period       ; system_clock ; Rise       ; count_gate_s[7]    ;
; -1.487 ; 1.000        ; 2.487          ; Min Period       ; system_clock ; Rise       ; count_gate_s[8]    ;
; -1.487 ; 1.000        ; 2.487          ; Min Period       ; system_clock ; Rise       ; count_gate_s[9]    ;
; -1.487 ; 1.000        ; 2.487          ; Min Period       ; system_clock ; Rise       ; frequency[0]~reg0  ;
; -1.487 ; 1.000        ; 2.487          ; Min Period       ; system_clock ; Rise       ; frequency[10]~reg0 ;
; -1.487 ; 1.000        ; 2.487          ; Min Period       ; system_clock ; Rise       ; frequency[11]~reg0 ;
; -1.487 ; 1.000        ; 2.487          ; Min Period       ; system_clock ; Rise       ; frequency[12]~reg0 ;
; -1.487 ; 1.000        ; 2.487          ; Min Period       ; system_clock ; Rise       ; frequency[13]~reg0 ;
; -1.487 ; 1.000        ; 2.487          ; Min Period       ; system_clock ; Rise       ; frequency[14]~reg0 ;
; -1.487 ; 1.000        ; 2.487          ; Min Period       ; system_clock ; Rise       ; frequency[15]~reg0 ;
; -1.487 ; 1.000        ; 2.487          ; Min Period       ; system_clock ; Rise       ; frequency[16]~reg0 ;
; -1.487 ; 1.000        ; 2.487          ; Min Period       ; system_clock ; Rise       ; frequency[17]~reg0 ;
; -1.487 ; 1.000        ; 2.487          ; Min Period       ; system_clock ; Rise       ; frequency[18]~reg0 ;
; -1.487 ; 1.000        ; 2.487          ; Min Period       ; system_clock ; Rise       ; frequency[19]~reg0 ;
; -1.487 ; 1.000        ; 2.487          ; Min Period       ; system_clock ; Rise       ; frequency[1]~reg0  ;
; -1.487 ; 1.000        ; 2.487          ; Min Period       ; system_clock ; Rise       ; frequency[20]~reg0 ;
; -1.487 ; 1.000        ; 2.487          ; Min Period       ; system_clock ; Rise       ; frequency[21]~reg0 ;
; -1.487 ; 1.000        ; 2.487          ; Min Period       ; system_clock ; Rise       ; frequency[22]~reg0 ;
; -1.487 ; 1.000        ; 2.487          ; Min Period       ; system_clock ; Rise       ; frequency[23]~reg0 ;
; -1.487 ; 1.000        ; 2.487          ; Min Period       ; system_clock ; Rise       ; frequency[24]~reg0 ;
; -1.487 ; 1.000        ; 2.487          ; Min Period       ; system_clock ; Rise       ; frequency[25]~reg0 ;
; -1.487 ; 1.000        ; 2.487          ; Min Period       ; system_clock ; Rise       ; frequency[26]~reg0 ;
; -1.487 ; 1.000        ; 2.487          ; Min Period       ; system_clock ; Rise       ; frequency[27]~reg0 ;
; -1.487 ; 1.000        ; 2.487          ; Min Period       ; system_clock ; Rise       ; frequency[28]~reg0 ;
; -1.487 ; 1.000        ; 2.487          ; Min Period       ; system_clock ; Rise       ; frequency[29]~reg0 ;
; -1.487 ; 1.000        ; 2.487          ; Min Period       ; system_clock ; Rise       ; frequency[2]~reg0  ;
; -1.487 ; 1.000        ; 2.487          ; Min Period       ; system_clock ; Rise       ; frequency[30]~reg0 ;
; -1.487 ; 1.000        ; 2.487          ; Min Period       ; system_clock ; Rise       ; frequency[31]~reg0 ;
; -1.487 ; 1.000        ; 2.487          ; Min Period       ; system_clock ; Rise       ; frequency[3]~reg0  ;
; -1.487 ; 1.000        ; 2.487          ; Min Period       ; system_clock ; Rise       ; frequency[4]~reg0  ;
; -1.487 ; 1.000        ; 2.487          ; Min Period       ; system_clock ; Rise       ; frequency[5]~reg0  ;
; -1.487 ; 1.000        ; 2.487          ; Min Period       ; system_clock ; Rise       ; frequency[6]~reg0  ;
; -1.487 ; 1.000        ; 2.487          ; Min Period       ; system_clock ; Rise       ; frequency[7]~reg0  ;
; -1.487 ; 1.000        ; 2.487          ; Min Period       ; system_clock ; Rise       ; frequency[8]~reg0  ;
; -1.487 ; 1.000        ; 2.487          ; Min Period       ; system_clock ; Rise       ; frequency[9]~reg0  ;
; -1.487 ; 1.000        ; 2.487          ; Min Period       ; system_clock ; Rise       ; gate_s             ;
; 0.263  ; 0.483        ; 0.220          ; High Pulse Width ; system_clock ; Rise       ; frequency[19]~reg0 ;
; 0.263  ; 0.483        ; 0.220          ; High Pulse Width ; system_clock ; Rise       ; frequency[20]~reg0 ;
; 0.263  ; 0.483        ; 0.220          ; High Pulse Width ; system_clock ; Rise       ; frequency[21]~reg0 ;
; 0.263  ; 0.483        ; 0.220          ; High Pulse Width ; system_clock ; Rise       ; frequency[22]~reg0 ;
; 0.263  ; 0.483        ; 0.220          ; High Pulse Width ; system_clock ; Rise       ; frequency[23]~reg0 ;
; 0.263  ; 0.483        ; 0.220          ; High Pulse Width ; system_clock ; Rise       ; frequency[24]~reg0 ;
; 0.263  ; 0.483        ; 0.220          ; High Pulse Width ; system_clock ; Rise       ; frequency[25]~reg0 ;
; 0.263  ; 0.483        ; 0.220          ; High Pulse Width ; system_clock ; Rise       ; frequency[26]~reg0 ;
; 0.263  ; 0.483        ; 0.220          ; High Pulse Width ; system_clock ; Rise       ; frequency[27]~reg0 ;
; 0.263  ; 0.483        ; 0.220          ; High Pulse Width ; system_clock ; Rise       ; frequency[28]~reg0 ;
; 0.263  ; 0.483        ; 0.220          ; High Pulse Width ; system_clock ; Rise       ; frequency[29]~reg0 ;
; 0.263  ; 0.483        ; 0.220          ; High Pulse Width ; system_clock ; Rise       ; frequency[30]~reg0 ;
; 0.263  ; 0.483        ; 0.220          ; High Pulse Width ; system_clock ; Rise       ; frequency[31]~reg0 ;
; 0.271  ; 0.491        ; 0.220          ; High Pulse Width ; system_clock ; Rise       ; count_gate_s[26]   ;
; 0.282  ; 0.502        ; 0.220          ; High Pulse Width ; system_clock ; Rise       ; count_gate_s[0]    ;
; 0.282  ; 0.502        ; 0.220          ; High Pulse Width ; system_clock ; Rise       ; count_gate_s[10]   ;
; 0.282  ; 0.502        ; 0.220          ; High Pulse Width ; system_clock ; Rise       ; count_gate_s[11]   ;
; 0.282  ; 0.502        ; 0.220          ; High Pulse Width ; system_clock ; Rise       ; count_gate_s[12]   ;
; 0.282  ; 0.502        ; 0.220          ; High Pulse Width ; system_clock ; Rise       ; count_gate_s[1]    ;
; 0.282  ; 0.502        ; 0.220          ; High Pulse Width ; system_clock ; Rise       ; count_gate_s[2]    ;
; 0.282  ; 0.502        ; 0.220          ; High Pulse Width ; system_clock ; Rise       ; count_gate_s[3]    ;
; 0.282  ; 0.502        ; 0.220          ; High Pulse Width ; system_clock ; Rise       ; count_gate_s[4]    ;
; 0.282  ; 0.502        ; 0.220          ; High Pulse Width ; system_clock ; Rise       ; count_gate_s[5]    ;
; 0.282  ; 0.502        ; 0.220          ; High Pulse Width ; system_clock ; Rise       ; count_gate_s[6]    ;
; 0.282  ; 0.502        ; 0.220          ; High Pulse Width ; system_clock ; Rise       ; count_gate_s[7]    ;
; 0.282  ; 0.502        ; 0.220          ; High Pulse Width ; system_clock ; Rise       ; count_gate_s[8]    ;
; 0.282  ; 0.502        ; 0.220          ; High Pulse Width ; system_clock ; Rise       ; count_gate_s[9]    ;
; 0.285  ; 0.505        ; 0.220          ; High Pulse Width ; system_clock ; Rise       ; frequency[0]~reg0  ;
; 0.285  ; 0.505        ; 0.220          ; High Pulse Width ; system_clock ; Rise       ; frequency[10]~reg0 ;
; 0.285  ; 0.505        ; 0.220          ; High Pulse Width ; system_clock ; Rise       ; frequency[11]~reg0 ;
; 0.285  ; 0.505        ; 0.220          ; High Pulse Width ; system_clock ; Rise       ; frequency[12]~reg0 ;
; 0.285  ; 0.505        ; 0.220          ; High Pulse Width ; system_clock ; Rise       ; frequency[13]~reg0 ;
; 0.285  ; 0.505        ; 0.220          ; High Pulse Width ; system_clock ; Rise       ; frequency[14]~reg0 ;
; 0.285  ; 0.505        ; 0.220          ; High Pulse Width ; system_clock ; Rise       ; frequency[15]~reg0 ;
; 0.285  ; 0.505        ; 0.220          ; High Pulse Width ; system_clock ; Rise       ; frequency[16]~reg0 ;
; 0.285  ; 0.505        ; 0.220          ; High Pulse Width ; system_clock ; Rise       ; frequency[17]~reg0 ;
; 0.285  ; 0.505        ; 0.220          ; High Pulse Width ; system_clock ; Rise       ; frequency[18]~reg0 ;
; 0.285  ; 0.505        ; 0.220          ; High Pulse Width ; system_clock ; Rise       ; frequency[1]~reg0  ;
+--------+--------------+----------------+------------------+--------------+------------+--------------------+


+------------------------------------------------------------------------------+
; Clock to Output Times                                                        ;
+----------------+--------------+-------+-------+------------+-----------------+
; Data Port      ; Clock Port   ; Rise  ; Fall  ; Clock Edge ; Clock Reference ;
+----------------+--------------+-------+-------+------------+-----------------+
; frequency[*]   ; system_clock ; 8.889 ; 8.840 ; Rise       ; system_clock    ;
;  frequency[0]  ; system_clock ; 8.670 ; 8.475 ; Rise       ; system_clock    ;
;  frequency[1]  ; system_clock ; 7.473 ; 7.334 ; Rise       ; system_clock    ;
;  frequency[2]  ; system_clock ; 7.392 ; 7.245 ; Rise       ; system_clock    ;
;  frequency[3]  ; system_clock ; 7.401 ; 7.254 ; Rise       ; system_clock    ;
;  frequency[4]  ; system_clock ; 7.956 ; 7.813 ; Rise       ; system_clock    ;
;  frequency[5]  ; system_clock ; 7.546 ; 7.430 ; Rise       ; system_clock    ;
;  frequency[6]  ; system_clock ; 7.724 ; 7.562 ; Rise       ; system_clock    ;
;  frequency[7]  ; system_clock ; 7.430 ; 7.291 ; Rise       ; system_clock    ;
;  frequency[8]  ; system_clock ; 7.713 ; 7.548 ; Rise       ; system_clock    ;
;  frequency[9]  ; system_clock ; 7.632 ; 7.535 ; Rise       ; system_clock    ;
;  frequency[10] ; system_clock ; 7.904 ; 7.751 ; Rise       ; system_clock    ;
;  frequency[11] ; system_clock ; 7.119 ; 7.018 ; Rise       ; system_clock    ;
;  frequency[12] ; system_clock ; 7.366 ; 7.244 ; Rise       ; system_clock    ;
;  frequency[13] ; system_clock ; 8.889 ; 8.840 ; Rise       ; system_clock    ;
;  frequency[14] ; system_clock ; 7.499 ; 7.373 ; Rise       ; system_clock    ;
;  frequency[15] ; system_clock ; 7.253 ; 7.185 ; Rise       ; system_clock    ;
;  frequency[16] ; system_clock ; 7.772 ; 7.570 ; Rise       ; system_clock    ;
;  frequency[17] ; system_clock ; 7.197 ; 7.101 ; Rise       ; system_clock    ;
;  frequency[18] ; system_clock ; 7.779 ; 7.627 ; Rise       ; system_clock    ;
;  frequency[19] ; system_clock ; 8.336 ; 8.144 ; Rise       ; system_clock    ;
;  frequency[20] ; system_clock ; 8.110 ; 7.990 ; Rise       ; system_clock    ;
;  frequency[21] ; system_clock ; 8.272 ; 8.085 ; Rise       ; system_clock    ;
;  frequency[22] ; system_clock ; 8.077 ; 7.956 ; Rise       ; system_clock    ;
;  frequency[23] ; system_clock ; 8.219 ; 8.057 ; Rise       ; system_clock    ;
;  frequency[24] ; system_clock ; 7.747 ; 7.670 ; Rise       ; system_clock    ;
;  frequency[25] ; system_clock ; 8.093 ; 7.972 ; Rise       ; system_clock    ;
;  frequency[26] ; system_clock ; 8.101 ; 7.982 ; Rise       ; system_clock    ;
;  frequency[27] ; system_clock ; 8.120 ; 7.999 ; Rise       ; system_clock    ;
;  frequency[28] ; system_clock ; 8.260 ; 8.098 ; Rise       ; system_clock    ;
;  frequency[29] ; system_clock ; 8.129 ; 7.953 ; Rise       ; system_clock    ;
;  frequency[30] ; system_clock ; 8.291 ; 8.124 ; Rise       ; system_clock    ;
;  frequency[31] ; system_clock ; 8.068 ; 7.956 ; Rise       ; system_clock    ;
+----------------+--------------+-------+-------+------------+-----------------+


+------------------------------------------------------------------------------+
; Minimum Clock to Output Times                                                ;
+----------------+--------------+-------+-------+------------+-----------------+
; Data Port      ; Clock Port   ; Rise  ; Fall  ; Clock Edge ; Clock Reference ;
+----------------+--------------+-------+-------+------------+-----------------+
; frequency[*]   ; system_clock ; 6.874 ; 6.776 ; Rise       ; system_clock    ;
;  frequency[0]  ; system_clock ; 8.361 ; 8.173 ; Rise       ; system_clock    ;
;  frequency[1]  ; system_clock ; 7.215 ; 7.078 ; Rise       ; system_clock    ;
;  frequency[2]  ; system_clock ; 7.136 ; 6.992 ; Rise       ; system_clock    ;
;  frequency[3]  ; system_clock ; 7.144 ; 7.002 ; Rise       ; system_clock    ;
;  frequency[4]  ; system_clock ; 7.678 ; 7.539 ; Rise       ; system_clock    ;
;  frequency[5]  ; system_clock ; 7.284 ; 7.171 ; Rise       ; system_clock    ;
;  frequency[6]  ; system_clock ; 7.453 ; 7.297 ; Rise       ; system_clock    ;
;  frequency[7]  ; system_clock ; 7.172 ; 7.037 ; Rise       ; system_clock    ;
;  frequency[8]  ; system_clock ; 7.442 ; 7.283 ; Rise       ; system_clock    ;
;  frequency[9]  ; system_clock ; 7.367 ; 7.272 ; Rise       ; system_clock    ;
;  frequency[10] ; system_clock ; 7.627 ; 7.479 ; Rise       ; system_clock    ;
;  frequency[11] ; system_clock ; 6.874 ; 6.776 ; Rise       ; system_clock    ;
;  frequency[12] ; system_clock ; 7.106 ; 6.987 ; Rise       ; system_clock    ;
;  frequency[13] ; system_clock ; 8.631 ; 8.586 ; Rise       ; system_clock    ;
;  frequency[14] ; system_clock ; 7.239 ; 7.116 ; Rise       ; system_clock    ;
;  frequency[15] ; system_clock ; 7.003 ; 6.935 ; Rise       ; system_clock    ;
;  frequency[16] ; system_clock ; 7.501 ; 7.305 ; Rise       ; system_clock    ;
;  frequency[17] ; system_clock ; 6.949 ; 6.855 ; Rise       ; system_clock    ;
;  frequency[18] ; system_clock ; 7.507 ; 7.360 ; Rise       ; system_clock    ;
;  frequency[19] ; system_clock ; 8.041 ; 7.855 ; Rise       ; system_clock    ;
;  frequency[20] ; system_clock ; 7.827 ; 7.710 ; Rise       ; system_clock    ;
;  frequency[21] ; system_clock ; 7.979 ; 7.799 ; Rise       ; system_clock    ;
;  frequency[22] ; system_clock ; 7.794 ; 7.676 ; Rise       ; system_clock    ;
;  frequency[23] ; system_clock ; 7.928 ; 7.771 ; Rise       ; system_clock    ;
;  frequency[24] ; system_clock ; 7.477 ; 7.401 ; Rise       ; system_clock    ;
;  frequency[25] ; system_clock ; 7.809 ; 7.691 ; Rise       ; system_clock    ;
;  frequency[26] ; system_clock ; 7.818 ; 7.701 ; Rise       ; system_clock    ;
;  frequency[27] ; system_clock ; 7.836 ; 7.717 ; Rise       ; system_clock    ;
;  frequency[28] ; system_clock ; 7.968 ; 7.812 ; Rise       ; system_clock    ;
;  frequency[29] ; system_clock ; 7.838 ; 7.667 ; Rise       ; system_clock    ;
;  frequency[30] ; system_clock ; 7.997 ; 7.836 ; Rise       ; system_clock    ;
;  frequency[31] ; system_clock ; 7.785 ; 7.676 ; Rise       ; system_clock    ;
+----------------+--------------+-------+-------+------------+-----------------+


----------------------------------------------
; Slow 1200mV 85C Model Metastability Report ;
----------------------------------------------
No synchronizer chains to report.


+----------------------------------------------------------------------------------------------+
; Slow 1200mV 0C Model Fmax Summary                                                            ;
+------------+-----------------+--------------+------------------------------------------------+
; Fmax       ; Restricted Fmax ; Clock Name   ; Note                                           ;
+------------+-----------------+--------------+------------------------------------------------+
; 228.21 MHz ; 228.21 MHz      ; system_clock ;                                                ;
; 284.17 MHz ; 200.0 MHz       ; clock_test   ; limit due to minimum period restriction (tmin) ;
+------------+-----------------+--------------+------------------------------------------------+
This panel reports FMAX for every clock in the design, regardless of the user-specified clock periods.  FMAX is only computed for paths where the source and destination registers or ports are driven by the same clock.  Paths of different clocks, including generated clocks, are ignored.  For paths between a clock and its inversion, FMAX is computed as if the rising and falling edges are scaled along with FMAX, such that the duty cycle (in terms of a percentage) is maintained. Altera recommends that you always use clock constraints and other slack reports for sign-off analysis.


+---------------------------------------+
; Slow 1200mV 0C Model Setup Summary    ;
+--------------+--------+---------------+
; Clock        ; Slack  ; End Point TNS ;
+--------------+--------+---------------+
; system_clock ; -6.594 ; -210.008      ;
; clock_test   ; -2.519 ; -158.076      ;
+--------------+--------+---------------+


+--------------------------------------+
; Slow 1200mV 0C Model Hold Summary    ;
+--------------+-------+---------------+
; Clock        ; Slack ; End Point TNS ;
+--------------+-------+---------------+
; clock_test   ; 0.522 ; 0.000         ;
; system_clock ; 0.534 ; 0.000         ;
+--------------+-------+---------------+


-----------------------------------------
; Slow 1200mV 0C Model Recovery Summary ;
-----------------------------------------
No paths to report.


----------------------------------------
; Slow 1200mV 0C Model Removal Summary ;
----------------------------------------
No paths to report.


+--------------------------------------------------+
; Slow 1200mV 0C Model Minimum Pulse Width Summary ;
+--------------+--------+--------------------------+
; Clock        ; Slack  ; End Point TNS            ;
+--------------+--------+--------------------------+
; clock_test   ; -4.000 ; -255.045                 ;
; system_clock ; -3.000 ; -93.707                  ;
+--------------+--------+--------------------------+


+-----------------------------------------------------------------------------------------------------------------------------------+
; Slow 1200mV 0C Model Setup: 'system_clock'                                                                                        ;
+--------+------------------------------+--------------------+--------------+--------------+--------------+------------+------------+
; Slack  ; From Node                    ; To Node            ; Launch Clock ; Latch Clock  ; Relationship ; Clock Skew ; Data Delay ;
+--------+------------------------------+--------------------+--------------+--------------+--------------+------------+------------+
; -6.594 ; count_test_frequency_reg[18] ; frequency[31]~reg0 ; clock_test   ; system_clock ; 1.000        ; 0.507      ; 8.083      ;
; -6.594 ; count_test_frequency_reg[19] ; frequency[31]~reg0 ; clock_test   ; system_clock ; 1.000        ; 0.507      ; 8.083      ;
; -6.594 ; count_test_frequency_reg[20] ; frequency[31]~reg0 ; clock_test   ; system_clock ; 1.000        ; 0.507      ; 8.083      ;
; -6.594 ; count_test_frequency_reg[21] ; frequency[31]~reg0 ; clock_test   ; system_clock ; 1.000        ; 0.507      ; 8.083      ;
; -6.594 ; count_test_frequency_reg[22] ; frequency[31]~reg0 ; clock_test   ; system_clock ; 1.000        ; 0.507      ; 8.083      ;
; -6.594 ; count_test_frequency_reg[23] ; frequency[31]~reg0 ; clock_test   ; system_clock ; 1.000        ; 0.507      ; 8.083      ;
; -6.594 ; count_test_frequency_reg[24] ; frequency[31]~reg0 ; clock_test   ; system_clock ; 1.000        ; 0.507      ; 8.083      ;
; -6.594 ; count_test_frequency_reg[25] ; frequency[31]~reg0 ; clock_test   ; system_clock ; 1.000        ; 0.507      ; 8.083      ;
; -6.594 ; count_test_frequency_reg[26] ; frequency[31]~reg0 ; clock_test   ; system_clock ; 1.000        ; 0.507      ; 8.083      ;
; -6.594 ; count_test_frequency_reg[27] ; frequency[31]~reg0 ; clock_test   ; system_clock ; 1.000        ; 0.507      ; 8.083      ;
; -6.594 ; count_test_frequency_reg[28] ; frequency[31]~reg0 ; clock_test   ; system_clock ; 1.000        ; 0.507      ; 8.083      ;
; -6.594 ; count_test_frequency_reg[29] ; frequency[31]~reg0 ; clock_test   ; system_clock ; 1.000        ; 0.507      ; 8.083      ;
; -6.594 ; count_test_frequency_reg[30] ; frequency[31]~reg0 ; clock_test   ; system_clock ; 1.000        ; 0.507      ; 8.083      ;
; -6.594 ; count_test_frequency_reg[31] ; frequency[31]~reg0 ; clock_test   ; system_clock ; 1.000        ; 0.507      ; 8.083      ;
; -6.517 ; count_test_frequency_reg[18] ; frequency[30]~reg0 ; clock_test   ; system_clock ; 1.000        ; 0.507      ; 8.006      ;
; -6.517 ; count_test_frequency_reg[19] ; frequency[30]~reg0 ; clock_test   ; system_clock ; 1.000        ; 0.507      ; 8.006      ;
; -6.517 ; count_test_frequency_reg[20] ; frequency[30]~reg0 ; clock_test   ; system_clock ; 1.000        ; 0.507      ; 8.006      ;
; -6.517 ; count_test_frequency_reg[21] ; frequency[30]~reg0 ; clock_test   ; system_clock ; 1.000        ; 0.507      ; 8.006      ;
; -6.517 ; count_test_frequency_reg[22] ; frequency[30]~reg0 ; clock_test   ; system_clock ; 1.000        ; 0.507      ; 8.006      ;
; -6.517 ; count_test_frequency_reg[23] ; frequency[30]~reg0 ; clock_test   ; system_clock ; 1.000        ; 0.507      ; 8.006      ;
; -6.517 ; count_test_frequency_reg[24] ; frequency[30]~reg0 ; clock_test   ; system_clock ; 1.000        ; 0.507      ; 8.006      ;
; -6.517 ; count_test_frequency_reg[25] ; frequency[30]~reg0 ; clock_test   ; system_clock ; 1.000        ; 0.507      ; 8.006      ;
; -6.517 ; count_test_frequency_reg[26] ; frequency[30]~reg0 ; clock_test   ; system_clock ; 1.000        ; 0.507      ; 8.006      ;
; -6.517 ; count_test_frequency_reg[27] ; frequency[30]~reg0 ; clock_test   ; system_clock ; 1.000        ; 0.507      ; 8.006      ;
; -6.517 ; count_test_frequency_reg[28] ; frequency[30]~reg0 ; clock_test   ; system_clock ; 1.000        ; 0.507      ; 8.006      ;
; -6.517 ; count_test_frequency_reg[29] ; frequency[30]~reg0 ; clock_test   ; system_clock ; 1.000        ; 0.507      ; 8.006      ;
; -6.517 ; count_test_frequency_reg[30] ; frequency[30]~reg0 ; clock_test   ; system_clock ; 1.000        ; 0.507      ; 8.006      ;
; -6.517 ; count_test_frequency_reg[31] ; frequency[30]~reg0 ; clock_test   ; system_clock ; 1.000        ; 0.507      ; 8.006      ;
; -6.466 ; count_test_frequency_reg[18] ; frequency[29]~reg0 ; clock_test   ; system_clock ; 1.000        ; 0.507      ; 7.955      ;
; -6.466 ; count_test_frequency_reg[19] ; frequency[29]~reg0 ; clock_test   ; system_clock ; 1.000        ; 0.507      ; 7.955      ;
; -6.466 ; count_test_frequency_reg[20] ; frequency[29]~reg0 ; clock_test   ; system_clock ; 1.000        ; 0.507      ; 7.955      ;
; -6.466 ; count_test_frequency_reg[21] ; frequency[29]~reg0 ; clock_test   ; system_clock ; 1.000        ; 0.507      ; 7.955      ;
; -6.466 ; count_test_frequency_reg[22] ; frequency[29]~reg0 ; clock_test   ; system_clock ; 1.000        ; 0.507      ; 7.955      ;
; -6.466 ; count_test_frequency_reg[23] ; frequency[29]~reg0 ; clock_test   ; system_clock ; 1.000        ; 0.507      ; 7.955      ;
; -6.466 ; count_test_frequency_reg[24] ; frequency[29]~reg0 ; clock_test   ; system_clock ; 1.000        ; 0.507      ; 7.955      ;
; -6.466 ; count_test_frequency_reg[25] ; frequency[29]~reg0 ; clock_test   ; system_clock ; 1.000        ; 0.507      ; 7.955      ;
; -6.466 ; count_test_frequency_reg[26] ; frequency[29]~reg0 ; clock_test   ; system_clock ; 1.000        ; 0.507      ; 7.955      ;
; -6.466 ; count_test_frequency_reg[27] ; frequency[29]~reg0 ; clock_test   ; system_clock ; 1.000        ; 0.507      ; 7.955      ;
; -6.466 ; count_test_frequency_reg[28] ; frequency[29]~reg0 ; clock_test   ; system_clock ; 1.000        ; 0.507      ; 7.955      ;
; -6.466 ; count_test_frequency_reg[29] ; frequency[29]~reg0 ; clock_test   ; system_clock ; 1.000        ; 0.507      ; 7.955      ;
; -6.466 ; count_test_frequency_reg[30] ; frequency[29]~reg0 ; clock_test   ; system_clock ; 1.000        ; 0.507      ; 7.955      ;
; -6.466 ; count_test_frequency_reg[31] ; frequency[29]~reg0 ; clock_test   ; system_clock ; 1.000        ; 0.507      ; 7.955      ;
; -6.386 ; count_test_frequency_reg[18] ; frequency[28]~reg0 ; clock_test   ; system_clock ; 1.000        ; 0.507      ; 7.875      ;
; -6.386 ; count_test_frequency_reg[19] ; frequency[28]~reg0 ; clock_test   ; system_clock ; 1.000        ; 0.507      ; 7.875      ;
; -6.386 ; count_test_frequency_reg[20] ; frequency[28]~reg0 ; clock_test   ; system_clock ; 1.000        ; 0.507      ; 7.875      ;
; -6.386 ; count_test_frequency_reg[21] ; frequency[28]~reg0 ; clock_test   ; system_clock ; 1.000        ; 0.507      ; 7.875      ;
; -6.386 ; count_test_frequency_reg[22] ; frequency[28]~reg0 ; clock_test   ; system_clock ; 1.000        ; 0.507      ; 7.875      ;
; -6.386 ; count_test_frequency_reg[23] ; frequency[28]~reg0 ; clock_test   ; system_clock ; 1.000        ; 0.507      ; 7.875      ;
; -6.386 ; count_test_frequency_reg[24] ; frequency[28]~reg0 ; clock_test   ; system_clock ; 1.000        ; 0.507      ; 7.875      ;
; -6.386 ; count_test_frequency_reg[25] ; frequency[28]~reg0 ; clock_test   ; system_clock ; 1.000        ; 0.507      ; 7.875      ;
; -6.386 ; count_test_frequency_reg[26] ; frequency[28]~reg0 ; clock_test   ; system_clock ; 1.000        ; 0.507      ; 7.875      ;
; -6.386 ; count_test_frequency_reg[27] ; frequency[28]~reg0 ; clock_test   ; system_clock ; 1.000        ; 0.507      ; 7.875      ;
; -6.386 ; count_test_frequency_reg[28] ; frequency[28]~reg0 ; clock_test   ; system_clock ; 1.000        ; 0.507      ; 7.875      ;
; -6.386 ; count_test_frequency_reg[29] ; frequency[28]~reg0 ; clock_test   ; system_clock ; 1.000        ; 0.507      ; 7.875      ;
; -6.386 ; count_test_frequency_reg[30] ; frequency[28]~reg0 ; clock_test   ; system_clock ; 1.000        ; 0.507      ; 7.875      ;
; -6.386 ; count_test_frequency_reg[31] ; frequency[28]~reg0 ; clock_test   ; system_clock ; 1.000        ; 0.507      ; 7.875      ;
; -6.340 ; count_test_frequency_reg[18] ; frequency[27]~reg0 ; clock_test   ; system_clock ; 1.000        ; 0.507      ; 7.829      ;
; -6.340 ; count_test_frequency_reg[19] ; frequency[27]~reg0 ; clock_test   ; system_clock ; 1.000        ; 0.507      ; 7.829      ;
; -6.340 ; count_test_frequency_reg[20] ; frequency[27]~reg0 ; clock_test   ; system_clock ; 1.000        ; 0.507      ; 7.829      ;
; -6.340 ; count_test_frequency_reg[21] ; frequency[27]~reg0 ; clock_test   ; system_clock ; 1.000        ; 0.507      ; 7.829      ;
; -6.340 ; count_test_frequency_reg[22] ; frequency[27]~reg0 ; clock_test   ; system_clock ; 1.000        ; 0.507      ; 7.829      ;
; -6.340 ; count_test_frequency_reg[23] ; frequency[27]~reg0 ; clock_test   ; system_clock ; 1.000        ; 0.507      ; 7.829      ;
; -6.340 ; count_test_frequency_reg[24] ; frequency[27]~reg0 ; clock_test   ; system_clock ; 1.000        ; 0.507      ; 7.829      ;
; -6.340 ; count_test_frequency_reg[25] ; frequency[27]~reg0 ; clock_test   ; system_clock ; 1.000        ; 0.507      ; 7.829      ;
; -6.340 ; count_test_frequency_reg[26] ; frequency[27]~reg0 ; clock_test   ; system_clock ; 1.000        ; 0.507      ; 7.829      ;
; -6.340 ; count_test_frequency_reg[27] ; frequency[27]~reg0 ; clock_test   ; system_clock ; 1.000        ; 0.507      ; 7.829      ;
; -6.340 ; count_test_frequency_reg[28] ; frequency[27]~reg0 ; clock_test   ; system_clock ; 1.000        ; 0.507      ; 7.829      ;
; -6.340 ; count_test_frequency_reg[29] ; frequency[27]~reg0 ; clock_test   ; system_clock ; 1.000        ; 0.507      ; 7.829      ;
; -6.340 ; count_test_frequency_reg[30] ; frequency[27]~reg0 ; clock_test   ; system_clock ; 1.000        ; 0.507      ; 7.829      ;
; -6.340 ; count_test_frequency_reg[31] ; frequency[27]~reg0 ; clock_test   ; system_clock ; 1.000        ; 0.507      ; 7.829      ;
; -6.260 ; count_test_frequency_reg[18] ; frequency[26]~reg0 ; clock_test   ; system_clock ; 1.000        ; 0.507      ; 7.749      ;
; -6.260 ; count_test_frequency_reg[19] ; frequency[26]~reg0 ; clock_test   ; system_clock ; 1.000        ; 0.507      ; 7.749      ;
; -6.260 ; count_test_frequency_reg[20] ; frequency[26]~reg0 ; clock_test   ; system_clock ; 1.000        ; 0.507      ; 7.749      ;
; -6.260 ; count_test_frequency_reg[21] ; frequency[26]~reg0 ; clock_test   ; system_clock ; 1.000        ; 0.507      ; 7.749      ;
; -6.260 ; count_test_frequency_reg[22] ; frequency[26]~reg0 ; clock_test   ; system_clock ; 1.000        ; 0.507      ; 7.749      ;
; -6.260 ; count_test_frequency_reg[23] ; frequency[26]~reg0 ; clock_test   ; system_clock ; 1.000        ; 0.507      ; 7.749      ;
; -6.260 ; count_test_frequency_reg[24] ; frequency[26]~reg0 ; clock_test   ; system_clock ; 1.000        ; 0.507      ; 7.749      ;
; -6.260 ; count_test_frequency_reg[25] ; frequency[26]~reg0 ; clock_test   ; system_clock ; 1.000        ; 0.507      ; 7.749      ;
; -6.260 ; count_test_frequency_reg[26] ; frequency[26]~reg0 ; clock_test   ; system_clock ; 1.000        ; 0.507      ; 7.749      ;
; -6.260 ; count_test_frequency_reg[27] ; frequency[26]~reg0 ; clock_test   ; system_clock ; 1.000        ; 0.507      ; 7.749      ;
; -6.260 ; count_test_frequency_reg[28] ; frequency[26]~reg0 ; clock_test   ; system_clock ; 1.000        ; 0.507      ; 7.749      ;
; -6.260 ; count_test_frequency_reg[29] ; frequency[26]~reg0 ; clock_test   ; system_clock ; 1.000        ; 0.507      ; 7.749      ;
; -6.260 ; count_test_frequency_reg[30] ; frequency[26]~reg0 ; clock_test   ; system_clock ; 1.000        ; 0.507      ; 7.749      ;
; -6.260 ; count_test_frequency_reg[31] ; frequency[26]~reg0 ; clock_test   ; system_clock ; 1.000        ; 0.507      ; 7.749      ;
; -6.214 ; count_test_frequency_reg[18] ; frequency[25]~reg0 ; clock_test   ; system_clock ; 1.000        ; 0.507      ; 7.703      ;
; -6.214 ; count_test_frequency_reg[19] ; frequency[25]~reg0 ; clock_test   ; system_clock ; 1.000        ; 0.507      ; 7.703      ;
; -6.214 ; count_test_frequency_reg[20] ; frequency[25]~reg0 ; clock_test   ; system_clock ; 1.000        ; 0.507      ; 7.703      ;
; -6.214 ; count_test_frequency_reg[21] ; frequency[25]~reg0 ; clock_test   ; system_clock ; 1.000        ; 0.507      ; 7.703      ;
; -6.214 ; count_test_frequency_reg[22] ; frequency[25]~reg0 ; clock_test   ; system_clock ; 1.000        ; 0.507      ; 7.703      ;
; -6.214 ; count_test_frequency_reg[23] ; frequency[25]~reg0 ; clock_test   ; system_clock ; 1.000        ; 0.507      ; 7.703      ;
; -6.214 ; count_test_frequency_reg[24] ; frequency[25]~reg0 ; clock_test   ; system_clock ; 1.000        ; 0.507      ; 7.703      ;
; -6.214 ; count_test_frequency_reg[25] ; frequency[25]~reg0 ; clock_test   ; system_clock ; 1.000        ; 0.507      ; 7.703      ;
; -6.214 ; count_test_frequency_reg[26] ; frequency[25]~reg0 ; clock_test   ; system_clock ; 1.000        ; 0.507      ; 7.703      ;
; -6.214 ; count_test_frequency_reg[27] ; frequency[25]~reg0 ; clock_test   ; system_clock ; 1.000        ; 0.507      ; 7.703      ;
; -6.214 ; count_test_frequency_reg[28] ; frequency[25]~reg0 ; clock_test   ; system_clock ; 1.000        ; 0.507      ; 7.703      ;
; -6.214 ; count_test_frequency_reg[29] ; frequency[25]~reg0 ; clock_test   ; system_clock ; 1.000        ; 0.507      ; 7.703      ;
; -6.214 ; count_test_frequency_reg[30] ; frequency[25]~reg0 ; clock_test   ; system_clock ; 1.000        ; 0.507      ; 7.703      ;
; -6.214 ; count_test_frequency_reg[31] ; frequency[25]~reg0 ; clock_test   ; system_clock ; 1.000        ; 0.507      ; 7.703      ;
; -6.134 ; count_test_frequency_reg[18] ; frequency[24]~reg0 ; clock_test   ; system_clock ; 1.000        ; 0.507      ; 7.623      ;
; -6.134 ; count_test_frequency_reg[19] ; frequency[24]~reg0 ; clock_test   ; system_clock ; 1.000        ; 0.507      ; 7.623      ;
+--------+------------------------------+--------------------+--------------+--------------+--------------+------------+------------+


+----------------------------------------------------------------------------------------------------------------------------------------------------+
; Slow 1200mV 0C Model Setup: 'clock_test'                                                                                                           ;
+--------+-------------------------+-------------------------------------------+--------------+-------------+--------------+------------+------------+
; Slack  ; From Node               ; To Node                                   ; Launch Clock ; Latch Clock ; Relationship ; Clock Skew ; Data Delay ;
+--------+-------------------------+-------------------------------------------+--------------+-------------+--------------+------------+------------+
; -2.519 ; gate_a                  ; count_test_frequency_reg[18]              ; clock_test   ; clock_test  ; 1.000        ; -0.235     ; 3.053      ;
; -2.519 ; gate_a                  ; count_test_frequency_reg[19]              ; clock_test   ; clock_test  ; 1.000        ; -0.235     ; 3.053      ;
; -2.519 ; gate_a                  ; count_test_frequency_reg[20]              ; clock_test   ; clock_test  ; 1.000        ; -0.235     ; 3.053      ;
; -2.519 ; gate_a                  ; count_test_frequency_reg[21]              ; clock_test   ; clock_test  ; 1.000        ; -0.235     ; 3.053      ;
; -2.519 ; gate_a                  ; count_test_frequency_reg[22]              ; clock_test   ; clock_test  ; 1.000        ; -0.235     ; 3.053      ;
; -2.519 ; gate_a                  ; count_test_frequency_reg[23]              ; clock_test   ; clock_test  ; 1.000        ; -0.235     ; 3.053      ;
; -2.519 ; gate_a                  ; count_test_frequency_reg[24]              ; clock_test   ; clock_test  ; 1.000        ; -0.235     ; 3.053      ;
; -2.519 ; gate_a                  ; count_test_frequency_reg[25]              ; clock_test   ; clock_test  ; 1.000        ; -0.235     ; 3.053      ;
; -2.519 ; gate_a                  ; count_test_frequency_reg[26]              ; clock_test   ; clock_test  ; 1.000        ; -0.235     ; 3.053      ;
; -2.519 ; gate_a                  ; count_test_frequency_reg[27]              ; clock_test   ; clock_test  ; 1.000        ; -0.235     ; 3.053      ;
; -2.519 ; gate_a                  ; count_test_frequency_reg[28]              ; clock_test   ; clock_test  ; 1.000        ; -0.235     ; 3.053      ;
; -2.519 ; gate_a                  ; count_test_frequency_reg[29]              ; clock_test   ; clock_test  ; 1.000        ; -0.235     ; 3.053      ;
; -2.519 ; gate_a                  ; count_test_frequency_reg[30]              ; clock_test   ; clock_test  ; 1.000        ; -0.235     ; 3.053      ;
; -2.519 ; gate_a                  ; count_test_frequency_reg[31]              ; clock_test   ; clock_test  ; 1.000        ; -0.235     ; 3.053      ;
; -2.229 ; gate_a                  ; count_test_frequency_reg[0]~_Duplicate_2  ; clock_test   ; clock_test  ; 1.000        ; -0.068     ; 3.163      ;
; -2.184 ; count_test_frequency[0] ; count_test_frequency[31]                  ; clock_test   ; clock_test  ; 1.000        ; 0.416      ; 3.602      ;
; -2.114 ; count_test_frequency[1] ; count_test_frequency[30]                  ; clock_test   ; clock_test  ; 1.000        ; 0.416      ; 3.532      ;
; -2.075 ; count_test_frequency[1] ; count_test_frequency[31]                  ; clock_test   ; clock_test  ; 1.000        ; 0.416      ; 3.493      ;
; -2.058 ; count_test_frequency[0] ; count_test_frequency[29]                  ; clock_test   ; clock_test  ; 1.000        ; 0.416      ; 3.476      ;
; -2.046 ; count_test_frequency[0] ; count_test_frequency[30]                  ; clock_test   ; clock_test  ; 1.000        ; 0.416      ; 3.464      ;
; -2.036 ; count_test_frequency[2] ; count_test_frequency[31]                  ; clock_test   ; clock_test  ; 1.000        ; 0.416      ; 3.454      ;
; -2.008 ; gate_a                  ; count_test_frequency_reg[0]~_Duplicate_1  ; clock_test   ; clock_test  ; 1.000        ; 0.075      ; 2.852      ;
; -2.008 ; gate_a                  ; count_test_frequency_reg[1]~_Duplicate_1  ; clock_test   ; clock_test  ; 1.000        ; 0.075      ; 2.852      ;
; -2.008 ; gate_a                  ; count_test_frequency_reg[2]~_Duplicate_1  ; clock_test   ; clock_test  ; 1.000        ; 0.075      ; 2.852      ;
; -2.008 ; gate_a                  ; count_test_frequency_reg[3]~_Duplicate_1  ; clock_test   ; clock_test  ; 1.000        ; 0.075      ; 2.852      ;
; -2.008 ; gate_a                  ; count_test_frequency_reg[4]~_Duplicate_1  ; clock_test   ; clock_test  ; 1.000        ; 0.075      ; 2.852      ;
; -2.008 ; gate_a                  ; count_test_frequency_reg[5]~_Duplicate_1  ; clock_test   ; clock_test  ; 1.000        ; 0.075      ; 2.852      ;
; -2.008 ; gate_a                  ; count_test_frequency_reg[6]~_Duplicate_1  ; clock_test   ; clock_test  ; 1.000        ; 0.075      ; 2.852      ;
; -2.008 ; gate_a                  ; count_test_frequency_reg[7]~_Duplicate_1  ; clock_test   ; clock_test  ; 1.000        ; 0.075      ; 2.852      ;
; -2.008 ; gate_a                  ; count_test_frequency_reg[8]~_Duplicate_1  ; clock_test   ; clock_test  ; 1.000        ; 0.075      ; 2.852      ;
; -2.008 ; gate_a                  ; count_test_frequency_reg[9]~_Duplicate_1  ; clock_test   ; clock_test  ; 1.000        ; 0.075      ; 2.852      ;
; -2.008 ; gate_a                  ; count_test_frequency_reg[10]~_Duplicate_1 ; clock_test   ; clock_test  ; 1.000        ; 0.075      ; 2.852      ;
; -2.008 ; gate_a                  ; count_test_frequency_reg[11]~_Duplicate_1 ; clock_test   ; clock_test  ; 1.000        ; 0.075      ; 2.852      ;
; -2.008 ; gate_a                  ; count_test_frequency_reg[12]~_Duplicate_1 ; clock_test   ; clock_test  ; 1.000        ; 0.075      ; 2.852      ;
; -2.008 ; gate_a                  ; count_test_frequency_reg[13]~_Duplicate_1 ; clock_test   ; clock_test  ; 1.000        ; 0.075      ; 2.852      ;
; -2.008 ; gate_a                  ; count_test_frequency_reg[14]~_Duplicate_1 ; clock_test   ; clock_test  ; 1.000        ; 0.075      ; 2.852      ;
; -2.008 ; gate_a                  ; count_test_frequency_reg[15]~_Duplicate_1 ; clock_test   ; clock_test  ; 1.000        ; 0.075      ; 2.852      ;
; -2.008 ; gate_a                  ; count_test_frequency_reg[16]~_Duplicate_1 ; clock_test   ; clock_test  ; 1.000        ; 0.075      ; 2.852      ;
; -2.008 ; gate_a                  ; count_test_frequency_reg[17]~_Duplicate_1 ; clock_test   ; clock_test  ; 1.000        ; 0.075      ; 2.852      ;
; -1.988 ; count_test_frequency[1] ; count_test_frequency[28]                  ; clock_test   ; clock_test  ; 1.000        ; 0.416      ; 3.406      ;
; -1.985 ; count_test_frequency[3] ; count_test_frequency[30]                  ; clock_test   ; clock_test  ; 1.000        ; 0.416      ; 3.403      ;
; -1.971 ; count_test_frequency[1] ; count_test_frequency[20]                  ; clock_test   ; clock_test  ; 1.000        ; -0.071     ; 2.902      ;
; -1.949 ; count_test_frequency[1] ; count_test_frequency[29]                  ; clock_test   ; clock_test  ; 1.000        ; 0.416      ; 3.367      ;
; -1.946 ; count_test_frequency[3] ; count_test_frequency[31]                  ; clock_test   ; clock_test  ; 1.000        ; 0.416      ; 3.364      ;
; -1.936 ; gate_a                  ; count_test_frequency_reg[9]               ; clock_test   ; clock_test  ; 1.000        ; -0.235     ; 2.470      ;
; -1.936 ; gate_a                  ; count_test_frequency_reg[10]              ; clock_test   ; clock_test  ; 1.000        ; -0.235     ; 2.470      ;
; -1.936 ; gate_a                  ; count_test_frequency_reg[11]              ; clock_test   ; clock_test  ; 1.000        ; -0.235     ; 2.470      ;
; -1.936 ; gate_a                  ; count_test_frequency_reg[12]              ; clock_test   ; clock_test  ; 1.000        ; -0.235     ; 2.470      ;
; -1.936 ; gate_a                  ; count_test_frequency_reg[13]              ; clock_test   ; clock_test  ; 1.000        ; -0.235     ; 2.470      ;
; -1.936 ; gate_a                  ; count_test_frequency_reg[14]              ; clock_test   ; clock_test  ; 1.000        ; -0.235     ; 2.470      ;
; -1.936 ; gate_a                  ; count_test_frequency_reg[15]              ; clock_test   ; clock_test  ; 1.000        ; -0.235     ; 2.470      ;
; -1.936 ; gate_a                  ; count_test_frequency_reg[16]              ; clock_test   ; clock_test  ; 1.000        ; -0.235     ; 2.470      ;
; -1.936 ; gate_a                  ; count_test_frequency_reg[17]              ; clock_test   ; clock_test  ; 1.000        ; -0.235     ; 2.470      ;
; -1.936 ; gate_a                  ; count_test_frequency_reg[0]               ; clock_test   ; clock_test  ; 1.000        ; -0.235     ; 2.470      ;
; -1.936 ; gate_a                  ; count_test_frequency_reg[1]               ; clock_test   ; clock_test  ; 1.000        ; -0.235     ; 2.470      ;
; -1.936 ; gate_a                  ; count_test_frequency_reg[2]               ; clock_test   ; clock_test  ; 1.000        ; -0.235     ; 2.470      ;
; -1.936 ; gate_a                  ; count_test_frequency_reg[3]               ; clock_test   ; clock_test  ; 1.000        ; -0.235     ; 2.470      ;
; -1.936 ; gate_a                  ; count_test_frequency_reg[4]               ; clock_test   ; clock_test  ; 1.000        ; -0.235     ; 2.470      ;
; -1.936 ; gate_a                  ; count_test_frequency_reg[5]               ; clock_test   ; clock_test  ; 1.000        ; -0.235     ; 2.470      ;
; -1.936 ; gate_a                  ; count_test_frequency_reg[6]               ; clock_test   ; clock_test  ; 1.000        ; -0.235     ; 2.470      ;
; -1.936 ; gate_a                  ; count_test_frequency_reg[7]               ; clock_test   ; clock_test  ; 1.000        ; -0.235     ; 2.470      ;
; -1.936 ; gate_a                  ; count_test_frequency_reg[8]               ; clock_test   ; clock_test  ; 1.000        ; -0.235     ; 2.470      ;
; -1.932 ; count_test_frequency[0] ; count_test_frequency[27]                  ; clock_test   ; clock_test  ; 1.000        ; 0.416      ; 3.350      ;
; -1.920 ; count_test_frequency[0] ; count_test_frequency[28]                  ; clock_test   ; clock_test  ; 1.000        ; 0.416      ; 3.338      ;
; -1.915 ; count_test_frequency[0] ; count_test_frequency[19]                  ; clock_test   ; clock_test  ; 1.000        ; -0.071     ; 2.846      ;
; -1.910 ; count_test_frequency[4] ; count_test_frequency[31]                  ; clock_test   ; clock_test  ; 1.000        ; 0.416      ; 3.328      ;
; -1.910 ; count_test_frequency[2] ; count_test_frequency[29]                  ; clock_test   ; clock_test  ; 1.000        ; 0.416      ; 3.328      ;
; -1.903 ; count_test_frequency[0] ; count_test_frequency[20]                  ; clock_test   ; clock_test  ; 1.000        ; -0.071     ; 2.834      ;
; -1.899 ; count_test_frequency[2] ; count_test_frequency[30]                  ; clock_test   ; clock_test  ; 1.000        ; 0.416      ; 3.317      ;
; -1.862 ; count_test_frequency[1] ; count_test_frequency[26]                  ; clock_test   ; clock_test  ; 1.000        ; 0.416      ; 3.280      ;
; -1.860 ; count_test_frequency[5] ; count_test_frequency[30]                  ; clock_test   ; clock_test  ; 1.000        ; 0.416      ; 3.278      ;
; -1.859 ; count_test_frequency[3] ; count_test_frequency[28]                  ; clock_test   ; clock_test  ; 1.000        ; 0.416      ; 3.277      ;
; -1.845 ; count_test_frequency[1] ; count_test_frequency[18]                  ; clock_test   ; clock_test  ; 1.000        ; -0.071     ; 2.776      ;
; -1.842 ; count_test_frequency[3] ; count_test_frequency[20]                  ; clock_test   ; clock_test  ; 1.000        ; -0.071     ; 2.773      ;
; -1.823 ; count_test_frequency[1] ; count_test_frequency[27]                  ; clock_test   ; clock_test  ; 1.000        ; 0.416      ; 3.241      ;
; -1.821 ; count_test_frequency[5] ; count_test_frequency[31]                  ; clock_test   ; clock_test  ; 1.000        ; 0.416      ; 3.239      ;
; -1.820 ; count_test_frequency[3] ; count_test_frequency[29]                  ; clock_test   ; clock_test  ; 1.000        ; 0.416      ; 3.238      ;
; -1.806 ; count_test_frequency[0] ; count_test_frequency[25]                  ; clock_test   ; clock_test  ; 1.000        ; 0.416      ; 3.224      ;
; -1.806 ; count_test_frequency[1] ; count_test_frequency[19]                  ; clock_test   ; clock_test  ; 1.000        ; -0.071     ; 2.737      ;
; -1.803 ; count_test_frequency[6] ; count_test_frequency[31]                  ; clock_test   ; clock_test  ; 1.000        ; 0.416      ; 3.221      ;
; -1.794 ; count_test_frequency[0] ; count_test_frequency[26]                  ; clock_test   ; clock_test  ; 1.000        ; 0.416      ; 3.212      ;
; -1.789 ; count_test_frequency[0] ; count_test_frequency[17]                  ; clock_test   ; clock_test  ; 1.000        ; -0.071     ; 2.720      ;
; -1.784 ; count_test_frequency[4] ; count_test_frequency[29]                  ; clock_test   ; clock_test  ; 1.000        ; 0.416      ; 3.202      ;
; -1.784 ; count_test_frequency[2] ; count_test_frequency[27]                  ; clock_test   ; clock_test  ; 1.000        ; 0.416      ; 3.202      ;
; -1.777 ; count_test_frequency[0] ; count_test_frequency[18]                  ; clock_test   ; clock_test  ; 1.000        ; -0.071     ; 2.708      ;
; -1.773 ; count_test_frequency[4] ; count_test_frequency[30]                  ; clock_test   ; clock_test  ; 1.000        ; 0.416      ; 3.191      ;
; -1.773 ; count_test_frequency[2] ; count_test_frequency[28]                  ; clock_test   ; clock_test  ; 1.000        ; 0.416      ; 3.191      ;
; -1.767 ; count_test_frequency[2] ; count_test_frequency[19]                  ; clock_test   ; clock_test  ; 1.000        ; -0.071     ; 2.698      ;
; -1.756 ; count_test_frequency[2] ; count_test_frequency[20]                  ; clock_test   ; clock_test  ; 1.000        ; -0.071     ; 2.687      ;
; -1.738 ; count_test_frequency[7] ; count_test_frequency[30]                  ; clock_test   ; clock_test  ; 1.000        ; 0.416      ; 3.156      ;
; -1.736 ; count_test_frequency[1] ; count_test_frequency[24]                  ; clock_test   ; clock_test  ; 1.000        ; 0.416      ; 3.154      ;
; -1.734 ; count_test_frequency[5] ; count_test_frequency[28]                  ; clock_test   ; clock_test  ; 1.000        ; 0.416      ; 3.152      ;
; -1.733 ; count_test_frequency[3] ; count_test_frequency[26]                  ; clock_test   ; clock_test  ; 1.000        ; 0.416      ; 3.151      ;
; -1.719 ; count_test_frequency[1] ; count_test_frequency[16]                  ; clock_test   ; clock_test  ; 1.000        ; -0.071     ; 2.650      ;
; -1.717 ; count_test_frequency[5] ; count_test_frequency[20]                  ; clock_test   ; clock_test  ; 1.000        ; -0.071     ; 2.648      ;
; -1.716 ; count_test_frequency[3] ; count_test_frequency[18]                  ; clock_test   ; clock_test  ; 1.000        ; -0.071     ; 2.647      ;
; -1.699 ; count_test_frequency[7] ; count_test_frequency[31]                  ; clock_test   ; clock_test  ; 1.000        ; 0.416      ; 3.117      ;
; -1.697 ; count_test_frequency[1] ; count_test_frequency[25]                  ; clock_test   ; clock_test  ; 1.000        ; 0.416      ; 3.115      ;
; -1.695 ; count_test_frequency[5] ; count_test_frequency[29]                  ; clock_test   ; clock_test  ; 1.000        ; 0.416      ; 3.113      ;
; -1.694 ; count_test_frequency[3] ; count_test_frequency[27]                  ; clock_test   ; clock_test  ; 1.000        ; 0.416      ; 3.112      ;
+--------+-------------------------+-------------------------------------------+--------------+-------------+--------------+------------+------------+


+---------------------------------------------------------------------------------------------------------------------------------------------------+
; Slow 1200mV 0C Model Hold: 'clock_test'                                                                                                           ;
+-------+--------------------------+------------------------------------------+--------------+-------------+--------------+------------+------------+
; Slack ; From Node                ; To Node                                  ; Launch Clock ; Latch Clock ; Relationship ; Clock Skew ; Data Delay ;
+-------+--------------------------+------------------------------------------+--------------+-------------+--------------+------------+------------+
; 0.522 ; count_test_frequency[20] ; count_test_frequency[21]                 ; clock_test   ; clock_test  ; 0.000        ; 0.579      ; 1.296      ;
; 0.539 ; count_test_frequency[20] ; count_test_frequency[22]                 ; clock_test   ; clock_test  ; 0.000        ; 0.579      ; 1.313      ;
; 0.614 ; count_test_frequency[19] ; count_test_frequency[21]                 ; clock_test   ; clock_test  ; 0.000        ; 0.579      ; 1.388      ;
; 0.616 ; gate_s                   ; gate_a                                   ; system_clock ; clock_test  ; 0.000        ; 0.061      ; 0.912      ;
; 0.643 ; count_test_frequency[19] ; count_test_frequency[22]                 ; clock_test   ; clock_test  ; 0.000        ; 0.579      ; 1.417      ;
; 0.644 ; count_test_frequency[20] ; count_test_frequency[23]                 ; clock_test   ; clock_test  ; 0.000        ; 0.579      ; 1.418      ;
; 0.644 ; count_test_frequency[18] ; count_test_frequency[21]                 ; clock_test   ; clock_test  ; 0.000        ; 0.579      ; 1.418      ;
; 0.660 ; count_test_frequency[18] ; count_test_frequency[22]                 ; clock_test   ; clock_test  ; 0.000        ; 0.579      ; 1.434      ;
; 0.661 ; count_test_frequency[20] ; count_test_frequency[24]                 ; clock_test   ; clock_test  ; 0.000        ; 0.579      ; 1.435      ;
; 0.686 ; count_test_frequency[29] ; count_test_frequency[29]                 ; clock_test   ; clock_test  ; 0.000        ; 0.092      ; 0.973      ;
; 0.686 ; count_test_frequency[21] ; count_test_frequency[21]                 ; clock_test   ; clock_test  ; 0.000        ; 0.092      ; 0.973      ;
; 0.687 ; count_test_frequency[27] ; count_test_frequency[27]                 ; clock_test   ; clock_test  ; 0.000        ; 0.092      ; 0.974      ;
; 0.688 ; count_test_frequency[31] ; count_test_frequency[31]                 ; clock_test   ; clock_test  ; 0.000        ; 0.092      ; 0.975      ;
; 0.688 ; count_test_frequency[22] ; count_test_frequency[22]                 ; clock_test   ; clock_test  ; 0.000        ; 0.092      ; 0.975      ;
; 0.689 ; count_test_frequency[25] ; count_test_frequency[25]                 ; clock_test   ; clock_test  ; 0.000        ; 0.092      ; 0.976      ;
; 0.689 ; count_test_frequency[23] ; count_test_frequency[23]                 ; clock_test   ; clock_test  ; 0.000        ; 0.092      ; 0.976      ;
; 0.692 ; count_test_frequency[26] ; count_test_frequency[26]                 ; clock_test   ; clock_test  ; 0.000        ; 0.092      ; 0.979      ;
; 0.692 ; count_test_frequency[28] ; count_test_frequency[28]                 ; clock_test   ; clock_test  ; 0.000        ; 0.092      ; 0.979      ;
; 0.692 ; count_test_frequency[30] ; count_test_frequency[30]                 ; clock_test   ; clock_test  ; 0.000        ; 0.092      ; 0.979      ;
; 0.693 ; count_test_frequency[24] ; count_test_frequency[24]                 ; clock_test   ; clock_test  ; 0.000        ; 0.092      ; 0.980      ;
; 0.705 ; count_test_frequency[3]  ; count_test_frequency[3]                  ; clock_test   ; clock_test  ; 0.000        ; 0.072      ; 0.972      ;
; 0.705 ; count_test_frequency[5]  ; count_test_frequency[5]                  ; clock_test   ; clock_test  ; 0.000        ; 0.072      ; 0.972      ;
; 0.705 ; count_test_frequency[13] ; count_test_frequency[13]                 ; clock_test   ; clock_test  ; 0.000        ; 0.072      ; 0.972      ;
; 0.705 ; count_test_frequency[15] ; count_test_frequency[15]                 ; clock_test   ; clock_test  ; 0.000        ; 0.072      ; 0.972      ;
; 0.706 ; count_test_frequency[11] ; count_test_frequency[11]                 ; clock_test   ; clock_test  ; 0.000        ; 0.072      ; 0.973      ;
; 0.706 ; count_test_frequency[19] ; count_test_frequency[19]                 ; clock_test   ; clock_test  ; 0.000        ; 0.072      ; 0.973      ;
; 0.707 ; count_test_frequency[1]  ; count_test_frequency[1]                  ; clock_test   ; clock_test  ; 0.000        ; 0.072      ; 0.974      ;
; 0.707 ; count_test_frequency[17] ; count_test_frequency[17]                 ; clock_test   ; clock_test  ; 0.000        ; 0.072      ; 0.974      ;
; 0.708 ; count_test_frequency[9]  ; count_test_frequency[9]                  ; clock_test   ; clock_test  ; 0.000        ; 0.072      ; 0.975      ;
; 0.709 ; count_test_frequency[7]  ; count_test_frequency[7]                  ; clock_test   ; clock_test  ; 0.000        ; 0.072      ; 0.976      ;
; 0.710 ; count_test_frequency[2]  ; count_test_frequency[2]                  ; clock_test   ; clock_test  ; 0.000        ; 0.072      ; 0.977      ;
; 0.710 ; count_test_frequency[14] ; count_test_frequency[14]                 ; clock_test   ; clock_test  ; 0.000        ; 0.072      ; 0.977      ;
; 0.710 ; count_test_frequency[16] ; count_test_frequency[16]                 ; clock_test   ; clock_test  ; 0.000        ; 0.072      ; 0.977      ;
; 0.711 ; count_test_frequency[4]  ; count_test_frequency[4]                  ; clock_test   ; clock_test  ; 0.000        ; 0.072      ; 0.978      ;
; 0.711 ; count_test_frequency[10] ; count_test_frequency[10]                 ; clock_test   ; clock_test  ; 0.000        ; 0.072      ; 0.978      ;
; 0.711 ; count_test_frequency[12] ; count_test_frequency[12]                 ; clock_test   ; clock_test  ; 0.000        ; 0.072      ; 0.978      ;
; 0.711 ; count_test_frequency[18] ; count_test_frequency[18]                 ; clock_test   ; clock_test  ; 0.000        ; 0.072      ; 0.978      ;
; 0.712 ; count_test_frequency[8]  ; count_test_frequency[8]                  ; clock_test   ; clock_test  ; 0.000        ; 0.072      ; 0.979      ;
; 0.712 ; count_test_frequency[20] ; count_test_frequency[20]                 ; clock_test   ; clock_test  ; 0.000        ; 0.072      ; 0.979      ;
; 0.729 ; count_test_frequency[6]  ; count_test_frequency[6]                  ; clock_test   ; clock_test  ; 0.000        ; 0.072      ; 0.996      ;
; 0.736 ; count_test_frequency[19] ; count_test_frequency[23]                 ; clock_test   ; clock_test  ; 0.000        ; 0.579      ; 1.510      ;
; 0.741 ; count_test_frequency[17] ; count_test_frequency[21]                 ; clock_test   ; clock_test  ; 0.000        ; 0.579      ; 1.515      ;
; 0.755 ; count_test_frequency[0]  ; count_test_frequency[0]                  ; clock_test   ; clock_test  ; 0.000        ; 0.072      ; 1.022      ;
; 0.765 ; count_test_frequency[19] ; count_test_frequency[24]                 ; clock_test   ; clock_test  ; 0.000        ; 0.579      ; 1.539      ;
; 0.765 ; count_test_frequency[16] ; count_test_frequency[21]                 ; clock_test   ; clock_test  ; 0.000        ; 0.579      ; 1.539      ;
; 0.766 ; count_test_frequency[20] ; count_test_frequency[25]                 ; clock_test   ; clock_test  ; 0.000        ; 0.579      ; 1.540      ;
; 0.766 ; count_test_frequency[18] ; count_test_frequency[23]                 ; clock_test   ; clock_test  ; 0.000        ; 0.579      ; 1.540      ;
; 0.768 ; count_test_frequency[17] ; count_test_frequency[22]                 ; clock_test   ; clock_test  ; 0.000        ; 0.579      ; 1.542      ;
; 0.781 ; count_test_frequency[16] ; count_test_frequency[22]                 ; clock_test   ; clock_test  ; 0.000        ; 0.579      ; 1.555      ;
; 0.782 ; count_test_frequency[18] ; count_test_frequency[24]                 ; clock_test   ; clock_test  ; 0.000        ; 0.579      ; 1.556      ;
; 0.783 ; count_test_frequency[20] ; count_test_frequency[26]                 ; clock_test   ; clock_test  ; 0.000        ; 0.579      ; 1.557      ;
; 0.856 ; count_test_frequency[15] ; count_test_frequency[21]                 ; clock_test   ; clock_test  ; 0.000        ; 0.580      ; 1.631      ;
; 0.858 ; count_test_frequency[19] ; count_test_frequency[25]                 ; clock_test   ; clock_test  ; 0.000        ; 0.579      ; 1.632      ;
; 0.863 ; count_test_frequency[17] ; count_test_frequency[23]                 ; clock_test   ; clock_test  ; 0.000        ; 0.579      ; 1.637      ;
; 0.868 ; gate_a                   ; count_test_frequency[21]                 ; clock_test   ; clock_test  ; 0.000        ; 0.584      ; 1.647      ;
; 0.868 ; gate_a                   ; count_test_frequency[22]                 ; clock_test   ; clock_test  ; 0.000        ; 0.584      ; 1.647      ;
; 0.868 ; gate_a                   ; count_test_frequency[23]                 ; clock_test   ; clock_test  ; 0.000        ; 0.584      ; 1.647      ;
; 0.868 ; gate_a                   ; count_test_frequency[24]                 ; clock_test   ; clock_test  ; 0.000        ; 0.584      ; 1.647      ;
; 0.868 ; gate_a                   ; count_test_frequency[25]                 ; clock_test   ; clock_test  ; 0.000        ; 0.584      ; 1.647      ;
; 0.868 ; gate_a                   ; count_test_frequency[26]                 ; clock_test   ; clock_test  ; 0.000        ; 0.584      ; 1.647      ;
; 0.868 ; gate_a                   ; count_test_frequency[27]                 ; clock_test   ; clock_test  ; 0.000        ; 0.584      ; 1.647      ;
; 0.868 ; gate_a                   ; count_test_frequency[28]                 ; clock_test   ; clock_test  ; 0.000        ; 0.584      ; 1.647      ;
; 0.868 ; gate_a                   ; count_test_frequency[29]                 ; clock_test   ; clock_test  ; 0.000        ; 0.584      ; 1.647      ;
; 0.868 ; gate_a                   ; count_test_frequency[30]                 ; clock_test   ; clock_test  ; 0.000        ; 0.584      ; 1.647      ;
; 0.868 ; gate_a                   ; count_test_frequency[31]                 ; clock_test   ; clock_test  ; 0.000        ; 0.584      ; 1.647      ;
; 0.885 ; count_test_frequency[15] ; count_test_frequency[22]                 ; clock_test   ; clock_test  ; 0.000        ; 0.580      ; 1.660      ;
; 0.886 ; count_test_frequency[14] ; count_test_frequency[21]                 ; clock_test   ; clock_test  ; 0.000        ; 0.580      ; 1.661      ;
; 0.887 ; count_test_frequency[19] ; count_test_frequency[26]                 ; clock_test   ; clock_test  ; 0.000        ; 0.579      ; 1.661      ;
; 0.887 ; count_test_frequency[16] ; count_test_frequency[23]                 ; clock_test   ; clock_test  ; 0.000        ; 0.579      ; 1.661      ;
; 0.888 ; count_test_frequency[20] ; count_test_frequency[27]                 ; clock_test   ; clock_test  ; 0.000        ; 0.579      ; 1.662      ;
; 0.888 ; count_test_frequency[18] ; count_test_frequency[25]                 ; clock_test   ; clock_test  ; 0.000        ; 0.579      ; 1.662      ;
; 0.890 ; count_test_frequency[17] ; count_test_frequency[24]                 ; clock_test   ; clock_test  ; 0.000        ; 0.579      ; 1.664      ;
; 0.902 ; count_test_frequency[14] ; count_test_frequency[22]                 ; clock_test   ; clock_test  ; 0.000        ; 0.580      ; 1.677      ;
; 0.903 ; count_test_frequency[16] ; count_test_frequency[24]                 ; clock_test   ; clock_test  ; 0.000        ; 0.579      ; 1.677      ;
; 0.904 ; count_test_frequency[18] ; count_test_frequency[26]                 ; clock_test   ; clock_test  ; 0.000        ; 0.579      ; 1.678      ;
; 0.905 ; count_test_frequency[20] ; count_test_frequency[28]                 ; clock_test   ; clock_test  ; 0.000        ; 0.579      ; 1.679      ;
; 0.947 ; count_test_frequency[0]  ; count_test_frequency_reg[0]~_Duplicate_2 ; clock_test   ; clock_test  ; 0.000        ; 0.072      ; 1.214      ;
; 0.978 ; count_test_frequency[13] ; count_test_frequency[21]                 ; clock_test   ; clock_test  ; 0.000        ; 0.580      ; 1.753      ;
; 0.978 ; count_test_frequency[15] ; count_test_frequency[23]                 ; clock_test   ; clock_test  ; 0.000        ; 0.580      ; 1.753      ;
; 0.980 ; count_test_frequency[19] ; count_test_frequency[27]                 ; clock_test   ; clock_test  ; 0.000        ; 0.579      ; 1.754      ;
; 0.985 ; count_test_frequency[17] ; count_test_frequency[25]                 ; clock_test   ; clock_test  ; 0.000        ; 0.579      ; 1.759      ;
; 1.007 ; count_test_frequency[22] ; count_test_frequency[23]                 ; clock_test   ; clock_test  ; 0.000        ; 0.092      ; 1.294      ;
; 1.007 ; count_test_frequency[13] ; count_test_frequency[22]                 ; clock_test   ; clock_test  ; 0.000        ; 0.580      ; 1.782      ;
; 1.007 ; count_test_frequency[15] ; count_test_frequency[24]                 ; clock_test   ; clock_test  ; 0.000        ; 0.580      ; 1.782      ;
; 1.008 ; count_test_frequency[21] ; count_test_frequency[22]                 ; clock_test   ; clock_test  ; 0.000        ; 0.092      ; 1.295      ;
; 1.008 ; count_test_frequency[29] ; count_test_frequency[30]                 ; clock_test   ; clock_test  ; 0.000        ; 0.092      ; 1.295      ;
; 1.008 ; count_test_frequency[14] ; count_test_frequency[23]                 ; clock_test   ; clock_test  ; 0.000        ; 0.580      ; 1.783      ;
; 1.009 ; count_test_frequency[27] ; count_test_frequency[28]                 ; clock_test   ; clock_test  ; 0.000        ; 0.092      ; 1.296      ;
; 1.009 ; count_test_frequency[19] ; count_test_frequency[28]                 ; clock_test   ; clock_test  ; 0.000        ; 0.579      ; 1.783      ;
; 1.009 ; count_test_frequency[12] ; count_test_frequency[21]                 ; clock_test   ; clock_test  ; 0.000        ; 0.580      ; 1.784      ;
; 1.009 ; count_test_frequency[16] ; count_test_frequency[25]                 ; clock_test   ; clock_test  ; 0.000        ; 0.579      ; 1.783      ;
; 1.010 ; count_test_frequency[28] ; count_test_frequency[29]                 ; clock_test   ; clock_test  ; 0.000        ; 0.092      ; 1.297      ;
; 1.010 ; count_test_frequency[30] ; count_test_frequency[31]                 ; clock_test   ; clock_test  ; 0.000        ; 0.092      ; 1.297      ;
; 1.010 ; count_test_frequency[26] ; count_test_frequency[27]                 ; clock_test   ; clock_test  ; 0.000        ; 0.092      ; 1.297      ;
; 1.010 ; count_test_frequency[18] ; count_test_frequency[27]                 ; clock_test   ; clock_test  ; 0.000        ; 0.579      ; 1.784      ;
; 1.010 ; count_test_frequency[20] ; count_test_frequency[29]                 ; clock_test   ; clock_test  ; 0.000        ; 0.579      ; 1.784      ;
; 1.011 ; count_test_frequency[24] ; count_test_frequency[25]                 ; clock_test   ; clock_test  ; 0.000        ; 0.092      ; 1.298      ;
; 1.012 ; count_test_frequency[17] ; count_test_frequency[26]                 ; clock_test   ; clock_test  ; 0.000        ; 0.579      ; 1.786      ;
; 1.013 ; count_test_frequency[23] ; count_test_frequency[24]                 ; clock_test   ; clock_test  ; 0.000        ; 0.092      ; 1.300      ;
; 1.013 ; count_test_frequency[25] ; count_test_frequency[26]                 ; clock_test   ; clock_test  ; 0.000        ; 0.092      ; 1.300      ;
+-------+--------------------------+------------------------------------------+--------------+-------------+--------------+------------+------------+


+---------------------------------------------------------------------------------------------------------------------------------------------+
; Slow 1200mV 0C Model Hold: 'system_clock'                                                                                                   ;
+-------+------------------------------------------+-------------------+--------------+--------------+--------------+------------+------------+
; Slack ; From Node                                ; To Node           ; Launch Clock ; Latch Clock  ; Relationship ; Clock Skew ; Data Delay ;
+-------+------------------------------------------+-------------------+--------------+--------------+--------------+------------+------------+
; 0.534 ; count_test_frequency_reg[0]~_Duplicate_2 ; frequency[0]~reg0 ; clock_test   ; system_clock ; 0.000        ; 0.098      ; 0.867      ;
; 0.704 ; count_gate_s[3]                          ; count_gate_s[3]   ; system_clock ; system_clock ; 0.000        ; 0.073      ; 0.972      ;
; 0.706 ; count_gate_s[2]                          ; count_gate_s[2]   ; system_clock ; system_clock ; 0.000        ; 0.073      ; 0.974      ;
; 0.706 ; count_gate_s[8]                          ; count_gate_s[8]   ; system_clock ; system_clock ; 0.000        ; 0.073      ; 0.974      ;
; 0.706 ; count_gate_s[10]                         ; count_gate_s[10]  ; system_clock ; system_clock ; 0.000        ; 0.073      ; 0.974      ;
; 0.706 ; count_gate_s[16]                         ; count_gate_s[16]  ; system_clock ; system_clock ; 0.000        ; 0.073      ; 0.974      ;
; 0.707 ; count_gate_s[1]                          ; count_gate_s[1]   ; system_clock ; system_clock ; 0.000        ; 0.073      ; 0.975      ;
; 0.707 ; count_gate_s[5]                          ; count_gate_s[5]   ; system_clock ; system_clock ; 0.000        ; 0.073      ; 0.975      ;
; 0.707 ; count_gate_s[9]                          ; count_gate_s[9]   ; system_clock ; system_clock ; 0.000        ; 0.073      ; 0.975      ;
; 0.707 ; count_gate_s[15]                         ; count_gate_s[15]  ; system_clock ; system_clock ; 0.000        ; 0.073      ; 0.975      ;
; 0.707 ; count_gate_s[24]                         ; count_gate_s[24]  ; system_clock ; system_clock ; 0.000        ; 0.073      ; 0.975      ;
; 0.710 ; count_gate_s[4]                          ; count_gate_s[4]   ; system_clock ; system_clock ; 0.000        ; 0.073      ; 0.978      ;
; 0.727 ; count_gate_s[0]                          ; count_gate_s[0]   ; system_clock ; system_clock ; 0.000        ; 0.073      ; 0.995      ;
; 0.727 ; count_gate_s[12]                         ; count_gate_s[12]  ; system_clock ; system_clock ; 0.000        ; 0.073      ; 0.995      ;
; 0.729 ; count_gate_s[17]                         ; count_gate_s[17]  ; system_clock ; system_clock ; 0.000        ; 0.073      ; 0.997      ;
; 0.729 ; count_gate_s[18]                         ; count_gate_s[18]  ; system_clock ; system_clock ; 0.000        ; 0.073      ; 0.997      ;
; 0.730 ; count_gate_s[23]                         ; count_gate_s[23]  ; system_clock ; system_clock ; 0.000        ; 0.073      ; 0.998      ;
; 0.730 ; count_gate_s[25]                         ; count_gate_s[25]  ; system_clock ; system_clock ; 0.000        ; 0.073      ; 0.998      ;
; 1.025 ; count_gate_s[2]                          ; count_gate_s[3]   ; system_clock ; system_clock ; 0.000        ; 0.073      ; 1.293      ;
; 1.025 ; count_gate_s[0]                          ; count_gate_s[1]   ; system_clock ; system_clock ; 0.000        ; 0.073      ; 1.293      ;
; 1.025 ; count_gate_s[8]                          ; count_gate_s[9]   ; system_clock ; system_clock ; 0.000        ; 0.073      ; 1.293      ;
; 1.025 ; count_gate_s[16]                         ; count_gate_s[17]  ; system_clock ; system_clock ; 0.000        ; 0.073      ; 1.293      ;
; 1.026 ; count_gate_s[3]                          ; count_gate_s[4]   ; system_clock ; system_clock ; 0.000        ; 0.073      ; 1.294      ;
; 1.026 ; count_gate_s[24]                         ; count_gate_s[25]  ; system_clock ; system_clock ; 0.000        ; 0.073      ; 1.294      ;
; 1.028 ; count_gate_s[4]                          ; count_gate_s[5]   ; system_clock ; system_clock ; 0.000        ; 0.073      ; 1.296      ;
; 1.031 ; count_gate_s[1]                          ; count_gate_s[2]   ; system_clock ; system_clock ; 0.000        ; 0.073      ; 1.299      ;
; 1.031 ; count_gate_s[9]                          ; count_gate_s[10]  ; system_clock ; system_clock ; 0.000        ; 0.073      ; 1.299      ;
; 1.031 ; count_gate_s[15]                         ; count_gate_s[16]  ; system_clock ; system_clock ; 0.000        ; 0.073      ; 1.299      ;
; 1.034 ; count_gate_s[11]                         ; count_gate_s[12]  ; system_clock ; system_clock ; 0.000        ; 0.073      ; 1.302      ;
; 1.040 ; count_gate_s[16]                         ; count_gate_s[18]  ; system_clock ; system_clock ; 0.000        ; 0.073      ; 1.308      ;
; 1.040 ; count_gate_s[2]                          ; count_gate_s[4]   ; system_clock ; system_clock ; 0.000        ; 0.073      ; 1.308      ;
; 1.040 ; count_gate_s[0]                          ; count_gate_s[2]   ; system_clock ; system_clock ; 0.000        ; 0.073      ; 1.308      ;
; 1.040 ; count_gate_s[8]                          ; count_gate_s[10]  ; system_clock ; system_clock ; 0.000        ; 0.073      ; 1.308      ;
; 1.040 ; count_gate_s[10]                         ; count_gate_s[12]  ; system_clock ; system_clock ; 0.000        ; 0.073      ; 1.308      ;
; 1.048 ; count_gate_s[22]                         ; count_gate_s[23]  ; system_clock ; system_clock ; 0.000        ; 0.073      ; 1.316      ;
; 1.053 ; count_gate_s[17]                         ; count_gate_s[18]  ; system_clock ; system_clock ; 0.000        ; 0.073      ; 1.321      ;
; 1.054 ; count_gate_s[7]                          ; count_gate_s[8]   ; system_clock ; system_clock ; 0.000        ; 0.073      ; 1.322      ;
; 1.054 ; count_gate_s[23]                         ; count_gate_s[24]  ; system_clock ; system_clock ; 0.000        ; 0.073      ; 1.322      ;
; 1.063 ; count_gate_s[22]                         ; count_gate_s[24]  ; system_clock ; system_clock ; 0.000        ; 0.073      ; 1.331      ;
; 1.067 ; count_gate_s[6]                          ; count_gate_s[8]   ; system_clock ; system_clock ; 0.000        ; 0.073      ; 1.335      ;
; 1.080 ; count_gate_s[11]                         ; count_gate_s[11]  ; system_clock ; system_clock ; 0.000        ; 0.073      ; 1.348      ;
; 1.091 ; count_gate_s[24]                         ; count_gate_s[26]  ; system_clock ; system_clock ; 0.000        ; 0.539      ; 1.825      ;
; 1.097 ; count_gate_s[22]                         ; count_gate_s[22]  ; system_clock ; system_clock ; 0.000        ; 0.073      ; 1.365      ;
; 1.098 ; count_gate_s[6]                          ; count_gate_s[6]   ; system_clock ; system_clock ; 0.000        ; 0.073      ; 1.366      ;
; 1.100 ; count_gate_s[7]                          ; count_gate_s[7]   ; system_clock ; system_clock ; 0.000        ; 0.073      ; 1.368      ;
; 1.104 ; count_gate_s[25]                         ; count_gate_s[26]  ; system_clock ; system_clock ; 0.000        ; 0.539      ; 1.838      ;
; 1.113 ; count_gate_s[26]                         ; count_gate_s[26]  ; system_clock ; system_clock ; 0.000        ; 0.092      ; 1.400      ;
; 1.120 ; count_gate_s[3]                          ; count_gate_s[5]   ; system_clock ; system_clock ; 0.000        ; 0.073      ; 1.388      ;
; 1.125 ; count_gate_s[1]                          ; count_gate_s[3]   ; system_clock ; system_clock ; 0.000        ; 0.073      ; 1.393      ;
; 1.125 ; count_gate_s[15]                         ; count_gate_s[17]  ; system_clock ; system_clock ; 0.000        ; 0.073      ; 1.393      ;
; 1.147 ; count_gate_s[2]                          ; count_gate_s[5]   ; system_clock ; system_clock ; 0.000        ; 0.073      ; 1.415      ;
; 1.147 ; count_gate_s[0]                          ; count_gate_s[3]   ; system_clock ; system_clock ; 0.000        ; 0.073      ; 1.415      ;
; 1.149 ; count_gate_s[7]                          ; count_gate_s[9]   ; system_clock ; system_clock ; 0.000        ; 0.073      ; 1.417      ;
; 1.149 ; count_gate_s[23]                         ; count_gate_s[25]  ; system_clock ; system_clock ; 0.000        ; 0.073      ; 1.417      ;
; 1.151 ; count_gate_s[20]                         ; count_gate_s[23]  ; system_clock ; system_clock ; 0.000        ; 0.073      ; 1.419      ;
; 1.153 ; count_gate_s[15]                         ; count_gate_s[18]  ; system_clock ; system_clock ; 0.000        ; 0.073      ; 1.421      ;
; 1.153 ; count_gate_s[1]                          ; count_gate_s[4]   ; system_clock ; system_clock ; 0.000        ; 0.073      ; 1.421      ;
; 1.153 ; count_gate_s[9]                          ; count_gate_s[12]  ; system_clock ; system_clock ; 0.000        ; 0.073      ; 1.421      ;
; 1.153 ; count_gate_s[5]                          ; count_gate_s[8]   ; system_clock ; system_clock ; 0.000        ; 0.073      ; 1.421      ;
; 1.160 ; count_gate_s[12]                         ; count_gate_s[15]  ; system_clock ; system_clock ; 0.000        ; 0.081      ; 1.436      ;
; 1.162 ; count_gate_s[0]                          ; count_gate_s[4]   ; system_clock ; system_clock ; 0.000        ; 0.073      ; 1.430      ;
; 1.162 ; count_gate_s[8]                          ; count_gate_s[12]  ; system_clock ; system_clock ; 0.000        ; 0.073      ; 1.430      ;
; 1.166 ; count_gate_s[4]                          ; count_gate_s[8]   ; system_clock ; system_clock ; 0.000        ; 0.073      ; 1.434      ;
; 1.167 ; count_gate_s[20]                         ; count_gate_s[24]  ; system_clock ; system_clock ; 0.000        ; 0.073      ; 1.435      ;
; 1.170 ; count_gate_s[22]                         ; count_gate_s[25]  ; system_clock ; system_clock ; 0.000        ; 0.073      ; 1.438      ;
; 1.173 ; count_gate_s[6]                          ; count_gate_s[9]   ; system_clock ; system_clock ; 0.000        ; 0.073      ; 1.441      ;
; 1.175 ; count_gate_s[12]                         ; count_gate_s[16]  ; system_clock ; system_clock ; 0.000        ; 0.081      ; 1.451      ;
; 1.176 ; count_gate_s[7]                          ; count_gate_s[10]  ; system_clock ; system_clock ; 0.000        ; 0.073      ; 1.444      ;
; 1.189 ; count_gate_s[6]                          ; count_gate_s[10]  ; system_clock ; system_clock ; 0.000        ; 0.073      ; 1.457      ;
; 1.204 ; count_gate_s[14]                         ; count_gate_s[15]  ; system_clock ; system_clock ; 0.000        ; 0.072      ; 1.471      ;
; 1.221 ; count_gate_s[20]                         ; count_gate_s[20]  ; system_clock ; system_clock ; 0.000        ; 0.073      ; 1.489      ;
; 1.226 ; count_gate_s[23]                         ; count_gate_s[26]  ; system_clock ; system_clock ; 0.000        ; 0.539      ; 1.960      ;
; 1.235 ; count_gate_s[22]                         ; count_gate_s[26]  ; system_clock ; system_clock ; 0.000        ; 0.539      ; 1.969      ;
; 1.243 ; count_gate_s[11]                         ; count_gate_s[15]  ; system_clock ; system_clock ; 0.000        ; 0.081      ; 1.519      ;
; 1.247 ; count_gate_s[1]                          ; count_gate_s[5]   ; system_clock ; system_clock ; 0.000        ; 0.073      ; 1.515      ;
; 1.248 ; count_gate_s[5]                          ; count_gate_s[9]   ; system_clock ; system_clock ; 0.000        ; 0.073      ; 1.516      ;
; 1.258 ; count_gate_s[13]                         ; count_gate_s[15]  ; system_clock ; system_clock ; 0.000        ; 0.072      ; 1.525      ;
; 1.261 ; count_gate_s[10]                         ; count_gate_s[15]  ; system_clock ; system_clock ; 0.000        ; 0.081      ; 1.537      ;
; 1.269 ; count_gate_s[0]                          ; count_gate_s[5]   ; system_clock ; system_clock ; 0.000        ; 0.073      ; 1.537      ;
; 1.270 ; count_gate_s[3]                          ; count_gate_s[8]   ; system_clock ; system_clock ; 0.000        ; 0.073      ; 1.538      ;
; 1.270 ; count_gate_s[11]                         ; count_gate_s[16]  ; system_clock ; system_clock ; 0.000        ; 0.081      ; 1.546      ;
; 1.272 ; count_gate_s[4]                          ; count_gate_s[9]   ; system_clock ; system_clock ; 0.000        ; 0.073      ; 1.540      ;
; 1.273 ; count_gate_s[20]                         ; count_gate_s[25]  ; system_clock ; system_clock ; 0.000        ; 0.073      ; 1.541      ;
; 1.275 ; count_gate_s[5]                          ; count_gate_s[10]  ; system_clock ; system_clock ; 0.000        ; 0.073      ; 1.543      ;
; 1.276 ; count_gate_s[10]                         ; count_gate_s[16]  ; system_clock ; system_clock ; 0.000        ; 0.081      ; 1.552      ;
; 1.278 ; count_gate_s[14]                         ; count_gate_s[16]  ; system_clock ; system_clock ; 0.000        ; 0.072      ; 1.545      ;
; 1.282 ; count_gate_s[12]                         ; count_gate_s[17]  ; system_clock ; system_clock ; 0.000        ; 0.081      ; 1.558      ;
; 1.284 ; count_gate_s[2]                          ; count_gate_s[8]   ; system_clock ; system_clock ; 0.000        ; 0.073      ; 1.552      ;
; 1.285 ; count_gate_s[17]                         ; gate_s            ; system_clock ; system_clock ; 0.000        ; 0.055      ; 1.535      ;
; 1.288 ; count_gate_s[4]                          ; count_gate_s[10]  ; system_clock ; system_clock ; 0.000        ; 0.073      ; 1.556      ;
; 1.292 ; count_gate_s[18]                         ; count_gate_s[23]  ; system_clock ; system_clock ; 0.000        ; 0.073      ; 1.560      ;
; 1.297 ; count_gate_s[12]                         ; count_gate_s[18]  ; system_clock ; system_clock ; 0.000        ; 0.081      ; 1.573      ;
; 1.298 ; count_gate_s[7]                          ; count_gate_s[12]  ; system_clock ; system_clock ; 0.000        ; 0.073      ; 1.566      ;
; 1.307 ; count_gate_s[18]                         ; count_gate_s[24]  ; system_clock ; system_clock ; 0.000        ; 0.073      ; 1.575      ;
; 1.311 ; count_gate_s[6]                          ; count_gate_s[12]  ; system_clock ; system_clock ; 0.000        ; 0.073      ; 1.579      ;
; 1.326 ; count_gate_s[14]                         ; count_gate_s[17]  ; system_clock ; system_clock ; 0.000        ; 0.072      ; 1.593      ;
; 1.339 ; count_gate_s[20]                         ; count_gate_s[26]  ; system_clock ; system_clock ; 0.000        ; 0.539      ; 2.073      ;
; 1.360 ; count_gate_s[13]                         ; count_gate_s[16]  ; system_clock ; system_clock ; 0.000        ; 0.072      ; 1.627      ;
; 1.361 ; count_gate_s[9]                          ; count_gate_s[15]  ; system_clock ; system_clock ; 0.000        ; 0.081      ; 1.637      ;
; 1.364 ; count_gate_s[3]                          ; count_gate_s[9]   ; system_clock ; system_clock ; 0.000        ; 0.073      ; 1.632      ;
+-------+------------------------------------------+-------------------+--------------+--------------+--------------+------------+------------+


+--------------------------------------------------------------------------------------------------------------------------------+
; Slow 1200mV 0C Model Minimum Pulse Width: 'clock_test'                                                                         ;
+--------+--------------+----------------+-----------------+------------+------------+-------------------------------------------+
; Slack  ; Actual Width ; Required Width ; Type            ; Clock      ; Clock Edge ; Target                                    ;
+--------+--------------+----------------+-----------------+------------+------------+-------------------------------------------+
; -4.000 ; 1.000        ; 5.000          ; Min Period      ; clock_test ; Rise       ; count_test_frequency_reg[0]               ;
; -4.000 ; 1.000        ; 5.000          ; Min Period      ; clock_test ; Rise       ; count_test_frequency_reg[0]~_Duplicate_1  ;
; -4.000 ; 1.000        ; 5.000          ; Min Period      ; clock_test ; Rise       ; count_test_frequency_reg[10]              ;
; -4.000 ; 1.000        ; 5.000          ; Min Period      ; clock_test ; Rise       ; count_test_frequency_reg[10]~_Duplicate_1 ;
; -4.000 ; 1.000        ; 5.000          ; Min Period      ; clock_test ; Rise       ; count_test_frequency_reg[11]              ;
; -4.000 ; 1.000        ; 5.000          ; Min Period      ; clock_test ; Rise       ; count_test_frequency_reg[11]~_Duplicate_1 ;
; -4.000 ; 1.000        ; 5.000          ; Min Period      ; clock_test ; Rise       ; count_test_frequency_reg[12]              ;
; -4.000 ; 1.000        ; 5.000          ; Min Period      ; clock_test ; Rise       ; count_test_frequency_reg[12]~_Duplicate_1 ;
; -4.000 ; 1.000        ; 5.000          ; Min Period      ; clock_test ; Rise       ; count_test_frequency_reg[13]              ;
; -4.000 ; 1.000        ; 5.000          ; Min Period      ; clock_test ; Rise       ; count_test_frequency_reg[13]~_Duplicate_1 ;
; -4.000 ; 1.000        ; 5.000          ; Min Period      ; clock_test ; Rise       ; count_test_frequency_reg[14]              ;
; -4.000 ; 1.000        ; 5.000          ; Min Period      ; clock_test ; Rise       ; count_test_frequency_reg[14]~_Duplicate_1 ;
; -4.000 ; 1.000        ; 5.000          ; Min Period      ; clock_test ; Rise       ; count_test_frequency_reg[15]              ;
; -4.000 ; 1.000        ; 5.000          ; Min Period      ; clock_test ; Rise       ; count_test_frequency_reg[15]~_Duplicate_1 ;
; -4.000 ; 1.000        ; 5.000          ; Min Period      ; clock_test ; Rise       ; count_test_frequency_reg[16]              ;
; -4.000 ; 1.000        ; 5.000          ; Min Period      ; clock_test ; Rise       ; count_test_frequency_reg[16]~_Duplicate_1 ;
; -4.000 ; 1.000        ; 5.000          ; Min Period      ; clock_test ; Rise       ; count_test_frequency_reg[17]              ;
; -4.000 ; 1.000        ; 5.000          ; Min Period      ; clock_test ; Rise       ; count_test_frequency_reg[17]~_Duplicate_1 ;
; -4.000 ; 1.000        ; 5.000          ; Min Period      ; clock_test ; Rise       ; count_test_frequency_reg[18]              ;
; -4.000 ; 1.000        ; 5.000          ; Min Period      ; clock_test ; Rise       ; count_test_frequency_reg[19]              ;
; -4.000 ; 1.000        ; 5.000          ; Min Period      ; clock_test ; Rise       ; count_test_frequency_reg[1]               ;
; -4.000 ; 1.000        ; 5.000          ; Min Period      ; clock_test ; Rise       ; count_test_frequency_reg[1]~_Duplicate_1  ;
; -4.000 ; 1.000        ; 5.000          ; Min Period      ; clock_test ; Rise       ; count_test_frequency_reg[20]              ;
; -4.000 ; 1.000        ; 5.000          ; Min Period      ; clock_test ; Rise       ; count_test_frequency_reg[21]              ;
; -4.000 ; 1.000        ; 5.000          ; Min Period      ; clock_test ; Rise       ; count_test_frequency_reg[22]              ;
; -4.000 ; 1.000        ; 5.000          ; Min Period      ; clock_test ; Rise       ; count_test_frequency_reg[23]              ;
; -4.000 ; 1.000        ; 5.000          ; Min Period      ; clock_test ; Rise       ; count_test_frequency_reg[24]              ;
; -4.000 ; 1.000        ; 5.000          ; Min Period      ; clock_test ; Rise       ; count_test_frequency_reg[25]              ;
; -4.000 ; 1.000        ; 5.000          ; Min Period      ; clock_test ; Rise       ; count_test_frequency_reg[26]              ;
; -4.000 ; 1.000        ; 5.000          ; Min Period      ; clock_test ; Rise       ; count_test_frequency_reg[27]              ;
; -4.000 ; 1.000        ; 5.000          ; Min Period      ; clock_test ; Rise       ; count_test_frequency_reg[28]              ;
; -4.000 ; 1.000        ; 5.000          ; Min Period      ; clock_test ; Rise       ; count_test_frequency_reg[29]              ;
; -4.000 ; 1.000        ; 5.000          ; Min Period      ; clock_test ; Rise       ; count_test_frequency_reg[2]               ;
; -4.000 ; 1.000        ; 5.000          ; Min Period      ; clock_test ; Rise       ; count_test_frequency_reg[2]~_Duplicate_1  ;
; -4.000 ; 1.000        ; 5.000          ; Min Period      ; clock_test ; Rise       ; count_test_frequency_reg[30]              ;
; -4.000 ; 1.000        ; 5.000          ; Min Period      ; clock_test ; Rise       ; count_test_frequency_reg[31]              ;
; -4.000 ; 1.000        ; 5.000          ; Min Period      ; clock_test ; Rise       ; count_test_frequency_reg[3]               ;
; -4.000 ; 1.000        ; 5.000          ; Min Period      ; clock_test ; Rise       ; count_test_frequency_reg[3]~_Duplicate_1  ;
; -4.000 ; 1.000        ; 5.000          ; Min Period      ; clock_test ; Rise       ; count_test_frequency_reg[4]               ;
; -4.000 ; 1.000        ; 5.000          ; Min Period      ; clock_test ; Rise       ; count_test_frequency_reg[4]~_Duplicate_1  ;
; -4.000 ; 1.000        ; 5.000          ; Min Period      ; clock_test ; Rise       ; count_test_frequency_reg[5]               ;
; -4.000 ; 1.000        ; 5.000          ; Min Period      ; clock_test ; Rise       ; count_test_frequency_reg[5]~_Duplicate_1  ;
; -4.000 ; 1.000        ; 5.000          ; Min Period      ; clock_test ; Rise       ; count_test_frequency_reg[6]               ;
; -4.000 ; 1.000        ; 5.000          ; Min Period      ; clock_test ; Rise       ; count_test_frequency_reg[6]~_Duplicate_1  ;
; -4.000 ; 1.000        ; 5.000          ; Min Period      ; clock_test ; Rise       ; count_test_frequency_reg[7]               ;
; -4.000 ; 1.000        ; 5.000          ; Min Period      ; clock_test ; Rise       ; count_test_frequency_reg[7]~_Duplicate_1  ;
; -4.000 ; 1.000        ; 5.000          ; Min Period      ; clock_test ; Rise       ; count_test_frequency_reg[8]               ;
; -4.000 ; 1.000        ; 5.000          ; Min Period      ; clock_test ; Rise       ; count_test_frequency_reg[8]~_Duplicate_1  ;
; -4.000 ; 1.000        ; 5.000          ; Min Period      ; clock_test ; Rise       ; count_test_frequency_reg[9]               ;
; -4.000 ; 1.000        ; 5.000          ; Min Period      ; clock_test ; Rise       ; count_test_frequency_reg[9]~_Duplicate_1  ;
; -3.000 ; 1.000        ; 4.000          ; Port Rate       ; clock_test ; Rise       ; clock_test                                ;
; -1.487 ; 1.000        ; 2.487          ; Min Period      ; clock_test ; Rise       ; count_test_frequency[0]                   ;
; -1.487 ; 1.000        ; 2.487          ; Min Period      ; clock_test ; Rise       ; count_test_frequency[10]                  ;
; -1.487 ; 1.000        ; 2.487          ; Min Period      ; clock_test ; Rise       ; count_test_frequency[11]                  ;
; -1.487 ; 1.000        ; 2.487          ; Min Period      ; clock_test ; Rise       ; count_test_frequency[12]                  ;
; -1.487 ; 1.000        ; 2.487          ; Min Period      ; clock_test ; Rise       ; count_test_frequency[13]                  ;
; -1.487 ; 1.000        ; 2.487          ; Min Period      ; clock_test ; Rise       ; count_test_frequency[14]                  ;
; -1.487 ; 1.000        ; 2.487          ; Min Period      ; clock_test ; Rise       ; count_test_frequency[15]                  ;
; -1.487 ; 1.000        ; 2.487          ; Min Period      ; clock_test ; Rise       ; count_test_frequency[16]                  ;
; -1.487 ; 1.000        ; 2.487          ; Min Period      ; clock_test ; Rise       ; count_test_frequency[17]                  ;
; -1.487 ; 1.000        ; 2.487          ; Min Period      ; clock_test ; Rise       ; count_test_frequency[18]                  ;
; -1.487 ; 1.000        ; 2.487          ; Min Period      ; clock_test ; Rise       ; count_test_frequency[19]                  ;
; -1.487 ; 1.000        ; 2.487          ; Min Period      ; clock_test ; Rise       ; count_test_frequency[1]                   ;
; -1.487 ; 1.000        ; 2.487          ; Min Period      ; clock_test ; Rise       ; count_test_frequency[20]                  ;
; -1.487 ; 1.000        ; 2.487          ; Min Period      ; clock_test ; Rise       ; count_test_frequency[21]                  ;
; -1.487 ; 1.000        ; 2.487          ; Min Period      ; clock_test ; Rise       ; count_test_frequency[22]                  ;
; -1.487 ; 1.000        ; 2.487          ; Min Period      ; clock_test ; Rise       ; count_test_frequency[23]                  ;
; -1.487 ; 1.000        ; 2.487          ; Min Period      ; clock_test ; Rise       ; count_test_frequency[24]                  ;
; -1.487 ; 1.000        ; 2.487          ; Min Period      ; clock_test ; Rise       ; count_test_frequency[25]                  ;
; -1.487 ; 1.000        ; 2.487          ; Min Period      ; clock_test ; Rise       ; count_test_frequency[26]                  ;
; -1.487 ; 1.000        ; 2.487          ; Min Period      ; clock_test ; Rise       ; count_test_frequency[27]                  ;
; -1.487 ; 1.000        ; 2.487          ; Min Period      ; clock_test ; Rise       ; count_test_frequency[28]                  ;
; -1.487 ; 1.000        ; 2.487          ; Min Period      ; clock_test ; Rise       ; count_test_frequency[29]                  ;
; -1.487 ; 1.000        ; 2.487          ; Min Period      ; clock_test ; Rise       ; count_test_frequency[2]                   ;
; -1.487 ; 1.000        ; 2.487          ; Min Period      ; clock_test ; Rise       ; count_test_frequency[30]                  ;
; -1.487 ; 1.000        ; 2.487          ; Min Period      ; clock_test ; Rise       ; count_test_frequency[31]                  ;
; -1.487 ; 1.000        ; 2.487          ; Min Period      ; clock_test ; Rise       ; count_test_frequency[3]                   ;
; -1.487 ; 1.000        ; 2.487          ; Min Period      ; clock_test ; Rise       ; count_test_frequency[4]                   ;
; -1.487 ; 1.000        ; 2.487          ; Min Period      ; clock_test ; Rise       ; count_test_frequency[5]                   ;
; -1.487 ; 1.000        ; 2.487          ; Min Period      ; clock_test ; Rise       ; count_test_frequency[6]                   ;
; -1.487 ; 1.000        ; 2.487          ; Min Period      ; clock_test ; Rise       ; count_test_frequency[7]                   ;
; -1.487 ; 1.000        ; 2.487          ; Min Period      ; clock_test ; Rise       ; count_test_frequency[8]                   ;
; -1.487 ; 1.000        ; 2.487          ; Min Period      ; clock_test ; Rise       ; count_test_frequency[9]                   ;
; -1.487 ; 1.000        ; 2.487          ; Min Period      ; clock_test ; Rise       ; count_test_frequency_reg[0]~_Duplicate_2  ;
; -1.487 ; 1.000        ; 2.487          ; Min Period      ; clock_test ; Rise       ; gate_a                                    ;
; -1.487 ; 1.000        ; 2.487          ; Min Period      ; clock_test ; Rise       ; gate_a_test_reg                           ;
; 0.001  ; 0.383        ; 0.382          ; Low Pulse Width ; clock_test ; Rise       ; count_test_frequency_reg[0]               ;
; 0.001  ; 0.383        ; 0.382          ; Low Pulse Width ; clock_test ; Rise       ; count_test_frequency_reg[10]              ;
; 0.001  ; 0.383        ; 0.382          ; Low Pulse Width ; clock_test ; Rise       ; count_test_frequency_reg[11]              ;
; 0.001  ; 0.383        ; 0.382          ; Low Pulse Width ; clock_test ; Rise       ; count_test_frequency_reg[12]              ;
; 0.001  ; 0.383        ; 0.382          ; Low Pulse Width ; clock_test ; Rise       ; count_test_frequency_reg[13]              ;
; 0.001  ; 0.383        ; 0.382          ; Low Pulse Width ; clock_test ; Rise       ; count_test_frequency_reg[14]              ;
; 0.001  ; 0.383        ; 0.382          ; Low Pulse Width ; clock_test ; Rise       ; count_test_frequency_reg[15]              ;
; 0.001  ; 0.383        ; 0.382          ; Low Pulse Width ; clock_test ; Rise       ; count_test_frequency_reg[16]              ;
; 0.001  ; 0.383        ; 0.382          ; Low Pulse Width ; clock_test ; Rise       ; count_test_frequency_reg[17]              ;
; 0.001  ; 0.383        ; 0.382          ; Low Pulse Width ; clock_test ; Rise       ; count_test_frequency_reg[18]              ;
; 0.001  ; 0.383        ; 0.382          ; Low Pulse Width ; clock_test ; Rise       ; count_test_frequency_reg[19]              ;
; 0.001  ; 0.383        ; 0.382          ; Low Pulse Width ; clock_test ; Rise       ; count_test_frequency_reg[1]               ;
; 0.001  ; 0.383        ; 0.382          ; Low Pulse Width ; clock_test ; Rise       ; count_test_frequency_reg[20]              ;
; 0.001  ; 0.383        ; 0.382          ; Low Pulse Width ; clock_test ; Rise       ; count_test_frequency_reg[21]              ;
+--------+--------------+----------------+-----------------+------------+------------+-------------------------------------------+


+------------------------------------------------------------------------------------------------------------+
; Slow 1200mV 0C Model Minimum Pulse Width: 'system_clock'                                                   ;
+--------+--------------+----------------+------------------+--------------+------------+--------------------+
; Slack  ; Actual Width ; Required Width ; Type             ; Clock        ; Clock Edge ; Target             ;
+--------+--------------+----------------+------------------+--------------+------------+--------------------+
; -3.000 ; 1.000        ; 4.000          ; Port Rate        ; system_clock ; Rise       ; system_clock       ;
; -1.487 ; 1.000        ; 2.487          ; Min Period       ; system_clock ; Rise       ; calculation_flag   ;
; -1.487 ; 1.000        ; 2.487          ; Min Period       ; system_clock ; Rise       ; count_gate_s[0]    ;
; -1.487 ; 1.000        ; 2.487          ; Min Period       ; system_clock ; Rise       ; count_gate_s[10]   ;
; -1.487 ; 1.000        ; 2.487          ; Min Period       ; system_clock ; Rise       ; count_gate_s[11]   ;
; -1.487 ; 1.000        ; 2.487          ; Min Period       ; system_clock ; Rise       ; count_gate_s[12]   ;
; -1.487 ; 1.000        ; 2.487          ; Min Period       ; system_clock ; Rise       ; count_gate_s[13]   ;
; -1.487 ; 1.000        ; 2.487          ; Min Period       ; system_clock ; Rise       ; count_gate_s[14]   ;
; -1.487 ; 1.000        ; 2.487          ; Min Period       ; system_clock ; Rise       ; count_gate_s[15]   ;
; -1.487 ; 1.000        ; 2.487          ; Min Period       ; system_clock ; Rise       ; count_gate_s[16]   ;
; -1.487 ; 1.000        ; 2.487          ; Min Period       ; system_clock ; Rise       ; count_gate_s[17]   ;
; -1.487 ; 1.000        ; 2.487          ; Min Period       ; system_clock ; Rise       ; count_gate_s[18]   ;
; -1.487 ; 1.000        ; 2.487          ; Min Period       ; system_clock ; Rise       ; count_gate_s[19]   ;
; -1.487 ; 1.000        ; 2.487          ; Min Period       ; system_clock ; Rise       ; count_gate_s[1]    ;
; -1.487 ; 1.000        ; 2.487          ; Min Period       ; system_clock ; Rise       ; count_gate_s[20]   ;
; -1.487 ; 1.000        ; 2.487          ; Min Period       ; system_clock ; Rise       ; count_gate_s[21]   ;
; -1.487 ; 1.000        ; 2.487          ; Min Period       ; system_clock ; Rise       ; count_gate_s[22]   ;
; -1.487 ; 1.000        ; 2.487          ; Min Period       ; system_clock ; Rise       ; count_gate_s[23]   ;
; -1.487 ; 1.000        ; 2.487          ; Min Period       ; system_clock ; Rise       ; count_gate_s[24]   ;
; -1.487 ; 1.000        ; 2.487          ; Min Period       ; system_clock ; Rise       ; count_gate_s[25]   ;
; -1.487 ; 1.000        ; 2.487          ; Min Period       ; system_clock ; Rise       ; count_gate_s[26]   ;
; -1.487 ; 1.000        ; 2.487          ; Min Period       ; system_clock ; Rise       ; count_gate_s[2]    ;
; -1.487 ; 1.000        ; 2.487          ; Min Period       ; system_clock ; Rise       ; count_gate_s[3]    ;
; -1.487 ; 1.000        ; 2.487          ; Min Period       ; system_clock ; Rise       ; count_gate_s[4]    ;
; -1.487 ; 1.000        ; 2.487          ; Min Period       ; system_clock ; Rise       ; count_gate_s[5]    ;
; -1.487 ; 1.000        ; 2.487          ; Min Period       ; system_clock ; Rise       ; count_gate_s[6]    ;
; -1.487 ; 1.000        ; 2.487          ; Min Period       ; system_clock ; Rise       ; count_gate_s[7]    ;
; -1.487 ; 1.000        ; 2.487          ; Min Period       ; system_clock ; Rise       ; count_gate_s[8]    ;
; -1.487 ; 1.000        ; 2.487          ; Min Period       ; system_clock ; Rise       ; count_gate_s[9]    ;
; -1.487 ; 1.000        ; 2.487          ; Min Period       ; system_clock ; Rise       ; frequency[0]~reg0  ;
; -1.487 ; 1.000        ; 2.487          ; Min Period       ; system_clock ; Rise       ; frequency[10]~reg0 ;
; -1.487 ; 1.000        ; 2.487          ; Min Period       ; system_clock ; Rise       ; frequency[11]~reg0 ;
; -1.487 ; 1.000        ; 2.487          ; Min Period       ; system_clock ; Rise       ; frequency[12]~reg0 ;
; -1.487 ; 1.000        ; 2.487          ; Min Period       ; system_clock ; Rise       ; frequency[13]~reg0 ;
; -1.487 ; 1.000        ; 2.487          ; Min Period       ; system_clock ; Rise       ; frequency[14]~reg0 ;
; -1.487 ; 1.000        ; 2.487          ; Min Period       ; system_clock ; Rise       ; frequency[15]~reg0 ;
; -1.487 ; 1.000        ; 2.487          ; Min Period       ; system_clock ; Rise       ; frequency[16]~reg0 ;
; -1.487 ; 1.000        ; 2.487          ; Min Period       ; system_clock ; Rise       ; frequency[17]~reg0 ;
; -1.487 ; 1.000        ; 2.487          ; Min Period       ; system_clock ; Rise       ; frequency[18]~reg0 ;
; -1.487 ; 1.000        ; 2.487          ; Min Period       ; system_clock ; Rise       ; frequency[19]~reg0 ;
; -1.487 ; 1.000        ; 2.487          ; Min Period       ; system_clock ; Rise       ; frequency[1]~reg0  ;
; -1.487 ; 1.000        ; 2.487          ; Min Period       ; system_clock ; Rise       ; frequency[20]~reg0 ;
; -1.487 ; 1.000        ; 2.487          ; Min Period       ; system_clock ; Rise       ; frequency[21]~reg0 ;
; -1.487 ; 1.000        ; 2.487          ; Min Period       ; system_clock ; Rise       ; frequency[22]~reg0 ;
; -1.487 ; 1.000        ; 2.487          ; Min Period       ; system_clock ; Rise       ; frequency[23]~reg0 ;
; -1.487 ; 1.000        ; 2.487          ; Min Period       ; system_clock ; Rise       ; frequency[24]~reg0 ;
; -1.487 ; 1.000        ; 2.487          ; Min Period       ; system_clock ; Rise       ; frequency[25]~reg0 ;
; -1.487 ; 1.000        ; 2.487          ; Min Period       ; system_clock ; Rise       ; frequency[26]~reg0 ;
; -1.487 ; 1.000        ; 2.487          ; Min Period       ; system_clock ; Rise       ; frequency[27]~reg0 ;
; -1.487 ; 1.000        ; 2.487          ; Min Period       ; system_clock ; Rise       ; frequency[28]~reg0 ;
; -1.487 ; 1.000        ; 2.487          ; Min Period       ; system_clock ; Rise       ; frequency[29]~reg0 ;
; -1.487 ; 1.000        ; 2.487          ; Min Period       ; system_clock ; Rise       ; frequency[2]~reg0  ;
; -1.487 ; 1.000        ; 2.487          ; Min Period       ; system_clock ; Rise       ; frequency[30]~reg0 ;
; -1.487 ; 1.000        ; 2.487          ; Min Period       ; system_clock ; Rise       ; frequency[31]~reg0 ;
; -1.487 ; 1.000        ; 2.487          ; Min Period       ; system_clock ; Rise       ; frequency[3]~reg0  ;
; -1.487 ; 1.000        ; 2.487          ; Min Period       ; system_clock ; Rise       ; frequency[4]~reg0  ;
; -1.487 ; 1.000        ; 2.487          ; Min Period       ; system_clock ; Rise       ; frequency[5]~reg0  ;
; -1.487 ; 1.000        ; 2.487          ; Min Period       ; system_clock ; Rise       ; frequency[6]~reg0  ;
; -1.487 ; 1.000        ; 2.487          ; Min Period       ; system_clock ; Rise       ; frequency[7]~reg0  ;
; -1.487 ; 1.000        ; 2.487          ; Min Period       ; system_clock ; Rise       ; frequency[8]~reg0  ;
; -1.487 ; 1.000        ; 2.487          ; Min Period       ; system_clock ; Rise       ; frequency[9]~reg0  ;
; -1.487 ; 1.000        ; 2.487          ; Min Period       ; system_clock ; Rise       ; gate_s             ;
; 0.228  ; 0.444        ; 0.216          ; High Pulse Width ; system_clock ; Rise       ; frequency[19]~reg0 ;
; 0.228  ; 0.444        ; 0.216          ; High Pulse Width ; system_clock ; Rise       ; frequency[20]~reg0 ;
; 0.228  ; 0.444        ; 0.216          ; High Pulse Width ; system_clock ; Rise       ; frequency[21]~reg0 ;
; 0.228  ; 0.444        ; 0.216          ; High Pulse Width ; system_clock ; Rise       ; frequency[22]~reg0 ;
; 0.228  ; 0.444        ; 0.216          ; High Pulse Width ; system_clock ; Rise       ; frequency[23]~reg0 ;
; 0.228  ; 0.444        ; 0.216          ; High Pulse Width ; system_clock ; Rise       ; frequency[24]~reg0 ;
; 0.228  ; 0.444        ; 0.216          ; High Pulse Width ; system_clock ; Rise       ; frequency[25]~reg0 ;
; 0.228  ; 0.444        ; 0.216          ; High Pulse Width ; system_clock ; Rise       ; frequency[26]~reg0 ;
; 0.228  ; 0.444        ; 0.216          ; High Pulse Width ; system_clock ; Rise       ; frequency[27]~reg0 ;
; 0.228  ; 0.444        ; 0.216          ; High Pulse Width ; system_clock ; Rise       ; frequency[28]~reg0 ;
; 0.228  ; 0.444        ; 0.216          ; High Pulse Width ; system_clock ; Rise       ; frequency[29]~reg0 ;
; 0.228  ; 0.444        ; 0.216          ; High Pulse Width ; system_clock ; Rise       ; frequency[30]~reg0 ;
; 0.228  ; 0.444        ; 0.216          ; High Pulse Width ; system_clock ; Rise       ; frequency[31]~reg0 ;
; 0.230  ; 0.446        ; 0.216          ; High Pulse Width ; system_clock ; Rise       ; count_gate_s[26]   ;
; 0.271  ; 0.487        ; 0.216          ; High Pulse Width ; system_clock ; Rise       ; frequency[0]~reg0  ;
; 0.271  ; 0.487        ; 0.216          ; High Pulse Width ; system_clock ; Rise       ; frequency[10]~reg0 ;
; 0.271  ; 0.487        ; 0.216          ; High Pulse Width ; system_clock ; Rise       ; frequency[14]~reg0 ;
; 0.271  ; 0.487        ; 0.216          ; High Pulse Width ; system_clock ; Rise       ; frequency[15]~reg0 ;
; 0.271  ; 0.487        ; 0.216          ; High Pulse Width ; system_clock ; Rise       ; frequency[16]~reg0 ;
; 0.271  ; 0.487        ; 0.216          ; High Pulse Width ; system_clock ; Rise       ; frequency[2]~reg0  ;
; 0.271  ; 0.487        ; 0.216          ; High Pulse Width ; system_clock ; Rise       ; frequency[3]~reg0  ;
; 0.271  ; 0.487        ; 0.216          ; High Pulse Width ; system_clock ; Rise       ; frequency[4]~reg0  ;
; 0.271  ; 0.487        ; 0.216          ; High Pulse Width ; system_clock ; Rise       ; frequency[5]~reg0  ;
; 0.271  ; 0.487        ; 0.216          ; High Pulse Width ; system_clock ; Rise       ; frequency[7]~reg0  ;
; 0.271  ; 0.487        ; 0.216          ; High Pulse Width ; system_clock ; Rise       ; frequency[9]~reg0  ;
; 0.272  ; 0.488        ; 0.216          ; High Pulse Width ; system_clock ; Rise       ; count_gate_s[0]    ;
; 0.272  ; 0.488        ; 0.216          ; High Pulse Width ; system_clock ; Rise       ; count_gate_s[10]   ;
; 0.272  ; 0.488        ; 0.216          ; High Pulse Width ; system_clock ; Rise       ; count_gate_s[11]   ;
; 0.272  ; 0.488        ; 0.216          ; High Pulse Width ; system_clock ; Rise       ; count_gate_s[12]   ;
; 0.272  ; 0.488        ; 0.216          ; High Pulse Width ; system_clock ; Rise       ; count_gate_s[1]    ;
; 0.272  ; 0.488        ; 0.216          ; High Pulse Width ; system_clock ; Rise       ; count_gate_s[2]    ;
; 0.272  ; 0.488        ; 0.216          ; High Pulse Width ; system_clock ; Rise       ; count_gate_s[3]    ;
; 0.272  ; 0.488        ; 0.216          ; High Pulse Width ; system_clock ; Rise       ; count_gate_s[4]    ;
; 0.272  ; 0.488        ; 0.216          ; High Pulse Width ; system_clock ; Rise       ; count_gate_s[5]    ;
; 0.272  ; 0.488        ; 0.216          ; High Pulse Width ; system_clock ; Rise       ; count_gate_s[6]    ;
; 0.272  ; 0.488        ; 0.216          ; High Pulse Width ; system_clock ; Rise       ; count_gate_s[7]    ;
; 0.272  ; 0.488        ; 0.216          ; High Pulse Width ; system_clock ; Rise       ; count_gate_s[8]    ;
; 0.272  ; 0.488        ; 0.216          ; High Pulse Width ; system_clock ; Rise       ; count_gate_s[9]    ;
+--------+--------------+----------------+------------------+--------------+------------+--------------------+


+------------------------------------------------------------------------------+
; Clock to Output Times                                                        ;
+----------------+--------------+-------+-------+------------+-----------------+
; Data Port      ; Clock Port   ; Rise  ; Fall  ; Clock Edge ; Clock Reference ;
+----------------+--------------+-------+-------+------------+-----------------+
; frequency[*]   ; system_clock ; 8.074 ; 7.896 ; Rise       ; system_clock    ;
;  frequency[0]  ; system_clock ; 8.030 ; 7.633 ; Rise       ; system_clock    ;
;  frequency[1]  ; system_clock ; 6.836 ; 6.624 ; Rise       ; system_clock    ;
;  frequency[2]  ; system_clock ; 6.766 ; 6.541 ; Rise       ; system_clock    ;
;  frequency[3]  ; system_clock ; 6.774 ; 6.551 ; Rise       ; system_clock    ;
;  frequency[4]  ; system_clock ; 7.291 ; 7.058 ; Rise       ; system_clock    ;
;  frequency[5]  ; system_clock ; 6.912 ; 6.700 ; Rise       ; system_clock    ;
;  frequency[6]  ; system_clock ; 7.090 ; 6.813 ; Rise       ; system_clock    ;
;  frequency[7]  ; system_clock ; 6.798 ; 6.583 ; Rise       ; system_clock    ;
;  frequency[8]  ; system_clock ; 7.078 ; 6.799 ; Rise       ; system_clock    ;
;  frequency[9]  ; system_clock ; 6.986 ; 6.802 ; Rise       ; system_clock    ;
;  frequency[10] ; system_clock ; 7.245 ; 7.004 ; Rise       ; system_clock    ;
;  frequency[11] ; system_clock ; 6.499 ; 6.331 ; Rise       ; system_clock    ;
;  frequency[12] ; system_clock ; 6.738 ; 6.532 ; Rise       ; system_clock    ;
;  frequency[13] ; system_clock ; 8.074 ; 7.896 ; Rise       ; system_clock    ;
;  frequency[14] ; system_clock ; 6.871 ; 6.653 ; Rise       ; system_clock    ;
;  frequency[15] ; system_clock ; 6.622 ; 6.482 ; Rise       ; system_clock    ;
;  frequency[16] ; system_clock ; 7.139 ; 6.819 ; Rise       ; system_clock    ;
;  frequency[17] ; system_clock ; 6.574 ; 6.407 ; Rise       ; system_clock    ;
;  frequency[18] ; system_clock ; 7.143 ; 6.871 ; Rise       ; system_clock    ;
;  frequency[19] ; system_clock ; 7.678 ; 7.347 ; Rise       ; system_clock    ;
;  frequency[20] ; system_clock ; 7.427 ; 7.235 ; Rise       ; system_clock    ;
;  frequency[21] ; system_clock ; 7.605 ; 7.298 ; Rise       ; system_clock    ;
;  frequency[22] ; system_clock ; 7.398 ; 7.197 ; Rise       ; system_clock    ;
;  frequency[23] ; system_clock ; 7.574 ; 7.265 ; Rise       ; system_clock    ;
;  frequency[24] ; system_clock ; 7.086 ; 6.937 ; Rise       ; system_clock    ;
;  frequency[25] ; system_clock ; 7.409 ; 7.214 ; Rise       ; system_clock    ;
;  frequency[26] ; system_clock ; 7.415 ; 7.227 ; Rise       ; system_clock    ;
;  frequency[27] ; system_clock ; 7.442 ; 7.241 ; Rise       ; system_clock    ;
;  frequency[28] ; system_clock ; 7.589 ; 7.311 ; Rise       ; system_clock    ;
;  frequency[29] ; system_clock ; 7.445 ; 7.185 ; Rise       ; system_clock    ;
;  frequency[30] ; system_clock ; 7.627 ; 7.329 ; Rise       ; system_clock    ;
;  frequency[31] ; system_clock ; 7.385 ; 7.201 ; Rise       ; system_clock    ;
+----------------+--------------+-------+-------+------------+-----------------+


+------------------------------------------------------------------------------+
; Minimum Clock to Output Times                                                ;
+----------------+--------------+-------+-------+------------+-----------------+
; Data Port      ; Clock Port   ; Rise  ; Fall  ; Clock Edge ; Clock Reference ;
+----------------+--------------+-------+-------+------------+-----------------+
; frequency[*]   ; system_clock ; 6.256 ; 6.093 ; Rise       ; system_clock    ;
;  frequency[0]  ; system_clock ; 7.726 ; 7.343 ; Rise       ; system_clock    ;
;  frequency[1]  ; system_clock ; 6.580 ; 6.374 ; Rise       ; system_clock    ;
;  frequency[2]  ; system_clock ; 6.512 ; 6.294 ; Rise       ; system_clock    ;
;  frequency[3]  ; system_clock ; 6.519 ; 6.304 ; Rise       ; system_clock    ;
;  frequency[4]  ; system_clock ; 7.016 ; 6.791 ; Rise       ; system_clock    ;
;  frequency[5]  ; system_clock ; 6.652 ; 6.447 ; Rise       ; system_clock    ;
;  frequency[6]  ; system_clock ; 6.823 ; 6.556 ; Rise       ; system_clock    ;
;  frequency[7]  ; system_clock ; 6.542 ; 6.334 ; Rise       ; system_clock    ;
;  frequency[8]  ; system_clock ; 6.812 ; 6.543 ; Rise       ; system_clock    ;
;  frequency[9]  ; system_clock ; 6.723 ; 6.545 ; Rise       ; system_clock    ;
;  frequency[10] ; system_clock ; 6.971 ; 6.739 ; Rise       ; system_clock    ;
;  frequency[11] ; system_clock ; 6.256 ; 6.093 ; Rise       ; system_clock    ;
;  frequency[12] ; system_clock ; 6.482 ; 6.283 ; Rise       ; system_clock    ;
;  frequency[13] ; system_clock ; 7.818 ; 7.648 ; Rise       ; system_clock    ;
;  frequency[14] ; system_clock ; 6.612 ; 6.402 ; Rise       ; system_clock    ;
;  frequency[15] ; system_clock ; 6.373 ; 6.238 ; Rise       ; system_clock    ;
;  frequency[16] ; system_clock ; 6.870 ; 6.562 ; Rise       ; system_clock    ;
;  frequency[17] ; system_clock ; 6.327 ; 6.166 ; Rise       ; system_clock    ;
;  frequency[18] ; system_clock ; 6.875 ; 6.612 ; Rise       ; system_clock    ;
;  frequency[19] ; system_clock ; 7.389 ; 7.069 ; Rise       ; system_clock    ;
;  frequency[20] ; system_clock ; 7.149 ; 6.963 ; Rise       ; system_clock    ;
;  frequency[21] ; system_clock ; 7.318 ; 7.022 ; Rise       ; system_clock    ;
;  frequency[22] ; system_clock ; 7.119 ; 6.925 ; Rise       ; system_clock    ;
;  frequency[23] ; system_clock ; 7.288 ; 6.991 ; Rise       ; system_clock    ;
;  frequency[24] ; system_clock ; 6.819 ; 6.675 ; Rise       ; system_clock    ;
;  frequency[25] ; system_clock ; 7.129 ; 6.941 ; Rise       ; system_clock    ;
;  frequency[26] ; system_clock ; 7.137 ; 6.955 ; Rise       ; system_clock    ;
;  frequency[27] ; system_clock ; 7.162 ; 6.967 ; Rise       ; system_clock    ;
;  frequency[28] ; system_clock ; 7.304 ; 7.035 ; Rise       ; system_clock    ;
;  frequency[29] ; system_clock ; 7.161 ; 6.910 ; Rise       ; system_clock    ;
;  frequency[30] ; system_clock ; 7.340 ; 7.052 ; Rise       ; system_clock    ;
;  frequency[31] ; system_clock ; 7.107 ; 6.929 ; Rise       ; system_clock    ;
+----------------+--------------+-------+-------+------------+-----------------+


---------------------------------------------
; Slow 1200mV 0C Model Metastability Report ;
---------------------------------------------
No synchronizer chains to report.


+---------------------------------------+
; Fast 1200mV 0C Model Setup Summary    ;
+--------------+--------+---------------+
; Clock        ; Slack  ; End Point TNS ;
+--------------+--------+---------------+
; system_clock ; -2.662 ; -70.672       ;
; clock_test   ; -0.681 ; -35.084       ;
+--------------+--------+---------------+


+--------------------------------------+
; Fast 1200mV 0C Model Hold Summary    ;
+--------------+-------+---------------+
; Clock        ; Slack ; End Point TNS ;
+--------------+-------+---------------+
; system_clock ; 0.194 ; 0.000         ;
; clock_test   ; 0.237 ; 0.000         ;
+--------------+-------+---------------+


-----------------------------------------
; Fast 1200mV 0C Model Recovery Summary ;
-----------------------------------------
No paths to report.


----------------------------------------
; Fast 1200mV 0C Model Removal Summary ;
----------------------------------------
No paths to report.


+--------------------------------------------------+
; Fast 1200mV 0C Model Minimum Pulse Width Summary ;
+--------------+--------+--------------------------+
; Clock        ; Slack  ; End Point TNS            ;
+--------------+--------+--------------------------+
; clock_test   ; -3.000 ; -94.841                  ;
; system_clock ; -3.000 ; -68.300                  ;
+--------------+--------+--------------------------+


+-----------------------------------------------------------------------------------------------------------------------------------+
; Fast 1200mV 0C Model Setup: 'system_clock'                                                                                        ;
+--------+------------------------------+--------------------+--------------+--------------+--------------+------------+------------+
; Slack  ; From Node                    ; To Node            ; Launch Clock ; Latch Clock  ; Relationship ; Clock Skew ; Data Delay ;
+--------+------------------------------+--------------------+--------------+--------------+--------------+------------+------------+
; -2.662 ; count_test_frequency_reg[18] ; frequency[31]~reg0 ; clock_test   ; system_clock ; 1.000        ; 0.201      ; 3.830      ;
; -2.662 ; count_test_frequency_reg[19] ; frequency[31]~reg0 ; clock_test   ; system_clock ; 1.000        ; 0.201      ; 3.830      ;
; -2.662 ; count_test_frequency_reg[20] ; frequency[31]~reg0 ; clock_test   ; system_clock ; 1.000        ; 0.201      ; 3.830      ;
; -2.662 ; count_test_frequency_reg[21] ; frequency[31]~reg0 ; clock_test   ; system_clock ; 1.000        ; 0.201      ; 3.830      ;
; -2.662 ; count_test_frequency_reg[22] ; frequency[31]~reg0 ; clock_test   ; system_clock ; 1.000        ; 0.201      ; 3.830      ;
; -2.662 ; count_test_frequency_reg[23] ; frequency[31]~reg0 ; clock_test   ; system_clock ; 1.000        ; 0.201      ; 3.830      ;
; -2.662 ; count_test_frequency_reg[24] ; frequency[31]~reg0 ; clock_test   ; system_clock ; 1.000        ; 0.201      ; 3.830      ;
; -2.662 ; count_test_frequency_reg[25] ; frequency[31]~reg0 ; clock_test   ; system_clock ; 1.000        ; 0.201      ; 3.830      ;
; -2.662 ; count_test_frequency_reg[26] ; frequency[31]~reg0 ; clock_test   ; system_clock ; 1.000        ; 0.201      ; 3.830      ;
; -2.662 ; count_test_frequency_reg[27] ; frequency[31]~reg0 ; clock_test   ; system_clock ; 1.000        ; 0.201      ; 3.830      ;
; -2.662 ; count_test_frequency_reg[28] ; frequency[31]~reg0 ; clock_test   ; system_clock ; 1.000        ; 0.201      ; 3.830      ;
; -2.662 ; count_test_frequency_reg[29] ; frequency[31]~reg0 ; clock_test   ; system_clock ; 1.000        ; 0.201      ; 3.830      ;
; -2.662 ; count_test_frequency_reg[30] ; frequency[31]~reg0 ; clock_test   ; system_clock ; 1.000        ; 0.201      ; 3.830      ;
; -2.662 ; count_test_frequency_reg[31] ; frequency[31]~reg0 ; clock_test   ; system_clock ; 1.000        ; 0.201      ; 3.830      ;
; -2.650 ; count_test_frequency_reg[18] ; frequency[30]~reg0 ; clock_test   ; system_clock ; 1.000        ; 0.201      ; 3.818      ;
; -2.650 ; count_test_frequency_reg[19] ; frequency[30]~reg0 ; clock_test   ; system_clock ; 1.000        ; 0.201      ; 3.818      ;
; -2.650 ; count_test_frequency_reg[20] ; frequency[30]~reg0 ; clock_test   ; system_clock ; 1.000        ; 0.201      ; 3.818      ;
; -2.650 ; count_test_frequency_reg[21] ; frequency[30]~reg0 ; clock_test   ; system_clock ; 1.000        ; 0.201      ; 3.818      ;
; -2.650 ; count_test_frequency_reg[22] ; frequency[30]~reg0 ; clock_test   ; system_clock ; 1.000        ; 0.201      ; 3.818      ;
; -2.650 ; count_test_frequency_reg[23] ; frequency[30]~reg0 ; clock_test   ; system_clock ; 1.000        ; 0.201      ; 3.818      ;
; -2.650 ; count_test_frequency_reg[24] ; frequency[30]~reg0 ; clock_test   ; system_clock ; 1.000        ; 0.201      ; 3.818      ;
; -2.650 ; count_test_frequency_reg[25] ; frequency[30]~reg0 ; clock_test   ; system_clock ; 1.000        ; 0.201      ; 3.818      ;
; -2.650 ; count_test_frequency_reg[26] ; frequency[30]~reg0 ; clock_test   ; system_clock ; 1.000        ; 0.201      ; 3.818      ;
; -2.650 ; count_test_frequency_reg[27] ; frequency[30]~reg0 ; clock_test   ; system_clock ; 1.000        ; 0.201      ; 3.818      ;
; -2.650 ; count_test_frequency_reg[28] ; frequency[30]~reg0 ; clock_test   ; system_clock ; 1.000        ; 0.201      ; 3.818      ;
; -2.650 ; count_test_frequency_reg[29] ; frequency[30]~reg0 ; clock_test   ; system_clock ; 1.000        ; 0.201      ; 3.818      ;
; -2.650 ; count_test_frequency_reg[30] ; frequency[30]~reg0 ; clock_test   ; system_clock ; 1.000        ; 0.201      ; 3.818      ;
; -2.650 ; count_test_frequency_reg[31] ; frequency[30]~reg0 ; clock_test   ; system_clock ; 1.000        ; 0.201      ; 3.818      ;
; -2.594 ; count_test_frequency_reg[18] ; frequency[29]~reg0 ; clock_test   ; system_clock ; 1.000        ; 0.201      ; 3.762      ;
; -2.594 ; count_test_frequency_reg[19] ; frequency[29]~reg0 ; clock_test   ; system_clock ; 1.000        ; 0.201      ; 3.762      ;
; -2.594 ; count_test_frequency_reg[20] ; frequency[29]~reg0 ; clock_test   ; system_clock ; 1.000        ; 0.201      ; 3.762      ;
; -2.594 ; count_test_frequency_reg[21] ; frequency[29]~reg0 ; clock_test   ; system_clock ; 1.000        ; 0.201      ; 3.762      ;
; -2.594 ; count_test_frequency_reg[22] ; frequency[29]~reg0 ; clock_test   ; system_clock ; 1.000        ; 0.201      ; 3.762      ;
; -2.594 ; count_test_frequency_reg[23] ; frequency[29]~reg0 ; clock_test   ; system_clock ; 1.000        ; 0.201      ; 3.762      ;
; -2.594 ; count_test_frequency_reg[24] ; frequency[29]~reg0 ; clock_test   ; system_clock ; 1.000        ; 0.201      ; 3.762      ;
; -2.594 ; count_test_frequency_reg[25] ; frequency[29]~reg0 ; clock_test   ; system_clock ; 1.000        ; 0.201      ; 3.762      ;
; -2.594 ; count_test_frequency_reg[26] ; frequency[29]~reg0 ; clock_test   ; system_clock ; 1.000        ; 0.201      ; 3.762      ;
; -2.594 ; count_test_frequency_reg[27] ; frequency[29]~reg0 ; clock_test   ; system_clock ; 1.000        ; 0.201      ; 3.762      ;
; -2.594 ; count_test_frequency_reg[28] ; frequency[29]~reg0 ; clock_test   ; system_clock ; 1.000        ; 0.201      ; 3.762      ;
; -2.594 ; count_test_frequency_reg[29] ; frequency[29]~reg0 ; clock_test   ; system_clock ; 1.000        ; 0.201      ; 3.762      ;
; -2.594 ; count_test_frequency_reg[30] ; frequency[29]~reg0 ; clock_test   ; system_clock ; 1.000        ; 0.201      ; 3.762      ;
; -2.594 ; count_test_frequency_reg[31] ; frequency[29]~reg0 ; clock_test   ; system_clock ; 1.000        ; 0.201      ; 3.762      ;
; -2.581 ; count_test_frequency_reg[18] ; frequency[28]~reg0 ; clock_test   ; system_clock ; 1.000        ; 0.201      ; 3.749      ;
; -2.581 ; count_test_frequency_reg[19] ; frequency[28]~reg0 ; clock_test   ; system_clock ; 1.000        ; 0.201      ; 3.749      ;
; -2.581 ; count_test_frequency_reg[20] ; frequency[28]~reg0 ; clock_test   ; system_clock ; 1.000        ; 0.201      ; 3.749      ;
; -2.581 ; count_test_frequency_reg[21] ; frequency[28]~reg0 ; clock_test   ; system_clock ; 1.000        ; 0.201      ; 3.749      ;
; -2.581 ; count_test_frequency_reg[22] ; frequency[28]~reg0 ; clock_test   ; system_clock ; 1.000        ; 0.201      ; 3.749      ;
; -2.581 ; count_test_frequency_reg[23] ; frequency[28]~reg0 ; clock_test   ; system_clock ; 1.000        ; 0.201      ; 3.749      ;
; -2.581 ; count_test_frequency_reg[24] ; frequency[28]~reg0 ; clock_test   ; system_clock ; 1.000        ; 0.201      ; 3.749      ;
; -2.581 ; count_test_frequency_reg[25] ; frequency[28]~reg0 ; clock_test   ; system_clock ; 1.000        ; 0.201      ; 3.749      ;
; -2.581 ; count_test_frequency_reg[26] ; frequency[28]~reg0 ; clock_test   ; system_clock ; 1.000        ; 0.201      ; 3.749      ;
; -2.581 ; count_test_frequency_reg[27] ; frequency[28]~reg0 ; clock_test   ; system_clock ; 1.000        ; 0.201      ; 3.749      ;
; -2.581 ; count_test_frequency_reg[28] ; frequency[28]~reg0 ; clock_test   ; system_clock ; 1.000        ; 0.201      ; 3.749      ;
; -2.581 ; count_test_frequency_reg[29] ; frequency[28]~reg0 ; clock_test   ; system_clock ; 1.000        ; 0.201      ; 3.749      ;
; -2.581 ; count_test_frequency_reg[30] ; frequency[28]~reg0 ; clock_test   ; system_clock ; 1.000        ; 0.201      ; 3.749      ;
; -2.581 ; count_test_frequency_reg[31] ; frequency[28]~reg0 ; clock_test   ; system_clock ; 1.000        ; 0.201      ; 3.749      ;
; -2.526 ; count_test_frequency_reg[18] ; frequency[27]~reg0 ; clock_test   ; system_clock ; 1.000        ; 0.201      ; 3.694      ;
; -2.526 ; count_test_frequency_reg[19] ; frequency[27]~reg0 ; clock_test   ; system_clock ; 1.000        ; 0.201      ; 3.694      ;
; -2.526 ; count_test_frequency_reg[20] ; frequency[27]~reg0 ; clock_test   ; system_clock ; 1.000        ; 0.201      ; 3.694      ;
; -2.526 ; count_test_frequency_reg[21] ; frequency[27]~reg0 ; clock_test   ; system_clock ; 1.000        ; 0.201      ; 3.694      ;
; -2.526 ; count_test_frequency_reg[22] ; frequency[27]~reg0 ; clock_test   ; system_clock ; 1.000        ; 0.201      ; 3.694      ;
; -2.526 ; count_test_frequency_reg[23] ; frequency[27]~reg0 ; clock_test   ; system_clock ; 1.000        ; 0.201      ; 3.694      ;
; -2.526 ; count_test_frequency_reg[24] ; frequency[27]~reg0 ; clock_test   ; system_clock ; 1.000        ; 0.201      ; 3.694      ;
; -2.526 ; count_test_frequency_reg[25] ; frequency[27]~reg0 ; clock_test   ; system_clock ; 1.000        ; 0.201      ; 3.694      ;
; -2.526 ; count_test_frequency_reg[26] ; frequency[27]~reg0 ; clock_test   ; system_clock ; 1.000        ; 0.201      ; 3.694      ;
; -2.526 ; count_test_frequency_reg[27] ; frequency[27]~reg0 ; clock_test   ; system_clock ; 1.000        ; 0.201      ; 3.694      ;
; -2.526 ; count_test_frequency_reg[28] ; frequency[27]~reg0 ; clock_test   ; system_clock ; 1.000        ; 0.201      ; 3.694      ;
; -2.526 ; count_test_frequency_reg[29] ; frequency[27]~reg0 ; clock_test   ; system_clock ; 1.000        ; 0.201      ; 3.694      ;
; -2.526 ; count_test_frequency_reg[30] ; frequency[27]~reg0 ; clock_test   ; system_clock ; 1.000        ; 0.201      ; 3.694      ;
; -2.526 ; count_test_frequency_reg[31] ; frequency[27]~reg0 ; clock_test   ; system_clock ; 1.000        ; 0.201      ; 3.694      ;
; -2.513 ; count_test_frequency_reg[18] ; frequency[26]~reg0 ; clock_test   ; system_clock ; 1.000        ; 0.201      ; 3.681      ;
; -2.513 ; count_test_frequency_reg[19] ; frequency[26]~reg0 ; clock_test   ; system_clock ; 1.000        ; 0.201      ; 3.681      ;
; -2.513 ; count_test_frequency_reg[20] ; frequency[26]~reg0 ; clock_test   ; system_clock ; 1.000        ; 0.201      ; 3.681      ;
; -2.513 ; count_test_frequency_reg[21] ; frequency[26]~reg0 ; clock_test   ; system_clock ; 1.000        ; 0.201      ; 3.681      ;
; -2.513 ; count_test_frequency_reg[22] ; frequency[26]~reg0 ; clock_test   ; system_clock ; 1.000        ; 0.201      ; 3.681      ;
; -2.513 ; count_test_frequency_reg[23] ; frequency[26]~reg0 ; clock_test   ; system_clock ; 1.000        ; 0.201      ; 3.681      ;
; -2.513 ; count_test_frequency_reg[24] ; frequency[26]~reg0 ; clock_test   ; system_clock ; 1.000        ; 0.201      ; 3.681      ;
; -2.513 ; count_test_frequency_reg[25] ; frequency[26]~reg0 ; clock_test   ; system_clock ; 1.000        ; 0.201      ; 3.681      ;
; -2.513 ; count_test_frequency_reg[26] ; frequency[26]~reg0 ; clock_test   ; system_clock ; 1.000        ; 0.201      ; 3.681      ;
; -2.513 ; count_test_frequency_reg[27] ; frequency[26]~reg0 ; clock_test   ; system_clock ; 1.000        ; 0.201      ; 3.681      ;
; -2.513 ; count_test_frequency_reg[28] ; frequency[26]~reg0 ; clock_test   ; system_clock ; 1.000        ; 0.201      ; 3.681      ;
; -2.513 ; count_test_frequency_reg[29] ; frequency[26]~reg0 ; clock_test   ; system_clock ; 1.000        ; 0.201      ; 3.681      ;
; -2.513 ; count_test_frequency_reg[30] ; frequency[26]~reg0 ; clock_test   ; system_clock ; 1.000        ; 0.201      ; 3.681      ;
; -2.513 ; count_test_frequency_reg[31] ; frequency[26]~reg0 ; clock_test   ; system_clock ; 1.000        ; 0.201      ; 3.681      ;
; -2.458 ; count_test_frequency_reg[18] ; frequency[25]~reg0 ; clock_test   ; system_clock ; 1.000        ; 0.201      ; 3.626      ;
; -2.458 ; count_test_frequency_reg[19] ; frequency[25]~reg0 ; clock_test   ; system_clock ; 1.000        ; 0.201      ; 3.626      ;
; -2.458 ; count_test_frequency_reg[20] ; frequency[25]~reg0 ; clock_test   ; system_clock ; 1.000        ; 0.201      ; 3.626      ;
; -2.458 ; count_test_frequency_reg[21] ; frequency[25]~reg0 ; clock_test   ; system_clock ; 1.000        ; 0.201      ; 3.626      ;
; -2.458 ; count_test_frequency_reg[22] ; frequency[25]~reg0 ; clock_test   ; system_clock ; 1.000        ; 0.201      ; 3.626      ;
; -2.458 ; count_test_frequency_reg[23] ; frequency[25]~reg0 ; clock_test   ; system_clock ; 1.000        ; 0.201      ; 3.626      ;
; -2.458 ; count_test_frequency_reg[24] ; frequency[25]~reg0 ; clock_test   ; system_clock ; 1.000        ; 0.201      ; 3.626      ;
; -2.458 ; count_test_frequency_reg[25] ; frequency[25]~reg0 ; clock_test   ; system_clock ; 1.000        ; 0.201      ; 3.626      ;
; -2.458 ; count_test_frequency_reg[26] ; frequency[25]~reg0 ; clock_test   ; system_clock ; 1.000        ; 0.201      ; 3.626      ;
; -2.458 ; count_test_frequency_reg[27] ; frequency[25]~reg0 ; clock_test   ; system_clock ; 1.000        ; 0.201      ; 3.626      ;
; -2.458 ; count_test_frequency_reg[28] ; frequency[25]~reg0 ; clock_test   ; system_clock ; 1.000        ; 0.201      ; 3.626      ;
; -2.458 ; count_test_frequency_reg[29] ; frequency[25]~reg0 ; clock_test   ; system_clock ; 1.000        ; 0.201      ; 3.626      ;
; -2.458 ; count_test_frequency_reg[30] ; frequency[25]~reg0 ; clock_test   ; system_clock ; 1.000        ; 0.201      ; 3.626      ;
; -2.458 ; count_test_frequency_reg[31] ; frequency[25]~reg0 ; clock_test   ; system_clock ; 1.000        ; 0.201      ; 3.626      ;
; -2.445 ; count_test_frequency_reg[18] ; frequency[24]~reg0 ; clock_test   ; system_clock ; 1.000        ; 0.201      ; 3.613      ;
; -2.445 ; count_test_frequency_reg[19] ; frequency[24]~reg0 ; clock_test   ; system_clock ; 1.000        ; 0.201      ; 3.613      ;
+--------+------------------------------+--------------------+--------------+--------------+--------------+------------+------------+


+----------------------------------------------------------------------------------------------------------------------------------------------------+
; Fast 1200mV 0C Model Setup: 'clock_test'                                                                                                           ;
+--------+-------------------------+-------------------------------------------+--------------+-------------+--------------+------------+------------+
; Slack  ; From Node               ; To Node                                   ; Launch Clock ; Latch Clock ; Relationship ; Clock Skew ; Data Delay ;
+--------+-------------------------+-------------------------------------------+--------------+-------------+--------------+------------+------------+
; -0.681 ; gate_a                  ; count_test_frequency_reg[18]              ; clock_test   ; clock_test  ; 1.000        ; -0.090     ; 1.463      ;
; -0.681 ; gate_a                  ; count_test_frequency_reg[19]              ; clock_test   ; clock_test  ; 1.000        ; -0.090     ; 1.463      ;
; -0.681 ; gate_a                  ; count_test_frequency_reg[20]              ; clock_test   ; clock_test  ; 1.000        ; -0.090     ; 1.463      ;
; -0.681 ; gate_a                  ; count_test_frequency_reg[21]              ; clock_test   ; clock_test  ; 1.000        ; -0.090     ; 1.463      ;
; -0.681 ; gate_a                  ; count_test_frequency_reg[22]              ; clock_test   ; clock_test  ; 1.000        ; -0.090     ; 1.463      ;
; -0.681 ; gate_a                  ; count_test_frequency_reg[23]              ; clock_test   ; clock_test  ; 1.000        ; -0.090     ; 1.463      ;
; -0.681 ; gate_a                  ; count_test_frequency_reg[24]              ; clock_test   ; clock_test  ; 1.000        ; -0.090     ; 1.463      ;
; -0.681 ; gate_a                  ; count_test_frequency_reg[25]              ; clock_test   ; clock_test  ; 1.000        ; -0.090     ; 1.463      ;
; -0.681 ; gate_a                  ; count_test_frequency_reg[26]              ; clock_test   ; clock_test  ; 1.000        ; -0.090     ; 1.463      ;
; -0.681 ; gate_a                  ; count_test_frequency_reg[27]              ; clock_test   ; clock_test  ; 1.000        ; -0.090     ; 1.463      ;
; -0.681 ; gate_a                  ; count_test_frequency_reg[28]              ; clock_test   ; clock_test  ; 1.000        ; -0.090     ; 1.463      ;
; -0.681 ; gate_a                  ; count_test_frequency_reg[29]              ; clock_test   ; clock_test  ; 1.000        ; -0.090     ; 1.463      ;
; -0.681 ; gate_a                  ; count_test_frequency_reg[30]              ; clock_test   ; clock_test  ; 1.000        ; -0.090     ; 1.463      ;
; -0.681 ; gate_a                  ; count_test_frequency_reg[31]              ; clock_test   ; clock_test  ; 1.000        ; -0.090     ; 1.463      ;
; -0.637 ; count_test_frequency[1] ; count_test_frequency[31]                  ; clock_test   ; clock_test  ; 1.000        ; 0.166      ; 1.790      ;
; -0.635 ; count_test_frequency[0] ; count_test_frequency[31]                  ; clock_test   ; clock_test  ; 1.000        ; 0.166      ; 1.788      ;
; -0.633 ; count_test_frequency[1] ; count_test_frequency[30]                  ; clock_test   ; clock_test  ; 1.000        ; 0.166      ; 1.786      ;
; -0.596 ; count_test_frequency[0] ; count_test_frequency[30]                  ; clock_test   ; clock_test  ; 1.000        ; 0.166      ; 1.749      ;
; -0.569 ; count_test_frequency[1] ; count_test_frequency[29]                  ; clock_test   ; clock_test  ; 1.000        ; 0.166      ; 1.722      ;
; -0.567 ; count_test_frequency[0] ; count_test_frequency[29]                  ; clock_test   ; clock_test  ; 1.000        ; 0.166      ; 1.720      ;
; -0.566 ; count_test_frequency[3] ; count_test_frequency[31]                  ; clock_test   ; clock_test  ; 1.000        ; 0.166      ; 1.719      ;
; -0.565 ; count_test_frequency[1] ; count_test_frequency[28]                  ; clock_test   ; clock_test  ; 1.000        ; 0.166      ; 1.718      ;
; -0.562 ; count_test_frequency[3] ; count_test_frequency[30]                  ; clock_test   ; clock_test  ; 1.000        ; 0.166      ; 1.715      ;
; -0.556 ; count_test_frequency[2] ; count_test_frequency[31]                  ; clock_test   ; clock_test  ; 1.000        ; 0.166      ; 1.709      ;
; -0.528 ; count_test_frequency[0] ; count_test_frequency[28]                  ; clock_test   ; clock_test  ; 1.000        ; 0.166      ; 1.681      ;
; -0.526 ; gate_a                  ; count_test_frequency_reg[0]~_Duplicate_2  ; clock_test   ; clock_test  ; 1.000        ; -0.034     ; 1.479      ;
; -0.518 ; count_test_frequency[2] ; count_test_frequency[30]                  ; clock_test   ; clock_test  ; 1.000        ; 0.166      ; 1.671      ;
; -0.501 ; count_test_frequency[1] ; count_test_frequency[27]                  ; clock_test   ; clock_test  ; 1.000        ; 0.166      ; 1.654      ;
; -0.499 ; count_test_frequency[0] ; count_test_frequency[27]                  ; clock_test   ; clock_test  ; 1.000        ; 0.166      ; 1.652      ;
; -0.498 ; count_test_frequency[5] ; count_test_frequency[31]                  ; clock_test   ; clock_test  ; 1.000        ; 0.166      ; 1.651      ;
; -0.498 ; count_test_frequency[3] ; count_test_frequency[29]                  ; clock_test   ; clock_test  ; 1.000        ; 0.166      ; 1.651      ;
; -0.497 ; count_test_frequency[1] ; count_test_frequency[26]                  ; clock_test   ; clock_test  ; 1.000        ; 0.166      ; 1.650      ;
; -0.495 ; count_test_frequency[1] ; count_test_frequency[20]                  ; clock_test   ; clock_test  ; 1.000        ; -0.036     ; 1.446      ;
; -0.494 ; count_test_frequency[5] ; count_test_frequency[30]                  ; clock_test   ; clock_test  ; 1.000        ; 0.166      ; 1.647      ;
; -0.494 ; count_test_frequency[3] ; count_test_frequency[28]                  ; clock_test   ; clock_test  ; 1.000        ; 0.166      ; 1.647      ;
; -0.488 ; count_test_frequency[4] ; count_test_frequency[31]                  ; clock_test   ; clock_test  ; 1.000        ; 0.166      ; 1.641      ;
; -0.488 ; count_test_frequency[2] ; count_test_frequency[29]                  ; clock_test   ; clock_test  ; 1.000        ; 0.166      ; 1.641      ;
; -0.464 ; gate_a                  ; count_test_frequency_reg[0]~_Duplicate_1  ; clock_test   ; clock_test  ; 1.000        ; 0.055      ; 1.391      ;
; -0.464 ; gate_a                  ; count_test_frequency_reg[1]~_Duplicate_1  ; clock_test   ; clock_test  ; 1.000        ; 0.055      ; 1.391      ;
; -0.464 ; gate_a                  ; count_test_frequency_reg[2]~_Duplicate_1  ; clock_test   ; clock_test  ; 1.000        ; 0.055      ; 1.391      ;
; -0.464 ; gate_a                  ; count_test_frequency_reg[3]~_Duplicate_1  ; clock_test   ; clock_test  ; 1.000        ; 0.055      ; 1.391      ;
; -0.464 ; gate_a                  ; count_test_frequency_reg[4]~_Duplicate_1  ; clock_test   ; clock_test  ; 1.000        ; 0.055      ; 1.391      ;
; -0.464 ; gate_a                  ; count_test_frequency_reg[5]~_Duplicate_1  ; clock_test   ; clock_test  ; 1.000        ; 0.055      ; 1.391      ;
; -0.464 ; gate_a                  ; count_test_frequency_reg[6]~_Duplicate_1  ; clock_test   ; clock_test  ; 1.000        ; 0.055      ; 1.391      ;
; -0.464 ; gate_a                  ; count_test_frequency_reg[7]~_Duplicate_1  ; clock_test   ; clock_test  ; 1.000        ; 0.055      ; 1.391      ;
; -0.464 ; gate_a                  ; count_test_frequency_reg[8]~_Duplicate_1  ; clock_test   ; clock_test  ; 1.000        ; 0.055      ; 1.391      ;
; -0.464 ; gate_a                  ; count_test_frequency_reg[9]~_Duplicate_1  ; clock_test   ; clock_test  ; 1.000        ; 0.055      ; 1.391      ;
; -0.464 ; gate_a                  ; count_test_frequency_reg[10]~_Duplicate_1 ; clock_test   ; clock_test  ; 1.000        ; 0.055      ; 1.391      ;
; -0.464 ; gate_a                  ; count_test_frequency_reg[11]~_Duplicate_1 ; clock_test   ; clock_test  ; 1.000        ; 0.055      ; 1.391      ;
; -0.464 ; gate_a                  ; count_test_frequency_reg[12]~_Duplicate_1 ; clock_test   ; clock_test  ; 1.000        ; 0.055      ; 1.391      ;
; -0.464 ; gate_a                  ; count_test_frequency_reg[13]~_Duplicate_1 ; clock_test   ; clock_test  ; 1.000        ; 0.055      ; 1.391      ;
; -0.464 ; gate_a                  ; count_test_frequency_reg[14]~_Duplicate_1 ; clock_test   ; clock_test  ; 1.000        ; 0.055      ; 1.391      ;
; -0.464 ; gate_a                  ; count_test_frequency_reg[15]~_Duplicate_1 ; clock_test   ; clock_test  ; 1.000        ; 0.055      ; 1.391      ;
; -0.464 ; gate_a                  ; count_test_frequency_reg[16]~_Duplicate_1 ; clock_test   ; clock_test  ; 1.000        ; 0.055      ; 1.391      ;
; -0.464 ; gate_a                  ; count_test_frequency_reg[17]~_Duplicate_1 ; clock_test   ; clock_test  ; 1.000        ; 0.055      ; 1.391      ;
; -0.460 ; count_test_frequency[0] ; count_test_frequency[26]                  ; clock_test   ; clock_test  ; 1.000        ; 0.166      ; 1.613      ;
; -0.458 ; count_test_frequency[0] ; count_test_frequency[20]                  ; clock_test   ; clock_test  ; 1.000        ; -0.036     ; 1.409      ;
; -0.450 ; count_test_frequency[4] ; count_test_frequency[30]                  ; clock_test   ; clock_test  ; 1.000        ; 0.166      ; 1.603      ;
; -0.450 ; count_test_frequency[2] ; count_test_frequency[28]                  ; clock_test   ; clock_test  ; 1.000        ; 0.166      ; 1.603      ;
; -0.434 ; count_test_frequency[7] ; count_test_frequency[31]                  ; clock_test   ; clock_test  ; 1.000        ; 0.166      ; 1.587      ;
; -0.433 ; count_test_frequency[1] ; count_test_frequency[25]                  ; clock_test   ; clock_test  ; 1.000        ; 0.166      ; 1.586      ;
; -0.432 ; count_test_frequency[6] ; count_test_frequency[31]                  ; clock_test   ; clock_test  ; 1.000        ; 0.166      ; 1.585      ;
; -0.431 ; count_test_frequency[1] ; count_test_frequency[19]                  ; clock_test   ; clock_test  ; 1.000        ; -0.036     ; 1.382      ;
; -0.431 ; count_test_frequency[0] ; count_test_frequency[25]                  ; clock_test   ; clock_test  ; 1.000        ; 0.166      ; 1.584      ;
; -0.430 ; gate_a                  ; count_test_frequency_reg[9]               ; clock_test   ; clock_test  ; 1.000        ; -0.090     ; 1.212      ;
; -0.430 ; gate_a                  ; count_test_frequency_reg[10]              ; clock_test   ; clock_test  ; 1.000        ; -0.090     ; 1.212      ;
; -0.430 ; gate_a                  ; count_test_frequency_reg[11]              ; clock_test   ; clock_test  ; 1.000        ; -0.090     ; 1.212      ;
; -0.430 ; gate_a                  ; count_test_frequency_reg[12]              ; clock_test   ; clock_test  ; 1.000        ; -0.090     ; 1.212      ;
; -0.430 ; gate_a                  ; count_test_frequency_reg[13]              ; clock_test   ; clock_test  ; 1.000        ; -0.090     ; 1.212      ;
; -0.430 ; gate_a                  ; count_test_frequency_reg[14]              ; clock_test   ; clock_test  ; 1.000        ; -0.090     ; 1.212      ;
; -0.430 ; gate_a                  ; count_test_frequency_reg[15]              ; clock_test   ; clock_test  ; 1.000        ; -0.090     ; 1.212      ;
; -0.430 ; gate_a                  ; count_test_frequency_reg[16]              ; clock_test   ; clock_test  ; 1.000        ; -0.090     ; 1.212      ;
; -0.430 ; gate_a                  ; count_test_frequency_reg[17]              ; clock_test   ; clock_test  ; 1.000        ; -0.090     ; 1.212      ;
; -0.430 ; gate_a                  ; count_test_frequency_reg[0]               ; clock_test   ; clock_test  ; 1.000        ; -0.090     ; 1.212      ;
; -0.430 ; gate_a                  ; count_test_frequency_reg[1]               ; clock_test   ; clock_test  ; 1.000        ; -0.090     ; 1.212      ;
; -0.430 ; gate_a                  ; count_test_frequency_reg[2]               ; clock_test   ; clock_test  ; 1.000        ; -0.090     ; 1.212      ;
; -0.430 ; gate_a                  ; count_test_frequency_reg[3]               ; clock_test   ; clock_test  ; 1.000        ; -0.090     ; 1.212      ;
; -0.430 ; gate_a                  ; count_test_frequency_reg[4]               ; clock_test   ; clock_test  ; 1.000        ; -0.090     ; 1.212      ;
; -0.430 ; gate_a                  ; count_test_frequency_reg[5]               ; clock_test   ; clock_test  ; 1.000        ; -0.090     ; 1.212      ;
; -0.430 ; gate_a                  ; count_test_frequency_reg[6]               ; clock_test   ; clock_test  ; 1.000        ; -0.090     ; 1.212      ;
; -0.430 ; gate_a                  ; count_test_frequency_reg[7]               ; clock_test   ; clock_test  ; 1.000        ; -0.090     ; 1.212      ;
; -0.430 ; gate_a                  ; count_test_frequency_reg[8]               ; clock_test   ; clock_test  ; 1.000        ; -0.090     ; 1.212      ;
; -0.430 ; count_test_frequency[7] ; count_test_frequency[30]                  ; clock_test   ; clock_test  ; 1.000        ; 0.166      ; 1.583      ;
; -0.430 ; count_test_frequency[5] ; count_test_frequency[29]                  ; clock_test   ; clock_test  ; 1.000        ; 0.166      ; 1.583      ;
; -0.430 ; count_test_frequency[3] ; count_test_frequency[27]                  ; clock_test   ; clock_test  ; 1.000        ; 0.166      ; 1.583      ;
; -0.429 ; count_test_frequency[1] ; count_test_frequency[24]                  ; clock_test   ; clock_test  ; 1.000        ; 0.166      ; 1.582      ;
; -0.429 ; count_test_frequency[0] ; count_test_frequency[19]                  ; clock_test   ; clock_test  ; 1.000        ; -0.036     ; 1.380      ;
; -0.427 ; count_test_frequency[1] ; count_test_frequency[18]                  ; clock_test   ; clock_test  ; 1.000        ; -0.036     ; 1.378      ;
; -0.426 ; count_test_frequency[5] ; count_test_frequency[28]                  ; clock_test   ; clock_test  ; 1.000        ; 0.166      ; 1.579      ;
; -0.426 ; count_test_frequency[3] ; count_test_frequency[26]                  ; clock_test   ; clock_test  ; 1.000        ; 0.166      ; 1.579      ;
; -0.424 ; count_test_frequency[3] ; count_test_frequency[20]                  ; clock_test   ; clock_test  ; 1.000        ; -0.036     ; 1.375      ;
; -0.420 ; count_test_frequency[4] ; count_test_frequency[29]                  ; clock_test   ; clock_test  ; 1.000        ; 0.166      ; 1.573      ;
; -0.420 ; count_test_frequency[2] ; count_test_frequency[27]                  ; clock_test   ; clock_test  ; 1.000        ; 0.166      ; 1.573      ;
; -0.392 ; count_test_frequency[6] ; count_test_frequency[30]                  ; clock_test   ; clock_test  ; 1.000        ; 0.166      ; 1.545      ;
; -0.392 ; count_test_frequency[0] ; count_test_frequency[24]                  ; clock_test   ; clock_test  ; 1.000        ; 0.166      ; 1.545      ;
; -0.390 ; count_test_frequency[0] ; count_test_frequency[18]                  ; clock_test   ; clock_test  ; 1.000        ; -0.036     ; 1.341      ;
; -0.382 ; count_test_frequency[4] ; count_test_frequency[28]                  ; clock_test   ; clock_test  ; 1.000        ; 0.166      ; 1.535      ;
; -0.382 ; count_test_frequency[2] ; count_test_frequency[26]                  ; clock_test   ; clock_test  ; 1.000        ; 0.166      ; 1.535      ;
; -0.380 ; count_test_frequency[2] ; count_test_frequency[20]                  ; clock_test   ; clock_test  ; 1.000        ; -0.036     ; 1.331      ;
; -0.366 ; count_test_frequency[9] ; count_test_frequency[31]                  ; clock_test   ; clock_test  ; 1.000        ; 0.166      ; 1.519      ;
+--------+-------------------------+-------------------------------------------+--------------+-------------+--------------+------------+------------+


+---------------------------------------------------------------------------------------------------------------------------------------------+
; Fast 1200mV 0C Model Hold: 'system_clock'                                                                                                   ;
+-------+------------------------------------------+-------------------+--------------+--------------+--------------+------------+------------+
; Slack ; From Node                                ; To Node           ; Launch Clock ; Latch Clock  ; Relationship ; Clock Skew ; Data Delay ;
+-------+------------------------------------------+-------------------+--------------+--------------+--------------+------------+------------+
; 0.194 ; count_test_frequency_reg[0]~_Duplicate_2 ; frequency[0]~reg0 ; clock_test   ; system_clock ; 0.000        ; 0.056      ; 0.374      ;
; 0.304 ; count_gate_s[3]                          ; count_gate_s[3]   ; system_clock ; system_clock ; 0.000        ; 0.036      ; 0.424      ;
; 0.304 ; count_gate_s[15]                         ; count_gate_s[15]  ; system_clock ; system_clock ; 0.000        ; 0.037      ; 0.425      ;
; 0.305 ; count_gate_s[1]                          ; count_gate_s[1]   ; system_clock ; system_clock ; 0.000        ; 0.036      ; 0.425      ;
; 0.305 ; count_gate_s[2]                          ; count_gate_s[2]   ; system_clock ; system_clock ; 0.000        ; 0.036      ; 0.425      ;
; 0.305 ; count_gate_s[5]                          ; count_gate_s[5]   ; system_clock ; system_clock ; 0.000        ; 0.036      ; 0.425      ;
; 0.305 ; count_gate_s[8]                          ; count_gate_s[8]   ; system_clock ; system_clock ; 0.000        ; 0.036      ; 0.425      ;
; 0.305 ; count_gate_s[10]                         ; count_gate_s[10]  ; system_clock ; system_clock ; 0.000        ; 0.036      ; 0.425      ;
; 0.305 ; count_gate_s[16]                         ; count_gate_s[16]  ; system_clock ; system_clock ; 0.000        ; 0.037      ; 0.426      ;
; 0.305 ; count_gate_s[24]                         ; count_gate_s[24]  ; system_clock ; system_clock ; 0.000        ; 0.037      ; 0.426      ;
; 0.306 ; count_gate_s[4]                          ; count_gate_s[4]   ; system_clock ; system_clock ; 0.000        ; 0.036      ; 0.426      ;
; 0.306 ; count_gate_s[9]                          ; count_gate_s[9]   ; system_clock ; system_clock ; 0.000        ; 0.036      ; 0.426      ;
; 0.314 ; count_gate_s[0]                          ; count_gate_s[0]   ; system_clock ; system_clock ; 0.000        ; 0.036      ; 0.434      ;
; 0.316 ; count_gate_s[12]                         ; count_gate_s[12]  ; system_clock ; system_clock ; 0.000        ; 0.036      ; 0.436      ;
; 0.316 ; count_gate_s[18]                         ; count_gate_s[18]  ; system_clock ; system_clock ; 0.000        ; 0.037      ; 0.437      ;
; 0.317 ; count_gate_s[17]                         ; count_gate_s[17]  ; system_clock ; system_clock ; 0.000        ; 0.037      ; 0.438      ;
; 0.317 ; count_gate_s[23]                         ; count_gate_s[23]  ; system_clock ; system_clock ; 0.000        ; 0.037      ; 0.438      ;
; 0.317 ; count_gate_s[25]                         ; count_gate_s[25]  ; system_clock ; system_clock ; 0.000        ; 0.037      ; 0.438      ;
; 0.453 ; count_gate_s[15]                         ; count_gate_s[16]  ; system_clock ; system_clock ; 0.000        ; 0.037      ; 0.574      ;
; 0.453 ; count_gate_s[3]                          ; count_gate_s[4]   ; system_clock ; system_clock ; 0.000        ; 0.036      ; 0.573      ;
; 0.454 ; count_gate_s[1]                          ; count_gate_s[2]   ; system_clock ; system_clock ; 0.000        ; 0.036      ; 0.574      ;
; 0.455 ; count_gate_s[9]                          ; count_gate_s[10]  ; system_clock ; system_clock ; 0.000        ; 0.036      ; 0.575      ;
; 0.457 ; count_gate_s[11]                         ; count_gate_s[12]  ; system_clock ; system_clock ; 0.000        ; 0.036      ; 0.577      ;
; 0.462 ; count_gate_s[11]                         ; count_gate_s[11]  ; system_clock ; system_clock ; 0.000        ; 0.036      ; 0.582      ;
; 0.463 ; count_gate_s[2]                          ; count_gate_s[3]   ; system_clock ; system_clock ; 0.000        ; 0.036      ; 0.583      ;
; 0.463 ; count_gate_s[0]                          ; count_gate_s[1]   ; system_clock ; system_clock ; 0.000        ; 0.036      ; 0.583      ;
; 0.463 ; count_gate_s[8]                          ; count_gate_s[9]   ; system_clock ; system_clock ; 0.000        ; 0.036      ; 0.583      ;
; 0.463 ; count_gate_s[16]                         ; count_gate_s[17]  ; system_clock ; system_clock ; 0.000        ; 0.037      ; 0.584      ;
; 0.463 ; count_gate_s[24]                         ; count_gate_s[25]  ; system_clock ; system_clock ; 0.000        ; 0.037      ; 0.584      ;
; 0.464 ; count_gate_s[4]                          ; count_gate_s[5]   ; system_clock ; system_clock ; 0.000        ; 0.036      ; 0.584      ;
; 0.466 ; count_gate_s[23]                         ; count_gate_s[24]  ; system_clock ; system_clock ; 0.000        ; 0.037      ; 0.587      ;
; 0.466 ; count_gate_s[17]                         ; count_gate_s[18]  ; system_clock ; system_clock ; 0.000        ; 0.037      ; 0.587      ;
; 0.466 ; count_gate_s[2]                          ; count_gate_s[4]   ; system_clock ; system_clock ; 0.000        ; 0.036      ; 0.586      ;
; 0.466 ; count_gate_s[0]                          ; count_gate_s[2]   ; system_clock ; system_clock ; 0.000        ; 0.036      ; 0.586      ;
; 0.466 ; count_gate_s[8]                          ; count_gate_s[10]  ; system_clock ; system_clock ; 0.000        ; 0.036      ; 0.586      ;
; 0.466 ; count_gate_s[10]                         ; count_gate_s[12]  ; system_clock ; system_clock ; 0.000        ; 0.036      ; 0.586      ;
; 0.466 ; count_gate_s[16]                         ; count_gate_s[18]  ; system_clock ; system_clock ; 0.000        ; 0.037      ; 0.587      ;
; 0.468 ; count_gate_s[7]                          ; count_gate_s[8]   ; system_clock ; system_clock ; 0.000        ; 0.036      ; 0.588      ;
; 0.469 ; count_gate_s[22]                         ; count_gate_s[22]  ; system_clock ; system_clock ; 0.000        ; 0.037      ; 0.590      ;
; 0.473 ; count_gate_s[7]                          ; count_gate_s[7]   ; system_clock ; system_clock ; 0.000        ; 0.036      ; 0.593      ;
; 0.474 ; count_gate_s[6]                          ; count_gate_s[6]   ; system_clock ; system_clock ; 0.000        ; 0.036      ; 0.594      ;
; 0.475 ; count_gate_s[22]                         ; count_gate_s[23]  ; system_clock ; system_clock ; 0.000        ; 0.037      ; 0.596      ;
; 0.478 ; count_gate_s[22]                         ; count_gate_s[24]  ; system_clock ; system_clock ; 0.000        ; 0.037      ; 0.599      ;
; 0.481 ; count_gate_s[6]                          ; count_gate_s[8]   ; system_clock ; system_clock ; 0.000        ; 0.036      ; 0.601      ;
; 0.494 ; count_gate_s[25]                         ; count_gate_s[26]  ; system_clock ; system_clock ; 0.000        ; 0.239      ; 0.817      ;
; 0.494 ; count_gate_s[24]                         ; count_gate_s[26]  ; system_clock ; system_clock ; 0.000        ; 0.239      ; 0.817      ;
; 0.495 ; count_gate_s[26]                         ; count_gate_s[26]  ; system_clock ; system_clock ; 0.000        ; 0.045      ; 0.624      ;
; 0.516 ; count_gate_s[15]                         ; count_gate_s[17]  ; system_clock ; system_clock ; 0.000        ; 0.037      ; 0.637      ;
; 0.516 ; count_gate_s[3]                          ; count_gate_s[5]   ; system_clock ; system_clock ; 0.000        ; 0.036      ; 0.636      ;
; 0.517 ; count_gate_s[1]                          ; count_gate_s[3]   ; system_clock ; system_clock ; 0.000        ; 0.036      ; 0.637      ;
; 0.519 ; count_gate_s[20]                         ; count_gate_s[20]  ; system_clock ; system_clock ; 0.000        ; 0.037      ; 0.640      ;
; 0.519 ; count_gate_s[15]                         ; count_gate_s[18]  ; system_clock ; system_clock ; 0.000        ; 0.037      ; 0.640      ;
; 0.520 ; count_gate_s[1]                          ; count_gate_s[4]   ; system_clock ; system_clock ; 0.000        ; 0.036      ; 0.640      ;
; 0.520 ; count_gate_s[5]                          ; count_gate_s[8]   ; system_clock ; system_clock ; 0.000        ; 0.036      ; 0.640      ;
; 0.521 ; count_gate_s[9]                          ; count_gate_s[12]  ; system_clock ; system_clock ; 0.000        ; 0.036      ; 0.641      ;
; 0.529 ; count_gate_s[23]                         ; count_gate_s[25]  ; system_clock ; system_clock ; 0.000        ; 0.037      ; 0.650      ;
; 0.529 ; count_gate_s[2]                          ; count_gate_s[5]   ; system_clock ; system_clock ; 0.000        ; 0.036      ; 0.649      ;
; 0.529 ; count_gate_s[0]                          ; count_gate_s[3]   ; system_clock ; system_clock ; 0.000        ; 0.036      ; 0.649      ;
; 0.531 ; count_gate_s[7]                          ; count_gate_s[9]   ; system_clock ; system_clock ; 0.000        ; 0.036      ; 0.651      ;
; 0.531 ; count_gate_s[20]                         ; count_gate_s[23]  ; system_clock ; system_clock ; 0.000        ; 0.037      ; 0.652      ;
; 0.532 ; count_gate_s[0]                          ; count_gate_s[4]   ; system_clock ; system_clock ; 0.000        ; 0.036      ; 0.652      ;
; 0.532 ; count_gate_s[8]                          ; count_gate_s[12]  ; system_clock ; system_clock ; 0.000        ; 0.036      ; 0.652      ;
; 0.533 ; count_gate_s[12]                         ; count_gate_s[15]  ; system_clock ; system_clock ; 0.000        ; 0.043      ; 0.660      ;
; 0.533 ; count_gate_s[4]                          ; count_gate_s[8]   ; system_clock ; system_clock ; 0.000        ; 0.036      ; 0.653      ;
; 0.534 ; count_gate_s[7]                          ; count_gate_s[10]  ; system_clock ; system_clock ; 0.000        ; 0.036      ; 0.654      ;
; 0.534 ; count_gate_s[20]                         ; count_gate_s[24]  ; system_clock ; system_clock ; 0.000        ; 0.037      ; 0.655      ;
; 0.536 ; count_gate_s[12]                         ; count_gate_s[16]  ; system_clock ; system_clock ; 0.000        ; 0.043      ; 0.663      ;
; 0.541 ; count_gate_s[22]                         ; count_gate_s[25]  ; system_clock ; system_clock ; 0.000        ; 0.037      ; 0.662      ;
; 0.544 ; count_gate_s[6]                          ; count_gate_s[9]   ; system_clock ; system_clock ; 0.000        ; 0.036      ; 0.664      ;
; 0.547 ; count_gate_s[6]                          ; count_gate_s[10]  ; system_clock ; system_clock ; 0.000        ; 0.036      ; 0.667      ;
; 0.548 ; count_gate_s[14]                         ; count_gate_s[15]  ; system_clock ; system_clock ; 0.000        ; 0.036      ; 0.668      ;
; 0.551 ; count_gate_s[14]                         ; count_gate_s[16]  ; system_clock ; system_clock ; 0.000        ; 0.036      ; 0.671      ;
; 0.560 ; count_gate_s[23]                         ; count_gate_s[26]  ; system_clock ; system_clock ; 0.000        ; 0.239      ; 0.883      ;
; 0.572 ; count_gate_s[22]                         ; count_gate_s[26]  ; system_clock ; system_clock ; 0.000        ; 0.239      ; 0.895      ;
; 0.579 ; count_gate_s[11]                         ; count_gate_s[15]  ; system_clock ; system_clock ; 0.000        ; 0.043      ; 0.706      ;
; 0.582 ; count_gate_s[11]                         ; count_gate_s[16]  ; system_clock ; system_clock ; 0.000        ; 0.043      ; 0.709      ;
; 0.583 ; count_gate_s[1]                          ; count_gate_s[5]   ; system_clock ; system_clock ; 0.000        ; 0.036      ; 0.703      ;
; 0.583 ; count_gate_s[5]                          ; count_gate_s[9]   ; system_clock ; system_clock ; 0.000        ; 0.036      ; 0.703      ;
; 0.584 ; count_gate_s[17]                         ; gate_s            ; system_clock ; system_clock ; 0.000        ; 0.027      ; 0.695      ;
; 0.585 ; count_gate_s[3]                          ; count_gate_s[8]   ; system_clock ; system_clock ; 0.000        ; 0.036      ; 0.705      ;
; 0.586 ; count_gate_s[5]                          ; count_gate_s[10]  ; system_clock ; system_clock ; 0.000        ; 0.036      ; 0.706      ;
; 0.587 ; count_gate_s[13]                         ; count_gate_s[15]  ; system_clock ; system_clock ; 0.000        ; 0.036      ; 0.707      ;
; 0.588 ; count_gate_s[10]                         ; count_gate_s[15]  ; system_clock ; system_clock ; 0.000        ; 0.043      ; 0.715      ;
; 0.590 ; count_gate_s[13]                         ; count_gate_s[16]  ; system_clock ; system_clock ; 0.000        ; 0.036      ; 0.710      ;
; 0.591 ; count_gate_s[10]                         ; count_gate_s[16]  ; system_clock ; system_clock ; 0.000        ; 0.043      ; 0.718      ;
; 0.595 ; count_gate_s[0]                          ; count_gate_s[5]   ; system_clock ; system_clock ; 0.000        ; 0.036      ; 0.715      ;
; 0.596 ; count_gate_s[4]                          ; count_gate_s[9]   ; system_clock ; system_clock ; 0.000        ; 0.036      ; 0.716      ;
; 0.597 ; count_gate_s[20]                         ; count_gate_s[25]  ; system_clock ; system_clock ; 0.000        ; 0.037      ; 0.718      ;
; 0.598 ; count_gate_s[2]                          ; count_gate_s[8]   ; system_clock ; system_clock ; 0.000        ; 0.036      ; 0.718      ;
; 0.599 ; count_gate_s[12]                         ; count_gate_s[17]  ; system_clock ; system_clock ; 0.000        ; 0.043      ; 0.726      ;
; 0.599 ; count_gate_s[4]                          ; count_gate_s[10]  ; system_clock ; system_clock ; 0.000        ; 0.036      ; 0.719      ;
; 0.600 ; count_gate_s[7]                          ; count_gate_s[12]  ; system_clock ; system_clock ; 0.000        ; 0.036      ; 0.720      ;
; 0.602 ; count_gate_s[12]                         ; count_gate_s[18]  ; system_clock ; system_clock ; 0.000        ; 0.043      ; 0.729      ;
; 0.606 ; count_gate_s[18]                         ; count_gate_s[23]  ; system_clock ; system_clock ; 0.000        ; 0.037      ; 0.727      ;
; 0.607 ; count_gate_s[13]                         ; count_gate_s[26]  ; system_clock ; system_clock ; 0.000        ; 0.238      ; 0.929      ;
; 0.608 ; count_gate_s[5]                          ; count_gate_s[6]   ; system_clock ; system_clock ; 0.000        ; 0.036      ; 0.728      ;
; 0.609 ; count_gate_s[18]                         ; count_gate_s[24]  ; system_clock ; system_clock ; 0.000        ; 0.037      ; 0.730      ;
; 0.613 ; count_gate_s[14]                         ; count_gate_s[14]  ; system_clock ; system_clock ; 0.000        ; 0.037      ; 0.734      ;
; 0.613 ; count_gate_s[6]                          ; count_gate_s[12]  ; system_clock ; system_clock ; 0.000        ; 0.036      ; 0.733      ;
; 0.614 ; count_gate_s[14]                         ; count_gate_s[17]  ; system_clock ; system_clock ; 0.000        ; 0.036      ; 0.734      ;
+-------+------------------------------------------+-------------------+--------------+--------------+--------------+------------+------------+


+---------------------------------------------------------------------------------------------------------------------------------------------------+
; Fast 1200mV 0C Model Hold: 'clock_test'                                                                                                           ;
+-------+--------------------------+------------------------------------------+--------------+-------------+--------------+------------+------------+
; Slack ; From Node                ; To Node                                  ; Launch Clock ; Latch Clock ; Relationship ; Clock Skew ; Data Delay ;
+-------+--------------------------+------------------------------------------+--------------+-------------+--------------+------------+------------+
; 0.237 ; gate_s                   ; gate_a                                   ; system_clock ; clock_test  ; 0.000        ; 0.026      ; 0.387      ;
; 0.254 ; count_test_frequency[20] ; count_test_frequency[21]                 ; clock_test   ; clock_test  ; 0.000        ; 0.247      ; 0.585      ;
; 0.257 ; count_test_frequency[20] ; count_test_frequency[22]                 ; clock_test   ; clock_test  ; 0.000        ; 0.247      ; 0.588      ;
; 0.295 ; count_test_frequency[31] ; count_test_frequency[31]                 ; clock_test   ; clock_test  ; 0.000        ; 0.045      ; 0.424      ;
; 0.296 ; count_test_frequency[27] ; count_test_frequency[27]                 ; clock_test   ; clock_test  ; 0.000        ; 0.045      ; 0.425      ;
; 0.296 ; count_test_frequency[29] ; count_test_frequency[29]                 ; clock_test   ; clock_test  ; 0.000        ; 0.045      ; 0.425      ;
; 0.296 ; count_test_frequency[21] ; count_test_frequency[21]                 ; clock_test   ; clock_test  ; 0.000        ; 0.045      ; 0.425      ;
; 0.297 ; count_test_frequency[23] ; count_test_frequency[23]                 ; clock_test   ; clock_test  ; 0.000        ; 0.045      ; 0.426      ;
; 0.297 ; count_test_frequency[25] ; count_test_frequency[25]                 ; clock_test   ; clock_test  ; 0.000        ; 0.045      ; 0.426      ;
; 0.297 ; count_test_frequency[22] ; count_test_frequency[22]                 ; clock_test   ; clock_test  ; 0.000        ; 0.045      ; 0.426      ;
; 0.298 ; count_test_frequency[24] ; count_test_frequency[24]                 ; clock_test   ; clock_test  ; 0.000        ; 0.045      ; 0.427      ;
; 0.298 ; count_test_frequency[30] ; count_test_frequency[30]                 ; clock_test   ; clock_test  ; 0.000        ; 0.045      ; 0.427      ;
; 0.299 ; count_test_frequency[26] ; count_test_frequency[26]                 ; clock_test   ; clock_test  ; 0.000        ; 0.045      ; 0.428      ;
; 0.299 ; count_test_frequency[28] ; count_test_frequency[28]                 ; clock_test   ; clock_test  ; 0.000        ; 0.045      ; 0.428      ;
; 0.303 ; count_test_frequency[15] ; count_test_frequency[15]                 ; clock_test   ; clock_test  ; 0.000        ; 0.036      ; 0.423      ;
; 0.304 ; count_test_frequency[3]  ; count_test_frequency[3]                  ; clock_test   ; clock_test  ; 0.000        ; 0.036      ; 0.424      ;
; 0.304 ; count_test_frequency[5]  ; count_test_frequency[5]                  ; clock_test   ; clock_test  ; 0.000        ; 0.036      ; 0.424      ;
; 0.304 ; count_test_frequency[13] ; count_test_frequency[13]                 ; clock_test   ; clock_test  ; 0.000        ; 0.036      ; 0.424      ;
; 0.305 ; count_test_frequency[1]  ; count_test_frequency[1]                  ; clock_test   ; clock_test  ; 0.000        ; 0.036      ; 0.425      ;
; 0.305 ; count_test_frequency[7]  ; count_test_frequency[7]                  ; clock_test   ; clock_test  ; 0.000        ; 0.036      ; 0.425      ;
; 0.305 ; count_test_frequency[11] ; count_test_frequency[11]                 ; clock_test   ; clock_test  ; 0.000        ; 0.036      ; 0.425      ;
; 0.305 ; count_test_frequency[17] ; count_test_frequency[17]                 ; clock_test   ; clock_test  ; 0.000        ; 0.036      ; 0.425      ;
; 0.305 ; count_test_frequency[19] ; count_test_frequency[19]                 ; clock_test   ; clock_test  ; 0.000        ; 0.036      ; 0.425      ;
; 0.306 ; count_test_frequency[2]  ; count_test_frequency[2]                  ; clock_test   ; clock_test  ; 0.000        ; 0.036      ; 0.426      ;
; 0.306 ; count_test_frequency[8]  ; count_test_frequency[8]                  ; clock_test   ; clock_test  ; 0.000        ; 0.036      ; 0.426      ;
; 0.306 ; count_test_frequency[9]  ; count_test_frequency[9]                  ; clock_test   ; clock_test  ; 0.000        ; 0.036      ; 0.426      ;
; 0.306 ; count_test_frequency[14] ; count_test_frequency[14]                 ; clock_test   ; clock_test  ; 0.000        ; 0.036      ; 0.426      ;
; 0.306 ; count_test_frequency[16] ; count_test_frequency[16]                 ; clock_test   ; clock_test  ; 0.000        ; 0.036      ; 0.426      ;
; 0.306 ; count_test_frequency[19] ; count_test_frequency[21]                 ; clock_test   ; clock_test  ; 0.000        ; 0.247      ; 0.637      ;
; 0.307 ; count_test_frequency[4]  ; count_test_frequency[4]                  ; clock_test   ; clock_test  ; 0.000        ; 0.036      ; 0.427      ;
; 0.307 ; count_test_frequency[10] ; count_test_frequency[10]                 ; clock_test   ; clock_test  ; 0.000        ; 0.036      ; 0.427      ;
; 0.307 ; count_test_frequency[12] ; count_test_frequency[12]                 ; clock_test   ; clock_test  ; 0.000        ; 0.036      ; 0.427      ;
; 0.307 ; count_test_frequency[18] ; count_test_frequency[18]                 ; clock_test   ; clock_test  ; 0.000        ; 0.036      ; 0.427      ;
; 0.307 ; count_test_frequency[20] ; count_test_frequency[20]                 ; clock_test   ; clock_test  ; 0.000        ; 0.036      ; 0.427      ;
; 0.309 ; count_test_frequency[19] ; count_test_frequency[22]                 ; clock_test   ; clock_test  ; 0.000        ; 0.247      ; 0.640      ;
; 0.317 ; count_test_frequency[6]  ; count_test_frequency[6]                  ; clock_test   ; clock_test  ; 0.000        ; 0.036      ; 0.437      ;
; 0.320 ; count_test_frequency[20] ; count_test_frequency[23]                 ; clock_test   ; clock_test  ; 0.000        ; 0.247      ; 0.651      ;
; 0.320 ; count_test_frequency[18] ; count_test_frequency[21]                 ; clock_test   ; clock_test  ; 0.000        ; 0.247      ; 0.651      ;
; 0.323 ; count_test_frequency[20] ; count_test_frequency[24]                 ; clock_test   ; clock_test  ; 0.000        ; 0.247      ; 0.654      ;
; 0.323 ; count_test_frequency[18] ; count_test_frequency[22]                 ; clock_test   ; clock_test  ; 0.000        ; 0.247      ; 0.654      ;
; 0.328 ; count_test_frequency[0]  ; count_test_frequency[0]                  ; clock_test   ; clock_test  ; 0.000        ; 0.036      ; 0.448      ;
; 0.338 ; gate_a                   ; count_test_frequency[21]                 ; clock_test   ; clock_test  ; 0.000        ; 0.250      ; 0.672      ;
; 0.338 ; gate_a                   ; count_test_frequency[22]                 ; clock_test   ; clock_test  ; 0.000        ; 0.250      ; 0.672      ;
; 0.338 ; gate_a                   ; count_test_frequency[23]                 ; clock_test   ; clock_test  ; 0.000        ; 0.250      ; 0.672      ;
; 0.338 ; gate_a                   ; count_test_frequency[24]                 ; clock_test   ; clock_test  ; 0.000        ; 0.250      ; 0.672      ;
; 0.338 ; gate_a                   ; count_test_frequency[25]                 ; clock_test   ; clock_test  ; 0.000        ; 0.250      ; 0.672      ;
; 0.338 ; gate_a                   ; count_test_frequency[26]                 ; clock_test   ; clock_test  ; 0.000        ; 0.250      ; 0.672      ;
; 0.338 ; gate_a                   ; count_test_frequency[27]                 ; clock_test   ; clock_test  ; 0.000        ; 0.250      ; 0.672      ;
; 0.338 ; gate_a                   ; count_test_frequency[28]                 ; clock_test   ; clock_test  ; 0.000        ; 0.250      ; 0.672      ;
; 0.338 ; gate_a                   ; count_test_frequency[29]                 ; clock_test   ; clock_test  ; 0.000        ; 0.250      ; 0.672      ;
; 0.338 ; gate_a                   ; count_test_frequency[30]                 ; clock_test   ; clock_test  ; 0.000        ; 0.250      ; 0.672      ;
; 0.338 ; gate_a                   ; count_test_frequency[31]                 ; clock_test   ; clock_test  ; 0.000        ; 0.250      ; 0.672      ;
; 0.372 ; count_test_frequency[19] ; count_test_frequency[23]                 ; clock_test   ; clock_test  ; 0.000        ; 0.247      ; 0.703      ;
; 0.372 ; count_test_frequency[17] ; count_test_frequency[21]                 ; clock_test   ; clock_test  ; 0.000        ; 0.247      ; 0.703      ;
; 0.375 ; count_test_frequency[19] ; count_test_frequency[24]                 ; clock_test   ; clock_test  ; 0.000        ; 0.247      ; 0.706      ;
; 0.375 ; count_test_frequency[17] ; count_test_frequency[22]                 ; clock_test   ; clock_test  ; 0.000        ; 0.247      ; 0.706      ;
; 0.385 ; count_test_frequency[16] ; count_test_frequency[21]                 ; clock_test   ; clock_test  ; 0.000        ; 0.247      ; 0.716      ;
; 0.386 ; count_test_frequency[20] ; count_test_frequency[25]                 ; clock_test   ; clock_test  ; 0.000        ; 0.247      ; 0.717      ;
; 0.386 ; count_test_frequency[18] ; count_test_frequency[23]                 ; clock_test   ; clock_test  ; 0.000        ; 0.247      ; 0.717      ;
; 0.388 ; count_test_frequency[16] ; count_test_frequency[22]                 ; clock_test   ; clock_test  ; 0.000        ; 0.247      ; 0.719      ;
; 0.389 ; count_test_frequency[20] ; count_test_frequency[26]                 ; clock_test   ; clock_test  ; 0.000        ; 0.247      ; 0.720      ;
; 0.389 ; count_test_frequency[18] ; count_test_frequency[24]                 ; clock_test   ; clock_test  ; 0.000        ; 0.247      ; 0.720      ;
; 0.429 ; count_test_frequency[0]  ; count_test_frequency_reg[0]~_Duplicate_2 ; clock_test   ; clock_test  ; 0.000        ; 0.035      ; 0.548      ;
; 0.436 ; count_test_frequency[15] ; count_test_frequency[21]                 ; clock_test   ; clock_test  ; 0.000        ; 0.247      ; 0.767      ;
; 0.438 ; count_test_frequency[19] ; count_test_frequency[25]                 ; clock_test   ; clock_test  ; 0.000        ; 0.247      ; 0.769      ;
; 0.438 ; count_test_frequency[17] ; count_test_frequency[23]                 ; clock_test   ; clock_test  ; 0.000        ; 0.247      ; 0.769      ;
; 0.439 ; count_test_frequency[15] ; count_test_frequency[22]                 ; clock_test   ; clock_test  ; 0.000        ; 0.247      ; 0.770      ;
; 0.441 ; count_test_frequency[19] ; count_test_frequency[26]                 ; clock_test   ; clock_test  ; 0.000        ; 0.247      ; 0.772      ;
; 0.441 ; count_test_frequency[17] ; count_test_frequency[24]                 ; clock_test   ; clock_test  ; 0.000        ; 0.247      ; 0.772      ;
; 0.445 ; count_test_frequency[21] ; count_test_frequency[22]                 ; clock_test   ; clock_test  ; 0.000        ; 0.045      ; 0.574      ;
; 0.445 ; count_test_frequency[29] ; count_test_frequency[30]                 ; clock_test   ; clock_test  ; 0.000        ; 0.045      ; 0.574      ;
; 0.445 ; count_test_frequency[27] ; count_test_frequency[28]                 ; clock_test   ; clock_test  ; 0.000        ; 0.045      ; 0.574      ;
; 0.446 ; count_test_frequency[23] ; count_test_frequency[24]                 ; clock_test   ; clock_test  ; 0.000        ; 0.045      ; 0.575      ;
; 0.446 ; count_test_frequency[25] ; count_test_frequency[26]                 ; clock_test   ; clock_test  ; 0.000        ; 0.045      ; 0.575      ;
; 0.451 ; count_test_frequency[14] ; count_test_frequency[21]                 ; clock_test   ; clock_test  ; 0.000        ; 0.247      ; 0.782      ;
; 0.451 ; count_test_frequency[16] ; count_test_frequency[23]                 ; clock_test   ; clock_test  ; 0.000        ; 0.247      ; 0.782      ;
; 0.452 ; count_test_frequency[20] ; count_test_frequency[27]                 ; clock_test   ; clock_test  ; 0.000        ; 0.247      ; 0.783      ;
; 0.452 ; count_test_frequency[15] ; count_test_frequency[16]                 ; clock_test   ; clock_test  ; 0.000        ; 0.036      ; 0.572      ;
; 0.452 ; count_test_frequency[18] ; count_test_frequency[25]                 ; clock_test   ; clock_test  ; 0.000        ; 0.247      ; 0.783      ;
; 0.453 ; count_test_frequency[13] ; count_test_frequency[14]                 ; clock_test   ; clock_test  ; 0.000        ; 0.036      ; 0.573      ;
; 0.453 ; count_test_frequency[3]  ; count_test_frequency[4]                  ; clock_test   ; clock_test  ; 0.000        ; 0.036      ; 0.573      ;
; 0.453 ; count_test_frequency[5]  ; count_test_frequency[6]                  ; clock_test   ; clock_test  ; 0.000        ; 0.036      ; 0.573      ;
; 0.454 ; count_test_frequency[1]  ; count_test_frequency[2]                  ; clock_test   ; clock_test  ; 0.000        ; 0.036      ; 0.574      ;
; 0.454 ; count_test_frequency[7]  ; count_test_frequency[8]                  ; clock_test   ; clock_test  ; 0.000        ; 0.036      ; 0.574      ;
; 0.454 ; count_test_frequency[11] ; count_test_frequency[12]                 ; clock_test   ; clock_test  ; 0.000        ; 0.036      ; 0.574      ;
; 0.454 ; count_test_frequency[17] ; count_test_frequency[18]                 ; clock_test   ; clock_test  ; 0.000        ; 0.036      ; 0.574      ;
; 0.454 ; count_test_frequency[19] ; count_test_frequency[20]                 ; clock_test   ; clock_test  ; 0.000        ; 0.036      ; 0.574      ;
; 0.454 ; count_test_frequency[14] ; count_test_frequency[22]                 ; clock_test   ; clock_test  ; 0.000        ; 0.247      ; 0.785      ;
; 0.454 ; count_test_frequency[16] ; count_test_frequency[24]                 ; clock_test   ; clock_test  ; 0.000        ; 0.247      ; 0.785      ;
; 0.455 ; count_test_frequency[9]  ; count_test_frequency[10]                 ; clock_test   ; clock_test  ; 0.000        ; 0.036      ; 0.575      ;
; 0.455 ; count_test_frequency[22] ; count_test_frequency[23]                 ; clock_test   ; clock_test  ; 0.000        ; 0.045      ; 0.584      ;
; 0.455 ; count_test_frequency[18] ; count_test_frequency[26]                 ; clock_test   ; clock_test  ; 0.000        ; 0.247      ; 0.786      ;
; 0.455 ; count_test_frequency[20] ; count_test_frequency[28]                 ; clock_test   ; clock_test  ; 0.000        ; 0.247      ; 0.786      ;
; 0.456 ; count_test_frequency[30] ; count_test_frequency[31]                 ; clock_test   ; clock_test  ; 0.000        ; 0.045      ; 0.585      ;
; 0.456 ; count_test_frequency[24] ; count_test_frequency[25]                 ; clock_test   ; clock_test  ; 0.000        ; 0.045      ; 0.585      ;
; 0.457 ; count_test_frequency[28] ; count_test_frequency[29]                 ; clock_test   ; clock_test  ; 0.000        ; 0.045      ; 0.586      ;
; 0.457 ; count_test_frequency[26] ; count_test_frequency[27]                 ; clock_test   ; clock_test  ; 0.000        ; 0.045      ; 0.586      ;
; 0.458 ; count_test_frequency[22] ; count_test_frequency[24]                 ; clock_test   ; clock_test  ; 0.000        ; 0.045      ; 0.587      ;
; 0.459 ; count_test_frequency[24] ; count_test_frequency[26]                 ; clock_test   ; clock_test  ; 0.000        ; 0.045      ; 0.588      ;
; 0.460 ; count_test_frequency[28] ; count_test_frequency[30]                 ; clock_test   ; clock_test  ; 0.000        ; 0.045      ; 0.589      ;
+-------+--------------------------+------------------------------------------+--------------+-------------+--------------+------------+------------+


+--------------------------------------------------------------------------------------------------------------------------------+
; Fast 1200mV 0C Model Minimum Pulse Width: 'clock_test'                                                                         ;
+--------+--------------+----------------+-----------------+------------+------------+-------------------------------------------+
; Slack  ; Actual Width ; Required Width ; Type            ; Clock      ; Clock Edge ; Target                                    ;
+--------+--------------+----------------+-----------------+------------+------------+-------------------------------------------+
; -3.000 ; 1.000        ; 4.000          ; Port Rate       ; clock_test ; Rise       ; clock_test                                ;
; -1.000 ; 1.000        ; 2.000          ; Min Period      ; clock_test ; Rise       ; count_test_frequency[0]                   ;
; -1.000 ; 1.000        ; 2.000          ; Min Period      ; clock_test ; Rise       ; count_test_frequency[10]                  ;
; -1.000 ; 1.000        ; 2.000          ; Min Period      ; clock_test ; Rise       ; count_test_frequency[11]                  ;
; -1.000 ; 1.000        ; 2.000          ; Min Period      ; clock_test ; Rise       ; count_test_frequency[12]                  ;
; -1.000 ; 1.000        ; 2.000          ; Min Period      ; clock_test ; Rise       ; count_test_frequency[13]                  ;
; -1.000 ; 1.000        ; 2.000          ; Min Period      ; clock_test ; Rise       ; count_test_frequency[14]                  ;
; -1.000 ; 1.000        ; 2.000          ; Min Period      ; clock_test ; Rise       ; count_test_frequency[15]                  ;
; -1.000 ; 1.000        ; 2.000          ; Min Period      ; clock_test ; Rise       ; count_test_frequency[16]                  ;
; -1.000 ; 1.000        ; 2.000          ; Min Period      ; clock_test ; Rise       ; count_test_frequency[17]                  ;
; -1.000 ; 1.000        ; 2.000          ; Min Period      ; clock_test ; Rise       ; count_test_frequency[18]                  ;
; -1.000 ; 1.000        ; 2.000          ; Min Period      ; clock_test ; Rise       ; count_test_frequency[19]                  ;
; -1.000 ; 1.000        ; 2.000          ; Min Period      ; clock_test ; Rise       ; count_test_frequency[1]                   ;
; -1.000 ; 1.000        ; 2.000          ; Min Period      ; clock_test ; Rise       ; count_test_frequency[20]                  ;
; -1.000 ; 1.000        ; 2.000          ; Min Period      ; clock_test ; Rise       ; count_test_frequency[21]                  ;
; -1.000 ; 1.000        ; 2.000          ; Min Period      ; clock_test ; Rise       ; count_test_frequency[22]                  ;
; -1.000 ; 1.000        ; 2.000          ; Min Period      ; clock_test ; Rise       ; count_test_frequency[23]                  ;
; -1.000 ; 1.000        ; 2.000          ; Min Period      ; clock_test ; Rise       ; count_test_frequency[24]                  ;
; -1.000 ; 1.000        ; 2.000          ; Min Period      ; clock_test ; Rise       ; count_test_frequency[25]                  ;
; -1.000 ; 1.000        ; 2.000          ; Min Period      ; clock_test ; Rise       ; count_test_frequency[26]                  ;
; -1.000 ; 1.000        ; 2.000          ; Min Period      ; clock_test ; Rise       ; count_test_frequency[27]                  ;
; -1.000 ; 1.000        ; 2.000          ; Min Period      ; clock_test ; Rise       ; count_test_frequency[28]                  ;
; -1.000 ; 1.000        ; 2.000          ; Min Period      ; clock_test ; Rise       ; count_test_frequency[29]                  ;
; -1.000 ; 1.000        ; 2.000          ; Min Period      ; clock_test ; Rise       ; count_test_frequency[2]                   ;
; -1.000 ; 1.000        ; 2.000          ; Min Period      ; clock_test ; Rise       ; count_test_frequency[30]                  ;
; -1.000 ; 1.000        ; 2.000          ; Min Period      ; clock_test ; Rise       ; count_test_frequency[31]                  ;
; -1.000 ; 1.000        ; 2.000          ; Min Period      ; clock_test ; Rise       ; count_test_frequency[3]                   ;
; -1.000 ; 1.000        ; 2.000          ; Min Period      ; clock_test ; Rise       ; count_test_frequency[4]                   ;
; -1.000 ; 1.000        ; 2.000          ; Min Period      ; clock_test ; Rise       ; count_test_frequency[5]                   ;
; -1.000 ; 1.000        ; 2.000          ; Min Period      ; clock_test ; Rise       ; count_test_frequency[6]                   ;
; -1.000 ; 1.000        ; 2.000          ; Min Period      ; clock_test ; Rise       ; count_test_frequency[7]                   ;
; -1.000 ; 1.000        ; 2.000          ; Min Period      ; clock_test ; Rise       ; count_test_frequency[8]                   ;
; -1.000 ; 1.000        ; 2.000          ; Min Period      ; clock_test ; Rise       ; count_test_frequency[9]                   ;
; -1.000 ; 1.000        ; 2.000          ; Min Period      ; clock_test ; Rise       ; count_test_frequency_reg[0]               ;
; -1.000 ; 1.000        ; 2.000          ; Min Period      ; clock_test ; Rise       ; count_test_frequency_reg[0]~_Duplicate_1  ;
; -1.000 ; 1.000        ; 2.000          ; Min Period      ; clock_test ; Rise       ; count_test_frequency_reg[0]~_Duplicate_2  ;
; -1.000 ; 1.000        ; 2.000          ; Min Period      ; clock_test ; Rise       ; count_test_frequency_reg[10]              ;
; -1.000 ; 1.000        ; 2.000          ; Min Period      ; clock_test ; Rise       ; count_test_frequency_reg[10]~_Duplicate_1 ;
; -1.000 ; 1.000        ; 2.000          ; Min Period      ; clock_test ; Rise       ; count_test_frequency_reg[11]              ;
; -1.000 ; 1.000        ; 2.000          ; Min Period      ; clock_test ; Rise       ; count_test_frequency_reg[11]~_Duplicate_1 ;
; -1.000 ; 1.000        ; 2.000          ; Min Period      ; clock_test ; Rise       ; count_test_frequency_reg[12]              ;
; -1.000 ; 1.000        ; 2.000          ; Min Period      ; clock_test ; Rise       ; count_test_frequency_reg[12]~_Duplicate_1 ;
; -1.000 ; 1.000        ; 2.000          ; Min Period      ; clock_test ; Rise       ; count_test_frequency_reg[13]              ;
; -1.000 ; 1.000        ; 2.000          ; Min Period      ; clock_test ; Rise       ; count_test_frequency_reg[13]~_Duplicate_1 ;
; -1.000 ; 1.000        ; 2.000          ; Min Period      ; clock_test ; Rise       ; count_test_frequency_reg[14]              ;
; -1.000 ; 1.000        ; 2.000          ; Min Period      ; clock_test ; Rise       ; count_test_frequency_reg[14]~_Duplicate_1 ;
; -1.000 ; 1.000        ; 2.000          ; Min Period      ; clock_test ; Rise       ; count_test_frequency_reg[15]              ;
; -1.000 ; 1.000        ; 2.000          ; Min Period      ; clock_test ; Rise       ; count_test_frequency_reg[15]~_Duplicate_1 ;
; -1.000 ; 1.000        ; 2.000          ; Min Period      ; clock_test ; Rise       ; count_test_frequency_reg[16]              ;
; -1.000 ; 1.000        ; 2.000          ; Min Period      ; clock_test ; Rise       ; count_test_frequency_reg[16]~_Duplicate_1 ;
; -1.000 ; 1.000        ; 2.000          ; Min Period      ; clock_test ; Rise       ; count_test_frequency_reg[17]              ;
; -1.000 ; 1.000        ; 2.000          ; Min Period      ; clock_test ; Rise       ; count_test_frequency_reg[17]~_Duplicate_1 ;
; -1.000 ; 1.000        ; 2.000          ; Min Period      ; clock_test ; Rise       ; count_test_frequency_reg[18]              ;
; -1.000 ; 1.000        ; 2.000          ; Min Period      ; clock_test ; Rise       ; count_test_frequency_reg[19]              ;
; -1.000 ; 1.000        ; 2.000          ; Min Period      ; clock_test ; Rise       ; count_test_frequency_reg[1]               ;
; -1.000 ; 1.000        ; 2.000          ; Min Period      ; clock_test ; Rise       ; count_test_frequency_reg[1]~_Duplicate_1  ;
; -1.000 ; 1.000        ; 2.000          ; Min Period      ; clock_test ; Rise       ; count_test_frequency_reg[20]              ;
; -1.000 ; 1.000        ; 2.000          ; Min Period      ; clock_test ; Rise       ; count_test_frequency_reg[21]              ;
; -1.000 ; 1.000        ; 2.000          ; Min Period      ; clock_test ; Rise       ; count_test_frequency_reg[22]              ;
; -1.000 ; 1.000        ; 2.000          ; Min Period      ; clock_test ; Rise       ; count_test_frequency_reg[23]              ;
; -1.000 ; 1.000        ; 2.000          ; Min Period      ; clock_test ; Rise       ; count_test_frequency_reg[24]              ;
; -1.000 ; 1.000        ; 2.000          ; Min Period      ; clock_test ; Rise       ; count_test_frequency_reg[25]              ;
; -1.000 ; 1.000        ; 2.000          ; Min Period      ; clock_test ; Rise       ; count_test_frequency_reg[26]              ;
; -1.000 ; 1.000        ; 2.000          ; Min Period      ; clock_test ; Rise       ; count_test_frequency_reg[27]              ;
; -1.000 ; 1.000        ; 2.000          ; Min Period      ; clock_test ; Rise       ; count_test_frequency_reg[28]              ;
; -1.000 ; 1.000        ; 2.000          ; Min Period      ; clock_test ; Rise       ; count_test_frequency_reg[29]              ;
; -1.000 ; 1.000        ; 2.000          ; Min Period      ; clock_test ; Rise       ; count_test_frequency_reg[2]               ;
; -1.000 ; 1.000        ; 2.000          ; Min Period      ; clock_test ; Rise       ; count_test_frequency_reg[2]~_Duplicate_1  ;
; -1.000 ; 1.000        ; 2.000          ; Min Period      ; clock_test ; Rise       ; count_test_frequency_reg[30]              ;
; -1.000 ; 1.000        ; 2.000          ; Min Period      ; clock_test ; Rise       ; count_test_frequency_reg[31]              ;
; -1.000 ; 1.000        ; 2.000          ; Min Period      ; clock_test ; Rise       ; count_test_frequency_reg[3]               ;
; -1.000 ; 1.000        ; 2.000          ; Min Period      ; clock_test ; Rise       ; count_test_frequency_reg[3]~_Duplicate_1  ;
; -1.000 ; 1.000        ; 2.000          ; Min Period      ; clock_test ; Rise       ; count_test_frequency_reg[4]               ;
; -1.000 ; 1.000        ; 2.000          ; Min Period      ; clock_test ; Rise       ; count_test_frequency_reg[4]~_Duplicate_1  ;
; -1.000 ; 1.000        ; 2.000          ; Min Period      ; clock_test ; Rise       ; count_test_frequency_reg[5]               ;
; -1.000 ; 1.000        ; 2.000          ; Min Period      ; clock_test ; Rise       ; count_test_frequency_reg[5]~_Duplicate_1  ;
; -1.000 ; 1.000        ; 2.000          ; Min Period      ; clock_test ; Rise       ; count_test_frequency_reg[6]               ;
; -1.000 ; 1.000        ; 2.000          ; Min Period      ; clock_test ; Rise       ; count_test_frequency_reg[6]~_Duplicate_1  ;
; -1.000 ; 1.000        ; 2.000          ; Min Period      ; clock_test ; Rise       ; count_test_frequency_reg[7]               ;
; -1.000 ; 1.000        ; 2.000          ; Min Period      ; clock_test ; Rise       ; count_test_frequency_reg[7]~_Duplicate_1  ;
; -1.000 ; 1.000        ; 2.000          ; Min Period      ; clock_test ; Rise       ; count_test_frequency_reg[8]               ;
; -1.000 ; 1.000        ; 2.000          ; Min Period      ; clock_test ; Rise       ; count_test_frequency_reg[8]~_Duplicate_1  ;
; -1.000 ; 1.000        ; 2.000          ; Min Period      ; clock_test ; Rise       ; count_test_frequency_reg[9]               ;
; -1.000 ; 1.000        ; 2.000          ; Min Period      ; clock_test ; Rise       ; count_test_frequency_reg[9]~_Duplicate_1  ;
; -1.000 ; 1.000        ; 2.000          ; Min Period      ; clock_test ; Rise       ; gate_a                                    ;
; -1.000 ; 1.000        ; 2.000          ; Min Period      ; clock_test ; Rise       ; gate_a_test_reg                           ;
; -0.092 ; 0.092        ; 0.184          ; Low Pulse Width ; clock_test ; Rise       ; count_test_frequency[21]                  ;
; -0.092 ; 0.092        ; 0.184          ; Low Pulse Width ; clock_test ; Rise       ; count_test_frequency[22]                  ;
; -0.092 ; 0.092        ; 0.184          ; Low Pulse Width ; clock_test ; Rise       ; count_test_frequency[23]                  ;
; -0.092 ; 0.092        ; 0.184          ; Low Pulse Width ; clock_test ; Rise       ; count_test_frequency[24]                  ;
; -0.092 ; 0.092        ; 0.184          ; Low Pulse Width ; clock_test ; Rise       ; count_test_frequency[25]                  ;
; -0.092 ; 0.092        ; 0.184          ; Low Pulse Width ; clock_test ; Rise       ; count_test_frequency[26]                  ;
; -0.092 ; 0.092        ; 0.184          ; Low Pulse Width ; clock_test ; Rise       ; count_test_frequency[27]                  ;
; -0.092 ; 0.092        ; 0.184          ; Low Pulse Width ; clock_test ; Rise       ; count_test_frequency[28]                  ;
; -0.092 ; 0.092        ; 0.184          ; Low Pulse Width ; clock_test ; Rise       ; count_test_frequency[29]                  ;
; -0.092 ; 0.092        ; 0.184          ; Low Pulse Width ; clock_test ; Rise       ; count_test_frequency[30]                  ;
; -0.092 ; 0.092        ; 0.184          ; Low Pulse Width ; clock_test ; Rise       ; count_test_frequency[31]                  ;
; -0.089 ; 0.090        ; 0.179          ; Low Pulse Width ; clock_test ; Rise       ; count_test_frequency_reg[0]               ;
; -0.089 ; 0.090        ; 0.179          ; Low Pulse Width ; clock_test ; Rise       ; count_test_frequency_reg[10]              ;
; -0.089 ; 0.090        ; 0.179          ; Low Pulse Width ; clock_test ; Rise       ; count_test_frequency_reg[11]              ;
+--------+--------------+----------------+-----------------+------------+------------+-------------------------------------------+


+-----------------------------------------------------------------------------------------------------------+
; Fast 1200mV 0C Model Minimum Pulse Width: 'system_clock'                                                  ;
+--------+--------------+----------------+-----------------+--------------+------------+--------------------+
; Slack  ; Actual Width ; Required Width ; Type            ; Clock        ; Clock Edge ; Target             ;
+--------+--------------+----------------+-----------------+--------------+------------+--------------------+
; -3.000 ; 1.000        ; 4.000          ; Port Rate       ; system_clock ; Rise       ; system_clock       ;
; -1.000 ; 1.000        ; 2.000          ; Min Period      ; system_clock ; Rise       ; calculation_flag   ;
; -1.000 ; 1.000        ; 2.000          ; Min Period      ; system_clock ; Rise       ; count_gate_s[0]    ;
; -1.000 ; 1.000        ; 2.000          ; Min Period      ; system_clock ; Rise       ; count_gate_s[10]   ;
; -1.000 ; 1.000        ; 2.000          ; Min Period      ; system_clock ; Rise       ; count_gate_s[11]   ;
; -1.000 ; 1.000        ; 2.000          ; Min Period      ; system_clock ; Rise       ; count_gate_s[12]   ;
; -1.000 ; 1.000        ; 2.000          ; Min Period      ; system_clock ; Rise       ; count_gate_s[13]   ;
; -1.000 ; 1.000        ; 2.000          ; Min Period      ; system_clock ; Rise       ; count_gate_s[14]   ;
; -1.000 ; 1.000        ; 2.000          ; Min Period      ; system_clock ; Rise       ; count_gate_s[15]   ;
; -1.000 ; 1.000        ; 2.000          ; Min Period      ; system_clock ; Rise       ; count_gate_s[16]   ;
; -1.000 ; 1.000        ; 2.000          ; Min Period      ; system_clock ; Rise       ; count_gate_s[17]   ;
; -1.000 ; 1.000        ; 2.000          ; Min Period      ; system_clock ; Rise       ; count_gate_s[18]   ;
; -1.000 ; 1.000        ; 2.000          ; Min Period      ; system_clock ; Rise       ; count_gate_s[19]   ;
; -1.000 ; 1.000        ; 2.000          ; Min Period      ; system_clock ; Rise       ; count_gate_s[1]    ;
; -1.000 ; 1.000        ; 2.000          ; Min Period      ; system_clock ; Rise       ; count_gate_s[20]   ;
; -1.000 ; 1.000        ; 2.000          ; Min Period      ; system_clock ; Rise       ; count_gate_s[21]   ;
; -1.000 ; 1.000        ; 2.000          ; Min Period      ; system_clock ; Rise       ; count_gate_s[22]   ;
; -1.000 ; 1.000        ; 2.000          ; Min Period      ; system_clock ; Rise       ; count_gate_s[23]   ;
; -1.000 ; 1.000        ; 2.000          ; Min Period      ; system_clock ; Rise       ; count_gate_s[24]   ;
; -1.000 ; 1.000        ; 2.000          ; Min Period      ; system_clock ; Rise       ; count_gate_s[25]   ;
; -1.000 ; 1.000        ; 2.000          ; Min Period      ; system_clock ; Rise       ; count_gate_s[26]   ;
; -1.000 ; 1.000        ; 2.000          ; Min Period      ; system_clock ; Rise       ; count_gate_s[2]    ;
; -1.000 ; 1.000        ; 2.000          ; Min Period      ; system_clock ; Rise       ; count_gate_s[3]    ;
; -1.000 ; 1.000        ; 2.000          ; Min Period      ; system_clock ; Rise       ; count_gate_s[4]    ;
; -1.000 ; 1.000        ; 2.000          ; Min Period      ; system_clock ; Rise       ; count_gate_s[5]    ;
; -1.000 ; 1.000        ; 2.000          ; Min Period      ; system_clock ; Rise       ; count_gate_s[6]    ;
; -1.000 ; 1.000        ; 2.000          ; Min Period      ; system_clock ; Rise       ; count_gate_s[7]    ;
; -1.000 ; 1.000        ; 2.000          ; Min Period      ; system_clock ; Rise       ; count_gate_s[8]    ;
; -1.000 ; 1.000        ; 2.000          ; Min Period      ; system_clock ; Rise       ; count_gate_s[9]    ;
; -1.000 ; 1.000        ; 2.000          ; Min Period      ; system_clock ; Rise       ; frequency[0]~reg0  ;
; -1.000 ; 1.000        ; 2.000          ; Min Period      ; system_clock ; Rise       ; frequency[10]~reg0 ;
; -1.000 ; 1.000        ; 2.000          ; Min Period      ; system_clock ; Rise       ; frequency[11]~reg0 ;
; -1.000 ; 1.000        ; 2.000          ; Min Period      ; system_clock ; Rise       ; frequency[12]~reg0 ;
; -1.000 ; 1.000        ; 2.000          ; Min Period      ; system_clock ; Rise       ; frequency[13]~reg0 ;
; -1.000 ; 1.000        ; 2.000          ; Min Period      ; system_clock ; Rise       ; frequency[14]~reg0 ;
; -1.000 ; 1.000        ; 2.000          ; Min Period      ; system_clock ; Rise       ; frequency[15]~reg0 ;
; -1.000 ; 1.000        ; 2.000          ; Min Period      ; system_clock ; Rise       ; frequency[16]~reg0 ;
; -1.000 ; 1.000        ; 2.000          ; Min Period      ; system_clock ; Rise       ; frequency[17]~reg0 ;
; -1.000 ; 1.000        ; 2.000          ; Min Period      ; system_clock ; Rise       ; frequency[18]~reg0 ;
; -1.000 ; 1.000        ; 2.000          ; Min Period      ; system_clock ; Rise       ; frequency[19]~reg0 ;
; -1.000 ; 1.000        ; 2.000          ; Min Period      ; system_clock ; Rise       ; frequency[1]~reg0  ;
; -1.000 ; 1.000        ; 2.000          ; Min Period      ; system_clock ; Rise       ; frequency[20]~reg0 ;
; -1.000 ; 1.000        ; 2.000          ; Min Period      ; system_clock ; Rise       ; frequency[21]~reg0 ;
; -1.000 ; 1.000        ; 2.000          ; Min Period      ; system_clock ; Rise       ; frequency[22]~reg0 ;
; -1.000 ; 1.000        ; 2.000          ; Min Period      ; system_clock ; Rise       ; frequency[23]~reg0 ;
; -1.000 ; 1.000        ; 2.000          ; Min Period      ; system_clock ; Rise       ; frequency[24]~reg0 ;
; -1.000 ; 1.000        ; 2.000          ; Min Period      ; system_clock ; Rise       ; frequency[25]~reg0 ;
; -1.000 ; 1.000        ; 2.000          ; Min Period      ; system_clock ; Rise       ; frequency[26]~reg0 ;
; -1.000 ; 1.000        ; 2.000          ; Min Period      ; system_clock ; Rise       ; frequency[27]~reg0 ;
; -1.000 ; 1.000        ; 2.000          ; Min Period      ; system_clock ; Rise       ; frequency[28]~reg0 ;
; -1.000 ; 1.000        ; 2.000          ; Min Period      ; system_clock ; Rise       ; frequency[29]~reg0 ;
; -1.000 ; 1.000        ; 2.000          ; Min Period      ; system_clock ; Rise       ; frequency[2]~reg0  ;
; -1.000 ; 1.000        ; 2.000          ; Min Period      ; system_clock ; Rise       ; frequency[30]~reg0 ;
; -1.000 ; 1.000        ; 2.000          ; Min Period      ; system_clock ; Rise       ; frequency[31]~reg0 ;
; -1.000 ; 1.000        ; 2.000          ; Min Period      ; system_clock ; Rise       ; frequency[3]~reg0  ;
; -1.000 ; 1.000        ; 2.000          ; Min Period      ; system_clock ; Rise       ; frequency[4]~reg0  ;
; -1.000 ; 1.000        ; 2.000          ; Min Period      ; system_clock ; Rise       ; frequency[5]~reg0  ;
; -1.000 ; 1.000        ; 2.000          ; Min Period      ; system_clock ; Rise       ; frequency[6]~reg0  ;
; -1.000 ; 1.000        ; 2.000          ; Min Period      ; system_clock ; Rise       ; frequency[7]~reg0  ;
; -1.000 ; 1.000        ; 2.000          ; Min Period      ; system_clock ; Rise       ; frequency[8]~reg0  ;
; -1.000 ; 1.000        ; 2.000          ; Min Period      ; system_clock ; Rise       ; frequency[9]~reg0  ;
; -1.000 ; 1.000        ; 2.000          ; Min Period      ; system_clock ; Rise       ; gate_s             ;
; -0.090 ; 0.094        ; 0.184          ; Low Pulse Width ; system_clock ; Rise       ; frequency[19]~reg0 ;
; -0.090 ; 0.094        ; 0.184          ; Low Pulse Width ; system_clock ; Rise       ; frequency[20]~reg0 ;
; -0.090 ; 0.094        ; 0.184          ; Low Pulse Width ; system_clock ; Rise       ; frequency[21]~reg0 ;
; -0.090 ; 0.094        ; 0.184          ; Low Pulse Width ; system_clock ; Rise       ; frequency[22]~reg0 ;
; -0.090 ; 0.094        ; 0.184          ; Low Pulse Width ; system_clock ; Rise       ; frequency[23]~reg0 ;
; -0.090 ; 0.094        ; 0.184          ; Low Pulse Width ; system_clock ; Rise       ; frequency[24]~reg0 ;
; -0.090 ; 0.094        ; 0.184          ; Low Pulse Width ; system_clock ; Rise       ; frequency[25]~reg0 ;
; -0.090 ; 0.094        ; 0.184          ; Low Pulse Width ; system_clock ; Rise       ; frequency[26]~reg0 ;
; -0.090 ; 0.094        ; 0.184          ; Low Pulse Width ; system_clock ; Rise       ; frequency[27]~reg0 ;
; -0.090 ; 0.094        ; 0.184          ; Low Pulse Width ; system_clock ; Rise       ; frequency[28]~reg0 ;
; -0.090 ; 0.094        ; 0.184          ; Low Pulse Width ; system_clock ; Rise       ; frequency[29]~reg0 ;
; -0.090 ; 0.094        ; 0.184          ; Low Pulse Width ; system_clock ; Rise       ; frequency[30]~reg0 ;
; -0.090 ; 0.094        ; 0.184          ; Low Pulse Width ; system_clock ; Rise       ; frequency[31]~reg0 ;
; -0.088 ; 0.096        ; 0.184          ; Low Pulse Width ; system_clock ; Rise       ; count_gate_s[26]   ;
; -0.065 ; 0.119        ; 0.184          ; Low Pulse Width ; system_clock ; Rise       ; calculation_flag   ;
; -0.065 ; 0.119        ; 0.184          ; Low Pulse Width ; system_clock ; Rise       ; count_gate_s[13]   ;
; -0.065 ; 0.119        ; 0.184          ; Low Pulse Width ; system_clock ; Rise       ; count_gate_s[14]   ;
; -0.065 ; 0.119        ; 0.184          ; Low Pulse Width ; system_clock ; Rise       ; count_gate_s[15]   ;
; -0.065 ; 0.119        ; 0.184          ; Low Pulse Width ; system_clock ; Rise       ; count_gate_s[16]   ;
; -0.065 ; 0.119        ; 0.184          ; Low Pulse Width ; system_clock ; Rise       ; count_gate_s[17]   ;
; -0.065 ; 0.119        ; 0.184          ; Low Pulse Width ; system_clock ; Rise       ; count_gate_s[18]   ;
; -0.065 ; 0.119        ; 0.184          ; Low Pulse Width ; system_clock ; Rise       ; count_gate_s[19]   ;
; -0.065 ; 0.119        ; 0.184          ; Low Pulse Width ; system_clock ; Rise       ; count_gate_s[20]   ;
; -0.065 ; 0.119        ; 0.184          ; Low Pulse Width ; system_clock ; Rise       ; count_gate_s[21]   ;
; -0.065 ; 0.119        ; 0.184          ; Low Pulse Width ; system_clock ; Rise       ; count_gate_s[22]   ;
; -0.065 ; 0.119        ; 0.184          ; Low Pulse Width ; system_clock ; Rise       ; count_gate_s[23]   ;
; -0.065 ; 0.119        ; 0.184          ; Low Pulse Width ; system_clock ; Rise       ; count_gate_s[24]   ;
; -0.065 ; 0.119        ; 0.184          ; Low Pulse Width ; system_clock ; Rise       ; count_gate_s[25]   ;
; -0.065 ; 0.119        ; 0.184          ; Low Pulse Width ; system_clock ; Rise       ; frequency[0]~reg0  ;
; -0.065 ; 0.119        ; 0.184          ; Low Pulse Width ; system_clock ; Rise       ; frequency[10]~reg0 ;
; -0.065 ; 0.119        ; 0.184          ; Low Pulse Width ; system_clock ; Rise       ; frequency[11]~reg0 ;
; -0.065 ; 0.119        ; 0.184          ; Low Pulse Width ; system_clock ; Rise       ; frequency[12]~reg0 ;
; -0.065 ; 0.119        ; 0.184          ; Low Pulse Width ; system_clock ; Rise       ; frequency[13]~reg0 ;
; -0.065 ; 0.119        ; 0.184          ; Low Pulse Width ; system_clock ; Rise       ; frequency[14]~reg0 ;
; -0.065 ; 0.119        ; 0.184          ; Low Pulse Width ; system_clock ; Rise       ; frequency[15]~reg0 ;
; -0.065 ; 0.119        ; 0.184          ; Low Pulse Width ; system_clock ; Rise       ; frequency[16]~reg0 ;
; -0.065 ; 0.119        ; 0.184          ; Low Pulse Width ; system_clock ; Rise       ; frequency[17]~reg0 ;
; -0.065 ; 0.119        ; 0.184          ; Low Pulse Width ; system_clock ; Rise       ; frequency[18]~reg0 ;
+--------+--------------+----------------+-----------------+--------------+------------+--------------------+


+------------------------------------------------------------------------------+
; Clock to Output Times                                                        ;
+----------------+--------------+-------+-------+------------+-----------------+
; Data Port      ; Clock Port   ; Rise  ; Fall  ; Clock Edge ; Clock Reference ;
+----------------+--------------+-------+-------+------------+-----------------+
; frequency[*]   ; system_clock ; 4.373 ; 4.508 ; Rise       ; system_clock    ;
;  frequency[0]  ; system_clock ; 3.965 ; 4.159 ; Rise       ; system_clock    ;
;  frequency[1]  ; system_clock ; 3.474 ; 3.558 ; Rise       ; system_clock    ;
;  frequency[2]  ; system_clock ; 3.424 ; 3.501 ; Rise       ; system_clock    ;
;  frequency[3]  ; system_clock ; 3.430 ; 3.509 ; Rise       ; system_clock    ;
;  frequency[4]  ; system_clock ; 3.698 ; 3.817 ; Rise       ; system_clock    ;
;  frequency[5]  ; system_clock ; 3.502 ; 3.600 ; Rise       ; system_clock    ;
;  frequency[6]  ; system_clock ; 3.573 ; 3.685 ; Rise       ; system_clock    ;
;  frequency[7]  ; system_clock ; 3.443 ; 3.524 ; Rise       ; system_clock    ;
;  frequency[8]  ; system_clock ; 3.562 ; 3.674 ; Rise       ; system_clock    ;
;  frequency[9]  ; system_clock ; 3.552 ; 3.662 ; Rise       ; system_clock    ;
;  frequency[10] ; system_clock ; 3.671 ; 3.783 ; Rise       ; system_clock    ;
;  frequency[11] ; system_clock ; 3.318 ; 3.391 ; Rise       ; system_clock    ;
;  frequency[12] ; system_clock ; 3.411 ; 3.497 ; Rise       ; system_clock    ;
;  frequency[13] ; system_clock ; 4.373 ; 4.508 ; Rise       ; system_clock    ;
;  frequency[14] ; system_clock ; 3.486 ; 3.576 ; Rise       ; system_clock    ;
;  frequency[15] ; system_clock ; 3.378 ; 3.467 ; Rise       ; system_clock    ;
;  frequency[16] ; system_clock ; 3.567 ; 3.661 ; Rise       ; system_clock    ;
;  frequency[17] ; system_clock ; 3.349 ; 3.428 ; Rise       ; system_clock    ;
;  frequency[18] ; system_clock ; 3.608 ; 3.722 ; Rise       ; system_clock    ;
;  frequency[19] ; system_clock ; 3.805 ; 3.924 ; Rise       ; system_clock    ;
;  frequency[20] ; system_clock ; 3.771 ; 3.867 ; Rise       ; system_clock    ;
;  frequency[21] ; system_clock ; 3.783 ; 3.892 ; Rise       ; system_clock    ;
;  frequency[22] ; system_clock ; 3.732 ; 3.833 ; Rise       ; system_clock    ;
;  frequency[23] ; system_clock ; 3.749 ; 3.867 ; Rise       ; system_clock    ;
;  frequency[24] ; system_clock ; 3.588 ; 3.676 ; Rise       ; system_clock    ;
;  frequency[25] ; system_clock ; 3.735 ; 3.834 ; Rise       ; system_clock    ;
;  frequency[26] ; system_clock ; 3.757 ; 3.854 ; Rise       ; system_clock    ;
;  frequency[27] ; system_clock ; 3.753 ; 3.855 ; Rise       ; system_clock    ;
;  frequency[28] ; system_clock ; 3.792 ; 3.908 ; Rise       ; system_clock    ;
;  frequency[29] ; system_clock ; 3.701 ; 3.796 ; Rise       ; system_clock    ;
;  frequency[30] ; system_clock ; 3.790 ; 3.916 ; Rise       ; system_clock    ;
;  frequency[31] ; system_clock ; 3.729 ; 3.829 ; Rise       ; system_clock    ;
+----------------+--------------+-------+-------+------------+-----------------+


+------------------------------------------------------------------------------+
; Minimum Clock to Output Times                                                ;
+----------------+--------------+-------+-------+------------+-----------------+
; Data Port      ; Clock Port   ; Rise  ; Fall  ; Clock Edge ; Clock Reference ;
+----------------+--------------+-------+-------+------------+-----------------+
; frequency[*]   ; system_clock ; 3.211 ; 3.282 ; Rise       ; system_clock    ;
;  frequency[0]  ; system_clock ; 3.835 ; 4.023 ; Rise       ; system_clock    ;
;  frequency[1]  ; system_clock ; 3.361 ; 3.442 ; Rise       ; system_clock    ;
;  frequency[2]  ; system_clock ; 3.313 ; 3.387 ; Rise       ; system_clock    ;
;  frequency[3]  ; system_clock ; 3.319 ; 3.395 ; Rise       ; system_clock    ;
;  frequency[4]  ; system_clock ; 3.576 ; 3.690 ; Rise       ; system_clock    ;
;  frequency[5]  ; system_clock ; 3.388 ; 3.482 ; Rise       ; system_clock    ;
;  frequency[6]  ; system_clock ; 3.459 ; 3.568 ; Rise       ; system_clock    ;
;  frequency[7]  ; system_clock ; 3.331 ; 3.409 ; Rise       ; system_clock    ;
;  frequency[8]  ; system_clock ; 3.448 ; 3.557 ; Rise       ; system_clock    ;
;  frequency[9]  ; system_clock ; 3.436 ; 3.542 ; Rise       ; system_clock    ;
;  frequency[10] ; system_clock ; 3.550 ; 3.658 ; Rise       ; system_clock    ;
;  frequency[11] ; system_clock ; 3.211 ; 3.282 ; Rise       ; system_clock    ;
;  frequency[12] ; system_clock ; 3.302 ; 3.385 ; Rise       ; system_clock    ;
;  frequency[13] ; system_clock ; 4.261 ; 4.393 ; Rise       ; system_clock    ;
;  frequency[14] ; system_clock ; 3.372 ; 3.459 ; Rise       ; system_clock    ;
;  frequency[15] ; system_clock ; 3.269 ; 3.355 ; Rise       ; system_clock    ;
;  frequency[16] ; system_clock ; 3.450 ; 3.541 ; Rise       ; system_clock    ;
;  frequency[17] ; system_clock ; 3.241 ; 3.317 ; Rise       ; system_clock    ;
;  frequency[18] ; system_clock ; 3.492 ; 3.603 ; Rise       ; system_clock    ;
;  frequency[19] ; system_clock ; 3.681 ; 3.797 ; Rise       ; system_clock    ;
;  frequency[20] ; system_clock ; 3.648 ; 3.740 ; Rise       ; system_clock    ;
;  frequency[21] ; system_clock ; 3.661 ; 3.767 ; Rise       ; system_clock    ;
;  frequency[22] ; system_clock ; 3.609 ; 3.706 ; Rise       ; system_clock    ;
;  frequency[23] ; system_clock ; 3.628 ; 3.742 ; Rise       ; system_clock    ;
;  frequency[24] ; system_clock ; 3.470 ; 3.555 ; Rise       ; system_clock    ;
;  frequency[25] ; system_clock ; 3.611 ; 3.707 ; Rise       ; system_clock    ;
;  frequency[26] ; system_clock ; 3.633 ; 3.727 ; Rise       ; system_clock    ;
;  frequency[27] ; system_clock ; 3.629 ; 3.727 ; Rise       ; system_clock    ;
;  frequency[28] ; system_clock ; 3.669 ; 3.782 ; Rise       ; system_clock    ;
;  frequency[29] ; system_clock ; 3.580 ; 3.670 ; Rise       ; system_clock    ;
;  frequency[30] ; system_clock ; 3.667 ; 3.789 ; Rise       ; system_clock    ;
;  frequency[31] ; system_clock ; 3.606 ; 3.702 ; Rise       ; system_clock    ;
+----------------+--------------+-------+-------+------------+-----------------+


---------------------------------------------
; Fast 1200mV 0C Model Metastability Report ;
---------------------------------------------
No synchronizer chains to report.


+--------------------------------------------------------------------------------+
; Multicorner Timing Analysis Summary                                            ;
+------------------+----------+-------+----------+---------+---------------------+
; Clock            ; Setup    ; Hold  ; Recovery ; Removal ; Minimum Pulse Width ;
+------------------+----------+-------+----------+---------+---------------------+
; Worst-case Slack ; -7.360   ; 0.194 ; N/A      ; N/A     ; -4.000              ;
;  clock_test      ; -2.799   ; 0.237 ; N/A      ; N/A     ; -4.000              ;
;  system_clock    ; -7.360   ; 0.194 ; N/A      ; N/A     ; -3.000              ;
; Design-wide TNS  ; -417.691 ; 0.0   ; 0.0      ; 0.0     ; -349.648            ;
;  clock_test      ; -181.210 ; 0.000 ; N/A      ; N/A     ; -255.941            ;
;  system_clock    ; -236.481 ; 0.000 ; N/A      ; N/A     ; -93.707             ;
+------------------+----------+-------+----------+---------+---------------------+


+------------------------------------------------------------------------------+
; Clock to Output Times                                                        ;
+----------------+--------------+-------+-------+------------+-----------------+
; Data Port      ; Clock Port   ; Rise  ; Fall  ; Clock Edge ; Clock Reference ;
+----------------+--------------+-------+-------+------------+-----------------+
; frequency[*]   ; system_clock ; 8.889 ; 8.840 ; Rise       ; system_clock    ;
;  frequency[0]  ; system_clock ; 8.670 ; 8.475 ; Rise       ; system_clock    ;
;  frequency[1]  ; system_clock ; 7.473 ; 7.334 ; Rise       ; system_clock    ;
;  frequency[2]  ; system_clock ; 7.392 ; 7.245 ; Rise       ; system_clock    ;
;  frequency[3]  ; system_clock ; 7.401 ; 7.254 ; Rise       ; system_clock    ;
;  frequency[4]  ; system_clock ; 7.956 ; 7.813 ; Rise       ; system_clock    ;
;  frequency[5]  ; system_clock ; 7.546 ; 7.430 ; Rise       ; system_clock    ;
;  frequency[6]  ; system_clock ; 7.724 ; 7.562 ; Rise       ; system_clock    ;
;  frequency[7]  ; system_clock ; 7.430 ; 7.291 ; Rise       ; system_clock    ;
;  frequency[8]  ; system_clock ; 7.713 ; 7.548 ; Rise       ; system_clock    ;
;  frequency[9]  ; system_clock ; 7.632 ; 7.535 ; Rise       ; system_clock    ;
;  frequency[10] ; system_clock ; 7.904 ; 7.751 ; Rise       ; system_clock    ;
;  frequency[11] ; system_clock ; 7.119 ; 7.018 ; Rise       ; system_clock    ;
;  frequency[12] ; system_clock ; 7.366 ; 7.244 ; Rise       ; system_clock    ;
;  frequency[13] ; system_clock ; 8.889 ; 8.840 ; Rise       ; system_clock    ;
;  frequency[14] ; system_clock ; 7.499 ; 7.373 ; Rise       ; system_clock    ;
;  frequency[15] ; system_clock ; 7.253 ; 7.185 ; Rise       ; system_clock    ;
;  frequency[16] ; system_clock ; 7.772 ; 7.570 ; Rise       ; system_clock    ;
;  frequency[17] ; system_clock ; 7.197 ; 7.101 ; Rise       ; system_clock    ;
;  frequency[18] ; system_clock ; 7.779 ; 7.627 ; Rise       ; system_clock    ;
;  frequency[19] ; system_clock ; 8.336 ; 8.144 ; Rise       ; system_clock    ;
;  frequency[20] ; system_clock ; 8.110 ; 7.990 ; Rise       ; system_clock    ;
;  frequency[21] ; system_clock ; 8.272 ; 8.085 ; Rise       ; system_clock    ;
;  frequency[22] ; system_clock ; 8.077 ; 7.956 ; Rise       ; system_clock    ;
;  frequency[23] ; system_clock ; 8.219 ; 8.057 ; Rise       ; system_clock    ;
;  frequency[24] ; system_clock ; 7.747 ; 7.670 ; Rise       ; system_clock    ;
;  frequency[25] ; system_clock ; 8.093 ; 7.972 ; Rise       ; system_clock    ;
;  frequency[26] ; system_clock ; 8.101 ; 7.982 ; Rise       ; system_clock    ;
;  frequency[27] ; system_clock ; 8.120 ; 7.999 ; Rise       ; system_clock    ;
;  frequency[28] ; system_clock ; 8.260 ; 8.098 ; Rise       ; system_clock    ;
;  frequency[29] ; system_clock ; 8.129 ; 7.953 ; Rise       ; system_clock    ;
;  frequency[30] ; system_clock ; 8.291 ; 8.124 ; Rise       ; system_clock    ;
;  frequency[31] ; system_clock ; 8.068 ; 7.956 ; Rise       ; system_clock    ;
+----------------+--------------+-------+-------+------------+-----------------+


+------------------------------------------------------------------------------+
; Minimum Clock to Output Times                                                ;
+----------------+--------------+-------+-------+------------+-----------------+
; Data Port      ; Clock Port   ; Rise  ; Fall  ; Clock Edge ; Clock Reference ;
+----------------+--------------+-------+-------+------------+-----------------+
; frequency[*]   ; system_clock ; 3.211 ; 3.282 ; Rise       ; system_clock    ;
;  frequency[0]  ; system_clock ; 3.835 ; 4.023 ; Rise       ; system_clock    ;
;  frequency[1]  ; system_clock ; 3.361 ; 3.442 ; Rise       ; system_clock    ;
;  frequency[2]  ; system_clock ; 3.313 ; 3.387 ; Rise       ; system_clock    ;
;  frequency[3]  ; system_clock ; 3.319 ; 3.395 ; Rise       ; system_clock    ;
;  frequency[4]  ; system_clock ; 3.576 ; 3.690 ; Rise       ; system_clock    ;
;  frequency[5]  ; system_clock ; 3.388 ; 3.482 ; Rise       ; system_clock    ;
;  frequency[6]  ; system_clock ; 3.459 ; 3.568 ; Rise       ; system_clock    ;
;  frequency[7]  ; system_clock ; 3.331 ; 3.409 ; Rise       ; system_clock    ;
;  frequency[8]  ; system_clock ; 3.448 ; 3.557 ; Rise       ; system_clock    ;
;  frequency[9]  ; system_clock ; 3.436 ; 3.542 ; Rise       ; system_clock    ;
;  frequency[10] ; system_clock ; 3.550 ; 3.658 ; Rise       ; system_clock    ;
;  frequency[11] ; system_clock ; 3.211 ; 3.282 ; Rise       ; system_clock    ;
;  frequency[12] ; system_clock ; 3.302 ; 3.385 ; Rise       ; system_clock    ;
;  frequency[13] ; system_clock ; 4.261 ; 4.393 ; Rise       ; system_clock    ;
;  frequency[14] ; system_clock ; 3.372 ; 3.459 ; Rise       ; system_clock    ;
;  frequency[15] ; system_clock ; 3.269 ; 3.355 ; Rise       ; system_clock    ;
;  frequency[16] ; system_clock ; 3.450 ; 3.541 ; Rise       ; system_clock    ;
;  frequency[17] ; system_clock ; 3.241 ; 3.317 ; Rise       ; system_clock    ;
;  frequency[18] ; system_clock ; 3.492 ; 3.603 ; Rise       ; system_clock    ;
;  frequency[19] ; system_clock ; 3.681 ; 3.797 ; Rise       ; system_clock    ;
;  frequency[20] ; system_clock ; 3.648 ; 3.740 ; Rise       ; system_clock    ;
;  frequency[21] ; system_clock ; 3.661 ; 3.767 ; Rise       ; system_clock    ;
;  frequency[22] ; system_clock ; 3.609 ; 3.706 ; Rise       ; system_clock    ;
;  frequency[23] ; system_clock ; 3.628 ; 3.742 ; Rise       ; system_clock    ;
;  frequency[24] ; system_clock ; 3.470 ; 3.555 ; Rise       ; system_clock    ;
;  frequency[25] ; system_clock ; 3.611 ; 3.707 ; Rise       ; system_clock    ;
;  frequency[26] ; system_clock ; 3.633 ; 3.727 ; Rise       ; system_clock    ;
;  frequency[27] ; system_clock ; 3.629 ; 3.727 ; Rise       ; system_clock    ;
;  frequency[28] ; system_clock ; 3.669 ; 3.782 ; Rise       ; system_clock    ;
;  frequency[29] ; system_clock ; 3.580 ; 3.670 ; Rise       ; system_clock    ;
;  frequency[30] ; system_clock ; 3.667 ; 3.789 ; Rise       ; system_clock    ;
;  frequency[31] ; system_clock ; 3.606 ; 3.702 ; Rise       ; system_clock    ;
+----------------+--------------+-------+-------+------------+-----------------+


+------------------------------------------------------------------------------------------------------------------------------------------------------------------------------------------------------------------------------------------------------------------------------------------------------------------------------------------------------------------------------------------------------------------+
; Board Trace Model Assignments                                                                                                                                                                                                                                                                                                                                                                                    ;
+---------------+--------------+-------------------+-------------------------+-------------------------+---------------+---------------------+----------------+------------------+--------+------------------+------------------------+------------------------+--------------+---------------+-----------------+-------+---------------------+--------------------+---------------+-----------------+-------------+
; Pin           ; I/O Standard ; Near Tline Length ; Near Tline L per Length ; Near Tline C per Length ; Near Series R ; Near Differential R ; Near Pull-up R ; Near Pull-down R ; Near C ; Far Tline Length ; Far Tline L per Length ; Far Tline C per Length ; Far Series R ; Far Pull-up R ; Far Pull-down R ; Far C ; Termination Voltage ; Far Differential R ; EBD File Name ; EBD Signal Name ; EBD Far-end ;
+---------------+--------------+-------------------+-------------------------+-------------------------+---------------+---------------------+----------------+------------------+--------+------------------+------------------------+------------------------+--------------+---------------+-----------------+-------+---------------------+--------------------+---------------+-----------------+-------------+
; frequency[0]  ; 2.5 V        ; 0 in              ; 0 H/in                  ; 0 F/in                  ; short         ; -                   ; open           ; open             ; open   ; 0 in             ; 0 H/in                 ; 0 F/in                 ; short        ; open          ; open            ; open  ; 0 V                 ; -                  ; n/a           ; n/a             ; n/a         ;
; frequency[1]  ; 2.5 V        ; 0 in              ; 0 H/in                  ; 0 F/in                  ; short         ; -                   ; open           ; open             ; open   ; 0 in             ; 0 H/in                 ; 0 F/in                 ; short        ; open          ; open            ; open  ; 0 V                 ; -                  ; n/a           ; n/a             ; n/a         ;
; frequency[2]  ; 2.5 V        ; 0 in              ; 0 H/in                  ; 0 F/in                  ; short         ; -                   ; open           ; open             ; open   ; 0 in             ; 0 H/in                 ; 0 F/in                 ; short        ; open          ; open            ; open  ; 0 V                 ; -                  ; n/a           ; n/a             ; n/a         ;
; frequency[3]  ; 2.5 V        ; 0 in              ; 0 H/in                  ; 0 F/in                  ; short         ; -                   ; open           ; open             ; open   ; 0 in             ; 0 H/in                 ; 0 F/in                 ; short        ; open          ; open            ; open  ; 0 V                 ; -                  ; n/a           ; n/a             ; n/a         ;
; frequency[4]  ; 2.5 V        ; 0 in              ; 0 H/in                  ; 0 F/in                  ; short         ; -                   ; open           ; open             ; open   ; 0 in             ; 0 H/in                 ; 0 F/in                 ; short        ; open          ; open            ; open  ; 0 V                 ; -                  ; n/a           ; n/a             ; n/a         ;
; frequency[5]  ; 2.5 V        ; 0 in              ; 0 H/in                  ; 0 F/in                  ; short         ; -                   ; open           ; open             ; open   ; 0 in             ; 0 H/in                 ; 0 F/in                 ; short        ; open          ; open            ; open  ; 0 V                 ; -                  ; n/a           ; n/a             ; n/a         ;
; frequency[6]  ; 2.5 V        ; 0 in              ; 0 H/in                  ; 0 F/in                  ; short         ; -                   ; open           ; open             ; open   ; 0 in             ; 0 H/in                 ; 0 F/in                 ; short        ; open          ; open            ; open  ; 0 V                 ; -                  ; n/a           ; n/a             ; n/a         ;
; frequency[7]  ; 2.5 V        ; 0 in              ; 0 H/in                  ; 0 F/in                  ; short         ; -                   ; open           ; open             ; open   ; 0 in             ; 0 H/in                 ; 0 F/in                 ; short        ; open          ; open            ; open  ; 0 V                 ; -                  ; n/a           ; n/a             ; n/a         ;
; frequency[8]  ; 2.5 V        ; 0 in              ; 0 H/in                  ; 0 F/in                  ; short         ; -                   ; open           ; open             ; open   ; 0 in             ; 0 H/in                 ; 0 F/in                 ; short        ; open          ; open            ; open  ; 0 V                 ; -                  ; n/a           ; n/a             ; n/a         ;
; frequency[9]  ; 2.5 V        ; 0 in              ; 0 H/in                  ; 0 F/in                  ; short         ; -                   ; open           ; open             ; open   ; 0 in             ; 0 H/in                 ; 0 F/in                 ; short        ; open          ; open            ; open  ; 0 V                 ; -                  ; n/a           ; n/a             ; n/a         ;
; frequency[10] ; 2.5 V        ; 0 in              ; 0 H/in                  ; 0 F/in                  ; short         ; -                   ; open           ; open             ; open   ; 0 in             ; 0 H/in                 ; 0 F/in                 ; short        ; open          ; open            ; open  ; 0 V                 ; -                  ; n/a           ; n/a             ; n/a         ;
; frequency[11] ; 2.5 V        ; 0 in              ; 0 H/in                  ; 0 F/in                  ; short         ; -                   ; open           ; open             ; open   ; 0 in             ; 0 H/in                 ; 0 F/in                 ; short        ; open          ; open            ; open  ; 0 V                 ; -                  ; n/a           ; n/a             ; n/a         ;
; frequency[12] ; 2.5 V        ; 0 in              ; 0 H/in                  ; 0 F/in                  ; short         ; -                   ; open           ; open             ; open   ; 0 in             ; 0 H/in                 ; 0 F/in                 ; short        ; open          ; open            ; open  ; 0 V                 ; -                  ; n/a           ; n/a             ; n/a         ;
; frequency[13] ; 2.5 V        ; 0 in              ; 0 H/in                  ; 0 F/in                  ; short         ; -                   ; open           ; open             ; open   ; 0 in             ; 0 H/in                 ; 0 F/in                 ; short        ; open          ; open            ; open  ; 0 V                 ; -                  ; n/a           ; n/a             ; n/a         ;
; frequency[14] ; 2.5 V        ; 0 in              ; 0 H/in                  ; 0 F/in                  ; short         ; -                   ; open           ; open             ; open   ; 0 in             ; 0 H/in                 ; 0 F/in                 ; short        ; open          ; open            ; open  ; 0 V                 ; -                  ; n/a           ; n/a             ; n/a         ;
; frequency[15] ; 2.5 V        ; 0 in              ; 0 H/in                  ; 0 F/in                  ; short         ; -                   ; open           ; open             ; open   ; 0 in             ; 0 H/in                 ; 0 F/in                 ; short        ; open          ; open            ; open  ; 0 V                 ; -                  ; n/a           ; n/a             ; n/a         ;
; frequency[16] ; 2.5 V        ; 0 in              ; 0 H/in                  ; 0 F/in                  ; short         ; -                   ; open           ; open             ; open   ; 0 in             ; 0 H/in                 ; 0 F/in                 ; short        ; open          ; open            ; open  ; 0 V                 ; -                  ; n/a           ; n/a             ; n/a         ;
; frequency[17] ; 2.5 V        ; 0 in              ; 0 H/in                  ; 0 F/in                  ; short         ; -                   ; open           ; open             ; open   ; 0 in             ; 0 H/in                 ; 0 F/in                 ; short        ; open          ; open            ; open  ; 0 V                 ; -                  ; n/a           ; n/a             ; n/a         ;
; frequency[18] ; 2.5 V        ; 0 in              ; 0 H/in                  ; 0 F/in                  ; short         ; -                   ; open           ; open             ; open   ; 0 in             ; 0 H/in                 ; 0 F/in                 ; short        ; open          ; open            ; open  ; 0 V                 ; -                  ; n/a           ; n/a             ; n/a         ;
; frequency[19] ; 2.5 V        ; 0 in              ; 0 H/in                  ; 0 F/in                  ; short         ; -                   ; open           ; open             ; open   ; 0 in             ; 0 H/in                 ; 0 F/in                 ; short        ; open          ; open            ; open  ; 0 V                 ; -                  ; n/a           ; n/a             ; n/a         ;
; frequency[20] ; 2.5 V        ; 0 in              ; 0 H/in                  ; 0 F/in                  ; short         ; -                   ; open           ; open             ; open   ; 0 in             ; 0 H/in                 ; 0 F/in                 ; short        ; open          ; open            ; open  ; 0 V                 ; -                  ; n/a           ; n/a             ; n/a         ;
; frequency[21] ; 2.5 V        ; 0 in              ; 0 H/in                  ; 0 F/in                  ; short         ; -                   ; open           ; open             ; open   ; 0 in             ; 0 H/in                 ; 0 F/in                 ; short        ; open          ; open            ; open  ; 0 V                 ; -                  ; n/a           ; n/a             ; n/a         ;
; frequency[22] ; 2.5 V        ; 0 in              ; 0 H/in                  ; 0 F/in                  ; short         ; -                   ; open           ; open             ; open   ; 0 in             ; 0 H/in                 ; 0 F/in                 ; short        ; open          ; open            ; open  ; 0 V                 ; -                  ; n/a           ; n/a             ; n/a         ;
; frequency[23] ; 2.5 V        ; 0 in              ; 0 H/in                  ; 0 F/in                  ; short         ; -                   ; open           ; open             ; open   ; 0 in             ; 0 H/in                 ; 0 F/in                 ; short        ; open          ; open            ; open  ; 0 V                 ; -                  ; n/a           ; n/a             ; n/a         ;
; frequency[24] ; 2.5 V        ; 0 in              ; 0 H/in                  ; 0 F/in                  ; short         ; -                   ; open           ; open             ; open   ; 0 in             ; 0 H/in                 ; 0 F/in                 ; short        ; open          ; open            ; open  ; 0 V                 ; -                  ; n/a           ; n/a             ; n/a         ;
; frequency[25] ; 2.5 V        ; 0 in              ; 0 H/in                  ; 0 F/in                  ; short         ; -                   ; open           ; open             ; open   ; 0 in             ; 0 H/in                 ; 0 F/in                 ; short        ; open          ; open            ; open  ; 0 V                 ; -                  ; n/a           ; n/a             ; n/a         ;
; frequency[26] ; 2.5 V        ; 0 in              ; 0 H/in                  ; 0 F/in                  ; short         ; -                   ; open           ; open             ; open   ; 0 in             ; 0 H/in                 ; 0 F/in                 ; short        ; open          ; open            ; open  ; 0 V                 ; -                  ; n/a           ; n/a             ; n/a         ;
; frequency[27] ; 2.5 V        ; 0 in              ; 0 H/in                  ; 0 F/in                  ; short         ; -                   ; open           ; open             ; open   ; 0 in             ; 0 H/in                 ; 0 F/in                 ; short        ; open          ; open            ; open  ; 0 V                 ; -                  ; n/a           ; n/a             ; n/a         ;
; frequency[28] ; 2.5 V        ; 0 in              ; 0 H/in                  ; 0 F/in                  ; short         ; -                   ; open           ; open             ; open   ; 0 in             ; 0 H/in                 ; 0 F/in                 ; short        ; open          ; open            ; open  ; 0 V                 ; -                  ; n/a           ; n/a             ; n/a         ;
; frequency[29] ; 2.5 V        ; 0 in              ; 0 H/in                  ; 0 F/in                  ; short         ; -                   ; open           ; open             ; open   ; 0 in             ; 0 H/in                 ; 0 F/in                 ; short        ; open          ; open            ; open  ; 0 V                 ; -                  ; n/a           ; n/a             ; n/a         ;
; frequency[30] ; 2.5 V        ; 0 in              ; 0 H/in                  ; 0 F/in                  ; short         ; -                   ; open           ; open             ; open   ; 0 in             ; 0 H/in                 ; 0 F/in                 ; short        ; open          ; open            ; open  ; 0 V                 ; -                  ; n/a           ; n/a             ; n/a         ;
; frequency[31] ; 2.5 V        ; 0 in              ; 0 H/in                  ; 0 F/in                  ; short         ; -                   ; open           ; open             ; open   ; 0 in             ; 0 H/in                 ; 0 F/in                 ; short        ; open          ; open            ; open  ; 0 V                 ; -                  ; n/a           ; n/a             ; n/a         ;
; ~ALTERA_DCLK~ ; 2.5 V        ; 0 in              ; 0 H/in                  ; 0 F/in                  ; short         ; -                   ; open           ; open             ; open   ; 0 in             ; 0 H/in                 ; 0 F/in                 ; short        ; open          ; open            ; open  ; 0 V                 ; -                  ; n/a           ; n/a             ; n/a         ;
; ~ALTERA_nCEO~ ; 2.5 V        ; 0 in              ; 0 H/in                  ; 0 F/in                  ; short         ; -                   ; open           ; open             ; open   ; 0 in             ; 0 H/in                 ; 0 F/in                 ; short        ; open          ; open            ; open  ; 0 V                 ; -                  ; n/a           ; n/a             ; n/a         ;
+---------------+--------------+-------------------+-------------------------+-------------------------+---------------+---------------------+----------------+------------------+--------+------------------+------------------------+------------------------+--------------+---------------+-----------------+-------+---------------------+--------------------+---------------+-----------------+-------------+


+----------------------------------------------------------------------------+
; Input Transition Times                                                     ;
+-------------------------+--------------+-----------------+-----------------+
; Pin                     ; I/O Standard ; 10-90 Rise Time ; 90-10 Fall Time ;
+-------------------------+--------------+-----------------+-----------------+
; system_clock            ; 2.5 V        ; 2000 ps         ; 2000 ps         ;
; system_reset_n          ; 2.5 V        ; 2000 ps         ; 2000 ps         ;
; clock_test              ; 2.5 V        ; 2000 ps         ; 2000 ps         ;
; ~ALTERA_ASDO_DATA1~     ; 2.5 V        ; 2000 ps         ; 2000 ps         ;
; ~ALTERA_FLASH_nCE_nCSO~ ; 2.5 V        ; 2000 ps         ; 2000 ps         ;
; ~ALTERA_DATA0~          ; 2.5 V        ; 2000 ps         ; 2000 ps         ;
+-------------------------+--------------+-----------------+-----------------+


+--------------------------------------------------------------------------------------------------------------------------------------------------------------------------------------------------------------------------------------------------------------------------------------------------------------------------------------------------------------------------------------------------------------------------------------------------------------------------------------------------------------------------------------------------------------------------------------------------------------------------------------------------------------------------------------------+
; Signal Integrity Metrics (Slow 1200mv 0c Model)                                                                                                                                                                                                                                                                                                                                                                                                                                                                                                                                                                                                                                            ;
+---------------+--------------+---------------------+---------------------+------------------------------+------------------------------+---------------------+---------------------+--------------------------------------+--------------------------------------+-----------------------------+-----------------------------+----------------------------+----------------------------+-----------------------------+-----------------------------+--------------------+--------------------+-------------------------------------+-------------------------------------+----------------------------+----------------------------+---------------------------+---------------------------+
; Pin           ; I/O Standard ; Board Delay on Rise ; Board Delay on Fall ; Steady State Voh at FPGA Pin ; Steady State Vol at FPGA Pin ; Voh Max at FPGA Pin ; Vol Min at FPGA Pin ; Ringback Voltage on Rise at FPGA Pin ; Ringback Voltage on Fall at FPGA Pin ; 10-90 Rise Time at FPGA Pin ; 90-10 Fall Time at FPGA Pin ; Monotonic Rise at FPGA Pin ; Monotonic Fall at FPGA Pin ; Steady State Voh at Far-end ; Steady State Vol at Far-end ; Voh Max at Far-end ; Vol Min at Far-end ; Ringback Voltage on Rise at Far-end ; Ringback Voltage on Fall at Far-end ; 10-90 Rise Time at Far-end ; 90-10 Fall Time at Far-end ; Monotonic Rise at Far-end ; Monotonic Fall at Far-end ;
+---------------+--------------+---------------------+---------------------+------------------------------+------------------------------+---------------------+---------------------+--------------------------------------+--------------------------------------+-----------------------------+-----------------------------+----------------------------+----------------------------+-----------------------------+-----------------------------+--------------------+--------------------+-------------------------------------+-------------------------------------+----------------------------+----------------------------+---------------------------+---------------------------+
; frequency[0]  ; 2.5 V        ; 0 s                 ; 0 s                 ; 2.32 V                       ; 2.07e-09 V                   ; 2.36 V              ; -0.00737 V          ; 0.209 V                              ; 0.012 V                              ; 5.22e-10 s                  ; 5.33e-10 s                  ; Yes                        ; Yes                        ; 2.32 V                      ; 2.07e-09 V                  ; 2.36 V             ; -0.00737 V         ; 0.209 V                             ; 0.012 V                             ; 5.22e-10 s                 ; 5.33e-10 s                 ; Yes                       ; Yes                       ;
; frequency[1]  ; 2.5 V        ; 0 s                 ; 0 s                 ; 2.32 V                       ; 2.8e-09 V                    ; 2.37 V              ; -0.00373 V          ; 0.104 V                              ; 0.011 V                              ; 4.34e-10 s                  ; 3.82e-10 s                  ; Yes                        ; Yes                        ; 2.32 V                      ; 2.8e-09 V                   ; 2.37 V             ; -0.00373 V         ; 0.104 V                             ; 0.011 V                             ; 4.34e-10 s                 ; 3.82e-10 s                 ; Yes                       ; Yes                       ;
; frequency[2]  ; 2.5 V        ; 0 s                 ; 0 s                 ; 2.32 V                       ; 2.8e-09 V                    ; 2.37 V              ; -0.00373 V          ; 0.104 V                              ; 0.011 V                              ; 4.34e-10 s                  ; 3.82e-10 s                  ; Yes                        ; Yes                        ; 2.32 V                      ; 2.8e-09 V                   ; 2.37 V             ; -0.00373 V         ; 0.104 V                             ; 0.011 V                             ; 4.34e-10 s                 ; 3.82e-10 s                 ; Yes                       ; Yes                       ;
; frequency[3]  ; 2.5 V        ; 0 s                 ; 0 s                 ; 2.32 V                       ; 2.8e-09 V                    ; 2.37 V              ; -0.00373 V          ; 0.104 V                              ; 0.011 V                              ; 4.34e-10 s                  ; 3.82e-10 s                  ; Yes                        ; Yes                        ; 2.32 V                      ; 2.8e-09 V                   ; 2.37 V             ; -0.00373 V         ; 0.104 V                             ; 0.011 V                             ; 4.34e-10 s                 ; 3.82e-10 s                 ; Yes                       ; Yes                       ;
; frequency[4]  ; 2.5 V        ; 0 s                 ; 0 s                 ; 2.32 V                       ; 2.8e-09 V                    ; 2.37 V              ; -0.00373 V          ; 0.104 V                              ; 0.011 V                              ; 4.34e-10 s                  ; 3.82e-10 s                  ; Yes                        ; Yes                        ; 2.32 V                      ; 2.8e-09 V                   ; 2.37 V             ; -0.00373 V         ; 0.104 V                             ; 0.011 V                             ; 4.34e-10 s                 ; 3.82e-10 s                 ; Yes                       ; Yes                       ;
; frequency[5]  ; 2.5 V        ; 0 s                 ; 0 s                 ; 2.32 V                       ; 2.8e-09 V                    ; 2.37 V              ; -0.00373 V          ; 0.104 V                              ; 0.011 V                              ; 4.34e-10 s                  ; 3.82e-10 s                  ; Yes                        ; Yes                        ; 2.32 V                      ; 2.8e-09 V                   ; 2.37 V             ; -0.00373 V         ; 0.104 V                             ; 0.011 V                             ; 4.34e-10 s                 ; 3.82e-10 s                 ; Yes                       ; Yes                       ;
; frequency[6]  ; 2.5 V        ; 0 s                 ; 0 s                 ; 2.32 V                       ; 2.07e-09 V                   ; 2.36 V              ; -0.00737 V          ; 0.209 V                              ; 0.012 V                              ; 5.22e-10 s                  ; 5.33e-10 s                  ; Yes                        ; Yes                        ; 2.32 V                      ; 2.07e-09 V                  ; 2.36 V             ; -0.00737 V         ; 0.209 V                             ; 0.012 V                             ; 5.22e-10 s                 ; 5.33e-10 s                 ; Yes                       ; Yes                       ;
; frequency[7]  ; 2.5 V        ; 0 s                 ; 0 s                 ; 2.32 V                       ; 2.8e-09 V                    ; 2.37 V              ; -0.00373 V          ; 0.104 V                              ; 0.011 V                              ; 4.34e-10 s                  ; 3.82e-10 s                  ; Yes                        ; Yes                        ; 2.32 V                      ; 2.8e-09 V                   ; 2.37 V             ; -0.00373 V         ; 0.104 V                             ; 0.011 V                             ; 4.34e-10 s                 ; 3.82e-10 s                 ; Yes                       ; Yes                       ;
; frequency[8]  ; 2.5 V        ; 0 s                 ; 0 s                 ; 2.32 V                       ; 2.07e-09 V                   ; 2.36 V              ; -0.00737 V          ; 0.209 V                              ; 0.012 V                              ; 5.22e-10 s                  ; 5.33e-10 s                  ; Yes                        ; Yes                        ; 2.32 V                      ; 2.07e-09 V                  ; 2.36 V             ; -0.00737 V         ; 0.209 V                             ; 0.012 V                             ; 5.22e-10 s                 ; 5.33e-10 s                 ; Yes                       ; Yes                       ;
; frequency[9]  ; 2.5 V        ; 0 s                 ; 0 s                 ; 2.32 V                       ; 2.8e-09 V                    ; 2.37 V              ; -0.00373 V          ; 0.104 V                              ; 0.011 V                              ; 4.34e-10 s                  ; 3.82e-10 s                  ; Yes                        ; Yes                        ; 2.32 V                      ; 2.8e-09 V                   ; 2.37 V             ; -0.00373 V         ; 0.104 V                             ; 0.011 V                             ; 4.34e-10 s                 ; 3.82e-10 s                 ; Yes                       ; Yes                       ;
; frequency[10] ; 2.5 V        ; 0 s                 ; 0 s                 ; 2.32 V                       ; 2.8e-09 V                    ; 2.37 V              ; -0.00373 V          ; 0.104 V                              ; 0.011 V                              ; 4.34e-10 s                  ; 3.82e-10 s                  ; Yes                        ; Yes                        ; 2.32 V                      ; 2.8e-09 V                   ; 2.37 V             ; -0.00373 V         ; 0.104 V                             ; 0.011 V                             ; 4.34e-10 s                 ; 3.82e-10 s                 ; Yes                       ; Yes                       ;
; frequency[11] ; 2.5 V        ; 0 s                 ; 0 s                 ; 2.32 V                       ; 2.8e-09 V                    ; 2.37 V              ; -0.00373 V          ; 0.104 V                              ; 0.011 V                              ; 4.34e-10 s                  ; 3.82e-10 s                  ; Yes                        ; Yes                        ; 2.32 V                      ; 2.8e-09 V                   ; 2.37 V             ; -0.00373 V         ; 0.104 V                             ; 0.011 V                             ; 4.34e-10 s                 ; 3.82e-10 s                 ; Yes                       ; Yes                       ;
; frequency[12] ; 2.5 V        ; 0 s                 ; 0 s                 ; 2.32 V                       ; 2.07e-09 V                   ; 2.38 V              ; -0.0073 V           ; 0.097 V                              ; 0.018 V                              ; 4.24e-10 s                  ; 3.65e-10 s                  ; No                         ; Yes                        ; 2.32 V                      ; 2.07e-09 V                  ; 2.38 V             ; -0.0073 V          ; 0.097 V                             ; 0.018 V                             ; 4.24e-10 s                 ; 3.65e-10 s                 ; No                        ; Yes                       ;
; frequency[13] ; 2.5 V        ; 0 s                 ; 0 s                 ; 2.32 V                       ; 2.8e-09 V                    ; 2.33 V              ; -0.00425 V          ; 0.168 V                              ; 0.058 V                              ; 3.12e-09 s                  ; 2.87e-09 s                  ; Yes                        ; Yes                        ; 2.32 V                      ; 2.8e-09 V                   ; 2.33 V             ; -0.00425 V         ; 0.168 V                             ; 0.058 V                             ; 3.12e-09 s                 ; 2.87e-09 s                 ; Yes                       ; Yes                       ;
; frequency[14] ; 2.5 V        ; 0 s                 ; 0 s                 ; 2.32 V                       ; 2.8e-09 V                    ; 2.37 V              ; -0.00373 V          ; 0.104 V                              ; 0.011 V                              ; 4.34e-10 s                  ; 3.82e-10 s                  ; Yes                        ; Yes                        ; 2.32 V                      ; 2.8e-09 V                   ; 2.37 V             ; -0.00373 V         ; 0.104 V                             ; 0.011 V                             ; 4.34e-10 s                 ; 3.82e-10 s                 ; Yes                       ; Yes                       ;
; frequency[15] ; 2.5 V        ; 0 s                 ; 0 s                 ; 2.32 V                       ; 2.8e-09 V                    ; 2.37 V              ; -0.00373 V          ; 0.104 V                              ; 0.011 V                              ; 4.34e-10 s                  ; 3.82e-10 s                  ; Yes                        ; Yes                        ; 2.32 V                      ; 2.8e-09 V                   ; 2.37 V             ; -0.00373 V         ; 0.104 V                             ; 0.011 V                             ; 4.34e-10 s                 ; 3.82e-10 s                 ; Yes                       ; Yes                       ;
; frequency[16] ; 2.5 V        ; 0 s                 ; 0 s                 ; 2.32 V                       ; 2.8e-09 V                    ; 2.37 V              ; -0.00373 V          ; 0.104 V                              ; 0.011 V                              ; 4.34e-10 s                  ; 3.82e-10 s                  ; Yes                        ; Yes                        ; 2.32 V                      ; 2.8e-09 V                   ; 2.37 V             ; -0.00373 V         ; 0.104 V                             ; 0.011 V                             ; 4.34e-10 s                 ; 3.82e-10 s                 ; Yes                       ; Yes                       ;
; frequency[17] ; 2.5 V        ; 0 s                 ; 0 s                 ; 2.32 V                       ; 2.8e-09 V                    ; 2.37 V              ; -0.00373 V          ; 0.104 V                              ; 0.011 V                              ; 4.34e-10 s                  ; 3.82e-10 s                  ; Yes                        ; Yes                        ; 2.32 V                      ; 2.8e-09 V                   ; 2.37 V             ; -0.00373 V         ; 0.104 V                             ; 0.011 V                             ; 4.34e-10 s                 ; 3.82e-10 s                 ; Yes                       ; Yes                       ;
; frequency[18] ; 2.5 V        ; 0 s                 ; 0 s                 ; 2.32 V                       ; 2.07e-09 V                   ; 2.36 V              ; -0.00737 V          ; 0.209 V                              ; 0.012 V                              ; 5.22e-10 s                  ; 5.33e-10 s                  ; Yes                        ; Yes                        ; 2.32 V                      ; 2.07e-09 V                  ; 2.36 V             ; -0.00737 V         ; 0.209 V                             ; 0.012 V                             ; 5.22e-10 s                 ; 5.33e-10 s                 ; Yes                       ; Yes                       ;
; frequency[19] ; 2.5 V        ; 0 s                 ; 0 s                 ; 2.32 V                       ; 2.07e-09 V                   ; 2.36 V              ; -0.00737 V          ; 0.209 V                              ; 0.012 V                              ; 5.22e-10 s                  ; 5.33e-10 s                  ; Yes                        ; Yes                        ; 2.32 V                      ; 2.07e-09 V                  ; 2.36 V             ; -0.00737 V         ; 0.209 V                             ; 0.012 V                             ; 5.22e-10 s                 ; 5.33e-10 s                 ; Yes                       ; Yes                       ;
; frequency[20] ; 2.5 V        ; 0 s                 ; 0 s                 ; 2.32 V                       ; 2.8e-09 V                    ; 2.37 V              ; -0.00373 V          ; 0.104 V                              ; 0.011 V                              ; 4.34e-10 s                  ; 3.82e-10 s                  ; Yes                        ; Yes                        ; 2.32 V                      ; 2.8e-09 V                   ; 2.37 V             ; -0.00373 V         ; 0.104 V                             ; 0.011 V                             ; 4.34e-10 s                 ; 3.82e-10 s                 ; Yes                       ; Yes                       ;
; frequency[21] ; 2.5 V        ; 0 s                 ; 0 s                 ; 2.32 V                       ; 2.07e-09 V                   ; 2.36 V              ; -0.00737 V          ; 0.209 V                              ; 0.012 V                              ; 5.22e-10 s                  ; 5.33e-10 s                  ; Yes                        ; Yes                        ; 2.32 V                      ; 2.07e-09 V                  ; 2.36 V             ; -0.00737 V         ; 0.209 V                             ; 0.012 V                             ; 5.22e-10 s                 ; 5.33e-10 s                 ; Yes                       ; Yes                       ;
; frequency[22] ; 2.5 V        ; 0 s                 ; 0 s                 ; 2.32 V                       ; 2.8e-09 V                    ; 2.37 V              ; -0.00373 V          ; 0.104 V                              ; 0.011 V                              ; 4.34e-10 s                  ; 3.82e-10 s                  ; Yes                        ; Yes                        ; 2.32 V                      ; 2.8e-09 V                   ; 2.37 V             ; -0.00373 V         ; 0.104 V                             ; 0.011 V                             ; 4.34e-10 s                 ; 3.82e-10 s                 ; Yes                       ; Yes                       ;
; frequency[23] ; 2.5 V        ; 0 s                 ; 0 s                 ; 2.32 V                       ; 2.07e-09 V                   ; 2.36 V              ; -0.00737 V          ; 0.209 V                              ; 0.012 V                              ; 5.22e-10 s                  ; 5.33e-10 s                  ; Yes                        ; Yes                        ; 2.32 V                      ; 2.07e-09 V                  ; 2.36 V             ; -0.00737 V         ; 0.209 V                             ; 0.012 V                             ; 5.22e-10 s                 ; 5.33e-10 s                 ; Yes                       ; Yes                       ;
; frequency[24] ; 2.5 V        ; 0 s                 ; 0 s                 ; 2.32 V                       ; 2.8e-09 V                    ; 2.37 V              ; -0.00373 V          ; 0.104 V                              ; 0.011 V                              ; 4.34e-10 s                  ; 3.82e-10 s                  ; Yes                        ; Yes                        ; 2.32 V                      ; 2.8e-09 V                   ; 2.37 V             ; -0.00373 V         ; 0.104 V                             ; 0.011 V                             ; 4.34e-10 s                 ; 3.82e-10 s                 ; Yes                       ; Yes                       ;
; frequency[25] ; 2.5 V        ; 0 s                 ; 0 s                 ; 2.32 V                       ; 2.8e-09 V                    ; 2.37 V              ; -0.00373 V          ; 0.104 V                              ; 0.011 V                              ; 4.34e-10 s                  ; 3.82e-10 s                  ; Yes                        ; Yes                        ; 2.32 V                      ; 2.8e-09 V                   ; 2.37 V             ; -0.00373 V         ; 0.104 V                             ; 0.011 V                             ; 4.34e-10 s                 ; 3.82e-10 s                 ; Yes                       ; Yes                       ;
; frequency[26] ; 2.5 V        ; 0 s                 ; 0 s                 ; 2.32 V                       ; 2.8e-09 V                    ; 2.37 V              ; -0.00373 V          ; 0.104 V                              ; 0.011 V                              ; 4.34e-10 s                  ; 3.82e-10 s                  ; Yes                        ; Yes                        ; 2.32 V                      ; 2.8e-09 V                   ; 2.37 V             ; -0.00373 V         ; 0.104 V                             ; 0.011 V                             ; 4.34e-10 s                 ; 3.82e-10 s                 ; Yes                       ; Yes                       ;
; frequency[27] ; 2.5 V        ; 0 s                 ; 0 s                 ; 2.32 V                       ; 2.8e-09 V                    ; 2.37 V              ; -0.00373 V          ; 0.104 V                              ; 0.011 V                              ; 4.34e-10 s                  ; 3.82e-10 s                  ; Yes                        ; Yes                        ; 2.32 V                      ; 2.8e-09 V                   ; 2.37 V             ; -0.00373 V         ; 0.104 V                             ; 0.011 V                             ; 4.34e-10 s                 ; 3.82e-10 s                 ; Yes                       ; Yes                       ;
; frequency[28] ; 2.5 V        ; 0 s                 ; 0 s                 ; 2.32 V                       ; 2.07e-09 V                   ; 2.36 V              ; -0.00737 V          ; 0.209 V                              ; 0.012 V                              ; 5.22e-10 s                  ; 5.33e-10 s                  ; Yes                        ; Yes                        ; 2.32 V                      ; 2.07e-09 V                  ; 2.36 V             ; -0.00737 V         ; 0.209 V                             ; 0.012 V                             ; 5.22e-10 s                 ; 5.33e-10 s                 ; Yes                       ; Yes                       ;
; frequency[29] ; 2.5 V        ; 0 s                 ; 0 s                 ; 2.32 V                       ; 2.07e-09 V                   ; 2.38 V              ; -0.0073 V           ; 0.097 V                              ; 0.018 V                              ; 4.24e-10 s                  ; 3.65e-10 s                  ; No                         ; Yes                        ; 2.32 V                      ; 2.07e-09 V                  ; 2.38 V             ; -0.0073 V          ; 0.097 V                             ; 0.018 V                             ; 4.24e-10 s                 ; 3.65e-10 s                 ; No                        ; Yes                       ;
; frequency[30] ; 2.5 V        ; 0 s                 ; 0 s                 ; 2.32 V                       ; 2.07e-09 V                   ; 2.36 V              ; -0.00737 V          ; 0.209 V                              ; 0.012 V                              ; 5.22e-10 s                  ; 5.33e-10 s                  ; Yes                        ; Yes                        ; 2.32 V                      ; 2.07e-09 V                  ; 2.36 V             ; -0.00737 V         ; 0.209 V                             ; 0.012 V                             ; 5.22e-10 s                 ; 5.33e-10 s                 ; Yes                       ; Yes                       ;
; frequency[31] ; 2.5 V        ; 0 s                 ; 0 s                 ; 2.32 V                       ; 2.8e-09 V                    ; 2.37 V              ; -0.00373 V          ; 0.104 V                              ; 0.011 V                              ; 4.34e-10 s                  ; 3.82e-10 s                  ; Yes                        ; Yes                        ; 2.32 V                      ; 2.8e-09 V                   ; 2.37 V             ; -0.00373 V         ; 0.104 V                             ; 0.011 V                             ; 4.34e-10 s                 ; 3.82e-10 s                 ; Yes                       ; Yes                       ;
; ~ALTERA_DCLK~ ; 2.5 V        ; 0 s                 ; 0 s                 ; 2.32 V                       ; 1.74e-09 V                   ; 2.37 V              ; -0.0346 V           ; 0.198 V                              ; 0.094 V                              ; 3.14e-10 s                  ; 2.92e-10 s                  ; Yes                        ; Yes                        ; 2.32 V                      ; 1.74e-09 V                  ; 2.37 V             ; -0.0346 V          ; 0.198 V                             ; 0.094 V                             ; 3.14e-10 s                 ; 2.92e-10 s                 ; Yes                       ; Yes                       ;
; ~ALTERA_nCEO~ ; 2.5 V        ; 0 s                 ; 0 s                 ; 2.32 V                       ; 2.57e-09 V                   ; 2.37 V              ; -0.00683 V          ; 0.171 V                              ; 0.018 V                              ; 4.97e-10 s                  ; 6.66e-10 s                  ; Yes                        ; Yes                        ; 2.32 V                      ; 2.57e-09 V                  ; 2.37 V             ; -0.00683 V         ; 0.171 V                             ; 0.018 V                             ; 4.97e-10 s                 ; 6.66e-10 s                 ; Yes                       ; Yes                       ;
+---------------+--------------+---------------------+---------------------+------------------------------+------------------------------+---------------------+---------------------+--------------------------------------+--------------------------------------+-----------------------------+-----------------------------+----------------------------+----------------------------+-----------------------------+-----------------------------+--------------------+--------------------+-------------------------------------+-------------------------------------+----------------------------+----------------------------+---------------------------+---------------------------+


+--------------------------------------------------------------------------------------------------------------------------------------------------------------------------------------------------------------------------------------------------------------------------------------------------------------------------------------------------------------------------------------------------------------------------------------------------------------------------------------------------------------------------------------------------------------------------------------------------------------------------------------------------------------------------------------------+
; Signal Integrity Metrics (Slow 1200mv 85c Model)                                                                                                                                                                                                                                                                                                                                                                                                                                                                                                                                                                                                                                           ;
+---------------+--------------+---------------------+---------------------+------------------------------+------------------------------+---------------------+---------------------+--------------------------------------+--------------------------------------+-----------------------------+-----------------------------+----------------------------+----------------------------+-----------------------------+-----------------------------+--------------------+--------------------+-------------------------------------+-------------------------------------+----------------------------+----------------------------+---------------------------+---------------------------+
; Pin           ; I/O Standard ; Board Delay on Rise ; Board Delay on Fall ; Steady State Voh at FPGA Pin ; Steady State Vol at FPGA Pin ; Voh Max at FPGA Pin ; Vol Min at FPGA Pin ; Ringback Voltage on Rise at FPGA Pin ; Ringback Voltage on Fall at FPGA Pin ; 10-90 Rise Time at FPGA Pin ; 90-10 Fall Time at FPGA Pin ; Monotonic Rise at FPGA Pin ; Monotonic Fall at FPGA Pin ; Steady State Voh at Far-end ; Steady State Vol at Far-end ; Voh Max at Far-end ; Vol Min at Far-end ; Ringback Voltage on Rise at Far-end ; Ringback Voltage on Fall at Far-end ; 10-90 Rise Time at Far-end ; 90-10 Fall Time at Far-end ; Monotonic Rise at Far-end ; Monotonic Fall at Far-end ;
+---------------+--------------+---------------------+---------------------+------------------------------+------------------------------+---------------------+---------------------+--------------------------------------+--------------------------------------+-----------------------------+-----------------------------+----------------------------+----------------------------+-----------------------------+-----------------------------+--------------------+--------------------+-------------------------------------+-------------------------------------+----------------------------+----------------------------+---------------------------+---------------------------+
; frequency[0]  ; 2.5 V        ; 0 s                 ; 0 s                 ; 2.32 V                       ; 1.93e-07 V                   ; 2.34 V              ; -0.00869 V          ; 0.14 V                               ; 0.046 V                              ; 6.89e-10 s                  ; 6.56e-10 s                  ; Yes                        ; Yes                        ; 2.32 V                      ; 1.93e-07 V                  ; 2.34 V             ; -0.00869 V         ; 0.14 V                              ; 0.046 V                             ; 6.89e-10 s                 ; 6.56e-10 s                 ; Yes                       ; Yes                       ;
; frequency[1]  ; 2.5 V        ; 0 s                 ; 0 s                 ; 2.32 V                       ; 2.85e-07 V                   ; 2.35 V              ; -0.0123 V           ; 0.144 V                              ; 0.042 V                              ; 4.81e-10 s                  ; 4.81e-10 s                  ; Yes                        ; Yes                        ; 2.32 V                      ; 2.85e-07 V                  ; 2.35 V             ; -0.0123 V          ; 0.144 V                             ; 0.042 V                             ; 4.81e-10 s                 ; 4.81e-10 s                 ; Yes                       ; Yes                       ;
; frequency[2]  ; 2.5 V        ; 0 s                 ; 0 s                 ; 2.32 V                       ; 2.85e-07 V                   ; 2.35 V              ; -0.0123 V           ; 0.144 V                              ; 0.042 V                              ; 4.81e-10 s                  ; 4.81e-10 s                  ; Yes                        ; Yes                        ; 2.32 V                      ; 2.85e-07 V                  ; 2.35 V             ; -0.0123 V          ; 0.144 V                             ; 0.042 V                             ; 4.81e-10 s                 ; 4.81e-10 s                 ; Yes                       ; Yes                       ;
; frequency[3]  ; 2.5 V        ; 0 s                 ; 0 s                 ; 2.32 V                       ; 2.85e-07 V                   ; 2.35 V              ; -0.0123 V           ; 0.144 V                              ; 0.042 V                              ; 4.81e-10 s                  ; 4.81e-10 s                  ; Yes                        ; Yes                        ; 2.32 V                      ; 2.85e-07 V                  ; 2.35 V             ; -0.0123 V          ; 0.144 V                             ; 0.042 V                             ; 4.81e-10 s                 ; 4.81e-10 s                 ; Yes                       ; Yes                       ;
; frequency[4]  ; 2.5 V        ; 0 s                 ; 0 s                 ; 2.32 V                       ; 2.85e-07 V                   ; 2.35 V              ; -0.0123 V           ; 0.144 V                              ; 0.042 V                              ; 4.81e-10 s                  ; 4.81e-10 s                  ; Yes                        ; Yes                        ; 2.32 V                      ; 2.85e-07 V                  ; 2.35 V             ; -0.0123 V          ; 0.144 V                             ; 0.042 V                             ; 4.81e-10 s                 ; 4.81e-10 s                 ; Yes                       ; Yes                       ;
; frequency[5]  ; 2.5 V        ; 0 s                 ; 0 s                 ; 2.32 V                       ; 2.85e-07 V                   ; 2.35 V              ; -0.0123 V           ; 0.144 V                              ; 0.042 V                              ; 4.81e-10 s                  ; 4.81e-10 s                  ; Yes                        ; Yes                        ; 2.32 V                      ; 2.85e-07 V                  ; 2.35 V             ; -0.0123 V          ; 0.144 V                             ; 0.042 V                             ; 4.81e-10 s                 ; 4.81e-10 s                 ; Yes                       ; Yes                       ;
; frequency[6]  ; 2.5 V        ; 0 s                 ; 0 s                 ; 2.32 V                       ; 1.93e-07 V                   ; 2.34 V              ; -0.00869 V          ; 0.14 V                               ; 0.046 V                              ; 6.89e-10 s                  ; 6.56e-10 s                  ; Yes                        ; Yes                        ; 2.32 V                      ; 1.93e-07 V                  ; 2.34 V             ; -0.00869 V         ; 0.14 V                              ; 0.046 V                             ; 6.89e-10 s                 ; 6.56e-10 s                 ; Yes                       ; Yes                       ;
; frequency[7]  ; 2.5 V        ; 0 s                 ; 0 s                 ; 2.32 V                       ; 2.85e-07 V                   ; 2.35 V              ; -0.0123 V           ; 0.144 V                              ; 0.042 V                              ; 4.81e-10 s                  ; 4.81e-10 s                  ; Yes                        ; Yes                        ; 2.32 V                      ; 2.85e-07 V                  ; 2.35 V             ; -0.0123 V          ; 0.144 V                             ; 0.042 V                             ; 4.81e-10 s                 ; 4.81e-10 s                 ; Yes                       ; Yes                       ;
; frequency[8]  ; 2.5 V        ; 0 s                 ; 0 s                 ; 2.32 V                       ; 1.93e-07 V                   ; 2.34 V              ; -0.00869 V          ; 0.14 V                               ; 0.046 V                              ; 6.89e-10 s                  ; 6.56e-10 s                  ; Yes                        ; Yes                        ; 2.32 V                      ; 1.93e-07 V                  ; 2.34 V             ; -0.00869 V         ; 0.14 V                              ; 0.046 V                             ; 6.89e-10 s                 ; 6.56e-10 s                 ; Yes                       ; Yes                       ;
; frequency[9]  ; 2.5 V        ; 0 s                 ; 0 s                 ; 2.32 V                       ; 2.85e-07 V                   ; 2.35 V              ; -0.0123 V           ; 0.144 V                              ; 0.042 V                              ; 4.81e-10 s                  ; 4.81e-10 s                  ; Yes                        ; Yes                        ; 2.32 V                      ; 2.85e-07 V                  ; 2.35 V             ; -0.0123 V          ; 0.144 V                             ; 0.042 V                             ; 4.81e-10 s                 ; 4.81e-10 s                 ; Yes                       ; Yes                       ;
; frequency[10] ; 2.5 V        ; 0 s                 ; 0 s                 ; 2.32 V                       ; 2.85e-07 V                   ; 2.35 V              ; -0.0123 V           ; 0.144 V                              ; 0.042 V                              ; 4.81e-10 s                  ; 4.81e-10 s                  ; Yes                        ; Yes                        ; 2.32 V                      ; 2.85e-07 V                  ; 2.35 V             ; -0.0123 V          ; 0.144 V                             ; 0.042 V                             ; 4.81e-10 s                 ; 4.81e-10 s                 ; Yes                       ; Yes                       ;
; frequency[11] ; 2.5 V        ; 0 s                 ; 0 s                 ; 2.32 V                       ; 2.85e-07 V                   ; 2.35 V              ; -0.0123 V           ; 0.144 V                              ; 0.042 V                              ; 4.81e-10 s                  ; 4.81e-10 s                  ; Yes                        ; Yes                        ; 2.32 V                      ; 2.85e-07 V                  ; 2.35 V             ; -0.0123 V          ; 0.144 V                             ; 0.042 V                             ; 4.81e-10 s                 ; 4.81e-10 s                 ; Yes                       ; Yes                       ;
; frequency[12] ; 2.5 V        ; 0 s                 ; 0 s                 ; 2.32 V                       ; 1.93e-07 V                   ; 2.35 V              ; -0.00834 V          ; 0.127 V                              ; 0.035 V                              ; 4.7e-10 s                   ; 4.64e-10 s                  ; Yes                        ; Yes                        ; 2.32 V                      ; 1.93e-07 V                  ; 2.35 V             ; -0.00834 V         ; 0.127 V                             ; 0.035 V                             ; 4.7e-10 s                  ; 4.64e-10 s                 ; Yes                       ; Yes                       ;
; frequency[13] ; 2.5 V        ; 0 s                 ; 0 s                 ; 2.32 V                       ; 2.85e-07 V                   ; 2.33 V              ; -0.00229 V          ; 0.111 V                              ; 0.057 V                              ; 3.78e-09 s                  ; 3.5e-09 s                   ; Yes                        ; Yes                        ; 2.32 V                      ; 2.85e-07 V                  ; 2.33 V             ; -0.00229 V         ; 0.111 V                             ; 0.057 V                             ; 3.78e-09 s                 ; 3.5e-09 s                  ; Yes                       ; Yes                       ;
; frequency[14] ; 2.5 V        ; 0 s                 ; 0 s                 ; 2.32 V                       ; 2.85e-07 V                   ; 2.35 V              ; -0.0123 V           ; 0.144 V                              ; 0.042 V                              ; 4.81e-10 s                  ; 4.81e-10 s                  ; Yes                        ; Yes                        ; 2.32 V                      ; 2.85e-07 V                  ; 2.35 V             ; -0.0123 V          ; 0.144 V                             ; 0.042 V                             ; 4.81e-10 s                 ; 4.81e-10 s                 ; Yes                       ; Yes                       ;
; frequency[15] ; 2.5 V        ; 0 s                 ; 0 s                 ; 2.32 V                       ; 2.85e-07 V                   ; 2.35 V              ; -0.0123 V           ; 0.144 V                              ; 0.042 V                              ; 4.81e-10 s                  ; 4.81e-10 s                  ; Yes                        ; Yes                        ; 2.32 V                      ; 2.85e-07 V                  ; 2.35 V             ; -0.0123 V          ; 0.144 V                             ; 0.042 V                             ; 4.81e-10 s                 ; 4.81e-10 s                 ; Yes                       ; Yes                       ;
; frequency[16] ; 2.5 V        ; 0 s                 ; 0 s                 ; 2.32 V                       ; 2.85e-07 V                   ; 2.35 V              ; -0.0123 V           ; 0.144 V                              ; 0.042 V                              ; 4.81e-10 s                  ; 4.81e-10 s                  ; Yes                        ; Yes                        ; 2.32 V                      ; 2.85e-07 V                  ; 2.35 V             ; -0.0123 V          ; 0.144 V                             ; 0.042 V                             ; 4.81e-10 s                 ; 4.81e-10 s                 ; Yes                       ; Yes                       ;
; frequency[17] ; 2.5 V        ; 0 s                 ; 0 s                 ; 2.32 V                       ; 2.85e-07 V                   ; 2.35 V              ; -0.0123 V           ; 0.144 V                              ; 0.042 V                              ; 4.81e-10 s                  ; 4.81e-10 s                  ; Yes                        ; Yes                        ; 2.32 V                      ; 2.85e-07 V                  ; 2.35 V             ; -0.0123 V          ; 0.144 V                             ; 0.042 V                             ; 4.81e-10 s                 ; 4.81e-10 s                 ; Yes                       ; Yes                       ;
; frequency[18] ; 2.5 V        ; 0 s                 ; 0 s                 ; 2.32 V                       ; 1.93e-07 V                   ; 2.34 V              ; -0.00869 V          ; 0.14 V                               ; 0.046 V                              ; 6.89e-10 s                  ; 6.56e-10 s                  ; Yes                        ; Yes                        ; 2.32 V                      ; 1.93e-07 V                  ; 2.34 V             ; -0.00869 V         ; 0.14 V                              ; 0.046 V                             ; 6.89e-10 s                 ; 6.56e-10 s                 ; Yes                       ; Yes                       ;
; frequency[19] ; 2.5 V        ; 0 s                 ; 0 s                 ; 2.32 V                       ; 1.93e-07 V                   ; 2.34 V              ; -0.00869 V          ; 0.14 V                               ; 0.046 V                              ; 6.89e-10 s                  ; 6.56e-10 s                  ; Yes                        ; Yes                        ; 2.32 V                      ; 1.93e-07 V                  ; 2.34 V             ; -0.00869 V         ; 0.14 V                              ; 0.046 V                             ; 6.89e-10 s                 ; 6.56e-10 s                 ; Yes                       ; Yes                       ;
; frequency[20] ; 2.5 V        ; 0 s                 ; 0 s                 ; 2.32 V                       ; 2.85e-07 V                   ; 2.35 V              ; -0.0123 V           ; 0.144 V                              ; 0.042 V                              ; 4.81e-10 s                  ; 4.81e-10 s                  ; Yes                        ; Yes                        ; 2.32 V                      ; 2.85e-07 V                  ; 2.35 V             ; -0.0123 V          ; 0.144 V                             ; 0.042 V                             ; 4.81e-10 s                 ; 4.81e-10 s                 ; Yes                       ; Yes                       ;
; frequency[21] ; 2.5 V        ; 0 s                 ; 0 s                 ; 2.32 V                       ; 1.93e-07 V                   ; 2.34 V              ; -0.00869 V          ; 0.14 V                               ; 0.046 V                              ; 6.89e-10 s                  ; 6.56e-10 s                  ; Yes                        ; Yes                        ; 2.32 V                      ; 1.93e-07 V                  ; 2.34 V             ; -0.00869 V         ; 0.14 V                              ; 0.046 V                             ; 6.89e-10 s                 ; 6.56e-10 s                 ; Yes                       ; Yes                       ;
; frequency[22] ; 2.5 V        ; 0 s                 ; 0 s                 ; 2.32 V                       ; 2.85e-07 V                   ; 2.35 V              ; -0.0123 V           ; 0.144 V                              ; 0.042 V                              ; 4.81e-10 s                  ; 4.81e-10 s                  ; Yes                        ; Yes                        ; 2.32 V                      ; 2.85e-07 V                  ; 2.35 V             ; -0.0123 V          ; 0.144 V                             ; 0.042 V                             ; 4.81e-10 s                 ; 4.81e-10 s                 ; Yes                       ; Yes                       ;
; frequency[23] ; 2.5 V        ; 0 s                 ; 0 s                 ; 2.32 V                       ; 1.93e-07 V                   ; 2.34 V              ; -0.00869 V          ; 0.14 V                               ; 0.046 V                              ; 6.89e-10 s                  ; 6.56e-10 s                  ; Yes                        ; Yes                        ; 2.32 V                      ; 1.93e-07 V                  ; 2.34 V             ; -0.00869 V         ; 0.14 V                              ; 0.046 V                             ; 6.89e-10 s                 ; 6.56e-10 s                 ; Yes                       ; Yes                       ;
; frequency[24] ; 2.5 V        ; 0 s                 ; 0 s                 ; 2.32 V                       ; 2.85e-07 V                   ; 2.35 V              ; -0.0123 V           ; 0.144 V                              ; 0.042 V                              ; 4.81e-10 s                  ; 4.81e-10 s                  ; Yes                        ; Yes                        ; 2.32 V                      ; 2.85e-07 V                  ; 2.35 V             ; -0.0123 V          ; 0.144 V                             ; 0.042 V                             ; 4.81e-10 s                 ; 4.81e-10 s                 ; Yes                       ; Yes                       ;
; frequency[25] ; 2.5 V        ; 0 s                 ; 0 s                 ; 2.32 V                       ; 2.85e-07 V                   ; 2.35 V              ; -0.0123 V           ; 0.144 V                              ; 0.042 V                              ; 4.81e-10 s                  ; 4.81e-10 s                  ; Yes                        ; Yes                        ; 2.32 V                      ; 2.85e-07 V                  ; 2.35 V             ; -0.0123 V          ; 0.144 V                             ; 0.042 V                             ; 4.81e-10 s                 ; 4.81e-10 s                 ; Yes                       ; Yes                       ;
; frequency[26] ; 2.5 V        ; 0 s                 ; 0 s                 ; 2.32 V                       ; 2.85e-07 V                   ; 2.35 V              ; -0.0123 V           ; 0.144 V                              ; 0.042 V                              ; 4.81e-10 s                  ; 4.81e-10 s                  ; Yes                        ; Yes                        ; 2.32 V                      ; 2.85e-07 V                  ; 2.35 V             ; -0.0123 V          ; 0.144 V                             ; 0.042 V                             ; 4.81e-10 s                 ; 4.81e-10 s                 ; Yes                       ; Yes                       ;
; frequency[27] ; 2.5 V        ; 0 s                 ; 0 s                 ; 2.32 V                       ; 2.85e-07 V                   ; 2.35 V              ; -0.0123 V           ; 0.144 V                              ; 0.042 V                              ; 4.81e-10 s                  ; 4.81e-10 s                  ; Yes                        ; Yes                        ; 2.32 V                      ; 2.85e-07 V                  ; 2.35 V             ; -0.0123 V          ; 0.144 V                             ; 0.042 V                             ; 4.81e-10 s                 ; 4.81e-10 s                 ; Yes                       ; Yes                       ;
; frequency[28] ; 2.5 V        ; 0 s                 ; 0 s                 ; 2.32 V                       ; 1.93e-07 V                   ; 2.34 V              ; -0.00869 V          ; 0.14 V                               ; 0.046 V                              ; 6.89e-10 s                  ; 6.56e-10 s                  ; Yes                        ; Yes                        ; 2.32 V                      ; 1.93e-07 V                  ; 2.34 V             ; -0.00869 V         ; 0.14 V                              ; 0.046 V                             ; 6.89e-10 s                 ; 6.56e-10 s                 ; Yes                       ; Yes                       ;
; frequency[29] ; 2.5 V        ; 0 s                 ; 0 s                 ; 2.32 V                       ; 1.93e-07 V                   ; 2.35 V              ; -0.00834 V          ; 0.127 V                              ; 0.035 V                              ; 4.7e-10 s                   ; 4.64e-10 s                  ; Yes                        ; Yes                        ; 2.32 V                      ; 1.93e-07 V                  ; 2.35 V             ; -0.00834 V         ; 0.127 V                             ; 0.035 V                             ; 4.7e-10 s                  ; 4.64e-10 s                 ; Yes                       ; Yes                       ;
; frequency[30] ; 2.5 V        ; 0 s                 ; 0 s                 ; 2.32 V                       ; 1.93e-07 V                   ; 2.34 V              ; -0.00869 V          ; 0.14 V                               ; 0.046 V                              ; 6.89e-10 s                  ; 6.56e-10 s                  ; Yes                        ; Yes                        ; 2.32 V                      ; 1.93e-07 V                  ; 2.34 V             ; -0.00869 V         ; 0.14 V                              ; 0.046 V                             ; 6.89e-10 s                 ; 6.56e-10 s                 ; Yes                       ; Yes                       ;
; frequency[31] ; 2.5 V        ; 0 s                 ; 0 s                 ; 2.32 V                       ; 2.85e-07 V                   ; 2.35 V              ; -0.0123 V           ; 0.144 V                              ; 0.042 V                              ; 4.81e-10 s                  ; 4.81e-10 s                  ; Yes                        ; Yes                        ; 2.32 V                      ; 2.85e-07 V                  ; 2.35 V             ; -0.0123 V          ; 0.144 V                             ; 0.042 V                             ; 4.81e-10 s                 ; 4.81e-10 s                 ; Yes                       ; Yes                       ;
; ~ALTERA_DCLK~ ; 2.5 V        ; 0 s                 ; 0 s                 ; 2.32 V                       ; 1.55e-07 V                   ; 2.35 V              ; -0.00221 V          ; 0.097 V                              ; 0.005 V                              ; 4.49e-10 s                  ; 3.85e-10 s                  ; Yes                        ; Yes                        ; 2.32 V                      ; 1.55e-07 V                  ; 2.35 V             ; -0.00221 V         ; 0.097 V                             ; 0.005 V                             ; 4.49e-10 s                 ; 3.85e-10 s                 ; Yes                       ; Yes                       ;
; ~ALTERA_nCEO~ ; 2.5 V        ; 0 s                 ; 0 s                 ; 2.32 V                       ; 2.54e-07 V                   ; 2.34 V              ; -0.00774 V          ; 0.109 V                              ; 0.026 V                              ; 6.58e-10 s                  ; 8.24e-10 s                  ; Yes                        ; Yes                        ; 2.32 V                      ; 2.54e-07 V                  ; 2.34 V             ; -0.00774 V         ; 0.109 V                             ; 0.026 V                             ; 6.58e-10 s                 ; 8.24e-10 s                 ; Yes                       ; Yes                       ;
+---------------+--------------+---------------------+---------------------+------------------------------+------------------------------+---------------------+---------------------+--------------------------------------+--------------------------------------+-----------------------------+-----------------------------+----------------------------+----------------------------+-----------------------------+-----------------------------+--------------------+--------------------+-------------------------------------+-------------------------------------+----------------------------+----------------------------+---------------------------+---------------------------+


+--------------------------------------------------------------------------------------------------------------------------------------------------------------------------------------------------------------------------------------------------------------------------------------------------------------------------------------------------------------------------------------------------------------------------------------------------------------------------------------------------------------------------------------------------------------------------------------------------------------------------------------------------------------------------------------------+
; Signal Integrity Metrics (Fast 1200mv 0c Model)                                                                                                                                                                                                                                                                                                                                                                                                                                                                                                                                                                                                                                            ;
+---------------+--------------+---------------------+---------------------+------------------------------+------------------------------+---------------------+---------------------+--------------------------------------+--------------------------------------+-----------------------------+-----------------------------+----------------------------+----------------------------+-----------------------------+-----------------------------+--------------------+--------------------+-------------------------------------+-------------------------------------+----------------------------+----------------------------+---------------------------+---------------------------+
; Pin           ; I/O Standard ; Board Delay on Rise ; Board Delay on Fall ; Steady State Voh at FPGA Pin ; Steady State Vol at FPGA Pin ; Voh Max at FPGA Pin ; Vol Min at FPGA Pin ; Ringback Voltage on Rise at FPGA Pin ; Ringback Voltage on Fall at FPGA Pin ; 10-90 Rise Time at FPGA Pin ; 90-10 Fall Time at FPGA Pin ; Monotonic Rise at FPGA Pin ; Monotonic Fall at FPGA Pin ; Steady State Voh at Far-end ; Steady State Vol at Far-end ; Voh Max at Far-end ; Vol Min at Far-end ; Ringback Voltage on Rise at Far-end ; Ringback Voltage on Fall at Far-end ; 10-90 Rise Time at Far-end ; 90-10 Fall Time at Far-end ; Monotonic Rise at Far-end ; Monotonic Fall at Far-end ;
+---------------+--------------+---------------------+---------------------+------------------------------+------------------------------+---------------------+---------------------+--------------------------------------+--------------------------------------+-----------------------------+-----------------------------+----------------------------+----------------------------+-----------------------------+-----------------------------+--------------------+--------------------+-------------------------------------+-------------------------------------+----------------------------+----------------------------+---------------------------+---------------------------+
; frequency[0]  ; 2.5 V        ; 0 s                 ; 0 s                 ; 2.62 V                       ; 2.74e-08 V                   ; 2.71 V              ; -0.0317 V           ; 0.148 V                              ; 0.064 V                              ; 4.51e-10 s                  ; 4.15e-10 s                  ; No                         ; Yes                        ; 2.62 V                      ; 2.74e-08 V                  ; 2.71 V             ; -0.0317 V          ; 0.148 V                             ; 0.064 V                             ; 4.51e-10 s                 ; 4.15e-10 s                 ; No                        ; Yes                       ;
; frequency[1]  ; 2.5 V        ; 0 s                 ; 0 s                 ; 2.62 V                       ; 4.05e-08 V                   ; 2.72 V              ; -0.0349 V           ; 0.173 V                              ; 0.1 V                                ; 2.72e-10 s                  ; 2.69e-10 s                  ; Yes                        ; Yes                        ; 2.62 V                      ; 4.05e-08 V                  ; 2.72 V             ; -0.0349 V          ; 0.173 V                             ; 0.1 V                               ; 2.72e-10 s                 ; 2.69e-10 s                 ; Yes                       ; Yes                       ;
; frequency[2]  ; 2.5 V        ; 0 s                 ; 0 s                 ; 2.62 V                       ; 4.05e-08 V                   ; 2.72 V              ; -0.0349 V           ; 0.173 V                              ; 0.1 V                                ; 2.72e-10 s                  ; 2.69e-10 s                  ; Yes                        ; Yes                        ; 2.62 V                      ; 4.05e-08 V                  ; 2.72 V             ; -0.0349 V          ; 0.173 V                             ; 0.1 V                               ; 2.72e-10 s                 ; 2.69e-10 s                 ; Yes                       ; Yes                       ;
; frequency[3]  ; 2.5 V        ; 0 s                 ; 0 s                 ; 2.62 V                       ; 4.05e-08 V                   ; 2.72 V              ; -0.0349 V           ; 0.173 V                              ; 0.1 V                                ; 2.72e-10 s                  ; 2.69e-10 s                  ; Yes                        ; Yes                        ; 2.62 V                      ; 4.05e-08 V                  ; 2.72 V             ; -0.0349 V          ; 0.173 V                             ; 0.1 V                               ; 2.72e-10 s                 ; 2.69e-10 s                 ; Yes                       ; Yes                       ;
; frequency[4]  ; 2.5 V        ; 0 s                 ; 0 s                 ; 2.62 V                       ; 4.05e-08 V                   ; 2.72 V              ; -0.0349 V           ; 0.173 V                              ; 0.1 V                                ; 2.72e-10 s                  ; 2.69e-10 s                  ; Yes                        ; Yes                        ; 2.62 V                      ; 4.05e-08 V                  ; 2.72 V             ; -0.0349 V          ; 0.173 V                             ; 0.1 V                               ; 2.72e-10 s                 ; 2.69e-10 s                 ; Yes                       ; Yes                       ;
; frequency[5]  ; 2.5 V        ; 0 s                 ; 0 s                 ; 2.62 V                       ; 4.05e-08 V                   ; 2.72 V              ; -0.0349 V           ; 0.173 V                              ; 0.1 V                                ; 2.72e-10 s                  ; 2.69e-10 s                  ; Yes                        ; Yes                        ; 2.62 V                      ; 4.05e-08 V                  ; 2.72 V             ; -0.0349 V          ; 0.173 V                             ; 0.1 V                               ; 2.72e-10 s                 ; 2.69e-10 s                 ; Yes                       ; Yes                       ;
; frequency[6]  ; 2.5 V        ; 0 s                 ; 0 s                 ; 2.62 V                       ; 2.74e-08 V                   ; 2.71 V              ; -0.0317 V           ; 0.148 V                              ; 0.064 V                              ; 4.51e-10 s                  ; 4.15e-10 s                  ; No                         ; Yes                        ; 2.62 V                      ; 2.74e-08 V                  ; 2.71 V             ; -0.0317 V          ; 0.148 V                             ; 0.064 V                             ; 4.51e-10 s                 ; 4.15e-10 s                 ; No                        ; Yes                       ;
; frequency[7]  ; 2.5 V        ; 0 s                 ; 0 s                 ; 2.62 V                       ; 4.05e-08 V                   ; 2.72 V              ; -0.0349 V           ; 0.173 V                              ; 0.1 V                                ; 2.72e-10 s                  ; 2.69e-10 s                  ; Yes                        ; Yes                        ; 2.62 V                      ; 4.05e-08 V                  ; 2.72 V             ; -0.0349 V          ; 0.173 V                             ; 0.1 V                               ; 2.72e-10 s                 ; 2.69e-10 s                 ; Yes                       ; Yes                       ;
; frequency[8]  ; 2.5 V        ; 0 s                 ; 0 s                 ; 2.62 V                       ; 2.74e-08 V                   ; 2.71 V              ; -0.0317 V           ; 0.148 V                              ; 0.064 V                              ; 4.51e-10 s                  ; 4.15e-10 s                  ; No                         ; Yes                        ; 2.62 V                      ; 2.74e-08 V                  ; 2.71 V             ; -0.0317 V          ; 0.148 V                             ; 0.064 V                             ; 4.51e-10 s                 ; 4.15e-10 s                 ; No                        ; Yes                       ;
; frequency[9]  ; 2.5 V        ; 0 s                 ; 0 s                 ; 2.62 V                       ; 4.05e-08 V                   ; 2.72 V              ; -0.0349 V           ; 0.173 V                              ; 0.1 V                                ; 2.72e-10 s                  ; 2.69e-10 s                  ; Yes                        ; Yes                        ; 2.62 V                      ; 4.05e-08 V                  ; 2.72 V             ; -0.0349 V          ; 0.173 V                             ; 0.1 V                               ; 2.72e-10 s                 ; 2.69e-10 s                 ; Yes                       ; Yes                       ;
; frequency[10] ; 2.5 V        ; 0 s                 ; 0 s                 ; 2.62 V                       ; 4.05e-08 V                   ; 2.72 V              ; -0.0349 V           ; 0.173 V                              ; 0.1 V                                ; 2.72e-10 s                  ; 2.69e-10 s                  ; Yes                        ; Yes                        ; 2.62 V                      ; 4.05e-08 V                  ; 2.72 V             ; -0.0349 V          ; 0.173 V                             ; 0.1 V                               ; 2.72e-10 s                 ; 2.69e-10 s                 ; Yes                       ; Yes                       ;
; frequency[11] ; 2.5 V        ; 0 s                 ; 0 s                 ; 2.62 V                       ; 4.05e-08 V                   ; 2.72 V              ; -0.0349 V           ; 0.173 V                              ; 0.1 V                                ; 2.72e-10 s                  ; 2.69e-10 s                  ; Yes                        ; Yes                        ; 2.62 V                      ; 4.05e-08 V                  ; 2.72 V             ; -0.0349 V          ; 0.173 V                             ; 0.1 V                               ; 2.72e-10 s                 ; 2.69e-10 s                 ; Yes                       ; Yes                       ;
; frequency[12] ; 2.5 V        ; 0 s                 ; 0 s                 ; 2.62 V                       ; 2.74e-08 V                   ; 2.73 V              ; -0.0384 V           ; 0.169 V                              ; 0.089 V                              ; 2.7e-10 s                   ; 2.62e-10 s                  ; Yes                        ; Yes                        ; 2.62 V                      ; 2.74e-08 V                  ; 2.73 V             ; -0.0384 V          ; 0.169 V                             ; 0.089 V                             ; 2.7e-10 s                  ; 2.62e-10 s                 ; Yes                       ; Yes                       ;
; frequency[13] ; 2.5 V        ; 0 s                 ; 0 s                 ; 2.62 V                       ; 4.05e-08 V                   ; 2.64 V              ; -0.0113 V           ; 0.208 V                              ; 0.179 V                              ; 2.38e-09 s                  ; 2.23e-09 s                  ; No                         ; Yes                        ; 2.62 V                      ; 4.05e-08 V                  ; 2.64 V             ; -0.0113 V          ; 0.208 V                             ; 0.179 V                             ; 2.38e-09 s                 ; 2.23e-09 s                 ; No                        ; Yes                       ;
; frequency[14] ; 2.5 V        ; 0 s                 ; 0 s                 ; 2.62 V                       ; 4.05e-08 V                   ; 2.72 V              ; -0.0349 V           ; 0.173 V                              ; 0.1 V                                ; 2.72e-10 s                  ; 2.69e-10 s                  ; Yes                        ; Yes                        ; 2.62 V                      ; 4.05e-08 V                  ; 2.72 V             ; -0.0349 V          ; 0.173 V                             ; 0.1 V                               ; 2.72e-10 s                 ; 2.69e-10 s                 ; Yes                       ; Yes                       ;
; frequency[15] ; 2.5 V        ; 0 s                 ; 0 s                 ; 2.62 V                       ; 4.05e-08 V                   ; 2.72 V              ; -0.0349 V           ; 0.173 V                              ; 0.1 V                                ; 2.72e-10 s                  ; 2.69e-10 s                  ; Yes                        ; Yes                        ; 2.62 V                      ; 4.05e-08 V                  ; 2.72 V             ; -0.0349 V          ; 0.173 V                             ; 0.1 V                               ; 2.72e-10 s                 ; 2.69e-10 s                 ; Yes                       ; Yes                       ;
; frequency[16] ; 2.5 V        ; 0 s                 ; 0 s                 ; 2.62 V                       ; 4.05e-08 V                   ; 2.72 V              ; -0.0349 V           ; 0.173 V                              ; 0.1 V                                ; 2.72e-10 s                  ; 2.69e-10 s                  ; Yes                        ; Yes                        ; 2.62 V                      ; 4.05e-08 V                  ; 2.72 V             ; -0.0349 V          ; 0.173 V                             ; 0.1 V                               ; 2.72e-10 s                 ; 2.69e-10 s                 ; Yes                       ; Yes                       ;
; frequency[17] ; 2.5 V        ; 0 s                 ; 0 s                 ; 2.62 V                       ; 4.05e-08 V                   ; 2.72 V              ; -0.0349 V           ; 0.173 V                              ; 0.1 V                                ; 2.72e-10 s                  ; 2.69e-10 s                  ; Yes                        ; Yes                        ; 2.62 V                      ; 4.05e-08 V                  ; 2.72 V             ; -0.0349 V          ; 0.173 V                             ; 0.1 V                               ; 2.72e-10 s                 ; 2.69e-10 s                 ; Yes                       ; Yes                       ;
; frequency[18] ; 2.5 V        ; 0 s                 ; 0 s                 ; 2.62 V                       ; 2.74e-08 V                   ; 2.71 V              ; -0.0317 V           ; 0.148 V                              ; 0.064 V                              ; 4.51e-10 s                  ; 4.15e-10 s                  ; No                         ; Yes                        ; 2.62 V                      ; 2.74e-08 V                  ; 2.71 V             ; -0.0317 V          ; 0.148 V                             ; 0.064 V                             ; 4.51e-10 s                 ; 4.15e-10 s                 ; No                        ; Yes                       ;
; frequency[19] ; 2.5 V        ; 0 s                 ; 0 s                 ; 2.62 V                       ; 2.74e-08 V                   ; 2.71 V              ; -0.0317 V           ; 0.148 V                              ; 0.064 V                              ; 4.51e-10 s                  ; 4.15e-10 s                  ; No                         ; Yes                        ; 2.62 V                      ; 2.74e-08 V                  ; 2.71 V             ; -0.0317 V          ; 0.148 V                             ; 0.064 V                             ; 4.51e-10 s                 ; 4.15e-10 s                 ; No                        ; Yes                       ;
; frequency[20] ; 2.5 V        ; 0 s                 ; 0 s                 ; 2.62 V                       ; 4.05e-08 V                   ; 2.72 V              ; -0.0349 V           ; 0.173 V                              ; 0.1 V                                ; 2.72e-10 s                  ; 2.69e-10 s                  ; Yes                        ; Yes                        ; 2.62 V                      ; 4.05e-08 V                  ; 2.72 V             ; -0.0349 V          ; 0.173 V                             ; 0.1 V                               ; 2.72e-10 s                 ; 2.69e-10 s                 ; Yes                       ; Yes                       ;
; frequency[21] ; 2.5 V        ; 0 s                 ; 0 s                 ; 2.62 V                       ; 2.74e-08 V                   ; 2.71 V              ; -0.0317 V           ; 0.148 V                              ; 0.064 V                              ; 4.51e-10 s                  ; 4.15e-10 s                  ; No                         ; Yes                        ; 2.62 V                      ; 2.74e-08 V                  ; 2.71 V             ; -0.0317 V          ; 0.148 V                             ; 0.064 V                             ; 4.51e-10 s                 ; 4.15e-10 s                 ; No                        ; Yes                       ;
; frequency[22] ; 2.5 V        ; 0 s                 ; 0 s                 ; 2.62 V                       ; 4.05e-08 V                   ; 2.72 V              ; -0.0349 V           ; 0.173 V                              ; 0.1 V                                ; 2.72e-10 s                  ; 2.69e-10 s                  ; Yes                        ; Yes                        ; 2.62 V                      ; 4.05e-08 V                  ; 2.72 V             ; -0.0349 V          ; 0.173 V                             ; 0.1 V                               ; 2.72e-10 s                 ; 2.69e-10 s                 ; Yes                       ; Yes                       ;
; frequency[23] ; 2.5 V        ; 0 s                 ; 0 s                 ; 2.62 V                       ; 2.74e-08 V                   ; 2.71 V              ; -0.0317 V           ; 0.148 V                              ; 0.064 V                              ; 4.51e-10 s                  ; 4.15e-10 s                  ; No                         ; Yes                        ; 2.62 V                      ; 2.74e-08 V                  ; 2.71 V             ; -0.0317 V          ; 0.148 V                             ; 0.064 V                             ; 4.51e-10 s                 ; 4.15e-10 s                 ; No                        ; Yes                       ;
; frequency[24] ; 2.5 V        ; 0 s                 ; 0 s                 ; 2.62 V                       ; 4.05e-08 V                   ; 2.72 V              ; -0.0349 V           ; 0.173 V                              ; 0.1 V                                ; 2.72e-10 s                  ; 2.69e-10 s                  ; Yes                        ; Yes                        ; 2.62 V                      ; 4.05e-08 V                  ; 2.72 V             ; -0.0349 V          ; 0.173 V                             ; 0.1 V                               ; 2.72e-10 s                 ; 2.69e-10 s                 ; Yes                       ; Yes                       ;
; frequency[25] ; 2.5 V        ; 0 s                 ; 0 s                 ; 2.62 V                       ; 4.05e-08 V                   ; 2.72 V              ; -0.0349 V           ; 0.173 V                              ; 0.1 V                                ; 2.72e-10 s                  ; 2.69e-10 s                  ; Yes                        ; Yes                        ; 2.62 V                      ; 4.05e-08 V                  ; 2.72 V             ; -0.0349 V          ; 0.173 V                             ; 0.1 V                               ; 2.72e-10 s                 ; 2.69e-10 s                 ; Yes                       ; Yes                       ;
; frequency[26] ; 2.5 V        ; 0 s                 ; 0 s                 ; 2.62 V                       ; 4.05e-08 V                   ; 2.72 V              ; -0.0349 V           ; 0.173 V                              ; 0.1 V                                ; 2.72e-10 s                  ; 2.69e-10 s                  ; Yes                        ; Yes                        ; 2.62 V                      ; 4.05e-08 V                  ; 2.72 V             ; -0.0349 V          ; 0.173 V                             ; 0.1 V                               ; 2.72e-10 s                 ; 2.69e-10 s                 ; Yes                       ; Yes                       ;
; frequency[27] ; 2.5 V        ; 0 s                 ; 0 s                 ; 2.62 V                       ; 4.05e-08 V                   ; 2.72 V              ; -0.0349 V           ; 0.173 V                              ; 0.1 V                                ; 2.72e-10 s                  ; 2.69e-10 s                  ; Yes                        ; Yes                        ; 2.62 V                      ; 4.05e-08 V                  ; 2.72 V             ; -0.0349 V          ; 0.173 V                             ; 0.1 V                               ; 2.72e-10 s                 ; 2.69e-10 s                 ; Yes                       ; Yes                       ;
; frequency[28] ; 2.5 V        ; 0 s                 ; 0 s                 ; 2.62 V                       ; 2.74e-08 V                   ; 2.71 V              ; -0.0317 V           ; 0.148 V                              ; 0.064 V                              ; 4.51e-10 s                  ; 4.15e-10 s                  ; No                         ; Yes                        ; 2.62 V                      ; 2.74e-08 V                  ; 2.71 V             ; -0.0317 V          ; 0.148 V                             ; 0.064 V                             ; 4.51e-10 s                 ; 4.15e-10 s                 ; No                        ; Yes                       ;
; frequency[29] ; 2.5 V        ; 0 s                 ; 0 s                 ; 2.62 V                       ; 2.74e-08 V                   ; 2.73 V              ; -0.0384 V           ; 0.169 V                              ; 0.089 V                              ; 2.7e-10 s                   ; 2.62e-10 s                  ; Yes                        ; Yes                        ; 2.62 V                      ; 2.74e-08 V                  ; 2.73 V             ; -0.0384 V          ; 0.169 V                             ; 0.089 V                             ; 2.7e-10 s                  ; 2.62e-10 s                 ; Yes                       ; Yes                       ;
; frequency[30] ; 2.5 V        ; 0 s                 ; 0 s                 ; 2.62 V                       ; 2.74e-08 V                   ; 2.71 V              ; -0.0317 V           ; 0.148 V                              ; 0.064 V                              ; 4.51e-10 s                  ; 4.15e-10 s                  ; No                         ; Yes                        ; 2.62 V                      ; 2.74e-08 V                  ; 2.71 V             ; -0.0317 V          ; 0.148 V                             ; 0.064 V                             ; 4.51e-10 s                 ; 4.15e-10 s                 ; No                        ; Yes                       ;
; frequency[31] ; 2.5 V        ; 0 s                 ; 0 s                 ; 2.62 V                       ; 4.05e-08 V                   ; 2.72 V              ; -0.0349 V           ; 0.173 V                              ; 0.1 V                                ; 2.72e-10 s                  ; 2.69e-10 s                  ; Yes                        ; Yes                        ; 2.62 V                      ; 4.05e-08 V                  ; 2.72 V             ; -0.0349 V          ; 0.173 V                             ; 0.1 V                               ; 2.72e-10 s                 ; 2.69e-10 s                 ; Yes                       ; Yes                       ;
; ~ALTERA_DCLK~ ; 2.5 V        ; 0 s                 ; 0 s                 ; 2.62 V                       ; 2.22e-08 V                   ; 2.74 V              ; -0.06 V             ; 0.158 V                              ; 0.08 V                               ; 2.68e-10 s                  ; 2.19e-10 s                  ; Yes                        ; Yes                        ; 2.62 V                      ; 2.22e-08 V                  ; 2.74 V             ; -0.06 V            ; 0.158 V                             ; 0.08 V                              ; 2.68e-10 s                 ; 2.19e-10 s                 ; Yes                       ; Yes                       ;
; ~ALTERA_nCEO~ ; 2.5 V        ; 0 s                 ; 0 s                 ; 2.62 V                       ; 3.54e-08 V                   ; 2.7 V               ; -0.00943 V          ; 0.276 V                              ; 0.035 V                              ; 3.19e-10 s                  ; 4.99e-10 s                  ; No                         ; Yes                        ; 2.62 V                      ; 3.54e-08 V                  ; 2.7 V              ; -0.00943 V         ; 0.276 V                             ; 0.035 V                             ; 3.19e-10 s                 ; 4.99e-10 s                 ; No                        ; Yes                       ;
+---------------+--------------+---------------------+---------------------+------------------------------+------------------------------+---------------------+---------------------+--------------------------------------+--------------------------------------+-----------------------------+-----------------------------+----------------------------+----------------------------+-----------------------------+-----------------------------+--------------------+--------------------+-------------------------------------+-------------------------------------+----------------------------+----------------------------+---------------------------+---------------------------+


+-------------------------------------------------------------------------+
; Setup Transfers                                                         ;
+--------------+--------------+----------+----------+----------+----------+
; From Clock   ; To Clock     ; RR Paths ; FR Paths ; RF Paths ; FF Paths ;
+--------------+--------------+----------+----------+----------+----------+
; clock_test   ; clock_test   ; 714      ; 0        ; 0        ; 0        ;
; system_clock ; clock_test   ; 1        ; 0        ; 0        ; 0        ;
; clock_test   ; system_clock ; 20117    ; 0        ; 0        ; 0        ;
; system_clock ; system_clock ; 756      ; 0        ; 0        ; 0        ;
+--------------+--------------+----------+----------+----------+----------+
Entries labeled "false path" only account for clock-to-clock false paths and not path-based false paths. As a result, actual path counts may be lower than reported.


+-------------------------------------------------------------------------+
; Hold Transfers                                                          ;
+--------------+--------------+----------+----------+----------+----------+
; From Clock   ; To Clock     ; RR Paths ; FR Paths ; RF Paths ; FF Paths ;
+--------------+--------------+----------+----------+----------+----------+
; clock_test   ; clock_test   ; 714      ; 0        ; 0        ; 0        ;
; system_clock ; clock_test   ; 1        ; 0        ; 0        ; 0        ;
; clock_test   ; system_clock ; 20117    ; 0        ; 0        ; 0        ;
; system_clock ; system_clock ; 756      ; 0        ; 0        ; 0        ;
+--------------+--------------+----------+----------+----------+----------+
Entries labeled "false path" only account for clock-to-clock false paths and not path-based false paths. As a result, actual path counts may be lower than reported.


---------------
; Report TCCS ;
---------------
No dedicated SERDES Transmitter circuitry present in device or used in design


---------------
; Report RSKM ;
---------------
No dedicated SERDES Receiver circuitry present in device or used in design


+------------------------------------------------+
; Unconstrained Paths                            ;
+---------------------------------+-------+------+
; Property                        ; Setup ; Hold ;
+---------------------------------+-------+------+
; Illegal Clocks                  ; 0     ; 0    ;
; Unconstrained Clocks            ; 0     ; 0    ;
; Unconstrained Input Ports       ; 1     ; 1    ;
; Unconstrained Input Port Paths  ; 146   ; 146  ;
; Unconstrained Output Ports      ; 32    ; 32   ;
; Unconstrained Output Port Paths ; 32    ; 32   ;
+---------------------------------+-------+------+


+------------------------------------+
; TimeQuest Timing Analyzer Messages ;
+------------------------------------+
Info: *******************************************************************
Info: Running Quartus II 64-Bit TimeQuest Timing Analyzer
    Info: Version 13.0.1 Build 232 06/12/2013 Service Pack 1 SJ Full Version
    Info: Processing started: Fri Mar 14 02:22:14 2025
Info: Command: quartus_sta Frequency_Counter -c Frequency_Counter
Info: qsta_default_script.tcl version: #1
Info (11104): Parallel Compilation has detected 22 hyper-threaded processors. However, the extra hyper-threaded processors will not be used by default. Parallel Compilation will use 16 of the 16 physical processors detected instead.
Info (21077): Core supply voltage is 1.2V
Info (21077): Low junction temperature is 0 degrees C
Info (21077): High junction temperature is 85 degrees C
Critical Warning (332012): Synopsys Design Constraints File file not found: 'Frequency_Counter.sdc'. A Synopsys Design Constraints File is required by the TimeQuest Timing Analyzer to get proper timing constraints. Without it, the Compiler will not properly optimize the design.
Info (332142): No user constrained base clocks found in the design. Calling "derive_clocks -period 1.0"
Info (332105): Deriving Clocks
    Info (332105): create_clock -period 1.000 -name system_clock system_clock
    Info (332105): create_clock -period 1.000 -name clock_test clock_test
Info (332143): No user constrained clock uncertainty found in the design. Calling "derive_clock_uncertainty"
Info (332123): Deriving Clock Uncertainty. Please refer to report_sdc in TimeQuest to see clock uncertainties.
Info: Found TIMEQUEST_REPORT_SCRIPT_INCLUDE_DEFAULT_ANALYSIS = ON
Info: Analyzing Slow 1200mV 85C Model
Critical Warning (332148): Timing requirements not met
    Info (11105): For recommendations on closing timing, run Report Timing Closure Recommendations in the TimeQuest Timing Analyzer.
Info (332146): Worst-case setup slack is -7.360
    Info (332119):     Slack End Point TNS Clock 
    Info (332119): ========= ============= =====================
    Info (332119):    -7.360      -236.481 system_clock 
    Info (332119):    -2.799      -181.210 clock_test 
Info (332146): Worst-case hold slack is 0.573
    Info (332119):     Slack End Point TNS Clock 
    Info (332119): ========= ============= =====================
    Info (332119):     0.573         0.000 system_clock 
    Info (332119):     0.591         0.000 clock_test 
Info (332140): No Recovery paths to report
Info (332140): No Removal paths to report
Info (332146): Worst-case minimum pulse width slack is -4.000
    Info (332119):     Slack End Point TNS Clock 
    Info (332119): ========= ============= =====================
    Info (332119):    -4.000      -255.941 clock_test 
    Info (332119):    -3.000       -93.707 system_clock 
Info: Analyzing Slow 1200mV 0C Model
Info (334003): Started post-fitting delay annotation
Info (334004): Delay annotation completed successfully
Info (332123): Deriving Clock Uncertainty. Please refer to report_sdc in TimeQuest to see clock uncertainties.
Critical Warning (332148): Timing requirements not met
    Info (11105): For recommendations on closing timing, run Report Timing Closure Recommendations in the TimeQuest Timing Analyzer.
Info (332146): Worst-case setup slack is -6.594
    Info (332119):     Slack End Point TNS Clock 
    Info (332119): ========= ============= =====================
    Info (332119):    -6.594      -210.008 system_clock 
    Info (332119):    -2.519      -158.076 clock_test 
Info (332146): Worst-case hold slack is 0.522
    Info (332119):     Slack End Point TNS Clock 
    Info (332119): ========= ============= =====================
    Info (332119):     0.522         0.000 clock_test 
    Info (332119):     0.534         0.000 system_clock 
Info (332140): No Recovery paths to report
Info (332140): No Removal paths to report
Info (332146): Worst-case minimum pulse width slack is -4.000
    Info (332119):     Slack End Point TNS Clock 
    Info (332119): ========= ============= =====================
    Info (332119):    -4.000      -255.045 clock_test 
    Info (332119):    -3.000       -93.707 system_clock 
Info: Analyzing Fast 1200mV 0C Model
Info (332123): Deriving Clock Uncertainty. Please refer to report_sdc in TimeQuest to see clock uncertainties.
Critical Warning (332148): Timing requirements not met
    Info (11105): For recommendations on closing timing, run Report Timing Closure Recommendations in the TimeQuest Timing Analyzer.
Info (332146): Worst-case setup slack is -2.662
    Info (332119):     Slack End Point TNS Clock 
    Info (332119): ========= ============= =====================
    Info (332119):    -2.662       -70.672 system_clock 
    Info (332119):    -0.681       -35.084 clock_test 
Info (332146): Worst-case hold slack is 0.194
    Info (332119):     Slack End Point TNS Clock 
    Info (332119): ========= ============= =====================
    Info (332119):     0.194         0.000 system_clock 
    Info (332119):     0.237         0.000 clock_test 
Info (332140): No Recovery paths to report
Info (332140): No Removal paths to report
Info (332146): Worst-case minimum pulse width slack is -3.000
    Info (332119):     Slack End Point TNS Clock 
    Info (332119): ========= ============= =====================
    Info (332119):    -3.000       -94.841 clock_test 
    Info (332119):    -3.000       -68.300 system_clock 
Info (332102): Design is not fully constrained for setup requirements
Info (332102): Design is not fully constrained for hold requirements
Info: Quartus II 64-Bit TimeQuest Timing Analyzer was successful. 0 errors, 4 warnings
    Info: Peak virtual memory: 4724 megabytes
    Info: Processing ended: Fri Mar 14 02:22:16 2025
    Info: Elapsed time: 00:00:02
    Info: Total CPU time (on all processors): 00:00:02


