TimeQuest Timing Analyzer report for RAM
Sun Mar 02 14:43:54 2025
Quartus II 64-Bit Version 13.0.1 Build 232 06/12/2013 Service Pack 1 SJ Full Version


---------------------
; Table of Contents ;
---------------------
  1. Legal Notice
  2. TimeQuest Timing Analyzer Summary
  3. Parallel Compilation
  4. Clocks
  5. Slow 1200mV 85C Model Fmax Summary
  6. Timing Closure Recommendations
  7. Slow 1200mV 85C Model Setup Summary
  8. Slow 1200mV 85C Model Hold Summary
  9. Slow 1200mV 85C Model Recovery Summary
 10. Slow 1200mV 85C Model Removal Summary
 11. Slow 1200mV 85C Model Minimum Pulse Width Summary
 12. Slow 1200mV 85C Model Setup: 'system_clock'
 13. Slow 1200mV 85C Model Hold: 'system_clock'
 14. Slow 1200mV 85C Model Minimum Pulse Width: 'system_clock'
 15. Setup Times
 16. Hold Times
 17. Clock to Output Times
 18. Minimum Clock to Output Times
 19. Slow 1200mV 85C Model Metastability Report
 20. Slow 1200mV 0C Model Fmax Summary
 21. Slow 1200mV 0C Model Setup Summary
 22. Slow 1200mV 0C Model Hold Summary
 23. Slow 1200mV 0C Model Recovery Summary
 24. Slow 1200mV 0C Model Removal Summary
 25. Slow 1200mV 0C Model Minimum Pulse Width Summary
 26. Slow 1200mV 0C Model Setup: 'system_clock'
 27. Slow 1200mV 0C Model Hold: 'system_clock'
 28. Slow 1200mV 0C Model Minimum Pulse Width: 'system_clock'
 29. Setup Times
 30. Hold Times
 31. Clock to Output Times
 32. Minimum Clock to Output Times
 33. Slow 1200mV 0C Model Metastability Report
 34. Fast 1200mV 0C Model Setup Summary
 35. Fast 1200mV 0C Model Hold Summary
 36. Fast 1200mV 0C Model Recovery Summary
 37. Fast 1200mV 0C Model Removal Summary
 38. Fast 1200mV 0C Model Minimum Pulse Width Summary
 39. Fast 1200mV 0C Model Setup: 'system_clock'
 40. Fast 1200mV 0C Model Hold: 'system_clock'
 41. Fast 1200mV 0C Model Minimum Pulse Width: 'system_clock'
 42. Setup Times
 43. Hold Times
 44. Clock to Output Times
 45. Minimum Clock to Output Times
 46. Fast 1200mV 0C Model Metastability Report
 47. Multicorner Timing Analysis Summary
 48. Setup Times
 49. Hold Times
 50. Clock to Output Times
 51. Minimum Clock to Output Times
 52. Board Trace Model Assignments
 53. Input Transition Times
 54. Signal Integrity Metrics (Slow 1200mv 0c Model)
 55. Signal Integrity Metrics (Slow 1200mv 85c Model)
 56. Signal Integrity Metrics (Fast 1200mv 0c Model)
 57. Setup Transfers
 58. Hold Transfers
 59. Report TCCS
 60. Report RSKM
 61. Unconstrained Paths
 62. TimeQuest Timing Analyzer Messages



----------------
; Legal Notice ;
----------------
Copyright (C) 1991-2013 Altera Corporation
Your use of Altera Corporation's design tools, logic functions 
and other software and tools, and its AMPP partner logic 
functions, and any output files from any of the foregoing 
(including device programming or simulation files), and any 
associated documentation or information are expressly subject 
to the terms and conditions of the Altera Program License 
Subscription Agreement, Altera MegaCore Function License 
Agreement, or other applicable license agreement, including, 
without limitation, that your use is for the sole purpose of 
programming logic devices manufactured by Altera and sold by 
Altera or its authorized distributors.  Please refer to the 
applicable agreement for further details.



+-----------------------------------------------------------------------------------------+
; TimeQuest Timing Analyzer Summary                                                       ;
+--------------------+--------------------------------------------------------------------+
; Quartus II Version ; Version 13.0.1 Build 232 06/12/2013 Service Pack 1 SJ Full Version ;
; Revision Name      ; RAM                                                                ;
; Device Family      ; Cyclone IV E                                                       ;
; Device Name        ; EP4CE10F17C8                                                       ;
; Timing Models      ; Final                                                              ;
; Delay Model        ; Combined                                                           ;
; Rise/Fall Delays   ; Enabled                                                            ;
+--------------------+--------------------------------------------------------------------+


+------------------------------------------+
; Parallel Compilation                     ;
+----------------------------+-------------+
; Processors                 ; Number      ;
+----------------------------+-------------+
; Number detected on machine ; 22          ;
; Maximum allowed            ; 16          ;
;                            ;             ;
; Average used               ; 1.00        ;
; Maximum used               ; 16          ;
;                            ;             ;
; Usage by Processor         ; % Time Used ;
;     Processor 1            ; 100.0%      ;
;     Processors 2-16        ; < 0.1%      ;
;     Processors 17-22       ;   0.0%      ;
+----------------------------+-------------+


+--------------------------------------------------------------------------------------------------------------------------------------------------------------------------------------------+
; Clocks                                                                                                                                                                                     ;
+--------------+------+--------+------------+-------+-------+------------+-----------+-------------+-------+--------+-----------+------------+----------+--------+--------+------------------+
; Clock Name   ; Type ; Period ; Frequency  ; Rise  ; Fall  ; Duty Cycle ; Divide by ; Multiply by ; Phase ; Offset ; Edge List ; Edge Shift ; Inverted ; Master ; Source ; Targets          ;
+--------------+------+--------+------------+-------+-------+------------+-----------+-------------+-------+--------+-----------+------------+----------+--------+--------+------------------+
; system_clock ; Base ; 1.000  ; 1000.0 MHz ; 0.000 ; 0.500 ;            ;           ;             ;       ;        ;           ;            ;          ;        ;        ; { system_clock } ;
+--------------+------+--------+------------+-------+-------+------------+-----------+-------------+-------+--------+-----------+------------+----------+--------+--------+------------------+


+---------------------------------------------------+
; Slow 1200mV 85C Model Fmax Summary                ;
+-----------+-----------------+--------------+------+
; Fmax      ; Restricted Fmax ; Clock Name   ; Note ;
+-----------+-----------------+--------------+------+
; 190.8 MHz ; 190.8 MHz       ; system_clock ;      ;
+-----------+-----------------+--------------+------+
This panel reports FMAX for every clock in the design, regardless of the user-specified clock periods.  FMAX is only computed for paths where the source and destination registers or ports are driven by the same clock.  Paths of different clocks, including generated clocks, are ignored.  For paths between a clock and its inversion, FMAX is computed as if the rising and falling edges are scaled along with FMAX, such that the duty cycle (in terms of a percentage) is maintained. Altera recommends that you always use clock constraints and other slack reports for sign-off analysis.


----------------------------------
; Timing Closure Recommendations ;
----------------------------------
HTML report is unavailable in plain text report export.


+---------------------------------------+
; Slow 1200mV 85C Model Setup Summary   ;
+--------------+--------+---------------+
; Clock        ; Slack  ; End Point TNS ;
+--------------+--------+---------------+
; system_clock ; -4.241 ; -592.853      ;
+--------------+--------+---------------+


+--------------------------------------+
; Slow 1200mV 85C Model Hold Summary   ;
+--------------+-------+---------------+
; Clock        ; Slack ; End Point TNS ;
+--------------+-------+---------------+
; system_clock ; 0.432 ; 0.000         ;
+--------------+-------+---------------+


------------------------------------------
; Slow 1200mV 85C Model Recovery Summary ;
------------------------------------------
No paths to report.


-----------------------------------------
; Slow 1200mV 85C Model Removal Summary ;
-----------------------------------------
No paths to report.


+---------------------------------------------------+
; Slow 1200mV 85C Model Minimum Pulse Width Summary ;
+--------------+--------+---------------------------+
; Clock        ; Slack  ; End Point TNS             ;
+--------------+--------+---------------------------+
; system_clock ; -3.201 ; -371.526                  ;
+--------------+--------+---------------------------+


+-------------------------------------------------------------------------------------------------------------------------------------------------------------------------------------------------------------+
; Slow 1200mV 85C Model Setup: 'system_clock'                                                                                                                                                                 ;
+--------+--------------------------------------------------------------+--------------------------------------------------------------+--------------+--------------+--------------+------------+------------+
; Slack  ; From Node                                                    ; To Node                                                      ; Launch Clock ; Latch Clock  ; Relationship ; Clock Skew ; Data Delay ;
+--------+--------------------------------------------------------------+--------------------------------------------------------------+--------------+--------------+--------------+------------+------------+
; -4.241 ; Button_Debounce:Button_Debounce_Instance_Write|count_20ms[1] ; Button_Debounce:Button_Debounce_Instance_Write|count_20ms[1] ; system_clock ; system_clock ; 1.000        ; -0.082     ; 5.160      ;
; -4.241 ; Button_Debounce:Button_Debounce_Instance_Write|count_20ms[1] ; Button_Debounce:Button_Debounce_Instance_Write|count_20ms[2] ; system_clock ; system_clock ; 1.000        ; -0.082     ; 5.160      ;
; -4.241 ; Button_Debounce:Button_Debounce_Instance_Write|count_20ms[1] ; Button_Debounce:Button_Debounce_Instance_Write|count_20ms[3] ; system_clock ; system_clock ; 1.000        ; -0.082     ; 5.160      ;
; -4.241 ; Button_Debounce:Button_Debounce_Instance_Write|count_20ms[1] ; Button_Debounce:Button_Debounce_Instance_Write|count_20ms[4] ; system_clock ; system_clock ; 1.000        ; -0.082     ; 5.160      ;
; -4.241 ; Button_Debounce:Button_Debounce_Instance_Write|count_20ms[1] ; Button_Debounce:Button_Debounce_Instance_Write|count_20ms[5] ; system_clock ; system_clock ; 1.000        ; -0.082     ; 5.160      ;
; -4.241 ; Button_Debounce:Button_Debounce_Instance_Write|count_20ms[1] ; Button_Debounce:Button_Debounce_Instance_Write|count_20ms[6] ; system_clock ; system_clock ; 1.000        ; -0.082     ; 5.160      ;
; -4.241 ; Button_Debounce:Button_Debounce_Instance_Write|count_20ms[1] ; Button_Debounce:Button_Debounce_Instance_Write|count_20ms[7] ; system_clock ; system_clock ; 1.000        ; -0.082     ; 5.160      ;
; -4.241 ; Button_Debounce:Button_Debounce_Instance_Write|count_20ms[1] ; Button_Debounce:Button_Debounce_Instance_Write|count_20ms[8] ; system_clock ; system_clock ; 1.000        ; -0.082     ; 5.160      ;
; -4.189 ; Button_Debounce:Button_Debounce_Instance_Read|count_20ms[2]  ; Button_Debounce:Button_Debounce_Instance_Read|count_20ms[1]  ; system_clock ; system_clock ; 1.000        ; -0.082     ; 5.108      ;
; -4.189 ; Button_Debounce:Button_Debounce_Instance_Read|count_20ms[2]  ; Button_Debounce:Button_Debounce_Instance_Read|count_20ms[2]  ; system_clock ; system_clock ; 1.000        ; -0.082     ; 5.108      ;
; -4.189 ; Button_Debounce:Button_Debounce_Instance_Read|count_20ms[2]  ; Button_Debounce:Button_Debounce_Instance_Read|count_20ms[3]  ; system_clock ; system_clock ; 1.000        ; -0.082     ; 5.108      ;
; -4.189 ; Button_Debounce:Button_Debounce_Instance_Read|count_20ms[2]  ; Button_Debounce:Button_Debounce_Instance_Read|count_20ms[4]  ; system_clock ; system_clock ; 1.000        ; -0.082     ; 5.108      ;
; -4.189 ; Button_Debounce:Button_Debounce_Instance_Read|count_20ms[2]  ; Button_Debounce:Button_Debounce_Instance_Read|count_20ms[5]  ; system_clock ; system_clock ; 1.000        ; -0.082     ; 5.108      ;
; -4.189 ; Button_Debounce:Button_Debounce_Instance_Read|count_20ms[2]  ; Button_Debounce:Button_Debounce_Instance_Read|count_20ms[6]  ; system_clock ; system_clock ; 1.000        ; -0.082     ; 5.108      ;
; -4.189 ; Button_Debounce:Button_Debounce_Instance_Read|count_20ms[2]  ; Button_Debounce:Button_Debounce_Instance_Read|count_20ms[7]  ; system_clock ; system_clock ; 1.000        ; -0.082     ; 5.108      ;
; -4.189 ; Button_Debounce:Button_Debounce_Instance_Read|count_20ms[2]  ; Button_Debounce:Button_Debounce_Instance_Read|count_20ms[8]  ; system_clock ; system_clock ; 1.000        ; -0.082     ; 5.108      ;
; -4.189 ; Button_Debounce:Button_Debounce_Instance_Read|count_20ms[2]  ; Button_Debounce:Button_Debounce_Instance_Read|count_20ms[9]  ; system_clock ; system_clock ; 1.000        ; -0.082     ; 5.108      ;
; -4.131 ; Button_Debounce:Button_Debounce_Instance_Write|count_20ms[4] ; Button_Debounce:Button_Debounce_Instance_Write|count_20ms[1] ; system_clock ; system_clock ; 1.000        ; -0.082     ; 5.050      ;
; -4.131 ; Button_Debounce:Button_Debounce_Instance_Write|count_20ms[4] ; Button_Debounce:Button_Debounce_Instance_Write|count_20ms[2] ; system_clock ; system_clock ; 1.000        ; -0.082     ; 5.050      ;
; -4.131 ; Button_Debounce:Button_Debounce_Instance_Write|count_20ms[4] ; Button_Debounce:Button_Debounce_Instance_Write|count_20ms[3] ; system_clock ; system_clock ; 1.000        ; -0.082     ; 5.050      ;
; -4.131 ; Button_Debounce:Button_Debounce_Instance_Write|count_20ms[4] ; Button_Debounce:Button_Debounce_Instance_Write|count_20ms[4] ; system_clock ; system_clock ; 1.000        ; -0.082     ; 5.050      ;
; -4.131 ; Button_Debounce:Button_Debounce_Instance_Write|count_20ms[4] ; Button_Debounce:Button_Debounce_Instance_Write|count_20ms[5] ; system_clock ; system_clock ; 1.000        ; -0.082     ; 5.050      ;
; -4.131 ; Button_Debounce:Button_Debounce_Instance_Write|count_20ms[4] ; Button_Debounce:Button_Debounce_Instance_Write|count_20ms[6] ; system_clock ; system_clock ; 1.000        ; -0.082     ; 5.050      ;
; -4.131 ; Button_Debounce:Button_Debounce_Instance_Write|count_20ms[4] ; Button_Debounce:Button_Debounce_Instance_Write|count_20ms[7] ; system_clock ; system_clock ; 1.000        ; -0.082     ; 5.050      ;
; -4.131 ; Button_Debounce:Button_Debounce_Instance_Write|count_20ms[4] ; Button_Debounce:Button_Debounce_Instance_Write|count_20ms[8] ; system_clock ; system_clock ; 1.000        ; -0.082     ; 5.050      ;
; -4.007 ; Button_Debounce:Button_Debounce_Instance_Write|count_20ms[2] ; Button_Debounce:Button_Debounce_Instance_Write|count_20ms[1] ; system_clock ; system_clock ; 1.000        ; -0.082     ; 4.926      ;
; -4.007 ; Button_Debounce:Button_Debounce_Instance_Write|count_20ms[2] ; Button_Debounce:Button_Debounce_Instance_Write|count_20ms[2] ; system_clock ; system_clock ; 1.000        ; -0.082     ; 4.926      ;
; -4.007 ; Button_Debounce:Button_Debounce_Instance_Write|count_20ms[2] ; Button_Debounce:Button_Debounce_Instance_Write|count_20ms[3] ; system_clock ; system_clock ; 1.000        ; -0.082     ; 4.926      ;
; -4.007 ; Button_Debounce:Button_Debounce_Instance_Write|count_20ms[2] ; Button_Debounce:Button_Debounce_Instance_Write|count_20ms[4] ; system_clock ; system_clock ; 1.000        ; -0.082     ; 4.926      ;
; -4.007 ; Button_Debounce:Button_Debounce_Instance_Write|count_20ms[2] ; Button_Debounce:Button_Debounce_Instance_Write|count_20ms[5] ; system_clock ; system_clock ; 1.000        ; -0.082     ; 4.926      ;
; -4.007 ; Button_Debounce:Button_Debounce_Instance_Write|count_20ms[2] ; Button_Debounce:Button_Debounce_Instance_Write|count_20ms[6] ; system_clock ; system_clock ; 1.000        ; -0.082     ; 4.926      ;
; -4.007 ; Button_Debounce:Button_Debounce_Instance_Write|count_20ms[2] ; Button_Debounce:Button_Debounce_Instance_Write|count_20ms[7] ; system_clock ; system_clock ; 1.000        ; -0.082     ; 4.926      ;
; -4.007 ; Button_Debounce:Button_Debounce_Instance_Write|count_20ms[2] ; Button_Debounce:Button_Debounce_Instance_Write|count_20ms[8] ; system_clock ; system_clock ; 1.000        ; -0.082     ; 4.926      ;
; -3.986 ; Button_Debounce:Button_Debounce_Instance_Read|count_20ms[6]  ; Button_Debounce:Button_Debounce_Instance_Read|count_20ms[1]  ; system_clock ; system_clock ; 1.000        ; -0.082     ; 4.905      ;
; -3.986 ; Button_Debounce:Button_Debounce_Instance_Read|count_20ms[6]  ; Button_Debounce:Button_Debounce_Instance_Read|count_20ms[2]  ; system_clock ; system_clock ; 1.000        ; -0.082     ; 4.905      ;
; -3.986 ; Button_Debounce:Button_Debounce_Instance_Read|count_20ms[6]  ; Button_Debounce:Button_Debounce_Instance_Read|count_20ms[3]  ; system_clock ; system_clock ; 1.000        ; -0.082     ; 4.905      ;
; -3.986 ; Button_Debounce:Button_Debounce_Instance_Read|count_20ms[6]  ; Button_Debounce:Button_Debounce_Instance_Read|count_20ms[4]  ; system_clock ; system_clock ; 1.000        ; -0.082     ; 4.905      ;
; -3.986 ; Button_Debounce:Button_Debounce_Instance_Read|count_20ms[6]  ; Button_Debounce:Button_Debounce_Instance_Read|count_20ms[5]  ; system_clock ; system_clock ; 1.000        ; -0.082     ; 4.905      ;
; -3.986 ; Button_Debounce:Button_Debounce_Instance_Read|count_20ms[6]  ; Button_Debounce:Button_Debounce_Instance_Read|count_20ms[6]  ; system_clock ; system_clock ; 1.000        ; -0.082     ; 4.905      ;
; -3.986 ; Button_Debounce:Button_Debounce_Instance_Read|count_20ms[6]  ; Button_Debounce:Button_Debounce_Instance_Read|count_20ms[7]  ; system_clock ; system_clock ; 1.000        ; -0.082     ; 4.905      ;
; -3.986 ; Button_Debounce:Button_Debounce_Instance_Read|count_20ms[6]  ; Button_Debounce:Button_Debounce_Instance_Read|count_20ms[8]  ; system_clock ; system_clock ; 1.000        ; -0.082     ; 4.905      ;
; -3.986 ; Button_Debounce:Button_Debounce_Instance_Read|count_20ms[6]  ; Button_Debounce:Button_Debounce_Instance_Read|count_20ms[9]  ; system_clock ; system_clock ; 1.000        ; -0.082     ; 4.905      ;
; -3.982 ; Button_Debounce:Button_Debounce_Instance_Read|count_20ms[3]  ; Button_Debounce:Button_Debounce_Instance_Read|count_20ms[1]  ; system_clock ; system_clock ; 1.000        ; -0.082     ; 4.901      ;
; -3.982 ; Button_Debounce:Button_Debounce_Instance_Read|count_20ms[3]  ; Button_Debounce:Button_Debounce_Instance_Read|count_20ms[2]  ; system_clock ; system_clock ; 1.000        ; -0.082     ; 4.901      ;
; -3.982 ; Button_Debounce:Button_Debounce_Instance_Read|count_20ms[3]  ; Button_Debounce:Button_Debounce_Instance_Read|count_20ms[3]  ; system_clock ; system_clock ; 1.000        ; -0.082     ; 4.901      ;
; -3.982 ; Button_Debounce:Button_Debounce_Instance_Read|count_20ms[3]  ; Button_Debounce:Button_Debounce_Instance_Read|count_20ms[4]  ; system_clock ; system_clock ; 1.000        ; -0.082     ; 4.901      ;
; -3.982 ; Button_Debounce:Button_Debounce_Instance_Read|count_20ms[3]  ; Button_Debounce:Button_Debounce_Instance_Read|count_20ms[5]  ; system_clock ; system_clock ; 1.000        ; -0.082     ; 4.901      ;
; -3.982 ; Button_Debounce:Button_Debounce_Instance_Read|count_20ms[3]  ; Button_Debounce:Button_Debounce_Instance_Read|count_20ms[6]  ; system_clock ; system_clock ; 1.000        ; -0.082     ; 4.901      ;
; -3.982 ; Button_Debounce:Button_Debounce_Instance_Read|count_20ms[3]  ; Button_Debounce:Button_Debounce_Instance_Read|count_20ms[7]  ; system_clock ; system_clock ; 1.000        ; -0.082     ; 4.901      ;
; -3.982 ; Button_Debounce:Button_Debounce_Instance_Read|count_20ms[3]  ; Button_Debounce:Button_Debounce_Instance_Read|count_20ms[8]  ; system_clock ; system_clock ; 1.000        ; -0.082     ; 4.901      ;
; -3.982 ; Button_Debounce:Button_Debounce_Instance_Read|count_20ms[3]  ; Button_Debounce:Button_Debounce_Instance_Read|count_20ms[9]  ; system_clock ; system_clock ; 1.000        ; -0.082     ; 4.901      ;
; -3.981 ; Button_Debounce:Button_Debounce_Instance_Read|count_20ms[7]  ; Button_Debounce:Button_Debounce_Instance_Read|count_20ms[1]  ; system_clock ; system_clock ; 1.000        ; -0.082     ; 4.900      ;
; -3.981 ; Button_Debounce:Button_Debounce_Instance_Read|count_20ms[7]  ; Button_Debounce:Button_Debounce_Instance_Read|count_20ms[2]  ; system_clock ; system_clock ; 1.000        ; -0.082     ; 4.900      ;
; -3.981 ; Button_Debounce:Button_Debounce_Instance_Read|count_20ms[7]  ; Button_Debounce:Button_Debounce_Instance_Read|count_20ms[3]  ; system_clock ; system_clock ; 1.000        ; -0.082     ; 4.900      ;
; -3.981 ; Button_Debounce:Button_Debounce_Instance_Read|count_20ms[7]  ; Button_Debounce:Button_Debounce_Instance_Read|count_20ms[4]  ; system_clock ; system_clock ; 1.000        ; -0.082     ; 4.900      ;
; -3.981 ; Button_Debounce:Button_Debounce_Instance_Read|count_20ms[7]  ; Button_Debounce:Button_Debounce_Instance_Read|count_20ms[5]  ; system_clock ; system_clock ; 1.000        ; -0.082     ; 4.900      ;
; -3.981 ; Button_Debounce:Button_Debounce_Instance_Read|count_20ms[7]  ; Button_Debounce:Button_Debounce_Instance_Read|count_20ms[6]  ; system_clock ; system_clock ; 1.000        ; -0.082     ; 4.900      ;
; -3.981 ; Button_Debounce:Button_Debounce_Instance_Read|count_20ms[7]  ; Button_Debounce:Button_Debounce_Instance_Read|count_20ms[7]  ; system_clock ; system_clock ; 1.000        ; -0.082     ; 4.900      ;
; -3.981 ; Button_Debounce:Button_Debounce_Instance_Read|count_20ms[7]  ; Button_Debounce:Button_Debounce_Instance_Read|count_20ms[8]  ; system_clock ; system_clock ; 1.000        ; -0.082     ; 4.900      ;
; -3.981 ; Button_Debounce:Button_Debounce_Instance_Read|count_20ms[7]  ; Button_Debounce:Button_Debounce_Instance_Read|count_20ms[9]  ; system_clock ; system_clock ; 1.000        ; -0.082     ; 4.900      ;
; -3.938 ; Button_Debounce:Button_Debounce_Instance_Write|count_20ms[7] ; Button_Debounce:Button_Debounce_Instance_Write|count_20ms[1] ; system_clock ; system_clock ; 1.000        ; -0.082     ; 4.857      ;
; -3.938 ; Button_Debounce:Button_Debounce_Instance_Write|count_20ms[7] ; Button_Debounce:Button_Debounce_Instance_Write|count_20ms[2] ; system_clock ; system_clock ; 1.000        ; -0.082     ; 4.857      ;
; -3.938 ; Button_Debounce:Button_Debounce_Instance_Write|count_20ms[7] ; Button_Debounce:Button_Debounce_Instance_Write|count_20ms[3] ; system_clock ; system_clock ; 1.000        ; -0.082     ; 4.857      ;
; -3.938 ; Button_Debounce:Button_Debounce_Instance_Write|count_20ms[7] ; Button_Debounce:Button_Debounce_Instance_Write|count_20ms[4] ; system_clock ; system_clock ; 1.000        ; -0.082     ; 4.857      ;
; -3.938 ; Button_Debounce:Button_Debounce_Instance_Write|count_20ms[7] ; Button_Debounce:Button_Debounce_Instance_Write|count_20ms[5] ; system_clock ; system_clock ; 1.000        ; -0.082     ; 4.857      ;
; -3.938 ; Button_Debounce:Button_Debounce_Instance_Write|count_20ms[7] ; Button_Debounce:Button_Debounce_Instance_Write|count_20ms[6] ; system_clock ; system_clock ; 1.000        ; -0.082     ; 4.857      ;
; -3.938 ; Button_Debounce:Button_Debounce_Instance_Write|count_20ms[7] ; Button_Debounce:Button_Debounce_Instance_Write|count_20ms[7] ; system_clock ; system_clock ; 1.000        ; -0.082     ; 4.857      ;
; -3.938 ; Button_Debounce:Button_Debounce_Instance_Write|count_20ms[7] ; Button_Debounce:Button_Debounce_Instance_Write|count_20ms[8] ; system_clock ; system_clock ; 1.000        ; -0.082     ; 4.857      ;
; -3.930 ; Button_Debounce:Button_Debounce_Instance_Write|count_20ms[8] ; Button_Debounce:Button_Debounce_Instance_Write|count_20ms[1] ; system_clock ; system_clock ; 1.000        ; -0.082     ; 4.849      ;
; -3.930 ; Button_Debounce:Button_Debounce_Instance_Write|count_20ms[8] ; Button_Debounce:Button_Debounce_Instance_Write|count_20ms[2] ; system_clock ; system_clock ; 1.000        ; -0.082     ; 4.849      ;
; -3.930 ; Button_Debounce:Button_Debounce_Instance_Write|count_20ms[8] ; Button_Debounce:Button_Debounce_Instance_Write|count_20ms[3] ; system_clock ; system_clock ; 1.000        ; -0.082     ; 4.849      ;
; -3.930 ; Button_Debounce:Button_Debounce_Instance_Write|count_20ms[8] ; Button_Debounce:Button_Debounce_Instance_Write|count_20ms[4] ; system_clock ; system_clock ; 1.000        ; -0.082     ; 4.849      ;
; -3.930 ; Button_Debounce:Button_Debounce_Instance_Write|count_20ms[8] ; Button_Debounce:Button_Debounce_Instance_Write|count_20ms[5] ; system_clock ; system_clock ; 1.000        ; -0.082     ; 4.849      ;
; -3.930 ; Button_Debounce:Button_Debounce_Instance_Write|count_20ms[8] ; Button_Debounce:Button_Debounce_Instance_Write|count_20ms[6] ; system_clock ; system_clock ; 1.000        ; -0.082     ; 4.849      ;
; -3.930 ; Button_Debounce:Button_Debounce_Instance_Write|count_20ms[8] ; Button_Debounce:Button_Debounce_Instance_Write|count_20ms[7] ; system_clock ; system_clock ; 1.000        ; -0.082     ; 4.849      ;
; -3.930 ; Button_Debounce:Button_Debounce_Instance_Write|count_20ms[8] ; Button_Debounce:Button_Debounce_Instance_Write|count_20ms[8] ; system_clock ; system_clock ; 1.000        ; -0.082     ; 4.849      ;
; -3.894 ; Button_Debounce:Button_Debounce_Instance_Write|count_20ms[1] ; Button_Debounce:Button_Debounce_Instance_Write|count_20ms[9] ; system_clock ; system_clock ; 1.000        ; -0.080     ; 4.815      ;
; -3.879 ; Button_Debounce:Button_Debounce_Instance_Read|count_20ms[9]  ; Button_Debounce:Button_Debounce_Instance_Read|count_20ms[1]  ; system_clock ; system_clock ; 1.000        ; -0.082     ; 4.798      ;
; -3.879 ; Button_Debounce:Button_Debounce_Instance_Read|count_20ms[9]  ; Button_Debounce:Button_Debounce_Instance_Read|count_20ms[2]  ; system_clock ; system_clock ; 1.000        ; -0.082     ; 4.798      ;
; -3.879 ; Button_Debounce:Button_Debounce_Instance_Read|count_20ms[9]  ; Button_Debounce:Button_Debounce_Instance_Read|count_20ms[3]  ; system_clock ; system_clock ; 1.000        ; -0.082     ; 4.798      ;
; -3.879 ; Button_Debounce:Button_Debounce_Instance_Read|count_20ms[9]  ; Button_Debounce:Button_Debounce_Instance_Read|count_20ms[4]  ; system_clock ; system_clock ; 1.000        ; -0.082     ; 4.798      ;
; -3.879 ; Button_Debounce:Button_Debounce_Instance_Read|count_20ms[9]  ; Button_Debounce:Button_Debounce_Instance_Read|count_20ms[5]  ; system_clock ; system_clock ; 1.000        ; -0.082     ; 4.798      ;
; -3.879 ; Button_Debounce:Button_Debounce_Instance_Read|count_20ms[9]  ; Button_Debounce:Button_Debounce_Instance_Read|count_20ms[6]  ; system_clock ; system_clock ; 1.000        ; -0.082     ; 4.798      ;
; -3.879 ; Button_Debounce:Button_Debounce_Instance_Read|count_20ms[9]  ; Button_Debounce:Button_Debounce_Instance_Read|count_20ms[7]  ; system_clock ; system_clock ; 1.000        ; -0.082     ; 4.798      ;
; -3.879 ; Button_Debounce:Button_Debounce_Instance_Read|count_20ms[9]  ; Button_Debounce:Button_Debounce_Instance_Read|count_20ms[8]  ; system_clock ; system_clock ; 1.000        ; -0.082     ; 4.798      ;
; -3.879 ; Button_Debounce:Button_Debounce_Instance_Read|count_20ms[9]  ; Button_Debounce:Button_Debounce_Instance_Read|count_20ms[9]  ; system_clock ; system_clock ; 1.000        ; -0.082     ; 4.798      ;
; -3.857 ; Button_Debounce:Button_Debounce_Instance_Read|count_20ms[1]  ; Button_Debounce:Button_Debounce_Instance_Read|count_20ms[1]  ; system_clock ; system_clock ; 1.000        ; -0.082     ; 4.776      ;
; -3.857 ; Button_Debounce:Button_Debounce_Instance_Read|count_20ms[1]  ; Button_Debounce:Button_Debounce_Instance_Read|count_20ms[2]  ; system_clock ; system_clock ; 1.000        ; -0.082     ; 4.776      ;
; -3.857 ; Button_Debounce:Button_Debounce_Instance_Read|count_20ms[1]  ; Button_Debounce:Button_Debounce_Instance_Read|count_20ms[3]  ; system_clock ; system_clock ; 1.000        ; -0.082     ; 4.776      ;
; -3.857 ; Button_Debounce:Button_Debounce_Instance_Read|count_20ms[1]  ; Button_Debounce:Button_Debounce_Instance_Read|count_20ms[4]  ; system_clock ; system_clock ; 1.000        ; -0.082     ; 4.776      ;
; -3.857 ; Button_Debounce:Button_Debounce_Instance_Read|count_20ms[1]  ; Button_Debounce:Button_Debounce_Instance_Read|count_20ms[5]  ; system_clock ; system_clock ; 1.000        ; -0.082     ; 4.776      ;
; -3.857 ; Button_Debounce:Button_Debounce_Instance_Read|count_20ms[1]  ; Button_Debounce:Button_Debounce_Instance_Read|count_20ms[6]  ; system_clock ; system_clock ; 1.000        ; -0.082     ; 4.776      ;
; -3.857 ; Button_Debounce:Button_Debounce_Instance_Read|count_20ms[1]  ; Button_Debounce:Button_Debounce_Instance_Read|count_20ms[7]  ; system_clock ; system_clock ; 1.000        ; -0.082     ; 4.776      ;
; -3.857 ; Button_Debounce:Button_Debounce_Instance_Read|count_20ms[1]  ; Button_Debounce:Button_Debounce_Instance_Read|count_20ms[8]  ; system_clock ; system_clock ; 1.000        ; -0.082     ; 4.776      ;
; -3.857 ; Button_Debounce:Button_Debounce_Instance_Read|count_20ms[1]  ; Button_Debounce:Button_Debounce_Instance_Read|count_20ms[9]  ; system_clock ; system_clock ; 1.000        ; -0.082     ; 4.776      ;
; -3.839 ; Button_Debounce:Button_Debounce_Instance_Read|count_20ms[11] ; Button_Debounce:Button_Debounce_Instance_Read|count_20ms[1]  ; system_clock ; system_clock ; 1.000        ; -0.084     ; 4.756      ;
; -3.839 ; Button_Debounce:Button_Debounce_Instance_Read|count_20ms[11] ; Button_Debounce:Button_Debounce_Instance_Read|count_20ms[2]  ; system_clock ; system_clock ; 1.000        ; -0.084     ; 4.756      ;
; -3.839 ; Button_Debounce:Button_Debounce_Instance_Read|count_20ms[11] ; Button_Debounce:Button_Debounce_Instance_Read|count_20ms[3]  ; system_clock ; system_clock ; 1.000        ; -0.084     ; 4.756      ;
; -3.839 ; Button_Debounce:Button_Debounce_Instance_Read|count_20ms[11] ; Button_Debounce:Button_Debounce_Instance_Read|count_20ms[4]  ; system_clock ; system_clock ; 1.000        ; -0.084     ; 4.756      ;
; -3.839 ; Button_Debounce:Button_Debounce_Instance_Read|count_20ms[11] ; Button_Debounce:Button_Debounce_Instance_Read|count_20ms[5]  ; system_clock ; system_clock ; 1.000        ; -0.084     ; 4.756      ;
+--------+--------------------------------------------------------------+--------------------------------------------------------------+--------------+--------------+--------------+------------+------------+


+------------------------------------------------------------------------------------------------------------------------------------------------------------------------------------------------------------------------------------------------------------------------------------------------------------------------------+
; Slow 1200mV 85C Model Hold: 'system_clock'                                                                                                                                                                                                                                                                                   ;
+-------+-------------------------------------------------------------------------------------------------------------+---------------------------------------------------------------------------------------------------------------------------------+--------------+--------------+--------------+------------+------------+
; Slack ; From Node                                                                                                   ; To Node                                                                                                                         ; Launch Clock ; Latch Clock  ; Relationship ; Clock Skew ; Data Delay ;
+-------+-------------------------------------------------------------------------------------------------------------+---------------------------------------------------------------------------------------------------------------------------------+--------------+--------------+--------------+------------+------------+
; 0.432 ; seg_595_dynamic:seg_595_dynamic_instance|seg_dynamic:seg_dynamic_inst|bcd_8421:bcd_8421_inst|data_shift[29] ; seg_595_dynamic:seg_595_dynamic_instance|seg_dynamic:seg_dynamic_inst|bcd_8421:bcd_8421_inst|data_shift[29]                     ; system_clock ; system_clock ; 0.000        ; 0.102      ; 0.746      ;
; 0.433 ; RAM_Control:RAM_Control_Instance|address[4]                                                                 ; RAM_Control:RAM_Control_Instance|address[4]                                                                                     ; system_clock ; system_clock ; 0.000        ; 0.101      ; 0.746      ;
; 0.433 ; RAM_Control:RAM_Control_Instance|address[5]                                                                 ; RAM_Control:RAM_Control_Instance|address[5]                                                                                     ; system_clock ; system_clock ; 0.000        ; 0.101      ; 0.746      ;
; 0.433 ; RAM_Control:RAM_Control_Instance|address[6]                                                                 ; RAM_Control:RAM_Control_Instance|address[6]                                                                                     ; system_clock ; system_clock ; 0.000        ; 0.101      ; 0.746      ;
; 0.433 ; RAM_Control:RAM_Control_Instance|address[7]                                                                 ; RAM_Control:RAM_Control_Instance|address[7]                                                                                     ; system_clock ; system_clock ; 0.000        ; 0.101      ; 0.746      ;
; 0.433 ; RAM_Control:RAM_Control_Instance|address[1]                                                                 ; RAM_Control:RAM_Control_Instance|address[1]                                                                                     ; system_clock ; system_clock ; 0.000        ; 0.101      ; 0.746      ;
; 0.433 ; RAM_Control:RAM_Control_Instance|address[2]                                                                 ; RAM_Control:RAM_Control_Instance|address[2]                                                                                     ; system_clock ; system_clock ; 0.000        ; 0.101      ; 0.746      ;
; 0.433 ; RAM_Control:RAM_Control_Instance|address[3]                                                                 ; RAM_Control:RAM_Control_Instance|address[3]                                                                                     ; system_clock ; system_clock ; 0.000        ; 0.101      ; 0.746      ;
; 0.433 ; RAM_Control:RAM_Control_Instance|address[0]                                                                 ; RAM_Control:RAM_Control_Instance|address[0]                                                                                     ; system_clock ; system_clock ; 0.000        ; 0.101      ; 0.746      ;
; 0.444 ; seg_595_dynamic:seg_595_dynamic_instance|seg_dynamic:seg_dynamic_inst|bcd_8421:bcd_8421_inst|data_shift[28] ; seg_595_dynamic:seg_595_dynamic_instance|seg_dynamic:seg_dynamic_inst|bcd_8421:bcd_8421_inst|data_shift[28]                     ; system_clock ; system_clock ; 0.000        ; 0.102      ; 0.758      ;
; 0.452 ; RAM_Control:RAM_Control_Instance|read_enable                                                                ; RAM_Control:RAM_Control_Instance|read_enable                                                                                    ; system_clock ; system_clock ; 0.000        ; 0.082      ; 0.746      ;
; 0.452 ; RAM_Control:RAM_Control_Instance|write_enable                                                               ; RAM_Control:RAM_Control_Instance|write_enable                                                                                   ; system_clock ; system_clock ; 0.000        ; 0.082      ; 0.746      ;
; 0.452 ; seg_595_dynamic:seg_595_dynamic_instance|seg_dynamic:seg_dynamic_inst|bcd_8421:bcd_8421_inst|data_shift[0]  ; seg_595_dynamic:seg_595_dynamic_instance|seg_dynamic:seg_dynamic_inst|bcd_8421:bcd_8421_inst|data_shift[0]                      ; system_clock ; system_clock ; 0.000        ; 0.082      ; 0.746      ;
; 0.452 ; seg_595_dynamic:seg_595_dynamic_instance|seg_dynamic:seg_dynamic_inst|bcd_8421:bcd_8421_inst|data_shift[21] ; seg_595_dynamic:seg_595_dynamic_instance|seg_dynamic:seg_dynamic_inst|bcd_8421:bcd_8421_inst|data_shift[21]                     ; system_clock ; system_clock ; 0.000        ; 0.082      ; 0.746      ;
; 0.452 ; seg_595_dynamic:seg_595_dynamic_instance|seg_dynamic:seg_dynamic_inst|bcd_8421:bcd_8421_inst|data_shift[22] ; seg_595_dynamic:seg_595_dynamic_instance|seg_dynamic:seg_dynamic_inst|bcd_8421:bcd_8421_inst|data_shift[22]                     ; system_clock ; system_clock ; 0.000        ; 0.082      ; 0.746      ;
; 0.452 ; seg_595_dynamic:seg_595_dynamic_instance|seg_dynamic:seg_dynamic_inst|bcd_8421:bcd_8421_inst|data_shift[23] ; seg_595_dynamic:seg_595_dynamic_instance|seg_dynamic:seg_dynamic_inst|bcd_8421:bcd_8421_inst|data_shift[23]                     ; system_clock ; system_clock ; 0.000        ; 0.082      ; 0.746      ;
; 0.452 ; seg_595_dynamic:seg_595_dynamic_instance|seg_dynamic:seg_dynamic_inst|bcd_8421:bcd_8421_inst|data_shift[25] ; seg_595_dynamic:seg_595_dynamic_instance|seg_dynamic:seg_dynamic_inst|bcd_8421:bcd_8421_inst|data_shift[25]                     ; system_clock ; system_clock ; 0.000        ; 0.082      ; 0.746      ;
; 0.452 ; seg_595_dynamic:seg_595_dynamic_instance|seg_dynamic:seg_dynamic_inst|bcd_8421:bcd_8421_inst|data_shift[26] ; seg_595_dynamic:seg_595_dynamic_instance|seg_dynamic:seg_dynamic_inst|bcd_8421:bcd_8421_inst|data_shift[26]                     ; system_clock ; system_clock ; 0.000        ; 0.082      ; 0.746      ;
; 0.452 ; seg_595_dynamic:seg_595_dynamic_instance|seg_dynamic:seg_dynamic_inst|bcd_8421:bcd_8421_inst|data_shift[27] ; seg_595_dynamic:seg_595_dynamic_instance|seg_dynamic:seg_dynamic_inst|bcd_8421:bcd_8421_inst|data_shift[27]                     ; system_clock ; system_clock ; 0.000        ; 0.082      ; 0.746      ;
; 0.452 ; seg_595_dynamic:seg_595_dynamic_instance|seg_dynamic:seg_dynamic_inst|bcd_8421:bcd_8421_inst|data_shift[30] ; seg_595_dynamic:seg_595_dynamic_instance|seg_dynamic:seg_dynamic_inst|bcd_8421:bcd_8421_inst|data_shift[30]                     ; system_clock ; system_clock ; 0.000        ; 0.082      ; 0.746      ;
; 0.452 ; seg_595_dynamic:seg_595_dynamic_instance|seg_dynamic:seg_dynamic_inst|bcd_8421:bcd_8421_inst|data_shift[31] ; seg_595_dynamic:seg_595_dynamic_instance|seg_dynamic:seg_dynamic_inst|bcd_8421:bcd_8421_inst|data_shift[31]                     ; system_clock ; system_clock ; 0.000        ; 0.082      ; 0.746      ;
; 0.452 ; seg_595_dynamic:seg_595_dynamic_instance|seg_dynamic:seg_dynamic_inst|bcd_8421:bcd_8421_inst|data_shift[33] ; seg_595_dynamic:seg_595_dynamic_instance|seg_dynamic:seg_dynamic_inst|bcd_8421:bcd_8421_inst|data_shift[33]                     ; system_clock ; system_clock ; 0.000        ; 0.082      ; 0.746      ;
; 0.452 ; seg_595_dynamic:seg_595_dynamic_instance|seg_dynamic:seg_dynamic_inst|bcd_8421:bcd_8421_inst|data_shift[34] ; seg_595_dynamic:seg_595_dynamic_instance|seg_dynamic:seg_dynamic_inst|bcd_8421:bcd_8421_inst|data_shift[34]                     ; system_clock ; system_clock ; 0.000        ; 0.082      ; 0.746      ;
; 0.452 ; seg_595_dynamic:seg_595_dynamic_instance|seg_dynamic:seg_dynamic_inst|bcd_8421:bcd_8421_inst|data_shift[35] ; seg_595_dynamic:seg_595_dynamic_instance|seg_dynamic:seg_dynamic_inst|bcd_8421:bcd_8421_inst|data_shift[35]                     ; system_clock ; system_clock ; 0.000        ; 0.082      ; 0.746      ;
; 0.452 ; seg_595_dynamic:seg_595_dynamic_instance|seg_dynamic:seg_dynamic_inst|bcd_8421:bcd_8421_inst|data_shift[42] ; seg_595_dynamic:seg_595_dynamic_instance|seg_dynamic:seg_dynamic_inst|bcd_8421:bcd_8421_inst|data_shift[42]                     ; system_clock ; system_clock ; 0.000        ; 0.082      ; 0.746      ;
; 0.452 ; seg_595_dynamic:seg_595_dynamic_instance|seg_dynamic:seg_dynamic_inst|bcd_8421:bcd_8421_inst|data_shift[43] ; seg_595_dynamic:seg_595_dynamic_instance|seg_dynamic:seg_dynamic_inst|bcd_8421:bcd_8421_inst|data_shift[43]                     ; system_clock ; system_clock ; 0.000        ; 0.082      ; 0.746      ;
; 0.452 ; seg_595_dynamic:seg_595_dynamic_instance|seg_dynamic:seg_dynamic_inst|bcd_8421:bcd_8421_inst|data_shift[41] ; seg_595_dynamic:seg_595_dynamic_instance|seg_dynamic:seg_dynamic_inst|bcd_8421:bcd_8421_inst|data_shift[41]                     ; system_clock ; system_clock ; 0.000        ; 0.082      ; 0.746      ;
; 0.452 ; seg_595_dynamic:seg_595_dynamic_instance|hc595_ctrl:hc595_ctrl|shcp                                         ; seg_595_dynamic:seg_595_dynamic_instance|hc595_ctrl:hc595_ctrl|shcp                                                             ; system_clock ; system_clock ; 0.000        ; 0.082      ; 0.746      ;
; 0.453 ; seg_595_dynamic:seg_595_dynamic_instance|hc595_ctrl:hc595_ctrl|cnt_bit[0]                                   ; seg_595_dynamic:seg_595_dynamic_instance|hc595_ctrl:hc595_ctrl|cnt_bit[0]                                                       ; system_clock ; system_clock ; 0.000        ; 0.081      ; 0.746      ;
; 0.453 ; seg_595_dynamic:seg_595_dynamic_instance|hc595_ctrl:hc595_ctrl|cnt_bit[1]                                   ; seg_595_dynamic:seg_595_dynamic_instance|hc595_ctrl:hc595_ctrl|cnt_bit[1]                                                       ; system_clock ; system_clock ; 0.000        ; 0.081      ; 0.746      ;
; 0.453 ; seg_595_dynamic:seg_595_dynamic_instance|hc595_ctrl:hc595_ctrl|cnt_bit[2]                                   ; seg_595_dynamic:seg_595_dynamic_instance|hc595_ctrl:hc595_ctrl|cnt_bit[2]                                                       ; system_clock ; system_clock ; 0.000        ; 0.081      ; 0.746      ;
; 0.453 ; seg_595_dynamic:seg_595_dynamic_instance|hc595_ctrl:hc595_ctrl|cnt_bit[3]                                   ; seg_595_dynamic:seg_595_dynamic_instance|hc595_ctrl:hc595_ctrl|cnt_bit[3]                                                       ; system_clock ; system_clock ; 0.000        ; 0.081      ; 0.746      ;
; 0.453 ; seg_595_dynamic:seg_595_dynamic_instance|seg_dynamic:seg_dynamic_inst|cnt_sel[2]                            ; seg_595_dynamic:seg_595_dynamic_instance|seg_dynamic:seg_dynamic_inst|cnt_sel[2]                                                ; system_clock ; system_clock ; 0.000        ; 0.081      ; 0.746      ;
; 0.453 ; seg_595_dynamic:seg_595_dynamic_instance|seg_dynamic:seg_dynamic_inst|cnt_sel[1]                            ; seg_595_dynamic:seg_595_dynamic_instance|seg_dynamic:seg_dynamic_inst|cnt_sel[1]                                                ; system_clock ; system_clock ; 0.000        ; 0.081      ; 0.746      ;
; 0.453 ; seg_595_dynamic:seg_595_dynamic_instance|seg_dynamic:seg_dynamic_inst|sel_reg[0]                            ; seg_595_dynamic:seg_595_dynamic_instance|seg_dynamic:seg_dynamic_inst|sel_reg[0]                                                ; system_clock ; system_clock ; 0.000        ; 0.081      ; 0.746      ;
; 0.453 ; seg_595_dynamic:seg_595_dynamic_instance|seg_dynamic:seg_dynamic_inst|bcd_8421:bcd_8421_inst|data_shift[37] ; seg_595_dynamic:seg_595_dynamic_instance|seg_dynamic:seg_dynamic_inst|bcd_8421:bcd_8421_inst|data_shift[37]                     ; system_clock ; system_clock ; 0.000        ; 0.081      ; 0.746      ;
; 0.453 ; seg_595_dynamic:seg_595_dynamic_instance|seg_dynamic:seg_dynamic_inst|bcd_8421:bcd_8421_inst|data_shift[38] ; seg_595_dynamic:seg_595_dynamic_instance|seg_dynamic:seg_dynamic_inst|bcd_8421:bcd_8421_inst|data_shift[38]                     ; system_clock ; system_clock ; 0.000        ; 0.081      ; 0.746      ;
; 0.453 ; seg_595_dynamic:seg_595_dynamic_instance|seg_dynamic:seg_dynamic_inst|bcd_8421:bcd_8421_inst|data_shift[39] ; seg_595_dynamic:seg_595_dynamic_instance|seg_dynamic:seg_dynamic_inst|bcd_8421:bcd_8421_inst|data_shift[39]                     ; system_clock ; system_clock ; 0.000        ; 0.081      ; 0.746      ;
; 0.453 ; seg_595_dynamic:seg_595_dynamic_instance|hc595_ctrl:hc595_ctrl|ds                                           ; seg_595_dynamic:seg_595_dynamic_instance|hc595_ctrl:hc595_ctrl|ds                                                               ; system_clock ; system_clock ; 0.000        ; 0.081      ; 0.746      ;
; 0.453 ; seg_595_dynamic:seg_595_dynamic_instance|hc595_ctrl:hc595_ctrl|stcp                                         ; seg_595_dynamic:seg_595_dynamic_instance|hc595_ctrl:hc595_ctrl|stcp                                                             ; system_clock ; system_clock ; 0.000        ; 0.081      ; 0.746      ;
; 0.464 ; seg_595_dynamic:seg_595_dynamic_instance|hc595_ctrl:hc595_ctrl|cnt[0]                                       ; seg_595_dynamic:seg_595_dynamic_instance|hc595_ctrl:hc595_ctrl|cnt[0]                                                           ; system_clock ; system_clock ; 0.000        ; 0.082      ; 0.758      ;
; 0.464 ; seg_595_dynamic:seg_595_dynamic_instance|seg_dynamic:seg_dynamic_inst|bcd_8421:bcd_8421_inst|data_shift[20] ; seg_595_dynamic:seg_595_dynamic_instance|seg_dynamic:seg_dynamic_inst|bcd_8421:bcd_8421_inst|data_shift[20]                     ; system_clock ; system_clock ; 0.000        ; 0.082      ; 0.758      ;
; 0.464 ; seg_595_dynamic:seg_595_dynamic_instance|seg_dynamic:seg_dynamic_inst|bcd_8421:bcd_8421_inst|data_shift[24] ; seg_595_dynamic:seg_595_dynamic_instance|seg_dynamic:seg_dynamic_inst|bcd_8421:bcd_8421_inst|data_shift[24]                     ; system_clock ; system_clock ; 0.000        ; 0.082      ; 0.758      ;
; 0.464 ; seg_595_dynamic:seg_595_dynamic_instance|seg_dynamic:seg_dynamic_inst|bcd_8421:bcd_8421_inst|data_shift[32] ; seg_595_dynamic:seg_595_dynamic_instance|seg_dynamic:seg_dynamic_inst|bcd_8421:bcd_8421_inst|data_shift[32]                     ; system_clock ; system_clock ; 0.000        ; 0.082      ; 0.758      ;
; 0.464 ; seg_595_dynamic:seg_595_dynamic_instance|seg_dynamic:seg_dynamic_inst|bcd_8421:bcd_8421_inst|data_shift[40] ; seg_595_dynamic:seg_595_dynamic_instance|seg_dynamic:seg_dynamic_inst|bcd_8421:bcd_8421_inst|data_shift[40]                     ; system_clock ; system_clock ; 0.000        ; 0.082      ; 0.758      ;
; 0.465 ; seg_595_dynamic:seg_595_dynamic_instance|seg_dynamic:seg_dynamic_inst|cnt_sel[0]                            ; seg_595_dynamic:seg_595_dynamic_instance|seg_dynamic:seg_dynamic_inst|cnt_sel[0]                                                ; system_clock ; system_clock ; 0.000        ; 0.081      ; 0.758      ;
; 0.465 ; seg_595_dynamic:seg_595_dynamic_instance|seg_dynamic:seg_dynamic_inst|bcd_8421:bcd_8421_inst|data_shift[36] ; seg_595_dynamic:seg_595_dynamic_instance|seg_dynamic:seg_dynamic_inst|bcd_8421:bcd_8421_inst|data_shift[36]                     ; system_clock ; system_clock ; 0.000        ; 0.081      ; 0.758      ;
; 0.509 ; seg_595_dynamic:seg_595_dynamic_instance|seg_dynamic:seg_dynamic_inst|bcd_8421:bcd_8421_inst|h_hun[3]       ; seg_595_dynamic:seg_595_dynamic_instance|seg_dynamic:seg_dynamic_inst|data_reg[20]                                              ; system_clock ; system_clock ; 0.000        ; 0.082      ; 0.803      ;
; 0.526 ; seg_595_dynamic:seg_595_dynamic_instance|seg_dynamic:seg_dynamic_inst|bcd_8421:bcd_8421_inst|h_hun[2]       ; seg_595_dynamic:seg_595_dynamic_instance|seg_dynamic:seg_dynamic_inst|data_reg[23]                                              ; system_clock ; system_clock ; 0.000        ; 0.082      ; 0.820      ;
; 0.533 ; seg_595_dynamic:seg_595_dynamic_instance|seg_dynamic:seg_dynamic_inst|bcd_8421:bcd_8421_inst|data_shift[20] ; seg_595_dynamic:seg_595_dynamic_instance|seg_dynamic:seg_dynamic_inst|bcd_8421:bcd_8421_inst|unit[0]                            ; system_clock ; system_clock ; 0.000        ; 0.082      ; 0.827      ;
; 0.611 ; RAM_Control:RAM_Control_Instance|count_200ms[16]                                                            ; RAM_Control:RAM_Control_Instance|count_200ms[17]                                                                                ; system_clock ; system_clock ; 0.000        ; 0.578      ; 1.401      ;
; 0.613 ; RAM_Control:RAM_Control_Instance|count_200ms[20]                                                            ; RAM_Control:RAM_Control_Instance|count_200ms[21]                                                                                ; system_clock ; system_clock ; 0.000        ; 0.578      ; 1.403      ;
; 0.620 ; RAM_Control:RAM_Control_Instance|count_200ms[16]                                                            ; RAM_Control:RAM_Control_Instance|count_200ms[18]                                                                                ; system_clock ; system_clock ; 0.000        ; 0.578      ; 1.410      ;
; 0.630 ; RAM_Control:RAM_Control_Instance|count_200ms[22]                                                            ; RAM_Control:RAM_Control_Instance|count_200ms[23]                                                                                ; system_clock ; system_clock ; 0.000        ; 0.578      ; 1.420      ;
; 0.641 ; seg_595_dynamic:seg_595_dynamic_instance|seg_dynamic:seg_dynamic_inst|bcd_8421:bcd_8421_inst|data_shift[1]  ; seg_595_dynamic:seg_595_dynamic_instance|seg_dynamic:seg_dynamic_inst|bcd_8421:bcd_8421_inst|data_shift[2]                      ; system_clock ; system_clock ; 0.000        ; 0.082      ; 0.935      ;
; 0.641 ; seg_595_dynamic:seg_595_dynamic_instance|seg_dynamic:seg_dynamic_inst|bcd_8421:bcd_8421_inst|data_shift[2]  ; seg_595_dynamic:seg_595_dynamic_instance|seg_dynamic:seg_dynamic_inst|bcd_8421:bcd_8421_inst|data_shift[3]                      ; system_clock ; system_clock ; 0.000        ; 0.082      ; 0.935      ;
; 0.642 ; seg_595_dynamic:seg_595_dynamic_instance|seg_dynamic:seg_dynamic_inst|bcd_8421:bcd_8421_inst|data_shift[5]  ; seg_595_dynamic:seg_595_dynamic_instance|seg_dynamic:seg_dynamic_inst|bcd_8421:bcd_8421_inst|data_shift[6]                      ; system_clock ; system_clock ; 0.000        ; 0.081      ; 0.935      ;
; 0.644 ; seg_595_dynamic:seg_595_dynamic_instance|seg_dynamic:seg_dynamic_inst|bcd_8421:bcd_8421_inst|data_shift[9]  ; seg_595_dynamic:seg_595_dynamic_instance|seg_dynamic:seg_dynamic_inst|bcd_8421:bcd_8421_inst|data_shift[10]                     ; system_clock ; system_clock ; 0.000        ; 0.082      ; 0.938      ;
; 0.644 ; seg_595_dynamic:seg_595_dynamic_instance|seg_dynamic:seg_dynamic_inst|bcd_8421:bcd_8421_inst|data_shift[13] ; seg_595_dynamic:seg_595_dynamic_instance|seg_dynamic:seg_dynamic_inst|bcd_8421:bcd_8421_inst|data_shift[14]                     ; system_clock ; system_clock ; 0.000        ; 0.082      ; 0.938      ;
; 0.646 ; Button_Debounce:Button_Debounce_Instance_Write|count_20ms[16]                                               ; Button_Debounce:Button_Debounce_Instance_Write|count_20ms[17]                                                                   ; system_clock ; system_clock ; 0.000        ; 0.543      ; 1.401      ;
; 0.647 ; seg_595_dynamic:seg_595_dynamic_instance|seg_dynamic:seg_dynamic_inst|bcd_8421:bcd_8421_inst|data_shift[18] ; seg_595_dynamic:seg_595_dynamic_instance|seg_dynamic:seg_dynamic_inst|bcd_8421:bcd_8421_inst|data_shift[19]                     ; system_clock ; system_clock ; 0.000        ; 0.082      ; 0.941      ;
; 0.649 ; seg_595_dynamic:seg_595_dynamic_instance|seg_dynamic:seg_dynamic_inst|bcd_8421:bcd_8421_inst|h_hun[1]       ; seg_595_dynamic:seg_595_dynamic_instance|seg_dynamic:seg_dynamic_inst|data_reg[23]                                              ; system_clock ; system_clock ; 0.000        ; 0.082      ; 0.943      ;
; 0.665 ; Button_Debounce:Button_Debounce_Instance_Read|count_20ms[16]                                                ; Button_Debounce:Button_Debounce_Instance_Read|count_20ms[17]                                                                    ; system_clock ; system_clock ; 0.000        ; 0.542      ; 1.419      ;
; 0.666 ; RAM_Control:RAM_Control_Instance|read_enable                                                                ; ram_8x256_single:ram_8x256_single_inst|altsyncram:altsyncram_component|altsyncram_kmg1:auto_generated|ram_block1a0~porta_re_reg ; system_clock ; system_clock ; 0.000        ; 0.472      ; 1.392      ;
; 0.666 ; seg_595_dynamic:seg_595_dynamic_instance|seg_dynamic:seg_dynamic_inst|bcd_8421:bcd_8421_inst|data_shift[21] ; seg_595_dynamic:seg_595_dynamic_instance|seg_dynamic:seg_dynamic_inst|bcd_8421:bcd_8421_inst|unit[1]                            ; system_clock ; system_clock ; 0.000        ; 0.082      ; 0.960      ;
; 0.669 ; seg_595_dynamic:seg_595_dynamic_instance|seg_dynamic:seg_dynamic_inst|cnt_sel[2]                            ; seg_595_dynamic:seg_595_dynamic_instance|seg_dynamic:seg_dynamic_inst|data_disp[2]                                              ; system_clock ; system_clock ; 0.000        ; 0.081      ; 0.962      ;
; 0.670 ; seg_595_dynamic:seg_595_dynamic_instance|seg_dynamic:seg_dynamic_inst|sel_reg[2]                            ; seg_595_dynamic:seg_595_dynamic_instance|seg_dynamic:seg_dynamic_inst|sel_reg[3]                                                ; system_clock ; system_clock ; 0.000        ; 0.081      ; 0.963      ;
; 0.671 ; seg_595_dynamic:seg_595_dynamic_instance|seg_dynamic:seg_dynamic_inst|sel_reg[0]                            ; seg_595_dynamic:seg_595_dynamic_instance|seg_dynamic:seg_dynamic_inst|sel_reg[1]                                                ; system_clock ; system_clock ; 0.000        ; 0.081      ; 0.964      ;
; 0.674 ; Button_Debounce:Button_Debounce_Instance_Read|count_20ms[16]                                                ; Button_Debounce:Button_Debounce_Instance_Read|count_20ms[18]                                                                    ; system_clock ; system_clock ; 0.000        ; 0.542      ; 1.428      ;
; 0.688 ; RAM_Control:RAM_Control_Instance|write_enable                                                               ; ram_8x256_single:ram_8x256_single_inst|altsyncram:altsyncram_component|altsyncram_kmg1:auto_generated|ram_block1a0~porta_we_reg ; system_clock ; system_clock ; 0.000        ; 0.472      ; 1.414      ;
; 0.709 ; seg_595_dynamic:seg_595_dynamic_instance|seg_dynamic:seg_dynamic_inst|bcd_8421:bcd_8421_inst|ten[2]         ; seg_595_dynamic:seg_595_dynamic_instance|seg_dynamic:seg_dynamic_inst|data_reg[6]                                               ; system_clock ; system_clock ; 0.000        ; 0.081      ; 1.002      ;
; 0.714 ; seg_595_dynamic:seg_595_dynamic_instance|seg_dynamic:seg_dynamic_inst|bcd_8421:bcd_8421_inst|t_tho[0]       ; seg_595_dynamic:seg_595_dynamic_instance|seg_dynamic:seg_dynamic_inst|data_reg[16]                                              ; system_clock ; system_clock ; 0.000        ; 0.082      ; 1.008      ;
; 0.723 ; RAM_Control:RAM_Control_Instance|count_200ms[17]                                                            ; RAM_Control:RAM_Control_Instance|count_200ms[17]                                                                                ; system_clock ; system_clock ; 0.000        ; 0.102      ; 1.037      ;
; 0.726 ; RAM_Control:RAM_Control_Instance|count_200ms[19]                                                            ; RAM_Control:RAM_Control_Instance|count_200ms[19]                                                                                ; system_clock ; system_clock ; 0.000        ; 0.102      ; 1.040      ;
; 0.726 ; RAM_Control:RAM_Control_Instance|count_200ms[18]                                                            ; RAM_Control:RAM_Control_Instance|count_200ms[18]                                                                                ; system_clock ; system_clock ; 0.000        ; 0.102      ; 1.040      ;
; 0.726 ; RAM_Control:RAM_Control_Instance|count_200ms[21]                                                            ; RAM_Control:RAM_Control_Instance|count_200ms[21]                                                                                ; system_clock ; system_clock ; 0.000        ; 0.102      ; 1.040      ;
; 0.726 ; RAM_Control:RAM_Control_Instance|count_200ms[23]                                                            ; RAM_Control:RAM_Control_Instance|count_200ms[23]                                                                                ; system_clock ; system_clock ; 0.000        ; 0.102      ; 1.040      ;
; 0.727 ; Button_Debounce:Button_Debounce_Instance_Write|count_20ms[17]                                               ; Button_Debounce:Button_Debounce_Instance_Write|count_20ms[17]                                                                   ; system_clock ; system_clock ; 0.000        ; 0.101      ; 1.040      ;
; 0.728 ; seg_595_dynamic:seg_595_dynamic_instance|seg_dynamic:seg_dynamic_inst|bcd_8421:bcd_8421_inst|t_tho[1]       ; seg_595_dynamic:seg_595_dynamic_instance|seg_dynamic:seg_dynamic_inst|data_reg[17]                                              ; system_clock ; system_clock ; 0.000        ; 0.082      ; 1.022      ;
; 0.730 ; Button_Debounce:Button_Debounce_Instance_Read|count_20ms[18]                                                ; Button_Debounce:Button_Debounce_Instance_Read|count_20ms[18]                                                                    ; system_clock ; system_clock ; 0.000        ; 0.100      ; 1.042      ;
; 0.731 ; seg_595_dynamic:seg_595_dynamic_instance|seg_dynamic:seg_dynamic_inst|bcd_8421:bcd_8421_inst|data_shift[22] ; seg_595_dynamic:seg_595_dynamic_instance|seg_dynamic:seg_dynamic_inst|bcd_8421:bcd_8421_inst|unit[2]                            ; system_clock ; system_clock ; 0.000        ; 0.081      ; 1.024      ;
; 0.732 ; RAM_Control:RAM_Control_Instance|count_200ms[15]                                                            ; RAM_Control:RAM_Control_Instance|count_200ms[17]                                                                                ; system_clock ; system_clock ; 0.000        ; 0.578      ; 1.522      ;
; 0.734 ; seg_595_dynamic:seg_595_dynamic_instance|seg_dynamic:seg_dynamic_inst|bcd_8421:bcd_8421_inst|data_shift[25] ; seg_595_dynamic:seg_595_dynamic_instance|seg_dynamic:seg_dynamic_inst|bcd_8421:bcd_8421_inst|ten[1]                             ; system_clock ; system_clock ; 0.000        ; 0.081      ; 1.027      ;
; 0.738 ; seg_595_dynamic:seg_595_dynamic_instance|seg_dynamic:seg_dynamic_inst|bcd_8421:bcd_8421_inst|h_hun[1]       ; seg_595_dynamic:seg_595_dynamic_instance|seg_dynamic:seg_dynamic_inst|data_reg[21]                                              ; system_clock ; system_clock ; 0.000        ; 0.082      ; 1.032      ;
; 0.741 ; Button_Debounce:Button_Debounce_Instance_Write|count_20ms[7]                                                ; Button_Debounce:Button_Debounce_Instance_Write|count_20ms[7]                                                                    ; system_clock ; system_clock ; 0.000        ; 0.082      ; 1.035      ;
; 0.741 ; RAM_Control:RAM_Control_Instance|count_200ms[15]                                                            ; RAM_Control:RAM_Control_Instance|count_200ms[18]                                                                                ; system_clock ; system_clock ; 0.000        ; 0.578      ; 1.531      ;
; 0.742 ; seg_595_dynamic:seg_595_dynamic_instance|seg_dynamic:seg_dynamic_inst|cnt_1ms[2]                            ; seg_595_dynamic:seg_595_dynamic_instance|seg_dynamic:seg_dynamic_inst|cnt_1ms[2]                                                ; system_clock ; system_clock ; 0.000        ; 0.101      ; 1.055      ;
; 0.742 ; Button_Debounce:Button_Debounce_Instance_Read|count_20ms[7]                                                 ; Button_Debounce:Button_Debounce_Instance_Read|count_20ms[7]                                                                     ; system_clock ; system_clock ; 0.000        ; 0.082      ; 1.036      ;
; 0.742 ; Button_Debounce:Button_Debounce_Instance_Write|count_20ms[5]                                                ; Button_Debounce:Button_Debounce_Instance_Write|count_20ms[5]                                                                    ; system_clock ; system_clock ; 0.000        ; 0.082      ; 1.036      ;
; 0.742 ; RAM_Control:RAM_Control_Instance|count_200ms[9]                                                             ; RAM_Control:RAM_Control_Instance|count_200ms[9]                                                                                 ; system_clock ; system_clock ; 0.000        ; 0.081      ; 1.035      ;
; 0.742 ; RAM_Control:RAM_Control_Instance|count_200ms[11]                                                            ; RAM_Control:RAM_Control_Instance|count_200ms[11]                                                                                ; system_clock ; system_clock ; 0.000        ; 0.081      ; 1.035      ;
; 0.742 ; RAM_Control:RAM_Control_Instance|count_200ms[15]                                                            ; RAM_Control:RAM_Control_Instance|count_200ms[15]                                                                                ; system_clock ; system_clock ; 0.000        ; 0.082      ; 1.036      ;
; 0.743 ; Button_Debounce:Button_Debounce_Instance_Read|count_20ms[13]                                                ; Button_Debounce:Button_Debounce_Instance_Read|count_20ms[13]                                                                    ; system_clock ; system_clock ; 0.000        ; 0.082      ; 1.037      ;
; 0.743 ; Button_Debounce:Button_Debounce_Instance_Write|count_20ms[11]                                               ; Button_Debounce:Button_Debounce_Instance_Write|count_20ms[11]                                                                   ; system_clock ; system_clock ; 0.000        ; 0.082      ; 1.037      ;
; 0.743 ; Button_Debounce:Button_Debounce_Instance_Write|count_20ms[13]                                               ; Button_Debounce:Button_Debounce_Instance_Write|count_20ms[13]                                                                   ; system_clock ; system_clock ; 0.000        ; 0.082      ; 1.037      ;
; 0.743 ; RAM_Control:RAM_Control_Instance|count_200ms[7]                                                             ; RAM_Control:RAM_Control_Instance|count_200ms[7]                                                                                 ; system_clock ; system_clock ; 0.000        ; 0.081      ; 1.036      ;
; 0.743 ; RAM_Control:RAM_Control_Instance|count_200ms[13]                                                            ; RAM_Control:RAM_Control_Instance|count_200ms[13]                                                                                ; system_clock ; system_clock ; 0.000        ; 0.082      ; 1.037      ;
; 0.744 ; Button_Debounce:Button_Debounce_Instance_Write|count_20ms[8]                                                ; Button_Debounce:Button_Debounce_Instance_Write|count_20ms[8]                                                                    ; system_clock ; system_clock ; 0.000        ; 0.082      ; 1.038      ;
; 0.744 ; RAM_Control:RAM_Control_Instance|count_200ms[12]                                                            ; RAM_Control:RAM_Control_Instance|count_200ms[12]                                                                                ; system_clock ; system_clock ; 0.000        ; 0.082      ; 1.038      ;
; 0.745 ; Button_Debounce:Button_Debounce_Instance_Read|count_20ms[1]                                                 ; Button_Debounce:Button_Debounce_Instance_Read|count_20ms[1]                                                                     ; system_clock ; system_clock ; 0.000        ; 0.082      ; 1.039      ;
+-------+-------------------------------------------------------------------------------------------------------------+---------------------------------------------------------------------------------------------------------------------------------+--------------+--------------+--------------+------------+------------+


+-------------------------------------------------------------------------------------------------------------------------------------------------------------------------------------------------------------------------+
; Slow 1200mV 85C Model Minimum Pulse Width: 'system_clock'                                                                                                                                                               ;
+--------+--------------+----------------+------------+--------------+------------+---------------------------------------------------------------------------------------------------------------------------------------+
; Slack  ; Actual Width ; Required Width ; Type       ; Clock        ; Clock Edge ; Target                                                                                                                                ;
+--------+--------------+----------------+------------+--------------+------------+---------------------------------------------------------------------------------------------------------------------------------------+
; -3.201 ; 1.000        ; 4.201          ; Min Period ; system_clock ; Rise       ; ram_8x256_single:ram_8x256_single_inst|altsyncram:altsyncram_component|altsyncram_kmg1:auto_generated|q_a[0]                          ;
; -3.201 ; 1.000        ; 4.201          ; Min Period ; system_clock ; Rise       ; ram_8x256_single:ram_8x256_single_inst|altsyncram:altsyncram_component|altsyncram_kmg1:auto_generated|q_a[1]                          ;
; -3.201 ; 1.000        ; 4.201          ; Min Period ; system_clock ; Rise       ; ram_8x256_single:ram_8x256_single_inst|altsyncram:altsyncram_component|altsyncram_kmg1:auto_generated|q_a[2]                          ;
; -3.201 ; 1.000        ; 4.201          ; Min Period ; system_clock ; Rise       ; ram_8x256_single:ram_8x256_single_inst|altsyncram:altsyncram_component|altsyncram_kmg1:auto_generated|q_a[3]                          ;
; -3.201 ; 1.000        ; 4.201          ; Min Period ; system_clock ; Rise       ; ram_8x256_single:ram_8x256_single_inst|altsyncram:altsyncram_component|altsyncram_kmg1:auto_generated|q_a[4]                          ;
; -3.201 ; 1.000        ; 4.201          ; Min Period ; system_clock ; Rise       ; ram_8x256_single:ram_8x256_single_inst|altsyncram:altsyncram_component|altsyncram_kmg1:auto_generated|q_a[5]                          ;
; -3.201 ; 1.000        ; 4.201          ; Min Period ; system_clock ; Rise       ; ram_8x256_single:ram_8x256_single_inst|altsyncram:altsyncram_component|altsyncram_kmg1:auto_generated|q_a[6]                          ;
; -3.201 ; 1.000        ; 4.201          ; Min Period ; system_clock ; Rise       ; ram_8x256_single:ram_8x256_single_inst|altsyncram:altsyncram_component|altsyncram_kmg1:auto_generated|q_a[7]                          ;
; -3.201 ; 1.000        ; 4.201          ; Min Period ; system_clock ; Rise       ; ram_8x256_single:ram_8x256_single_inst|altsyncram:altsyncram_component|altsyncram_kmg1:auto_generated|ram_block1a0~porta_address_reg0 ;
; -3.201 ; 1.000        ; 4.201          ; Min Period ; system_clock ; Rise       ; ram_8x256_single:ram_8x256_single_inst|altsyncram:altsyncram_component|altsyncram_kmg1:auto_generated|ram_block1a0~porta_datain_reg0  ;
; -3.201 ; 1.000        ; 4.201          ; Min Period ; system_clock ; Rise       ; ram_8x256_single:ram_8x256_single_inst|altsyncram:altsyncram_component|altsyncram_kmg1:auto_generated|ram_block1a0~porta_re_reg       ;
; -3.201 ; 1.000        ; 4.201          ; Min Period ; system_clock ; Rise       ; ram_8x256_single:ram_8x256_single_inst|altsyncram:altsyncram_component|altsyncram_kmg1:auto_generated|ram_block1a0~porta_we_reg       ;
; -3.000 ; 1.000        ; 4.000          ; Port Rate  ; system_clock ; Rise       ; system_clock                                                                                                                          ;
; -1.487 ; 1.000        ; 2.487          ; Min Period ; system_clock ; Rise       ; Button_Debounce:Button_Debounce_Instance_Read|count_20ms[0]                                                                           ;
; -1.487 ; 1.000        ; 2.487          ; Min Period ; system_clock ; Rise       ; Button_Debounce:Button_Debounce_Instance_Read|count_20ms[10]                                                                          ;
; -1.487 ; 1.000        ; 2.487          ; Min Period ; system_clock ; Rise       ; Button_Debounce:Button_Debounce_Instance_Read|count_20ms[11]                                                                          ;
; -1.487 ; 1.000        ; 2.487          ; Min Period ; system_clock ; Rise       ; Button_Debounce:Button_Debounce_Instance_Read|count_20ms[12]                                                                          ;
; -1.487 ; 1.000        ; 2.487          ; Min Period ; system_clock ; Rise       ; Button_Debounce:Button_Debounce_Instance_Read|count_20ms[13]                                                                          ;
; -1.487 ; 1.000        ; 2.487          ; Min Period ; system_clock ; Rise       ; Button_Debounce:Button_Debounce_Instance_Read|count_20ms[14]                                                                          ;
; -1.487 ; 1.000        ; 2.487          ; Min Period ; system_clock ; Rise       ; Button_Debounce:Button_Debounce_Instance_Read|count_20ms[15]                                                                          ;
; -1.487 ; 1.000        ; 2.487          ; Min Period ; system_clock ; Rise       ; Button_Debounce:Button_Debounce_Instance_Read|count_20ms[16]                                                                          ;
; -1.487 ; 1.000        ; 2.487          ; Min Period ; system_clock ; Rise       ; Button_Debounce:Button_Debounce_Instance_Read|count_20ms[17]                                                                          ;
; -1.487 ; 1.000        ; 2.487          ; Min Period ; system_clock ; Rise       ; Button_Debounce:Button_Debounce_Instance_Read|count_20ms[18]                                                                          ;
; -1.487 ; 1.000        ; 2.487          ; Min Period ; system_clock ; Rise       ; Button_Debounce:Button_Debounce_Instance_Read|count_20ms[19]                                                                          ;
; -1.487 ; 1.000        ; 2.487          ; Min Period ; system_clock ; Rise       ; Button_Debounce:Button_Debounce_Instance_Read|count_20ms[1]                                                                           ;
; -1.487 ; 1.000        ; 2.487          ; Min Period ; system_clock ; Rise       ; Button_Debounce:Button_Debounce_Instance_Read|count_20ms[2]                                                                           ;
; -1.487 ; 1.000        ; 2.487          ; Min Period ; system_clock ; Rise       ; Button_Debounce:Button_Debounce_Instance_Read|count_20ms[3]                                                                           ;
; -1.487 ; 1.000        ; 2.487          ; Min Period ; system_clock ; Rise       ; Button_Debounce:Button_Debounce_Instance_Read|count_20ms[4]                                                                           ;
; -1.487 ; 1.000        ; 2.487          ; Min Period ; system_clock ; Rise       ; Button_Debounce:Button_Debounce_Instance_Read|count_20ms[5]                                                                           ;
; -1.487 ; 1.000        ; 2.487          ; Min Period ; system_clock ; Rise       ; Button_Debounce:Button_Debounce_Instance_Read|count_20ms[6]                                                                           ;
; -1.487 ; 1.000        ; 2.487          ; Min Period ; system_clock ; Rise       ; Button_Debounce:Button_Debounce_Instance_Read|count_20ms[7]                                                                           ;
; -1.487 ; 1.000        ; 2.487          ; Min Period ; system_clock ; Rise       ; Button_Debounce:Button_Debounce_Instance_Read|count_20ms[8]                                                                           ;
; -1.487 ; 1.000        ; 2.487          ; Min Period ; system_clock ; Rise       ; Button_Debounce:Button_Debounce_Instance_Read|count_20ms[9]                                                                           ;
; -1.487 ; 1.000        ; 2.487          ; Min Period ; system_clock ; Rise       ; Button_Debounce:Button_Debounce_Instance_Read|key_flag                                                                                ;
; -1.487 ; 1.000        ; 2.487          ; Min Period ; system_clock ; Rise       ; Button_Debounce:Button_Debounce_Instance_Write|count_20ms[0]                                                                          ;
; -1.487 ; 1.000        ; 2.487          ; Min Period ; system_clock ; Rise       ; Button_Debounce:Button_Debounce_Instance_Write|count_20ms[10]                                                                         ;
; -1.487 ; 1.000        ; 2.487          ; Min Period ; system_clock ; Rise       ; Button_Debounce:Button_Debounce_Instance_Write|count_20ms[11]                                                                         ;
; -1.487 ; 1.000        ; 2.487          ; Min Period ; system_clock ; Rise       ; Button_Debounce:Button_Debounce_Instance_Write|count_20ms[12]                                                                         ;
; -1.487 ; 1.000        ; 2.487          ; Min Period ; system_clock ; Rise       ; Button_Debounce:Button_Debounce_Instance_Write|count_20ms[13]                                                                         ;
; -1.487 ; 1.000        ; 2.487          ; Min Period ; system_clock ; Rise       ; Button_Debounce:Button_Debounce_Instance_Write|count_20ms[14]                                                                         ;
; -1.487 ; 1.000        ; 2.487          ; Min Period ; system_clock ; Rise       ; Button_Debounce:Button_Debounce_Instance_Write|count_20ms[15]                                                                         ;
; -1.487 ; 1.000        ; 2.487          ; Min Period ; system_clock ; Rise       ; Button_Debounce:Button_Debounce_Instance_Write|count_20ms[16]                                                                         ;
; -1.487 ; 1.000        ; 2.487          ; Min Period ; system_clock ; Rise       ; Button_Debounce:Button_Debounce_Instance_Write|count_20ms[17]                                                                         ;
; -1.487 ; 1.000        ; 2.487          ; Min Period ; system_clock ; Rise       ; Button_Debounce:Button_Debounce_Instance_Write|count_20ms[18]                                                                         ;
; -1.487 ; 1.000        ; 2.487          ; Min Period ; system_clock ; Rise       ; Button_Debounce:Button_Debounce_Instance_Write|count_20ms[19]                                                                         ;
; -1.487 ; 1.000        ; 2.487          ; Min Period ; system_clock ; Rise       ; Button_Debounce:Button_Debounce_Instance_Write|count_20ms[1]                                                                          ;
; -1.487 ; 1.000        ; 2.487          ; Min Period ; system_clock ; Rise       ; Button_Debounce:Button_Debounce_Instance_Write|count_20ms[2]                                                                          ;
; -1.487 ; 1.000        ; 2.487          ; Min Period ; system_clock ; Rise       ; Button_Debounce:Button_Debounce_Instance_Write|count_20ms[3]                                                                          ;
; -1.487 ; 1.000        ; 2.487          ; Min Period ; system_clock ; Rise       ; Button_Debounce:Button_Debounce_Instance_Write|count_20ms[4]                                                                          ;
; -1.487 ; 1.000        ; 2.487          ; Min Period ; system_clock ; Rise       ; Button_Debounce:Button_Debounce_Instance_Write|count_20ms[5]                                                                          ;
; -1.487 ; 1.000        ; 2.487          ; Min Period ; system_clock ; Rise       ; Button_Debounce:Button_Debounce_Instance_Write|count_20ms[6]                                                                          ;
; -1.487 ; 1.000        ; 2.487          ; Min Period ; system_clock ; Rise       ; Button_Debounce:Button_Debounce_Instance_Write|count_20ms[7]                                                                          ;
; -1.487 ; 1.000        ; 2.487          ; Min Period ; system_clock ; Rise       ; Button_Debounce:Button_Debounce_Instance_Write|count_20ms[8]                                                                          ;
; -1.487 ; 1.000        ; 2.487          ; Min Period ; system_clock ; Rise       ; Button_Debounce:Button_Debounce_Instance_Write|count_20ms[9]                                                                          ;
; -1.487 ; 1.000        ; 2.487          ; Min Period ; system_clock ; Rise       ; Button_Debounce:Button_Debounce_Instance_Write|key_flag                                                                               ;
; -1.487 ; 1.000        ; 2.487          ; Min Period ; system_clock ; Rise       ; RAM_Control:RAM_Control_Instance|address[0]                                                                                           ;
; -1.487 ; 1.000        ; 2.487          ; Min Period ; system_clock ; Rise       ; RAM_Control:RAM_Control_Instance|address[1]                                                                                           ;
; -1.487 ; 1.000        ; 2.487          ; Min Period ; system_clock ; Rise       ; RAM_Control:RAM_Control_Instance|address[2]                                                                                           ;
; -1.487 ; 1.000        ; 2.487          ; Min Period ; system_clock ; Rise       ; RAM_Control:RAM_Control_Instance|address[3]                                                                                           ;
; -1.487 ; 1.000        ; 2.487          ; Min Period ; system_clock ; Rise       ; RAM_Control:RAM_Control_Instance|address[4]                                                                                           ;
; -1.487 ; 1.000        ; 2.487          ; Min Period ; system_clock ; Rise       ; RAM_Control:RAM_Control_Instance|address[5]                                                                                           ;
; -1.487 ; 1.000        ; 2.487          ; Min Period ; system_clock ; Rise       ; RAM_Control:RAM_Control_Instance|address[6]                                                                                           ;
; -1.487 ; 1.000        ; 2.487          ; Min Period ; system_clock ; Rise       ; RAM_Control:RAM_Control_Instance|address[7]                                                                                           ;
; -1.487 ; 1.000        ; 2.487          ; Min Period ; system_clock ; Rise       ; RAM_Control:RAM_Control_Instance|count_200ms[0]                                                                                       ;
; -1.487 ; 1.000        ; 2.487          ; Min Period ; system_clock ; Rise       ; RAM_Control:RAM_Control_Instance|count_200ms[10]                                                                                      ;
; -1.487 ; 1.000        ; 2.487          ; Min Period ; system_clock ; Rise       ; RAM_Control:RAM_Control_Instance|count_200ms[11]                                                                                      ;
; -1.487 ; 1.000        ; 2.487          ; Min Period ; system_clock ; Rise       ; RAM_Control:RAM_Control_Instance|count_200ms[12]                                                                                      ;
; -1.487 ; 1.000        ; 2.487          ; Min Period ; system_clock ; Rise       ; RAM_Control:RAM_Control_Instance|count_200ms[13]                                                                                      ;
; -1.487 ; 1.000        ; 2.487          ; Min Period ; system_clock ; Rise       ; RAM_Control:RAM_Control_Instance|count_200ms[14]                                                                                      ;
; -1.487 ; 1.000        ; 2.487          ; Min Period ; system_clock ; Rise       ; RAM_Control:RAM_Control_Instance|count_200ms[15]                                                                                      ;
; -1.487 ; 1.000        ; 2.487          ; Min Period ; system_clock ; Rise       ; RAM_Control:RAM_Control_Instance|count_200ms[16]                                                                                      ;
; -1.487 ; 1.000        ; 2.487          ; Min Period ; system_clock ; Rise       ; RAM_Control:RAM_Control_Instance|count_200ms[17]                                                                                      ;
; -1.487 ; 1.000        ; 2.487          ; Min Period ; system_clock ; Rise       ; RAM_Control:RAM_Control_Instance|count_200ms[18]                                                                                      ;
; -1.487 ; 1.000        ; 2.487          ; Min Period ; system_clock ; Rise       ; RAM_Control:RAM_Control_Instance|count_200ms[19]                                                                                      ;
; -1.487 ; 1.000        ; 2.487          ; Min Period ; system_clock ; Rise       ; RAM_Control:RAM_Control_Instance|count_200ms[1]                                                                                       ;
; -1.487 ; 1.000        ; 2.487          ; Min Period ; system_clock ; Rise       ; RAM_Control:RAM_Control_Instance|count_200ms[20]                                                                                      ;
; -1.487 ; 1.000        ; 2.487          ; Min Period ; system_clock ; Rise       ; RAM_Control:RAM_Control_Instance|count_200ms[21]                                                                                      ;
; -1.487 ; 1.000        ; 2.487          ; Min Period ; system_clock ; Rise       ; RAM_Control:RAM_Control_Instance|count_200ms[22]                                                                                      ;
; -1.487 ; 1.000        ; 2.487          ; Min Period ; system_clock ; Rise       ; RAM_Control:RAM_Control_Instance|count_200ms[23]                                                                                      ;
; -1.487 ; 1.000        ; 2.487          ; Min Period ; system_clock ; Rise       ; RAM_Control:RAM_Control_Instance|count_200ms[2]                                                                                       ;
; -1.487 ; 1.000        ; 2.487          ; Min Period ; system_clock ; Rise       ; RAM_Control:RAM_Control_Instance|count_200ms[3]                                                                                       ;
; -1.487 ; 1.000        ; 2.487          ; Min Period ; system_clock ; Rise       ; RAM_Control:RAM_Control_Instance|count_200ms[4]                                                                                       ;
; -1.487 ; 1.000        ; 2.487          ; Min Period ; system_clock ; Rise       ; RAM_Control:RAM_Control_Instance|count_200ms[5]                                                                                       ;
; -1.487 ; 1.000        ; 2.487          ; Min Period ; system_clock ; Rise       ; RAM_Control:RAM_Control_Instance|count_200ms[6]                                                                                       ;
; -1.487 ; 1.000        ; 2.487          ; Min Period ; system_clock ; Rise       ; RAM_Control:RAM_Control_Instance|count_200ms[7]                                                                                       ;
; -1.487 ; 1.000        ; 2.487          ; Min Period ; system_clock ; Rise       ; RAM_Control:RAM_Control_Instance|count_200ms[8]                                                                                       ;
; -1.487 ; 1.000        ; 2.487          ; Min Period ; system_clock ; Rise       ; RAM_Control:RAM_Control_Instance|count_200ms[9]                                                                                       ;
; -1.487 ; 1.000        ; 2.487          ; Min Period ; system_clock ; Rise       ; RAM_Control:RAM_Control_Instance|read_enable                                                                                          ;
; -1.487 ; 1.000        ; 2.487          ; Min Period ; system_clock ; Rise       ; RAM_Control:RAM_Control_Instance|write_enable                                                                                         ;
; -1.487 ; 1.000        ; 2.487          ; Min Period ; system_clock ; Rise       ; seg_595_dynamic:seg_595_dynamic_instance|hc595_ctrl:hc595_ctrl|cnt[0]                                                                 ;
; -1.487 ; 1.000        ; 2.487          ; Min Period ; system_clock ; Rise       ; seg_595_dynamic:seg_595_dynamic_instance|hc595_ctrl:hc595_ctrl|cnt[1]                                                                 ;
; -1.487 ; 1.000        ; 2.487          ; Min Period ; system_clock ; Rise       ; seg_595_dynamic:seg_595_dynamic_instance|hc595_ctrl:hc595_ctrl|cnt_bit[0]                                                             ;
; -1.487 ; 1.000        ; 2.487          ; Min Period ; system_clock ; Rise       ; seg_595_dynamic:seg_595_dynamic_instance|hc595_ctrl:hc595_ctrl|cnt_bit[1]                                                             ;
; -1.487 ; 1.000        ; 2.487          ; Min Period ; system_clock ; Rise       ; seg_595_dynamic:seg_595_dynamic_instance|hc595_ctrl:hc595_ctrl|cnt_bit[2]                                                             ;
; -1.487 ; 1.000        ; 2.487          ; Min Period ; system_clock ; Rise       ; seg_595_dynamic:seg_595_dynamic_instance|hc595_ctrl:hc595_ctrl|cnt_bit[3]                                                             ;
; -1.487 ; 1.000        ; 2.487          ; Min Period ; system_clock ; Rise       ; seg_595_dynamic:seg_595_dynamic_instance|hc595_ctrl:hc595_ctrl|ds                                                                     ;
; -1.487 ; 1.000        ; 2.487          ; Min Period ; system_clock ; Rise       ; seg_595_dynamic:seg_595_dynamic_instance|hc595_ctrl:hc595_ctrl|shcp                                                                   ;
; -1.487 ; 1.000        ; 2.487          ; Min Period ; system_clock ; Rise       ; seg_595_dynamic:seg_595_dynamic_instance|hc595_ctrl:hc595_ctrl|stcp                                                                   ;
; -1.487 ; 1.000        ; 2.487          ; Min Period ; system_clock ; Rise       ; seg_595_dynamic:seg_595_dynamic_instance|seg_dynamic:seg_dynamic_inst|bcd_8421:bcd_8421_inst|cnt_shift[1]                             ;
; -1.487 ; 1.000        ; 2.487          ; Min Period ; system_clock ; Rise       ; seg_595_dynamic:seg_595_dynamic_instance|seg_dynamic:seg_dynamic_inst|bcd_8421:bcd_8421_inst|cnt_shift[2]                             ;
+--------+--------------+----------------+------------+--------------+------------+---------------------------------------------------------------------------------------------------------------------------------------+


+-------------------------------------------------------------------------+
; Setup Times                                                             ;
+-----------+--------------+-------+-------+------------+-----------------+
; Data Port ; Clock Port   ; Rise  ; Fall  ; Clock Edge ; Clock Reference ;
+-----------+--------------+-------+-------+------------+-----------------+
; read_key  ; system_clock ; 2.078 ; 2.211 ; Rise       ; system_clock    ;
; write_key ; system_clock ; 1.802 ; 1.886 ; Rise       ; system_clock    ;
+-----------+--------------+-------+-------+------------+-----------------+


+---------------------------------------------------------------------------+
; Hold Times                                                                ;
+-----------+--------------+--------+--------+------------+-----------------+
; Data Port ; Clock Port   ; Rise   ; Fall   ; Clock Edge ; Clock Reference ;
+-----------+--------------+--------+--------+------------+-----------------+
; read_key  ; system_clock ; -0.301 ; -0.559 ; Rise       ; system_clock    ;
; write_key ; system_clock ; 0.346  ; 0.198  ; Rise       ; system_clock    ;
+-----------+--------------+--------+--------+------------+-----------------+


+-------------------------------------------------------------------------+
; Clock to Output Times                                                   ;
+-----------+--------------+-------+-------+------------+-----------------+
; Data Port ; Clock Port   ; Rise  ; Fall  ; Clock Edge ; Clock Reference ;
+-----------+--------------+-------+-------+------------+-----------------+
; ds        ; system_clock ; 8.823 ; 8.608 ; Rise       ; system_clock    ;
; shcp      ; system_clock ; 7.709 ; 7.571 ; Rise       ; system_clock    ;
; stcp      ; system_clock ; 7.641 ; 7.533 ; Rise       ; system_clock    ;
+-----------+--------------+-------+-------+------------+-----------------+


+-------------------------------------------------------------------------+
; Minimum Clock to Output Times                                           ;
+-----------+--------------+-------+-------+------------+-----------------+
; Data Port ; Clock Port   ; Rise  ; Fall  ; Clock Edge ; Clock Reference ;
+-----------+--------------+-------+-------+------------+-----------------+
; ds        ; system_clock ; 8.505 ; 8.298 ; Rise       ; system_clock    ;
; shcp      ; system_clock ; 7.436 ; 7.301 ; Rise       ; system_clock    ;
; stcp      ; system_clock ; 7.375 ; 7.270 ; Rise       ; system_clock    ;
+-----------+--------------+-------+-------+------------+-----------------+


----------------------------------------------
; Slow 1200mV 85C Model Metastability Report ;
----------------------------------------------
No synchronizer chains to report.


+----------------------------------------------------+
; Slow 1200mV 0C Model Fmax Summary                  ;
+------------+-----------------+--------------+------+
; Fmax       ; Restricted Fmax ; Clock Name   ; Note ;
+------------+-----------------+--------------+------+
; 201.78 MHz ; 201.78 MHz      ; system_clock ;      ;
+------------+-----------------+--------------+------+
This panel reports FMAX for every clock in the design, regardless of the user-specified clock periods.  FMAX is only computed for paths where the source and destination registers or ports are driven by the same clock.  Paths of different clocks, including generated clocks, are ignored.  For paths between a clock and its inversion, FMAX is computed as if the rising and falling edges are scaled along with FMAX, such that the duty cycle (in terms of a percentage) is maintained. Altera recommends that you always use clock constraints and other slack reports for sign-off analysis.


+---------------------------------------+
; Slow 1200mV 0C Model Setup Summary    ;
+--------------+--------+---------------+
; Clock        ; Slack  ; End Point TNS ;
+--------------+--------+---------------+
; system_clock ; -3.956 ; -540.782      ;
+--------------+--------+---------------+


+--------------------------------------+
; Slow 1200mV 0C Model Hold Summary    ;
+--------------+-------+---------------+
; Clock        ; Slack ; End Point TNS ;
+--------------+-------+---------------+
; system_clock ; 0.381 ; 0.000         ;
+--------------+-------+---------------+


-----------------------------------------
; Slow 1200mV 0C Model Recovery Summary ;
-----------------------------------------
No paths to report.


----------------------------------------
; Slow 1200mV 0C Model Removal Summary ;
----------------------------------------
No paths to report.


+--------------------------------------------------+
; Slow 1200mV 0C Model Minimum Pulse Width Summary ;
+--------------+--------+--------------------------+
; Clock        ; Slack  ; End Point TNS            ;
+--------------+--------+--------------------------+
; system_clock ; -3.201 ; -371.526                 ;
+--------------+--------+--------------------------+


+-------------------------------------------------------------------------------------------------------------------------------------------------------------------------------------------------------------+
; Slow 1200mV 0C Model Setup: 'system_clock'                                                                                                                                                                  ;
+--------+--------------------------------------------------------------+--------------------------------------------------------------+--------------+--------------+--------------+------------+------------+
; Slack  ; From Node                                                    ; To Node                                                      ; Launch Clock ; Latch Clock  ; Relationship ; Clock Skew ; Data Delay ;
+--------+--------------------------------------------------------------+--------------------------------------------------------------+--------------+--------------+--------------+------------+------------+
; -3.956 ; Button_Debounce:Button_Debounce_Instance_Write|count_20ms[1] ; Button_Debounce:Button_Debounce_Instance_Write|count_20ms[1] ; system_clock ; system_clock ; 1.000        ; -0.074     ; 4.884      ;
; -3.956 ; Button_Debounce:Button_Debounce_Instance_Write|count_20ms[1] ; Button_Debounce:Button_Debounce_Instance_Write|count_20ms[2] ; system_clock ; system_clock ; 1.000        ; -0.074     ; 4.884      ;
; -3.956 ; Button_Debounce:Button_Debounce_Instance_Write|count_20ms[1] ; Button_Debounce:Button_Debounce_Instance_Write|count_20ms[3] ; system_clock ; system_clock ; 1.000        ; -0.074     ; 4.884      ;
; -3.956 ; Button_Debounce:Button_Debounce_Instance_Write|count_20ms[1] ; Button_Debounce:Button_Debounce_Instance_Write|count_20ms[4] ; system_clock ; system_clock ; 1.000        ; -0.074     ; 4.884      ;
; -3.956 ; Button_Debounce:Button_Debounce_Instance_Write|count_20ms[1] ; Button_Debounce:Button_Debounce_Instance_Write|count_20ms[5] ; system_clock ; system_clock ; 1.000        ; -0.074     ; 4.884      ;
; -3.956 ; Button_Debounce:Button_Debounce_Instance_Write|count_20ms[1] ; Button_Debounce:Button_Debounce_Instance_Write|count_20ms[6] ; system_clock ; system_clock ; 1.000        ; -0.074     ; 4.884      ;
; -3.956 ; Button_Debounce:Button_Debounce_Instance_Write|count_20ms[1] ; Button_Debounce:Button_Debounce_Instance_Write|count_20ms[7] ; system_clock ; system_clock ; 1.000        ; -0.074     ; 4.884      ;
; -3.956 ; Button_Debounce:Button_Debounce_Instance_Write|count_20ms[1] ; Button_Debounce:Button_Debounce_Instance_Write|count_20ms[8] ; system_clock ; system_clock ; 1.000        ; -0.074     ; 4.884      ;
; -3.908 ; Button_Debounce:Button_Debounce_Instance_Read|count_20ms[2]  ; Button_Debounce:Button_Debounce_Instance_Read|count_20ms[1]  ; system_clock ; system_clock ; 1.000        ; -0.073     ; 4.837      ;
; -3.908 ; Button_Debounce:Button_Debounce_Instance_Read|count_20ms[2]  ; Button_Debounce:Button_Debounce_Instance_Read|count_20ms[2]  ; system_clock ; system_clock ; 1.000        ; -0.073     ; 4.837      ;
; -3.908 ; Button_Debounce:Button_Debounce_Instance_Read|count_20ms[2]  ; Button_Debounce:Button_Debounce_Instance_Read|count_20ms[3]  ; system_clock ; system_clock ; 1.000        ; -0.073     ; 4.837      ;
; -3.908 ; Button_Debounce:Button_Debounce_Instance_Read|count_20ms[2]  ; Button_Debounce:Button_Debounce_Instance_Read|count_20ms[4]  ; system_clock ; system_clock ; 1.000        ; -0.073     ; 4.837      ;
; -3.908 ; Button_Debounce:Button_Debounce_Instance_Read|count_20ms[2]  ; Button_Debounce:Button_Debounce_Instance_Read|count_20ms[5]  ; system_clock ; system_clock ; 1.000        ; -0.073     ; 4.837      ;
; -3.908 ; Button_Debounce:Button_Debounce_Instance_Read|count_20ms[2]  ; Button_Debounce:Button_Debounce_Instance_Read|count_20ms[6]  ; system_clock ; system_clock ; 1.000        ; -0.073     ; 4.837      ;
; -3.908 ; Button_Debounce:Button_Debounce_Instance_Read|count_20ms[2]  ; Button_Debounce:Button_Debounce_Instance_Read|count_20ms[7]  ; system_clock ; system_clock ; 1.000        ; -0.073     ; 4.837      ;
; -3.908 ; Button_Debounce:Button_Debounce_Instance_Read|count_20ms[2]  ; Button_Debounce:Button_Debounce_Instance_Read|count_20ms[8]  ; system_clock ; system_clock ; 1.000        ; -0.073     ; 4.837      ;
; -3.908 ; Button_Debounce:Button_Debounce_Instance_Read|count_20ms[2]  ; Button_Debounce:Button_Debounce_Instance_Read|count_20ms[9]  ; system_clock ; system_clock ; 1.000        ; -0.073     ; 4.837      ;
; -3.857 ; Button_Debounce:Button_Debounce_Instance_Write|count_20ms[4] ; Button_Debounce:Button_Debounce_Instance_Write|count_20ms[1] ; system_clock ; system_clock ; 1.000        ; -0.074     ; 4.785      ;
; -3.857 ; Button_Debounce:Button_Debounce_Instance_Write|count_20ms[4] ; Button_Debounce:Button_Debounce_Instance_Write|count_20ms[2] ; system_clock ; system_clock ; 1.000        ; -0.074     ; 4.785      ;
; -3.857 ; Button_Debounce:Button_Debounce_Instance_Write|count_20ms[4] ; Button_Debounce:Button_Debounce_Instance_Write|count_20ms[3] ; system_clock ; system_clock ; 1.000        ; -0.074     ; 4.785      ;
; -3.857 ; Button_Debounce:Button_Debounce_Instance_Write|count_20ms[4] ; Button_Debounce:Button_Debounce_Instance_Write|count_20ms[4] ; system_clock ; system_clock ; 1.000        ; -0.074     ; 4.785      ;
; -3.857 ; Button_Debounce:Button_Debounce_Instance_Write|count_20ms[4] ; Button_Debounce:Button_Debounce_Instance_Write|count_20ms[5] ; system_clock ; system_clock ; 1.000        ; -0.074     ; 4.785      ;
; -3.857 ; Button_Debounce:Button_Debounce_Instance_Write|count_20ms[4] ; Button_Debounce:Button_Debounce_Instance_Write|count_20ms[6] ; system_clock ; system_clock ; 1.000        ; -0.074     ; 4.785      ;
; -3.857 ; Button_Debounce:Button_Debounce_Instance_Write|count_20ms[4] ; Button_Debounce:Button_Debounce_Instance_Write|count_20ms[7] ; system_clock ; system_clock ; 1.000        ; -0.074     ; 4.785      ;
; -3.857 ; Button_Debounce:Button_Debounce_Instance_Write|count_20ms[4] ; Button_Debounce:Button_Debounce_Instance_Write|count_20ms[8] ; system_clock ; system_clock ; 1.000        ; -0.074     ; 4.785      ;
; -3.728 ; Button_Debounce:Button_Debounce_Instance_Write|count_20ms[2] ; Button_Debounce:Button_Debounce_Instance_Write|count_20ms[1] ; system_clock ; system_clock ; 1.000        ; -0.074     ; 4.656      ;
; -3.728 ; Button_Debounce:Button_Debounce_Instance_Write|count_20ms[2] ; Button_Debounce:Button_Debounce_Instance_Write|count_20ms[2] ; system_clock ; system_clock ; 1.000        ; -0.074     ; 4.656      ;
; -3.728 ; Button_Debounce:Button_Debounce_Instance_Write|count_20ms[2] ; Button_Debounce:Button_Debounce_Instance_Write|count_20ms[3] ; system_clock ; system_clock ; 1.000        ; -0.074     ; 4.656      ;
; -3.728 ; Button_Debounce:Button_Debounce_Instance_Write|count_20ms[2] ; Button_Debounce:Button_Debounce_Instance_Write|count_20ms[4] ; system_clock ; system_clock ; 1.000        ; -0.074     ; 4.656      ;
; -3.728 ; Button_Debounce:Button_Debounce_Instance_Write|count_20ms[2] ; Button_Debounce:Button_Debounce_Instance_Write|count_20ms[5] ; system_clock ; system_clock ; 1.000        ; -0.074     ; 4.656      ;
; -3.728 ; Button_Debounce:Button_Debounce_Instance_Write|count_20ms[2] ; Button_Debounce:Button_Debounce_Instance_Write|count_20ms[6] ; system_clock ; system_clock ; 1.000        ; -0.074     ; 4.656      ;
; -3.728 ; Button_Debounce:Button_Debounce_Instance_Write|count_20ms[2] ; Button_Debounce:Button_Debounce_Instance_Write|count_20ms[7] ; system_clock ; system_clock ; 1.000        ; -0.074     ; 4.656      ;
; -3.728 ; Button_Debounce:Button_Debounce_Instance_Write|count_20ms[2] ; Button_Debounce:Button_Debounce_Instance_Write|count_20ms[8] ; system_clock ; system_clock ; 1.000        ; -0.074     ; 4.656      ;
; -3.699 ; Button_Debounce:Button_Debounce_Instance_Read|count_20ms[3]  ; Button_Debounce:Button_Debounce_Instance_Read|count_20ms[1]  ; system_clock ; system_clock ; 1.000        ; -0.073     ; 4.628      ;
; -3.699 ; Button_Debounce:Button_Debounce_Instance_Read|count_20ms[3]  ; Button_Debounce:Button_Debounce_Instance_Read|count_20ms[2]  ; system_clock ; system_clock ; 1.000        ; -0.073     ; 4.628      ;
; -3.699 ; Button_Debounce:Button_Debounce_Instance_Read|count_20ms[3]  ; Button_Debounce:Button_Debounce_Instance_Read|count_20ms[3]  ; system_clock ; system_clock ; 1.000        ; -0.073     ; 4.628      ;
; -3.699 ; Button_Debounce:Button_Debounce_Instance_Read|count_20ms[3]  ; Button_Debounce:Button_Debounce_Instance_Read|count_20ms[4]  ; system_clock ; system_clock ; 1.000        ; -0.073     ; 4.628      ;
; -3.699 ; Button_Debounce:Button_Debounce_Instance_Read|count_20ms[3]  ; Button_Debounce:Button_Debounce_Instance_Read|count_20ms[5]  ; system_clock ; system_clock ; 1.000        ; -0.073     ; 4.628      ;
; -3.699 ; Button_Debounce:Button_Debounce_Instance_Read|count_20ms[3]  ; Button_Debounce:Button_Debounce_Instance_Read|count_20ms[6]  ; system_clock ; system_clock ; 1.000        ; -0.073     ; 4.628      ;
; -3.699 ; Button_Debounce:Button_Debounce_Instance_Read|count_20ms[3]  ; Button_Debounce:Button_Debounce_Instance_Read|count_20ms[7]  ; system_clock ; system_clock ; 1.000        ; -0.073     ; 4.628      ;
; -3.699 ; Button_Debounce:Button_Debounce_Instance_Read|count_20ms[3]  ; Button_Debounce:Button_Debounce_Instance_Read|count_20ms[8]  ; system_clock ; system_clock ; 1.000        ; -0.073     ; 4.628      ;
; -3.699 ; Button_Debounce:Button_Debounce_Instance_Read|count_20ms[3]  ; Button_Debounce:Button_Debounce_Instance_Read|count_20ms[9]  ; system_clock ; system_clock ; 1.000        ; -0.073     ; 4.628      ;
; -3.678 ; Button_Debounce:Button_Debounce_Instance_Read|count_20ms[6]  ; Button_Debounce:Button_Debounce_Instance_Read|count_20ms[1]  ; system_clock ; system_clock ; 1.000        ; -0.073     ; 4.607      ;
; -3.678 ; Button_Debounce:Button_Debounce_Instance_Read|count_20ms[6]  ; Button_Debounce:Button_Debounce_Instance_Read|count_20ms[2]  ; system_clock ; system_clock ; 1.000        ; -0.073     ; 4.607      ;
; -3.678 ; Button_Debounce:Button_Debounce_Instance_Read|count_20ms[6]  ; Button_Debounce:Button_Debounce_Instance_Read|count_20ms[3]  ; system_clock ; system_clock ; 1.000        ; -0.073     ; 4.607      ;
; -3.678 ; Button_Debounce:Button_Debounce_Instance_Read|count_20ms[6]  ; Button_Debounce:Button_Debounce_Instance_Read|count_20ms[4]  ; system_clock ; system_clock ; 1.000        ; -0.073     ; 4.607      ;
; -3.678 ; Button_Debounce:Button_Debounce_Instance_Read|count_20ms[6]  ; Button_Debounce:Button_Debounce_Instance_Read|count_20ms[5]  ; system_clock ; system_clock ; 1.000        ; -0.073     ; 4.607      ;
; -3.678 ; Button_Debounce:Button_Debounce_Instance_Read|count_20ms[6]  ; Button_Debounce:Button_Debounce_Instance_Read|count_20ms[6]  ; system_clock ; system_clock ; 1.000        ; -0.073     ; 4.607      ;
; -3.678 ; Button_Debounce:Button_Debounce_Instance_Read|count_20ms[6]  ; Button_Debounce:Button_Debounce_Instance_Read|count_20ms[7]  ; system_clock ; system_clock ; 1.000        ; -0.073     ; 4.607      ;
; -3.678 ; Button_Debounce:Button_Debounce_Instance_Read|count_20ms[6]  ; Button_Debounce:Button_Debounce_Instance_Read|count_20ms[8]  ; system_clock ; system_clock ; 1.000        ; -0.073     ; 4.607      ;
; -3.678 ; Button_Debounce:Button_Debounce_Instance_Read|count_20ms[6]  ; Button_Debounce:Button_Debounce_Instance_Read|count_20ms[9]  ; system_clock ; system_clock ; 1.000        ; -0.073     ; 4.607      ;
; -3.674 ; Button_Debounce:Button_Debounce_Instance_Read|count_20ms[7]  ; Button_Debounce:Button_Debounce_Instance_Read|count_20ms[1]  ; system_clock ; system_clock ; 1.000        ; -0.073     ; 4.603      ;
; -3.674 ; Button_Debounce:Button_Debounce_Instance_Read|count_20ms[7]  ; Button_Debounce:Button_Debounce_Instance_Read|count_20ms[2]  ; system_clock ; system_clock ; 1.000        ; -0.073     ; 4.603      ;
; -3.674 ; Button_Debounce:Button_Debounce_Instance_Read|count_20ms[7]  ; Button_Debounce:Button_Debounce_Instance_Read|count_20ms[3]  ; system_clock ; system_clock ; 1.000        ; -0.073     ; 4.603      ;
; -3.674 ; Button_Debounce:Button_Debounce_Instance_Read|count_20ms[7]  ; Button_Debounce:Button_Debounce_Instance_Read|count_20ms[4]  ; system_clock ; system_clock ; 1.000        ; -0.073     ; 4.603      ;
; -3.674 ; Button_Debounce:Button_Debounce_Instance_Read|count_20ms[7]  ; Button_Debounce:Button_Debounce_Instance_Read|count_20ms[5]  ; system_clock ; system_clock ; 1.000        ; -0.073     ; 4.603      ;
; -3.674 ; Button_Debounce:Button_Debounce_Instance_Read|count_20ms[7]  ; Button_Debounce:Button_Debounce_Instance_Read|count_20ms[6]  ; system_clock ; system_clock ; 1.000        ; -0.073     ; 4.603      ;
; -3.674 ; Button_Debounce:Button_Debounce_Instance_Read|count_20ms[7]  ; Button_Debounce:Button_Debounce_Instance_Read|count_20ms[7]  ; system_clock ; system_clock ; 1.000        ; -0.073     ; 4.603      ;
; -3.674 ; Button_Debounce:Button_Debounce_Instance_Read|count_20ms[7]  ; Button_Debounce:Button_Debounce_Instance_Read|count_20ms[8]  ; system_clock ; system_clock ; 1.000        ; -0.073     ; 4.603      ;
; -3.674 ; Button_Debounce:Button_Debounce_Instance_Read|count_20ms[7]  ; Button_Debounce:Button_Debounce_Instance_Read|count_20ms[9]  ; system_clock ; system_clock ; 1.000        ; -0.073     ; 4.603      ;
; -3.635 ; Button_Debounce:Button_Debounce_Instance_Write|count_20ms[7] ; Button_Debounce:Button_Debounce_Instance_Write|count_20ms[1] ; system_clock ; system_clock ; 1.000        ; -0.074     ; 4.563      ;
; -3.635 ; Button_Debounce:Button_Debounce_Instance_Write|count_20ms[7] ; Button_Debounce:Button_Debounce_Instance_Write|count_20ms[2] ; system_clock ; system_clock ; 1.000        ; -0.074     ; 4.563      ;
; -3.635 ; Button_Debounce:Button_Debounce_Instance_Write|count_20ms[7] ; Button_Debounce:Button_Debounce_Instance_Write|count_20ms[3] ; system_clock ; system_clock ; 1.000        ; -0.074     ; 4.563      ;
; -3.635 ; Button_Debounce:Button_Debounce_Instance_Write|count_20ms[7] ; Button_Debounce:Button_Debounce_Instance_Write|count_20ms[4] ; system_clock ; system_clock ; 1.000        ; -0.074     ; 4.563      ;
; -3.635 ; Button_Debounce:Button_Debounce_Instance_Write|count_20ms[7] ; Button_Debounce:Button_Debounce_Instance_Write|count_20ms[5] ; system_clock ; system_clock ; 1.000        ; -0.074     ; 4.563      ;
; -3.635 ; Button_Debounce:Button_Debounce_Instance_Write|count_20ms[7] ; Button_Debounce:Button_Debounce_Instance_Write|count_20ms[6] ; system_clock ; system_clock ; 1.000        ; -0.074     ; 4.563      ;
; -3.635 ; Button_Debounce:Button_Debounce_Instance_Write|count_20ms[7] ; Button_Debounce:Button_Debounce_Instance_Write|count_20ms[7] ; system_clock ; system_clock ; 1.000        ; -0.074     ; 4.563      ;
; -3.635 ; Button_Debounce:Button_Debounce_Instance_Write|count_20ms[7] ; Button_Debounce:Button_Debounce_Instance_Write|count_20ms[8] ; system_clock ; system_clock ; 1.000        ; -0.074     ; 4.563      ;
; -3.627 ; Button_Debounce:Button_Debounce_Instance_Write|count_20ms[1] ; Button_Debounce:Button_Debounce_Instance_Write|count_20ms[9] ; system_clock ; system_clock ; 1.000        ; -0.073     ; 4.556      ;
; -3.627 ; Button_Debounce:Button_Debounce_Instance_Write|count_20ms[8] ; Button_Debounce:Button_Debounce_Instance_Write|count_20ms[1] ; system_clock ; system_clock ; 1.000        ; -0.074     ; 4.555      ;
; -3.627 ; Button_Debounce:Button_Debounce_Instance_Write|count_20ms[8] ; Button_Debounce:Button_Debounce_Instance_Write|count_20ms[2] ; system_clock ; system_clock ; 1.000        ; -0.074     ; 4.555      ;
; -3.627 ; Button_Debounce:Button_Debounce_Instance_Write|count_20ms[8] ; Button_Debounce:Button_Debounce_Instance_Write|count_20ms[3] ; system_clock ; system_clock ; 1.000        ; -0.074     ; 4.555      ;
; -3.627 ; Button_Debounce:Button_Debounce_Instance_Write|count_20ms[8] ; Button_Debounce:Button_Debounce_Instance_Write|count_20ms[4] ; system_clock ; system_clock ; 1.000        ; -0.074     ; 4.555      ;
; -3.627 ; Button_Debounce:Button_Debounce_Instance_Write|count_20ms[8] ; Button_Debounce:Button_Debounce_Instance_Write|count_20ms[5] ; system_clock ; system_clock ; 1.000        ; -0.074     ; 4.555      ;
; -3.627 ; Button_Debounce:Button_Debounce_Instance_Write|count_20ms[8] ; Button_Debounce:Button_Debounce_Instance_Write|count_20ms[6] ; system_clock ; system_clock ; 1.000        ; -0.074     ; 4.555      ;
; -3.627 ; Button_Debounce:Button_Debounce_Instance_Write|count_20ms[8] ; Button_Debounce:Button_Debounce_Instance_Write|count_20ms[7] ; system_clock ; system_clock ; 1.000        ; -0.074     ; 4.555      ;
; -3.627 ; Button_Debounce:Button_Debounce_Instance_Write|count_20ms[8] ; Button_Debounce:Button_Debounce_Instance_Write|count_20ms[8] ; system_clock ; system_clock ; 1.000        ; -0.074     ; 4.555      ;
; -3.608 ; Button_Debounce:Button_Debounce_Instance_Read|count_20ms[9]  ; Button_Debounce:Button_Debounce_Instance_Read|count_20ms[1]  ; system_clock ; system_clock ; 1.000        ; -0.073     ; 4.537      ;
; -3.608 ; Button_Debounce:Button_Debounce_Instance_Read|count_20ms[9]  ; Button_Debounce:Button_Debounce_Instance_Read|count_20ms[2]  ; system_clock ; system_clock ; 1.000        ; -0.073     ; 4.537      ;
; -3.608 ; Button_Debounce:Button_Debounce_Instance_Read|count_20ms[9]  ; Button_Debounce:Button_Debounce_Instance_Read|count_20ms[3]  ; system_clock ; system_clock ; 1.000        ; -0.073     ; 4.537      ;
; -3.608 ; Button_Debounce:Button_Debounce_Instance_Read|count_20ms[9]  ; Button_Debounce:Button_Debounce_Instance_Read|count_20ms[4]  ; system_clock ; system_clock ; 1.000        ; -0.073     ; 4.537      ;
; -3.608 ; Button_Debounce:Button_Debounce_Instance_Read|count_20ms[9]  ; Button_Debounce:Button_Debounce_Instance_Read|count_20ms[5]  ; system_clock ; system_clock ; 1.000        ; -0.073     ; 4.537      ;
; -3.608 ; Button_Debounce:Button_Debounce_Instance_Read|count_20ms[9]  ; Button_Debounce:Button_Debounce_Instance_Read|count_20ms[6]  ; system_clock ; system_clock ; 1.000        ; -0.073     ; 4.537      ;
; -3.608 ; Button_Debounce:Button_Debounce_Instance_Read|count_20ms[9]  ; Button_Debounce:Button_Debounce_Instance_Read|count_20ms[7]  ; system_clock ; system_clock ; 1.000        ; -0.073     ; 4.537      ;
; -3.608 ; Button_Debounce:Button_Debounce_Instance_Read|count_20ms[9]  ; Button_Debounce:Button_Debounce_Instance_Read|count_20ms[8]  ; system_clock ; system_clock ; 1.000        ; -0.073     ; 4.537      ;
; -3.608 ; Button_Debounce:Button_Debounce_Instance_Read|count_20ms[9]  ; Button_Debounce:Button_Debounce_Instance_Read|count_20ms[9]  ; system_clock ; system_clock ; 1.000        ; -0.073     ; 4.537      ;
; -3.586 ; Button_Debounce:Button_Debounce_Instance_Read|count_20ms[1]  ; Button_Debounce:Button_Debounce_Instance_Read|count_20ms[1]  ; system_clock ; system_clock ; 1.000        ; -0.073     ; 4.515      ;
; -3.586 ; Button_Debounce:Button_Debounce_Instance_Read|count_20ms[1]  ; Button_Debounce:Button_Debounce_Instance_Read|count_20ms[2]  ; system_clock ; system_clock ; 1.000        ; -0.073     ; 4.515      ;
; -3.586 ; Button_Debounce:Button_Debounce_Instance_Read|count_20ms[1]  ; Button_Debounce:Button_Debounce_Instance_Read|count_20ms[3]  ; system_clock ; system_clock ; 1.000        ; -0.073     ; 4.515      ;
; -3.586 ; Button_Debounce:Button_Debounce_Instance_Read|count_20ms[1]  ; Button_Debounce:Button_Debounce_Instance_Read|count_20ms[4]  ; system_clock ; system_clock ; 1.000        ; -0.073     ; 4.515      ;
; -3.586 ; Button_Debounce:Button_Debounce_Instance_Read|count_20ms[1]  ; Button_Debounce:Button_Debounce_Instance_Read|count_20ms[5]  ; system_clock ; system_clock ; 1.000        ; -0.073     ; 4.515      ;
; -3.586 ; Button_Debounce:Button_Debounce_Instance_Read|count_20ms[1]  ; Button_Debounce:Button_Debounce_Instance_Read|count_20ms[6]  ; system_clock ; system_clock ; 1.000        ; -0.073     ; 4.515      ;
; -3.586 ; Button_Debounce:Button_Debounce_Instance_Read|count_20ms[1]  ; Button_Debounce:Button_Debounce_Instance_Read|count_20ms[7]  ; system_clock ; system_clock ; 1.000        ; -0.073     ; 4.515      ;
; -3.586 ; Button_Debounce:Button_Debounce_Instance_Read|count_20ms[1]  ; Button_Debounce:Button_Debounce_Instance_Read|count_20ms[8]  ; system_clock ; system_clock ; 1.000        ; -0.073     ; 4.515      ;
; -3.586 ; Button_Debounce:Button_Debounce_Instance_Read|count_20ms[1]  ; Button_Debounce:Button_Debounce_Instance_Read|count_20ms[9]  ; system_clock ; system_clock ; 1.000        ; -0.073     ; 4.515      ;
; -3.544 ; Button_Debounce:Button_Debounce_Instance_Write|count_20ms[1] ; Button_Debounce:Button_Debounce_Instance_Write|count_20ms[0] ; system_clock ; system_clock ; 1.000        ; 0.338      ; 4.884      ;
; -3.528 ; Button_Debounce:Button_Debounce_Instance_Write|count_20ms[4] ; Button_Debounce:Button_Debounce_Instance_Write|count_20ms[9] ; system_clock ; system_clock ; 1.000        ; -0.073     ; 4.457      ;
; -3.503 ; Button_Debounce:Button_Debounce_Instance_Read|count_20ms[2]  ; Button_Debounce:Button_Debounce_Instance_Read|count_20ms[0]  ; system_clock ; system_clock ; 1.000        ; 0.332      ; 4.837      ;
; -3.497 ; Button_Debounce:Button_Debounce_Instance_Write|count_20ms[3] ; Button_Debounce:Button_Debounce_Instance_Write|count_20ms[1] ; system_clock ; system_clock ; 1.000        ; -0.074     ; 4.425      ;
; -3.497 ; Button_Debounce:Button_Debounce_Instance_Write|count_20ms[3] ; Button_Debounce:Button_Debounce_Instance_Write|count_20ms[2] ; system_clock ; system_clock ; 1.000        ; -0.074     ; 4.425      ;
+--------+--------------------------------------------------------------+--------------------------------------------------------------+--------------+--------------+--------------+------------+------------+


+------------------------------------------------------------------------------------------------------------------------------------------------------------------------------------------------------------------------------------------------------------------------------------------------------------------------------+
; Slow 1200mV 0C Model Hold: 'system_clock'                                                                                                                                                                                                                                                                                    ;
+-------+-------------------------------------------------------------------------------------------------------------+---------------------------------------------------------------------------------------------------------------------------------+--------------+--------------+--------------+------------+------------+
; Slack ; From Node                                                                                                   ; To Node                                                                                                                         ; Launch Clock ; Latch Clock  ; Relationship ; Clock Skew ; Data Delay ;
+-------+-------------------------------------------------------------------------------------------------------------+---------------------------------------------------------------------------------------------------------------------------------+--------------+--------------+--------------+------------+------------+
; 0.381 ; RAM_Control:RAM_Control_Instance|address[1]                                                                 ; RAM_Control:RAM_Control_Instance|address[1]                                                                                     ; system_clock ; system_clock ; 0.000        ; 0.093      ; 0.669      ;
; 0.381 ; RAM_Control:RAM_Control_Instance|address[2]                                                                 ; RAM_Control:RAM_Control_Instance|address[2]                                                                                     ; system_clock ; system_clock ; 0.000        ; 0.093      ; 0.669      ;
; 0.381 ; RAM_Control:RAM_Control_Instance|address[3]                                                                 ; RAM_Control:RAM_Control_Instance|address[3]                                                                                     ; system_clock ; system_clock ; 0.000        ; 0.093      ; 0.669      ;
; 0.381 ; RAM_Control:RAM_Control_Instance|address[0]                                                                 ; RAM_Control:RAM_Control_Instance|address[0]                                                                                     ; system_clock ; system_clock ; 0.000        ; 0.093      ; 0.669      ;
; 0.382 ; RAM_Control:RAM_Control_Instance|address[4]                                                                 ; RAM_Control:RAM_Control_Instance|address[4]                                                                                     ; system_clock ; system_clock ; 0.000        ; 0.092      ; 0.669      ;
; 0.382 ; RAM_Control:RAM_Control_Instance|address[5]                                                                 ; RAM_Control:RAM_Control_Instance|address[5]                                                                                     ; system_clock ; system_clock ; 0.000        ; 0.092      ; 0.669      ;
; 0.382 ; RAM_Control:RAM_Control_Instance|address[6]                                                                 ; RAM_Control:RAM_Control_Instance|address[6]                                                                                     ; system_clock ; system_clock ; 0.000        ; 0.092      ; 0.669      ;
; 0.382 ; RAM_Control:RAM_Control_Instance|address[7]                                                                 ; RAM_Control:RAM_Control_Instance|address[7]                                                                                     ; system_clock ; system_clock ; 0.000        ; 0.092      ; 0.669      ;
; 0.382 ; seg_595_dynamic:seg_595_dynamic_instance|seg_dynamic:seg_dynamic_inst|bcd_8421:bcd_8421_inst|data_shift[29] ; seg_595_dynamic:seg_595_dynamic_instance|seg_dynamic:seg_dynamic_inst|bcd_8421:bcd_8421_inst|data_shift[29]                     ; system_clock ; system_clock ; 0.000        ; 0.092      ; 0.669      ;
; 0.397 ; seg_595_dynamic:seg_595_dynamic_instance|seg_dynamic:seg_dynamic_inst|bcd_8421:bcd_8421_inst|data_shift[28] ; seg_595_dynamic:seg_595_dynamic_instance|seg_dynamic:seg_dynamic_inst|bcd_8421:bcd_8421_inst|data_shift[28]                     ; system_clock ; system_clock ; 0.000        ; 0.092      ; 0.684      ;
; 0.400 ; RAM_Control:RAM_Control_Instance|read_enable                                                                ; RAM_Control:RAM_Control_Instance|read_enable                                                                                    ; system_clock ; system_clock ; 0.000        ; 0.074      ; 0.669      ;
; 0.400 ; RAM_Control:RAM_Control_Instance|write_enable                                                               ; RAM_Control:RAM_Control_Instance|write_enable                                                                                   ; system_clock ; system_clock ; 0.000        ; 0.074      ; 0.669      ;
; 0.400 ; seg_595_dynamic:seg_595_dynamic_instance|seg_dynamic:seg_dynamic_inst|bcd_8421:bcd_8421_inst|data_shift[0]  ; seg_595_dynamic:seg_595_dynamic_instance|seg_dynamic:seg_dynamic_inst|bcd_8421:bcd_8421_inst|data_shift[0]                      ; system_clock ; system_clock ; 0.000        ; 0.074      ; 0.669      ;
; 0.400 ; seg_595_dynamic:seg_595_dynamic_instance|seg_dynamic:seg_dynamic_inst|bcd_8421:bcd_8421_inst|data_shift[22] ; seg_595_dynamic:seg_595_dynamic_instance|seg_dynamic:seg_dynamic_inst|bcd_8421:bcd_8421_inst|data_shift[22]                     ; system_clock ; system_clock ; 0.000        ; 0.074      ; 0.669      ;
; 0.400 ; seg_595_dynamic:seg_595_dynamic_instance|seg_dynamic:seg_dynamic_inst|bcd_8421:bcd_8421_inst|data_shift[23] ; seg_595_dynamic:seg_595_dynamic_instance|seg_dynamic:seg_dynamic_inst|bcd_8421:bcd_8421_inst|data_shift[23]                     ; system_clock ; system_clock ; 0.000        ; 0.074      ; 0.669      ;
; 0.400 ; seg_595_dynamic:seg_595_dynamic_instance|seg_dynamic:seg_dynamic_inst|bcd_8421:bcd_8421_inst|data_shift[25] ; seg_595_dynamic:seg_595_dynamic_instance|seg_dynamic:seg_dynamic_inst|bcd_8421:bcd_8421_inst|data_shift[25]                     ; system_clock ; system_clock ; 0.000        ; 0.074      ; 0.669      ;
; 0.400 ; seg_595_dynamic:seg_595_dynamic_instance|seg_dynamic:seg_dynamic_inst|bcd_8421:bcd_8421_inst|data_shift[26] ; seg_595_dynamic:seg_595_dynamic_instance|seg_dynamic:seg_dynamic_inst|bcd_8421:bcd_8421_inst|data_shift[26]                     ; system_clock ; system_clock ; 0.000        ; 0.074      ; 0.669      ;
; 0.400 ; seg_595_dynamic:seg_595_dynamic_instance|seg_dynamic:seg_dynamic_inst|bcd_8421:bcd_8421_inst|data_shift[30] ; seg_595_dynamic:seg_595_dynamic_instance|seg_dynamic:seg_dynamic_inst|bcd_8421:bcd_8421_inst|data_shift[30]                     ; system_clock ; system_clock ; 0.000        ; 0.074      ; 0.669      ;
; 0.400 ; seg_595_dynamic:seg_595_dynamic_instance|seg_dynamic:seg_dynamic_inst|bcd_8421:bcd_8421_inst|data_shift[31] ; seg_595_dynamic:seg_595_dynamic_instance|seg_dynamic:seg_dynamic_inst|bcd_8421:bcd_8421_inst|data_shift[31]                     ; system_clock ; system_clock ; 0.000        ; 0.074      ; 0.669      ;
; 0.400 ; seg_595_dynamic:seg_595_dynamic_instance|seg_dynamic:seg_dynamic_inst|bcd_8421:bcd_8421_inst|data_shift[33] ; seg_595_dynamic:seg_595_dynamic_instance|seg_dynamic:seg_dynamic_inst|bcd_8421:bcd_8421_inst|data_shift[33]                     ; system_clock ; system_clock ; 0.000        ; 0.074      ; 0.669      ;
; 0.400 ; seg_595_dynamic:seg_595_dynamic_instance|seg_dynamic:seg_dynamic_inst|bcd_8421:bcd_8421_inst|data_shift[34] ; seg_595_dynamic:seg_595_dynamic_instance|seg_dynamic:seg_dynamic_inst|bcd_8421:bcd_8421_inst|data_shift[34]                     ; system_clock ; system_clock ; 0.000        ; 0.074      ; 0.669      ;
; 0.400 ; seg_595_dynamic:seg_595_dynamic_instance|seg_dynamic:seg_dynamic_inst|bcd_8421:bcd_8421_inst|data_shift[35] ; seg_595_dynamic:seg_595_dynamic_instance|seg_dynamic:seg_dynamic_inst|bcd_8421:bcd_8421_inst|data_shift[35]                     ; system_clock ; system_clock ; 0.000        ; 0.074      ; 0.669      ;
; 0.400 ; seg_595_dynamic:seg_595_dynamic_instance|seg_dynamic:seg_dynamic_inst|bcd_8421:bcd_8421_inst|data_shift[42] ; seg_595_dynamic:seg_595_dynamic_instance|seg_dynamic:seg_dynamic_inst|bcd_8421:bcd_8421_inst|data_shift[42]                     ; system_clock ; system_clock ; 0.000        ; 0.074      ; 0.669      ;
; 0.400 ; seg_595_dynamic:seg_595_dynamic_instance|seg_dynamic:seg_dynamic_inst|bcd_8421:bcd_8421_inst|data_shift[43] ; seg_595_dynamic:seg_595_dynamic_instance|seg_dynamic:seg_dynamic_inst|bcd_8421:bcd_8421_inst|data_shift[43]                     ; system_clock ; system_clock ; 0.000        ; 0.074      ; 0.669      ;
; 0.400 ; seg_595_dynamic:seg_595_dynamic_instance|seg_dynamic:seg_dynamic_inst|bcd_8421:bcd_8421_inst|data_shift[41] ; seg_595_dynamic:seg_595_dynamic_instance|seg_dynamic:seg_dynamic_inst|bcd_8421:bcd_8421_inst|data_shift[41]                     ; system_clock ; system_clock ; 0.000        ; 0.074      ; 0.669      ;
; 0.400 ; seg_595_dynamic:seg_595_dynamic_instance|hc595_ctrl:hc595_ctrl|shcp                                         ; seg_595_dynamic:seg_595_dynamic_instance|hc595_ctrl:hc595_ctrl|shcp                                                             ; system_clock ; system_clock ; 0.000        ; 0.074      ; 0.669      ;
; 0.401 ; seg_595_dynamic:seg_595_dynamic_instance|hc595_ctrl:hc595_ctrl|cnt_bit[0]                                   ; seg_595_dynamic:seg_595_dynamic_instance|hc595_ctrl:hc595_ctrl|cnt_bit[0]                                                       ; system_clock ; system_clock ; 0.000        ; 0.073      ; 0.669      ;
; 0.401 ; seg_595_dynamic:seg_595_dynamic_instance|hc595_ctrl:hc595_ctrl|cnt_bit[1]                                   ; seg_595_dynamic:seg_595_dynamic_instance|hc595_ctrl:hc595_ctrl|cnt_bit[1]                                                       ; system_clock ; system_clock ; 0.000        ; 0.073      ; 0.669      ;
; 0.401 ; seg_595_dynamic:seg_595_dynamic_instance|hc595_ctrl:hc595_ctrl|cnt_bit[2]                                   ; seg_595_dynamic:seg_595_dynamic_instance|hc595_ctrl:hc595_ctrl|cnt_bit[2]                                                       ; system_clock ; system_clock ; 0.000        ; 0.073      ; 0.669      ;
; 0.401 ; seg_595_dynamic:seg_595_dynamic_instance|seg_dynamic:seg_dynamic_inst|bcd_8421:bcd_8421_inst|data_shift[21] ; seg_595_dynamic:seg_595_dynamic_instance|seg_dynamic:seg_dynamic_inst|bcd_8421:bcd_8421_inst|data_shift[21]                     ; system_clock ; system_clock ; 0.000        ; 0.073      ; 0.669      ;
; 0.401 ; seg_595_dynamic:seg_595_dynamic_instance|seg_dynamic:seg_dynamic_inst|bcd_8421:bcd_8421_inst|data_shift[27] ; seg_595_dynamic:seg_595_dynamic_instance|seg_dynamic:seg_dynamic_inst|bcd_8421:bcd_8421_inst|data_shift[27]                     ; system_clock ; system_clock ; 0.000        ; 0.073      ; 0.669      ;
; 0.401 ; seg_595_dynamic:seg_595_dynamic_instance|seg_dynamic:seg_dynamic_inst|bcd_8421:bcd_8421_inst|data_shift[37] ; seg_595_dynamic:seg_595_dynamic_instance|seg_dynamic:seg_dynamic_inst|bcd_8421:bcd_8421_inst|data_shift[37]                     ; system_clock ; system_clock ; 0.000        ; 0.073      ; 0.669      ;
; 0.401 ; seg_595_dynamic:seg_595_dynamic_instance|seg_dynamic:seg_dynamic_inst|bcd_8421:bcd_8421_inst|data_shift[38] ; seg_595_dynamic:seg_595_dynamic_instance|seg_dynamic:seg_dynamic_inst|bcd_8421:bcd_8421_inst|data_shift[38]                     ; system_clock ; system_clock ; 0.000        ; 0.073      ; 0.669      ;
; 0.401 ; seg_595_dynamic:seg_595_dynamic_instance|seg_dynamic:seg_dynamic_inst|bcd_8421:bcd_8421_inst|data_shift[39] ; seg_595_dynamic:seg_595_dynamic_instance|seg_dynamic:seg_dynamic_inst|bcd_8421:bcd_8421_inst|data_shift[39]                     ; system_clock ; system_clock ; 0.000        ; 0.073      ; 0.669      ;
; 0.401 ; seg_595_dynamic:seg_595_dynamic_instance|hc595_ctrl:hc595_ctrl|stcp                                         ; seg_595_dynamic:seg_595_dynamic_instance|hc595_ctrl:hc595_ctrl|stcp                                                             ; system_clock ; system_clock ; 0.000        ; 0.073      ; 0.669      ;
; 0.402 ; seg_595_dynamic:seg_595_dynamic_instance|hc595_ctrl:hc595_ctrl|cnt_bit[3]                                   ; seg_595_dynamic:seg_595_dynamic_instance|hc595_ctrl:hc595_ctrl|cnt_bit[3]                                                       ; system_clock ; system_clock ; 0.000        ; 0.072      ; 0.669      ;
; 0.402 ; seg_595_dynamic:seg_595_dynamic_instance|seg_dynamic:seg_dynamic_inst|cnt_sel[2]                            ; seg_595_dynamic:seg_595_dynamic_instance|seg_dynamic:seg_dynamic_inst|cnt_sel[2]                                                ; system_clock ; system_clock ; 0.000        ; 0.072      ; 0.669      ;
; 0.402 ; seg_595_dynamic:seg_595_dynamic_instance|seg_dynamic:seg_dynamic_inst|cnt_sel[1]                            ; seg_595_dynamic:seg_595_dynamic_instance|seg_dynamic:seg_dynamic_inst|cnt_sel[1]                                                ; system_clock ; system_clock ; 0.000        ; 0.072      ; 0.669      ;
; 0.402 ; seg_595_dynamic:seg_595_dynamic_instance|seg_dynamic:seg_dynamic_inst|sel_reg[0]                            ; seg_595_dynamic:seg_595_dynamic_instance|seg_dynamic:seg_dynamic_inst|sel_reg[0]                                                ; system_clock ; system_clock ; 0.000        ; 0.072      ; 0.669      ;
; 0.402 ; seg_595_dynamic:seg_595_dynamic_instance|hc595_ctrl:hc595_ctrl|ds                                           ; seg_595_dynamic:seg_595_dynamic_instance|hc595_ctrl:hc595_ctrl|ds                                                               ; system_clock ; system_clock ; 0.000        ; 0.072      ; 0.669      ;
; 0.415 ; seg_595_dynamic:seg_595_dynamic_instance|seg_dynamic:seg_dynamic_inst|bcd_8421:bcd_8421_inst|data_shift[24] ; seg_595_dynamic:seg_595_dynamic_instance|seg_dynamic:seg_dynamic_inst|bcd_8421:bcd_8421_inst|data_shift[24]                     ; system_clock ; system_clock ; 0.000        ; 0.074      ; 0.684      ;
; 0.415 ; seg_595_dynamic:seg_595_dynamic_instance|seg_dynamic:seg_dynamic_inst|bcd_8421:bcd_8421_inst|data_shift[32] ; seg_595_dynamic:seg_595_dynamic_instance|seg_dynamic:seg_dynamic_inst|bcd_8421:bcd_8421_inst|data_shift[32]                     ; system_clock ; system_clock ; 0.000        ; 0.074      ; 0.684      ;
; 0.415 ; seg_595_dynamic:seg_595_dynamic_instance|seg_dynamic:seg_dynamic_inst|bcd_8421:bcd_8421_inst|data_shift[40] ; seg_595_dynamic:seg_595_dynamic_instance|seg_dynamic:seg_dynamic_inst|bcd_8421:bcd_8421_inst|data_shift[40]                     ; system_clock ; system_clock ; 0.000        ; 0.074      ; 0.684      ;
; 0.416 ; seg_595_dynamic:seg_595_dynamic_instance|hc595_ctrl:hc595_ctrl|cnt[0]                                       ; seg_595_dynamic:seg_595_dynamic_instance|hc595_ctrl:hc595_ctrl|cnt[0]                                                           ; system_clock ; system_clock ; 0.000        ; 0.073      ; 0.684      ;
; 0.416 ; seg_595_dynamic:seg_595_dynamic_instance|seg_dynamic:seg_dynamic_inst|bcd_8421:bcd_8421_inst|data_shift[20] ; seg_595_dynamic:seg_595_dynamic_instance|seg_dynamic:seg_dynamic_inst|bcd_8421:bcd_8421_inst|data_shift[20]                     ; system_clock ; system_clock ; 0.000        ; 0.073      ; 0.684      ;
; 0.416 ; seg_595_dynamic:seg_595_dynamic_instance|seg_dynamic:seg_dynamic_inst|bcd_8421:bcd_8421_inst|data_shift[36] ; seg_595_dynamic:seg_595_dynamic_instance|seg_dynamic:seg_dynamic_inst|bcd_8421:bcd_8421_inst|data_shift[36]                     ; system_clock ; system_clock ; 0.000        ; 0.073      ; 0.684      ;
; 0.417 ; seg_595_dynamic:seg_595_dynamic_instance|seg_dynamic:seg_dynamic_inst|cnt_sel[0]                            ; seg_595_dynamic:seg_595_dynamic_instance|seg_dynamic:seg_dynamic_inst|cnt_sel[0]                                                ; system_clock ; system_clock ; 0.000        ; 0.072      ; 0.684      ;
; 0.476 ; seg_595_dynamic:seg_595_dynamic_instance|seg_dynamic:seg_dynamic_inst|bcd_8421:bcd_8421_inst|h_hun[3]       ; seg_595_dynamic:seg_595_dynamic_instance|seg_dynamic:seg_dynamic_inst|data_reg[20]                                              ; system_clock ; system_clock ; 0.000        ; 0.073      ; 0.744      ;
; 0.487 ; seg_595_dynamic:seg_595_dynamic_instance|seg_dynamic:seg_dynamic_inst|bcd_8421:bcd_8421_inst|h_hun[2]       ; seg_595_dynamic:seg_595_dynamic_instance|seg_dynamic:seg_dynamic_inst|data_reg[23]                                              ; system_clock ; system_clock ; 0.000        ; 0.073      ; 0.755      ;
; 0.500 ; seg_595_dynamic:seg_595_dynamic_instance|seg_dynamic:seg_dynamic_inst|bcd_8421:bcd_8421_inst|data_shift[20] ; seg_595_dynamic:seg_595_dynamic_instance|seg_dynamic:seg_dynamic_inst|bcd_8421:bcd_8421_inst|unit[0]                            ; system_clock ; system_clock ; 0.000        ; 0.073      ; 0.768      ;
; 0.549 ; RAM_Control:RAM_Control_Instance|count_200ms[16]                                                            ; RAM_Control:RAM_Control_Instance|count_200ms[17]                                                                                ; system_clock ; system_clock ; 0.000        ; 0.540      ; 1.284      ;
; 0.551 ; RAM_Control:RAM_Control_Instance|count_200ms[20]                                                            ; RAM_Control:RAM_Control_Instance|count_200ms[21]                                                                                ; system_clock ; system_clock ; 0.000        ; 0.540      ; 1.286      ;
; 0.563 ; RAM_Control:RAM_Control_Instance|count_200ms[22]                                                            ; RAM_Control:RAM_Control_Instance|count_200ms[23]                                                                                ; system_clock ; system_clock ; 0.000        ; 0.540      ; 1.298      ;
; 0.564 ; RAM_Control:RAM_Control_Instance|count_200ms[16]                                                            ; RAM_Control:RAM_Control_Instance|count_200ms[18]                                                                                ; system_clock ; system_clock ; 0.000        ; 0.540      ; 1.299      ;
; 0.585 ; Button_Debounce:Button_Debounce_Instance_Write|count_20ms[16]                                               ; Button_Debounce:Button_Debounce_Instance_Write|count_20ms[17]                                                                   ; system_clock ; system_clock ; 0.000        ; 0.502      ; 1.282      ;
; 0.598 ; Button_Debounce:Button_Debounce_Instance_Read|count_20ms[16]                                                ; Button_Debounce:Button_Debounce_Instance_Read|count_20ms[17]                                                                    ; system_clock ; system_clock ; 0.000        ; 0.502      ; 1.295      ;
; 0.598 ; seg_595_dynamic:seg_595_dynamic_instance|seg_dynamic:seg_dynamic_inst|bcd_8421:bcd_8421_inst|data_shift[1]  ; seg_595_dynamic:seg_595_dynamic_instance|seg_dynamic:seg_dynamic_inst|bcd_8421:bcd_8421_inst|data_shift[2]                      ; system_clock ; system_clock ; 0.000        ; 0.073      ; 0.866      ;
; 0.599 ; seg_595_dynamic:seg_595_dynamic_instance|seg_dynamic:seg_dynamic_inst|bcd_8421:bcd_8421_inst|data_shift[2]  ; seg_595_dynamic:seg_595_dynamic_instance|seg_dynamic:seg_dynamic_inst|bcd_8421:bcd_8421_inst|data_shift[3]                      ; system_clock ; system_clock ; 0.000        ; 0.073      ; 0.867      ;
; 0.599 ; seg_595_dynamic:seg_595_dynamic_instance|seg_dynamic:seg_dynamic_inst|bcd_8421:bcd_8421_inst|data_shift[5]  ; seg_595_dynamic:seg_595_dynamic_instance|seg_dynamic:seg_dynamic_inst|bcd_8421:bcd_8421_inst|data_shift[6]                      ; system_clock ; system_clock ; 0.000        ; 0.073      ; 0.867      ;
; 0.599 ; seg_595_dynamic:seg_595_dynamic_instance|seg_dynamic:seg_dynamic_inst|bcd_8421:bcd_8421_inst|h_hun[1]       ; seg_595_dynamic:seg_595_dynamic_instance|seg_dynamic:seg_dynamic_inst|data_reg[23]                                              ; system_clock ; system_clock ; 0.000        ; 0.073      ; 0.867      ;
; 0.600 ; seg_595_dynamic:seg_595_dynamic_instance|seg_dynamic:seg_dynamic_inst|bcd_8421:bcd_8421_inst|data_shift[13] ; seg_595_dynamic:seg_595_dynamic_instance|seg_dynamic:seg_dynamic_inst|bcd_8421:bcd_8421_inst|data_shift[14]                     ; system_clock ; system_clock ; 0.000        ; 0.073      ; 0.868      ;
; 0.601 ; seg_595_dynamic:seg_595_dynamic_instance|seg_dynamic:seg_dynamic_inst|bcd_8421:bcd_8421_inst|data_shift[9]  ; seg_595_dynamic:seg_595_dynamic_instance|seg_dynamic:seg_dynamic_inst|bcd_8421:bcd_8421_inst|data_shift[10]                     ; system_clock ; system_clock ; 0.000        ; 0.073      ; 0.869      ;
; 0.603 ; seg_595_dynamic:seg_595_dynamic_instance|seg_dynamic:seg_dynamic_inst|bcd_8421:bcd_8421_inst|data_shift[18] ; seg_595_dynamic:seg_595_dynamic_instance|seg_dynamic:seg_dynamic_inst|bcd_8421:bcd_8421_inst|data_shift[19]                     ; system_clock ; system_clock ; 0.000        ; 0.073      ; 0.871      ;
; 0.613 ; Button_Debounce:Button_Debounce_Instance_Read|count_20ms[16]                                                ; Button_Debounce:Button_Debounce_Instance_Read|count_20ms[18]                                                                    ; system_clock ; system_clock ; 0.000        ; 0.502      ; 1.310      ;
; 0.620 ; RAM_Control:RAM_Control_Instance|read_enable                                                                ; ram_8x256_single:ram_8x256_single_inst|altsyncram:altsyncram_component|altsyncram_kmg1:auto_generated|ram_block1a0~porta_re_reg ; system_clock ; system_clock ; 0.000        ; 0.418      ; 1.268      ;
; 0.620 ; seg_595_dynamic:seg_595_dynamic_instance|seg_dynamic:seg_dynamic_inst|bcd_8421:bcd_8421_inst|data_shift[21] ; seg_595_dynamic:seg_595_dynamic_instance|seg_dynamic:seg_dynamic_inst|bcd_8421:bcd_8421_inst|unit[1]                            ; system_clock ; system_clock ; 0.000        ; 0.073      ; 0.888      ;
; 0.623 ; seg_595_dynamic:seg_595_dynamic_instance|seg_dynamic:seg_dynamic_inst|sel_reg[0]                            ; seg_595_dynamic:seg_595_dynamic_instance|seg_dynamic:seg_dynamic_inst|sel_reg[1]                                                ; system_clock ; system_clock ; 0.000        ; 0.072      ; 0.890      ;
; 0.623 ; seg_595_dynamic:seg_595_dynamic_instance|seg_dynamic:seg_dynamic_inst|sel_reg[2]                            ; seg_595_dynamic:seg_595_dynamic_instance|seg_dynamic:seg_dynamic_inst|sel_reg[3]                                                ; system_clock ; system_clock ; 0.000        ; 0.072      ; 0.890      ;
; 0.627 ; seg_595_dynamic:seg_595_dynamic_instance|seg_dynamic:seg_dynamic_inst|cnt_sel[2]                            ; seg_595_dynamic:seg_595_dynamic_instance|seg_dynamic:seg_dynamic_inst|data_disp[2]                                              ; system_clock ; system_clock ; 0.000        ; 0.072      ; 0.894      ;
; 0.632 ; seg_595_dynamic:seg_595_dynamic_instance|seg_dynamic:seg_dynamic_inst|bcd_8421:bcd_8421_inst|ten[2]         ; seg_595_dynamic:seg_595_dynamic_instance|seg_dynamic:seg_dynamic_inst|data_reg[6]                                               ; system_clock ; system_clock ; 0.000        ; 0.070      ; 0.897      ;
; 0.635 ; seg_595_dynamic:seg_595_dynamic_instance|seg_dynamic:seg_dynamic_inst|bcd_8421:bcd_8421_inst|t_tho[0]       ; seg_595_dynamic:seg_595_dynamic_instance|seg_dynamic:seg_dynamic_inst|data_reg[16]                                              ; system_clock ; system_clock ; 0.000        ; 0.073      ; 0.903      ;
; 0.638 ; RAM_Control:RAM_Control_Instance|write_enable                                                               ; ram_8x256_single:ram_8x256_single_inst|altsyncram:altsyncram_component|altsyncram_kmg1:auto_generated|ram_block1a0~porta_we_reg ; system_clock ; system_clock ; 0.000        ; 0.418      ; 1.286      ;
; 0.643 ; RAM_Control:RAM_Control_Instance|count_200ms[15]                                                            ; RAM_Control:RAM_Control_Instance|count_200ms[17]                                                                                ; system_clock ; system_clock ; 0.000        ; 0.540      ; 1.378      ;
; 0.650 ; seg_595_dynamic:seg_595_dynamic_instance|seg_dynamic:seg_dynamic_inst|bcd_8421:bcd_8421_inst|t_tho[1]       ; seg_595_dynamic:seg_595_dynamic_instance|seg_dynamic:seg_dynamic_inst|data_reg[17]                                              ; system_clock ; system_clock ; 0.000        ; 0.073      ; 0.918      ;
; 0.650 ; seg_595_dynamic:seg_595_dynamic_instance|seg_dynamic:seg_dynamic_inst|bcd_8421:bcd_8421_inst|data_shift[25] ; seg_595_dynamic:seg_595_dynamic_instance|seg_dynamic:seg_dynamic_inst|bcd_8421:bcd_8421_inst|ten[1]                             ; system_clock ; system_clock ; 0.000        ; 0.073      ; 0.918      ;
; 0.650 ; seg_595_dynamic:seg_595_dynamic_instance|seg_dynamic:seg_dynamic_inst|bcd_8421:bcd_8421_inst|data_shift[22] ; seg_595_dynamic:seg_595_dynamic_instance|seg_dynamic:seg_dynamic_inst|bcd_8421:bcd_8421_inst|unit[2]                            ; system_clock ; system_clock ; 0.000        ; 0.073      ; 0.918      ;
; 0.654 ; seg_595_dynamic:seg_595_dynamic_instance|seg_dynamic:seg_dynamic_inst|bcd_8421:bcd_8421_inst|h_hun[1]       ; seg_595_dynamic:seg_595_dynamic_instance|seg_dynamic:seg_dynamic_inst|data_reg[21]                                              ; system_clock ; system_clock ; 0.000        ; 0.073      ; 0.922      ;
; 0.668 ; RAM_Control:RAM_Control_Instance|count_200ms[15]                                                            ; RAM_Control:RAM_Control_Instance|count_200ms[18]                                                                                ; system_clock ; system_clock ; 0.000        ; 0.540      ; 1.403      ;
; 0.670 ; seg_595_dynamic:seg_595_dynamic_instance|hc595_ctrl:hc595_ctrl|cnt[1]                                       ; seg_595_dynamic:seg_595_dynamic_instance|hc595_ctrl:hc595_ctrl|shcp                                                             ; system_clock ; system_clock ; 0.000        ; 0.074      ; 0.939      ;
; 0.670 ; RAM_Control:RAM_Control_Instance|count_200ms[14]                                                            ; RAM_Control:RAM_Control_Instance|count_200ms[17]                                                                                ; system_clock ; system_clock ; 0.000        ; 0.540      ; 1.405      ;
; 0.671 ; RAM_Control:RAM_Control_Instance|count_200ms[16]                                                            ; RAM_Control:RAM_Control_Instance|count_200ms[19]                                                                                ; system_clock ; system_clock ; 0.000        ; 0.540      ; 1.406      ;
; 0.673 ; RAM_Control:RAM_Control_Instance|count_200ms[20]                                                            ; RAM_Control:RAM_Control_Instance|count_200ms[23]                                                                                ; system_clock ; system_clock ; 0.000        ; 0.540      ; 1.408      ;
; 0.674 ; RAM_Control:RAM_Control_Instance|count_200ms[17]                                                            ; RAM_Control:RAM_Control_Instance|count_200ms[17]                                                                                ; system_clock ; system_clock ; 0.000        ; 0.092      ; 0.961      ;
; 0.674 ; RAM_Control:RAM_Control_Instance|count_200ms[18]                                                            ; RAM_Control:RAM_Control_Instance|count_200ms[18]                                                                                ; system_clock ; system_clock ; 0.000        ; 0.092      ; 0.961      ;
; 0.676 ; RAM_Control:RAM_Control_Instance|count_200ms[21]                                                            ; RAM_Control:RAM_Control_Instance|count_200ms[21]                                                                                ; system_clock ; system_clock ; 0.000        ; 0.092      ; 0.963      ;
; 0.676 ; RAM_Control:RAM_Control_Instance|count_200ms[23]                                                            ; RAM_Control:RAM_Control_Instance|count_200ms[23]                                                                                ; system_clock ; system_clock ; 0.000        ; 0.092      ; 0.963      ;
; 0.677 ; RAM_Control:RAM_Control_Instance|count_200ms[19]                                                            ; RAM_Control:RAM_Control_Instance|count_200ms[19]                                                                                ; system_clock ; system_clock ; 0.000        ; 0.092      ; 0.964      ;
; 0.679 ; Button_Debounce:Button_Debounce_Instance_Write|count_20ms[17]                                               ; Button_Debounce:Button_Debounce_Instance_Write|count_20ms[17]                                                                   ; system_clock ; system_clock ; 0.000        ; 0.090      ; 0.964      ;
; 0.682 ; Button_Debounce:Button_Debounce_Instance_Read|count_20ms[18]                                                ; Button_Debounce:Button_Debounce_Instance_Read|count_20ms[18]                                                                    ; system_clock ; system_clock ; 0.000        ; 0.090      ; 0.967      ;
; 0.685 ; RAM_Control:RAM_Control_Instance|count_200ms[14]                                                            ; RAM_Control:RAM_Control_Instance|count_200ms[18]                                                                                ; system_clock ; system_clock ; 0.000        ; 0.540      ; 1.420      ;
; 0.688 ; seg_595_dynamic:seg_595_dynamic_instance|seg_dynamic:seg_dynamic_inst|cnt_1ms[2]                            ; seg_595_dynamic:seg_595_dynamic_instance|seg_dynamic:seg_dynamic_inst|cnt_1ms[2]                                                ; system_clock ; system_clock ; 0.000        ; 0.091      ; 0.974      ;
; 0.689 ; Button_Debounce:Button_Debounce_Instance_Write|count_20ms[5]                                                ; Button_Debounce:Button_Debounce_Instance_Write|count_20ms[5]                                                                    ; system_clock ; system_clock ; 0.000        ; 0.074      ; 0.958      ;
; 0.689 ; Button_Debounce:Button_Debounce_Instance_Write|count_20ms[7]                                                ; Button_Debounce:Button_Debounce_Instance_Write|count_20ms[7]                                                                    ; system_clock ; system_clock ; 0.000        ; 0.074      ; 0.958      ;
; 0.689 ; RAM_Control:RAM_Control_Instance|count_200ms[9]                                                             ; RAM_Control:RAM_Control_Instance|count_200ms[9]                                                                                 ; system_clock ; system_clock ; 0.000        ; 0.073      ; 0.957      ;
; 0.690 ; Button_Debounce:Button_Debounce_Instance_Write|count_20ms[13]                                               ; Button_Debounce:Button_Debounce_Instance_Write|count_20ms[13]                                                                   ; system_clock ; system_clock ; 0.000        ; 0.073      ; 0.958      ;
; 0.690 ; RAM_Control:RAM_Control_Instance|count_200ms[11]                                                            ; RAM_Control:RAM_Control_Instance|count_200ms[11]                                                                                ; system_clock ; system_clock ; 0.000        ; 0.073      ; 0.958      ;
; 0.691 ; Button_Debounce:Button_Debounce_Instance_Read|count_20ms[7]                                                 ; Button_Debounce:Button_Debounce_Instance_Read|count_20ms[7]                                                                     ; system_clock ; system_clock ; 0.000        ; 0.073      ; 0.959      ;
; 0.691 ; RAM_Control:RAM_Control_Instance|count_200ms[13]                                                            ; RAM_Control:RAM_Control_Instance|count_200ms[13]                                                                                ; system_clock ; system_clock ; 0.000        ; 0.073      ; 0.959      ;
; 0.691 ; RAM_Control:RAM_Control_Instance|count_200ms[15]                                                            ; RAM_Control:RAM_Control_Instance|count_200ms[15]                                                                                ; system_clock ; system_clock ; 0.000        ; 0.073      ; 0.959      ;
; 0.692 ; Button_Debounce:Button_Debounce_Instance_Read|count_20ms[13]                                                ; Button_Debounce:Button_Debounce_Instance_Read|count_20ms[13]                                                                    ; system_clock ; system_clock ; 0.000        ; 0.073      ; 0.960      ;
+-------+-------------------------------------------------------------------------------------------------------------+---------------------------------------------------------------------------------------------------------------------------------+--------------+--------------+--------------+------------+------------+


+-------------------------------------------------------------------------------------------------------------------------------------------------------------------------------------------------------------------------+
; Slow 1200mV 0C Model Minimum Pulse Width: 'system_clock'                                                                                                                                                                ;
+--------+--------------+----------------+------------+--------------+------------+---------------------------------------------------------------------------------------------------------------------------------------+
; Slack  ; Actual Width ; Required Width ; Type       ; Clock        ; Clock Edge ; Target                                                                                                                                ;
+--------+--------------+----------------+------------+--------------+------------+---------------------------------------------------------------------------------------------------------------------------------------+
; -3.201 ; 1.000        ; 4.201          ; Min Period ; system_clock ; Rise       ; ram_8x256_single:ram_8x256_single_inst|altsyncram:altsyncram_component|altsyncram_kmg1:auto_generated|q_a[0]                          ;
; -3.201 ; 1.000        ; 4.201          ; Min Period ; system_clock ; Rise       ; ram_8x256_single:ram_8x256_single_inst|altsyncram:altsyncram_component|altsyncram_kmg1:auto_generated|q_a[1]                          ;
; -3.201 ; 1.000        ; 4.201          ; Min Period ; system_clock ; Rise       ; ram_8x256_single:ram_8x256_single_inst|altsyncram:altsyncram_component|altsyncram_kmg1:auto_generated|q_a[2]                          ;
; -3.201 ; 1.000        ; 4.201          ; Min Period ; system_clock ; Rise       ; ram_8x256_single:ram_8x256_single_inst|altsyncram:altsyncram_component|altsyncram_kmg1:auto_generated|q_a[3]                          ;
; -3.201 ; 1.000        ; 4.201          ; Min Period ; system_clock ; Rise       ; ram_8x256_single:ram_8x256_single_inst|altsyncram:altsyncram_component|altsyncram_kmg1:auto_generated|q_a[4]                          ;
; -3.201 ; 1.000        ; 4.201          ; Min Period ; system_clock ; Rise       ; ram_8x256_single:ram_8x256_single_inst|altsyncram:altsyncram_component|altsyncram_kmg1:auto_generated|q_a[5]                          ;
; -3.201 ; 1.000        ; 4.201          ; Min Period ; system_clock ; Rise       ; ram_8x256_single:ram_8x256_single_inst|altsyncram:altsyncram_component|altsyncram_kmg1:auto_generated|q_a[6]                          ;
; -3.201 ; 1.000        ; 4.201          ; Min Period ; system_clock ; Rise       ; ram_8x256_single:ram_8x256_single_inst|altsyncram:altsyncram_component|altsyncram_kmg1:auto_generated|q_a[7]                          ;
; -3.201 ; 1.000        ; 4.201          ; Min Period ; system_clock ; Rise       ; ram_8x256_single:ram_8x256_single_inst|altsyncram:altsyncram_component|altsyncram_kmg1:auto_generated|ram_block1a0~porta_address_reg0 ;
; -3.201 ; 1.000        ; 4.201          ; Min Period ; system_clock ; Rise       ; ram_8x256_single:ram_8x256_single_inst|altsyncram:altsyncram_component|altsyncram_kmg1:auto_generated|ram_block1a0~porta_datain_reg0  ;
; -3.201 ; 1.000        ; 4.201          ; Min Period ; system_clock ; Rise       ; ram_8x256_single:ram_8x256_single_inst|altsyncram:altsyncram_component|altsyncram_kmg1:auto_generated|ram_block1a0~porta_re_reg       ;
; -3.201 ; 1.000        ; 4.201          ; Min Period ; system_clock ; Rise       ; ram_8x256_single:ram_8x256_single_inst|altsyncram:altsyncram_component|altsyncram_kmg1:auto_generated|ram_block1a0~porta_we_reg       ;
; -3.000 ; 1.000        ; 4.000          ; Port Rate  ; system_clock ; Rise       ; system_clock                                                                                                                          ;
; -1.487 ; 1.000        ; 2.487          ; Min Period ; system_clock ; Rise       ; Button_Debounce:Button_Debounce_Instance_Read|count_20ms[0]                                                                           ;
; -1.487 ; 1.000        ; 2.487          ; Min Period ; system_clock ; Rise       ; Button_Debounce:Button_Debounce_Instance_Read|count_20ms[10]                                                                          ;
; -1.487 ; 1.000        ; 2.487          ; Min Period ; system_clock ; Rise       ; Button_Debounce:Button_Debounce_Instance_Read|count_20ms[11]                                                                          ;
; -1.487 ; 1.000        ; 2.487          ; Min Period ; system_clock ; Rise       ; Button_Debounce:Button_Debounce_Instance_Read|count_20ms[12]                                                                          ;
; -1.487 ; 1.000        ; 2.487          ; Min Period ; system_clock ; Rise       ; Button_Debounce:Button_Debounce_Instance_Read|count_20ms[13]                                                                          ;
; -1.487 ; 1.000        ; 2.487          ; Min Period ; system_clock ; Rise       ; Button_Debounce:Button_Debounce_Instance_Read|count_20ms[14]                                                                          ;
; -1.487 ; 1.000        ; 2.487          ; Min Period ; system_clock ; Rise       ; Button_Debounce:Button_Debounce_Instance_Read|count_20ms[15]                                                                          ;
; -1.487 ; 1.000        ; 2.487          ; Min Period ; system_clock ; Rise       ; Button_Debounce:Button_Debounce_Instance_Read|count_20ms[16]                                                                          ;
; -1.487 ; 1.000        ; 2.487          ; Min Period ; system_clock ; Rise       ; Button_Debounce:Button_Debounce_Instance_Read|count_20ms[17]                                                                          ;
; -1.487 ; 1.000        ; 2.487          ; Min Period ; system_clock ; Rise       ; Button_Debounce:Button_Debounce_Instance_Read|count_20ms[18]                                                                          ;
; -1.487 ; 1.000        ; 2.487          ; Min Period ; system_clock ; Rise       ; Button_Debounce:Button_Debounce_Instance_Read|count_20ms[19]                                                                          ;
; -1.487 ; 1.000        ; 2.487          ; Min Period ; system_clock ; Rise       ; Button_Debounce:Button_Debounce_Instance_Read|count_20ms[1]                                                                           ;
; -1.487 ; 1.000        ; 2.487          ; Min Period ; system_clock ; Rise       ; Button_Debounce:Button_Debounce_Instance_Read|count_20ms[2]                                                                           ;
; -1.487 ; 1.000        ; 2.487          ; Min Period ; system_clock ; Rise       ; Button_Debounce:Button_Debounce_Instance_Read|count_20ms[3]                                                                           ;
; -1.487 ; 1.000        ; 2.487          ; Min Period ; system_clock ; Rise       ; Button_Debounce:Button_Debounce_Instance_Read|count_20ms[4]                                                                           ;
; -1.487 ; 1.000        ; 2.487          ; Min Period ; system_clock ; Rise       ; Button_Debounce:Button_Debounce_Instance_Read|count_20ms[5]                                                                           ;
; -1.487 ; 1.000        ; 2.487          ; Min Period ; system_clock ; Rise       ; Button_Debounce:Button_Debounce_Instance_Read|count_20ms[6]                                                                           ;
; -1.487 ; 1.000        ; 2.487          ; Min Period ; system_clock ; Rise       ; Button_Debounce:Button_Debounce_Instance_Read|count_20ms[7]                                                                           ;
; -1.487 ; 1.000        ; 2.487          ; Min Period ; system_clock ; Rise       ; Button_Debounce:Button_Debounce_Instance_Read|count_20ms[8]                                                                           ;
; -1.487 ; 1.000        ; 2.487          ; Min Period ; system_clock ; Rise       ; Button_Debounce:Button_Debounce_Instance_Read|count_20ms[9]                                                                           ;
; -1.487 ; 1.000        ; 2.487          ; Min Period ; system_clock ; Rise       ; Button_Debounce:Button_Debounce_Instance_Read|key_flag                                                                                ;
; -1.487 ; 1.000        ; 2.487          ; Min Period ; system_clock ; Rise       ; Button_Debounce:Button_Debounce_Instance_Write|count_20ms[0]                                                                          ;
; -1.487 ; 1.000        ; 2.487          ; Min Period ; system_clock ; Rise       ; Button_Debounce:Button_Debounce_Instance_Write|count_20ms[10]                                                                         ;
; -1.487 ; 1.000        ; 2.487          ; Min Period ; system_clock ; Rise       ; Button_Debounce:Button_Debounce_Instance_Write|count_20ms[11]                                                                         ;
; -1.487 ; 1.000        ; 2.487          ; Min Period ; system_clock ; Rise       ; Button_Debounce:Button_Debounce_Instance_Write|count_20ms[12]                                                                         ;
; -1.487 ; 1.000        ; 2.487          ; Min Period ; system_clock ; Rise       ; Button_Debounce:Button_Debounce_Instance_Write|count_20ms[13]                                                                         ;
; -1.487 ; 1.000        ; 2.487          ; Min Period ; system_clock ; Rise       ; Button_Debounce:Button_Debounce_Instance_Write|count_20ms[14]                                                                         ;
; -1.487 ; 1.000        ; 2.487          ; Min Period ; system_clock ; Rise       ; Button_Debounce:Button_Debounce_Instance_Write|count_20ms[15]                                                                         ;
; -1.487 ; 1.000        ; 2.487          ; Min Period ; system_clock ; Rise       ; Button_Debounce:Button_Debounce_Instance_Write|count_20ms[16]                                                                         ;
; -1.487 ; 1.000        ; 2.487          ; Min Period ; system_clock ; Rise       ; Button_Debounce:Button_Debounce_Instance_Write|count_20ms[17]                                                                         ;
; -1.487 ; 1.000        ; 2.487          ; Min Period ; system_clock ; Rise       ; Button_Debounce:Button_Debounce_Instance_Write|count_20ms[18]                                                                         ;
; -1.487 ; 1.000        ; 2.487          ; Min Period ; system_clock ; Rise       ; Button_Debounce:Button_Debounce_Instance_Write|count_20ms[19]                                                                         ;
; -1.487 ; 1.000        ; 2.487          ; Min Period ; system_clock ; Rise       ; Button_Debounce:Button_Debounce_Instance_Write|count_20ms[1]                                                                          ;
; -1.487 ; 1.000        ; 2.487          ; Min Period ; system_clock ; Rise       ; Button_Debounce:Button_Debounce_Instance_Write|count_20ms[2]                                                                          ;
; -1.487 ; 1.000        ; 2.487          ; Min Period ; system_clock ; Rise       ; Button_Debounce:Button_Debounce_Instance_Write|count_20ms[3]                                                                          ;
; -1.487 ; 1.000        ; 2.487          ; Min Period ; system_clock ; Rise       ; Button_Debounce:Button_Debounce_Instance_Write|count_20ms[4]                                                                          ;
; -1.487 ; 1.000        ; 2.487          ; Min Period ; system_clock ; Rise       ; Button_Debounce:Button_Debounce_Instance_Write|count_20ms[5]                                                                          ;
; -1.487 ; 1.000        ; 2.487          ; Min Period ; system_clock ; Rise       ; Button_Debounce:Button_Debounce_Instance_Write|count_20ms[6]                                                                          ;
; -1.487 ; 1.000        ; 2.487          ; Min Period ; system_clock ; Rise       ; Button_Debounce:Button_Debounce_Instance_Write|count_20ms[7]                                                                          ;
; -1.487 ; 1.000        ; 2.487          ; Min Period ; system_clock ; Rise       ; Button_Debounce:Button_Debounce_Instance_Write|count_20ms[8]                                                                          ;
; -1.487 ; 1.000        ; 2.487          ; Min Period ; system_clock ; Rise       ; Button_Debounce:Button_Debounce_Instance_Write|count_20ms[9]                                                                          ;
; -1.487 ; 1.000        ; 2.487          ; Min Period ; system_clock ; Rise       ; Button_Debounce:Button_Debounce_Instance_Write|key_flag                                                                               ;
; -1.487 ; 1.000        ; 2.487          ; Min Period ; system_clock ; Rise       ; RAM_Control:RAM_Control_Instance|address[0]                                                                                           ;
; -1.487 ; 1.000        ; 2.487          ; Min Period ; system_clock ; Rise       ; RAM_Control:RAM_Control_Instance|address[1]                                                                                           ;
; -1.487 ; 1.000        ; 2.487          ; Min Period ; system_clock ; Rise       ; RAM_Control:RAM_Control_Instance|address[2]                                                                                           ;
; -1.487 ; 1.000        ; 2.487          ; Min Period ; system_clock ; Rise       ; RAM_Control:RAM_Control_Instance|address[3]                                                                                           ;
; -1.487 ; 1.000        ; 2.487          ; Min Period ; system_clock ; Rise       ; RAM_Control:RAM_Control_Instance|address[4]                                                                                           ;
; -1.487 ; 1.000        ; 2.487          ; Min Period ; system_clock ; Rise       ; RAM_Control:RAM_Control_Instance|address[5]                                                                                           ;
; -1.487 ; 1.000        ; 2.487          ; Min Period ; system_clock ; Rise       ; RAM_Control:RAM_Control_Instance|address[6]                                                                                           ;
; -1.487 ; 1.000        ; 2.487          ; Min Period ; system_clock ; Rise       ; RAM_Control:RAM_Control_Instance|address[7]                                                                                           ;
; -1.487 ; 1.000        ; 2.487          ; Min Period ; system_clock ; Rise       ; RAM_Control:RAM_Control_Instance|count_200ms[0]                                                                                       ;
; -1.487 ; 1.000        ; 2.487          ; Min Period ; system_clock ; Rise       ; RAM_Control:RAM_Control_Instance|count_200ms[10]                                                                                      ;
; -1.487 ; 1.000        ; 2.487          ; Min Period ; system_clock ; Rise       ; RAM_Control:RAM_Control_Instance|count_200ms[11]                                                                                      ;
; -1.487 ; 1.000        ; 2.487          ; Min Period ; system_clock ; Rise       ; RAM_Control:RAM_Control_Instance|count_200ms[12]                                                                                      ;
; -1.487 ; 1.000        ; 2.487          ; Min Period ; system_clock ; Rise       ; RAM_Control:RAM_Control_Instance|count_200ms[13]                                                                                      ;
; -1.487 ; 1.000        ; 2.487          ; Min Period ; system_clock ; Rise       ; RAM_Control:RAM_Control_Instance|count_200ms[14]                                                                                      ;
; -1.487 ; 1.000        ; 2.487          ; Min Period ; system_clock ; Rise       ; RAM_Control:RAM_Control_Instance|count_200ms[15]                                                                                      ;
; -1.487 ; 1.000        ; 2.487          ; Min Period ; system_clock ; Rise       ; RAM_Control:RAM_Control_Instance|count_200ms[16]                                                                                      ;
; -1.487 ; 1.000        ; 2.487          ; Min Period ; system_clock ; Rise       ; RAM_Control:RAM_Control_Instance|count_200ms[17]                                                                                      ;
; -1.487 ; 1.000        ; 2.487          ; Min Period ; system_clock ; Rise       ; RAM_Control:RAM_Control_Instance|count_200ms[18]                                                                                      ;
; -1.487 ; 1.000        ; 2.487          ; Min Period ; system_clock ; Rise       ; RAM_Control:RAM_Control_Instance|count_200ms[19]                                                                                      ;
; -1.487 ; 1.000        ; 2.487          ; Min Period ; system_clock ; Rise       ; RAM_Control:RAM_Control_Instance|count_200ms[1]                                                                                       ;
; -1.487 ; 1.000        ; 2.487          ; Min Period ; system_clock ; Rise       ; RAM_Control:RAM_Control_Instance|count_200ms[20]                                                                                      ;
; -1.487 ; 1.000        ; 2.487          ; Min Period ; system_clock ; Rise       ; RAM_Control:RAM_Control_Instance|count_200ms[21]                                                                                      ;
; -1.487 ; 1.000        ; 2.487          ; Min Period ; system_clock ; Rise       ; RAM_Control:RAM_Control_Instance|count_200ms[22]                                                                                      ;
; -1.487 ; 1.000        ; 2.487          ; Min Period ; system_clock ; Rise       ; RAM_Control:RAM_Control_Instance|count_200ms[23]                                                                                      ;
; -1.487 ; 1.000        ; 2.487          ; Min Period ; system_clock ; Rise       ; RAM_Control:RAM_Control_Instance|count_200ms[2]                                                                                       ;
; -1.487 ; 1.000        ; 2.487          ; Min Period ; system_clock ; Rise       ; RAM_Control:RAM_Control_Instance|count_200ms[3]                                                                                       ;
; -1.487 ; 1.000        ; 2.487          ; Min Period ; system_clock ; Rise       ; RAM_Control:RAM_Control_Instance|count_200ms[4]                                                                                       ;
; -1.487 ; 1.000        ; 2.487          ; Min Period ; system_clock ; Rise       ; RAM_Control:RAM_Control_Instance|count_200ms[5]                                                                                       ;
; -1.487 ; 1.000        ; 2.487          ; Min Period ; system_clock ; Rise       ; RAM_Control:RAM_Control_Instance|count_200ms[6]                                                                                       ;
; -1.487 ; 1.000        ; 2.487          ; Min Period ; system_clock ; Rise       ; RAM_Control:RAM_Control_Instance|count_200ms[7]                                                                                       ;
; -1.487 ; 1.000        ; 2.487          ; Min Period ; system_clock ; Rise       ; RAM_Control:RAM_Control_Instance|count_200ms[8]                                                                                       ;
; -1.487 ; 1.000        ; 2.487          ; Min Period ; system_clock ; Rise       ; RAM_Control:RAM_Control_Instance|count_200ms[9]                                                                                       ;
; -1.487 ; 1.000        ; 2.487          ; Min Period ; system_clock ; Rise       ; RAM_Control:RAM_Control_Instance|read_enable                                                                                          ;
; -1.487 ; 1.000        ; 2.487          ; Min Period ; system_clock ; Rise       ; RAM_Control:RAM_Control_Instance|write_enable                                                                                         ;
; -1.487 ; 1.000        ; 2.487          ; Min Period ; system_clock ; Rise       ; seg_595_dynamic:seg_595_dynamic_instance|hc595_ctrl:hc595_ctrl|cnt[0]                                                                 ;
; -1.487 ; 1.000        ; 2.487          ; Min Period ; system_clock ; Rise       ; seg_595_dynamic:seg_595_dynamic_instance|hc595_ctrl:hc595_ctrl|cnt[1]                                                                 ;
; -1.487 ; 1.000        ; 2.487          ; Min Period ; system_clock ; Rise       ; seg_595_dynamic:seg_595_dynamic_instance|hc595_ctrl:hc595_ctrl|cnt_bit[0]                                                             ;
; -1.487 ; 1.000        ; 2.487          ; Min Period ; system_clock ; Rise       ; seg_595_dynamic:seg_595_dynamic_instance|hc595_ctrl:hc595_ctrl|cnt_bit[1]                                                             ;
; -1.487 ; 1.000        ; 2.487          ; Min Period ; system_clock ; Rise       ; seg_595_dynamic:seg_595_dynamic_instance|hc595_ctrl:hc595_ctrl|cnt_bit[2]                                                             ;
; -1.487 ; 1.000        ; 2.487          ; Min Period ; system_clock ; Rise       ; seg_595_dynamic:seg_595_dynamic_instance|hc595_ctrl:hc595_ctrl|cnt_bit[3]                                                             ;
; -1.487 ; 1.000        ; 2.487          ; Min Period ; system_clock ; Rise       ; seg_595_dynamic:seg_595_dynamic_instance|hc595_ctrl:hc595_ctrl|ds                                                                     ;
; -1.487 ; 1.000        ; 2.487          ; Min Period ; system_clock ; Rise       ; seg_595_dynamic:seg_595_dynamic_instance|hc595_ctrl:hc595_ctrl|shcp                                                                   ;
; -1.487 ; 1.000        ; 2.487          ; Min Period ; system_clock ; Rise       ; seg_595_dynamic:seg_595_dynamic_instance|hc595_ctrl:hc595_ctrl|stcp                                                                   ;
; -1.487 ; 1.000        ; 2.487          ; Min Period ; system_clock ; Rise       ; seg_595_dynamic:seg_595_dynamic_instance|seg_dynamic:seg_dynamic_inst|bcd_8421:bcd_8421_inst|cnt_shift[1]                             ;
; -1.487 ; 1.000        ; 2.487          ; Min Period ; system_clock ; Rise       ; seg_595_dynamic:seg_595_dynamic_instance|seg_dynamic:seg_dynamic_inst|bcd_8421:bcd_8421_inst|cnt_shift[2]                             ;
+--------+--------------+----------------+------------+--------------+------------+---------------------------------------------------------------------------------------------------------------------------------------+


+-------------------------------------------------------------------------+
; Setup Times                                                             ;
+-----------+--------------+-------+-------+------------+-----------------+
; Data Port ; Clock Port   ; Rise  ; Fall  ; Clock Edge ; Clock Reference ;
+-----------+--------------+-------+-------+------------+-----------------+
; read_key  ; system_clock ; 1.955 ; 2.121 ; Rise       ; system_clock    ;
; write_key ; system_clock ; 1.683 ; 1.818 ; Rise       ; system_clock    ;
+-----------+--------------+-------+-------+------------+-----------------+


+---------------------------------------------------------------------------+
; Hold Times                                                                ;
+-----------+--------------+--------+--------+------------+-----------------+
; Data Port ; Clock Port   ; Rise   ; Fall   ; Clock Edge ; Clock Reference ;
+-----------+--------------+--------+--------+------------+-----------------+
; read_key  ; system_clock ; -0.261 ; -0.648 ; Rise       ; system_clock    ;
; write_key ; system_clock ; 0.326  ; 0.079  ; Rise       ; system_clock    ;
+-----------+--------------+--------+--------+------------+-----------------+


+-------------------------------------------------------------------------+
; Clock to Output Times                                                   ;
+-----------+--------------+-------+-------+------------+-----------------+
; Data Port ; Clock Port   ; Rise  ; Fall  ; Clock Edge ; Clock Reference ;
+-----------+--------------+-------+-------+------------+-----------------+
; ds        ; system_clock ; 8.161 ; 7.757 ; Rise       ; system_clock    ;
; shcp      ; system_clock ; 7.087 ; 6.819 ; Rise       ; system_clock    ;
; stcp      ; system_clock ; 6.993 ; 6.797 ; Rise       ; system_clock    ;
+-----------+--------------+-------+-------+------------+-----------------+


+-------------------------------------------------------------------------+
; Minimum Clock to Output Times                                           ;
+-----------+--------------+-------+-------+------------+-----------------+
; Data Port ; Clock Port   ; Rise  ; Fall  ; Clock Edge ; Clock Reference ;
+-----------+--------------+-------+-------+------------+-----------------+
; ds        ; system_clock ; 7.850 ; 7.461 ; Rise       ; system_clock    ;
; shcp      ; system_clock ; 6.818 ; 6.560 ; Rise       ; system_clock    ;
; stcp      ; system_clock ; 6.730 ; 6.540 ; Rise       ; system_clock    ;
+-----------+--------------+-------+-------+------------+-----------------+


---------------------------------------------
; Slow 1200mV 0C Model Metastability Report ;
---------------------------------------------
No synchronizer chains to report.


+---------------------------------------+
; Fast 1200mV 0C Model Setup Summary    ;
+--------------+--------+---------------+
; Clock        ; Slack  ; End Point TNS ;
+--------------+--------+---------------+
; system_clock ; -1.268 ; -130.186      ;
+--------------+--------+---------------+


+--------------------------------------+
; Fast 1200mV 0C Model Hold Summary    ;
+--------------+-------+---------------+
; Clock        ; Slack ; End Point TNS ;
+--------------+-------+---------------+
; system_clock ; 0.178 ; 0.000         ;
+--------------+-------+---------------+


-----------------------------------------
; Fast 1200mV 0C Model Recovery Summary ;
-----------------------------------------
No paths to report.


----------------------------------------
; Fast 1200mV 0C Model Removal Summary ;
----------------------------------------
No paths to report.


+--------------------------------------------------+
; Fast 1200mV 0C Model Minimum Pulse Width Summary ;
+--------------+--------+--------------------------+
; Clock        ; Slack  ; End Point TNS            ;
+--------------+--------+--------------------------+
; system_clock ; -3.000 ; -253.349                 ;
+--------------+--------+--------------------------+


+-------------------------------------------------------------------------------------------------------------------------------------------------------------------------------------------------------------+
; Fast 1200mV 0C Model Setup: 'system_clock'                                                                                                                                                                  ;
+--------+--------------------------------------------------------------+--------------------------------------------------------------+--------------+--------------+--------------+------------+------------+
; Slack  ; From Node                                                    ; To Node                                                      ; Launch Clock ; Latch Clock  ; Relationship ; Clock Skew ; Data Delay ;
+--------+--------------------------------------------------------------+--------------------------------------------------------------+--------------+--------------+--------------+------------+------------+
; -1.268 ; Button_Debounce:Button_Debounce_Instance_Write|count_20ms[1] ; Button_Debounce:Button_Debounce_Instance_Write|count_20ms[1] ; system_clock ; system_clock ; 1.000        ; -0.037     ; 2.218      ;
; -1.268 ; Button_Debounce:Button_Debounce_Instance_Write|count_20ms[1] ; Button_Debounce:Button_Debounce_Instance_Write|count_20ms[2] ; system_clock ; system_clock ; 1.000        ; -0.037     ; 2.218      ;
; -1.268 ; Button_Debounce:Button_Debounce_Instance_Write|count_20ms[1] ; Button_Debounce:Button_Debounce_Instance_Write|count_20ms[3] ; system_clock ; system_clock ; 1.000        ; -0.037     ; 2.218      ;
; -1.268 ; Button_Debounce:Button_Debounce_Instance_Write|count_20ms[1] ; Button_Debounce:Button_Debounce_Instance_Write|count_20ms[4] ; system_clock ; system_clock ; 1.000        ; -0.037     ; 2.218      ;
; -1.268 ; Button_Debounce:Button_Debounce_Instance_Write|count_20ms[1] ; Button_Debounce:Button_Debounce_Instance_Write|count_20ms[5] ; system_clock ; system_clock ; 1.000        ; -0.037     ; 2.218      ;
; -1.268 ; Button_Debounce:Button_Debounce_Instance_Write|count_20ms[1] ; Button_Debounce:Button_Debounce_Instance_Write|count_20ms[6] ; system_clock ; system_clock ; 1.000        ; -0.037     ; 2.218      ;
; -1.268 ; Button_Debounce:Button_Debounce_Instance_Write|count_20ms[1] ; Button_Debounce:Button_Debounce_Instance_Write|count_20ms[7] ; system_clock ; system_clock ; 1.000        ; -0.037     ; 2.218      ;
; -1.268 ; Button_Debounce:Button_Debounce_Instance_Write|count_20ms[1] ; Button_Debounce:Button_Debounce_Instance_Write|count_20ms[8] ; system_clock ; system_clock ; 1.000        ; -0.037     ; 2.218      ;
; -1.243 ; Button_Debounce:Button_Debounce_Instance_Read|count_20ms[2]  ; Button_Debounce:Button_Debounce_Instance_Read|count_20ms[1]  ; system_clock ; system_clock ; 1.000        ; -0.037     ; 2.193      ;
; -1.243 ; Button_Debounce:Button_Debounce_Instance_Read|count_20ms[2]  ; Button_Debounce:Button_Debounce_Instance_Read|count_20ms[2]  ; system_clock ; system_clock ; 1.000        ; -0.037     ; 2.193      ;
; -1.243 ; Button_Debounce:Button_Debounce_Instance_Read|count_20ms[2]  ; Button_Debounce:Button_Debounce_Instance_Read|count_20ms[3]  ; system_clock ; system_clock ; 1.000        ; -0.037     ; 2.193      ;
; -1.243 ; Button_Debounce:Button_Debounce_Instance_Read|count_20ms[2]  ; Button_Debounce:Button_Debounce_Instance_Read|count_20ms[4]  ; system_clock ; system_clock ; 1.000        ; -0.037     ; 2.193      ;
; -1.243 ; Button_Debounce:Button_Debounce_Instance_Read|count_20ms[2]  ; Button_Debounce:Button_Debounce_Instance_Read|count_20ms[5]  ; system_clock ; system_clock ; 1.000        ; -0.037     ; 2.193      ;
; -1.243 ; Button_Debounce:Button_Debounce_Instance_Read|count_20ms[2]  ; Button_Debounce:Button_Debounce_Instance_Read|count_20ms[6]  ; system_clock ; system_clock ; 1.000        ; -0.037     ; 2.193      ;
; -1.243 ; Button_Debounce:Button_Debounce_Instance_Read|count_20ms[2]  ; Button_Debounce:Button_Debounce_Instance_Read|count_20ms[7]  ; system_clock ; system_clock ; 1.000        ; -0.037     ; 2.193      ;
; -1.243 ; Button_Debounce:Button_Debounce_Instance_Read|count_20ms[2]  ; Button_Debounce:Button_Debounce_Instance_Read|count_20ms[8]  ; system_clock ; system_clock ; 1.000        ; -0.037     ; 2.193      ;
; -1.243 ; Button_Debounce:Button_Debounce_Instance_Read|count_20ms[2]  ; Button_Debounce:Button_Debounce_Instance_Read|count_20ms[9]  ; system_clock ; system_clock ; 1.000        ; -0.037     ; 2.193      ;
; -1.203 ; Button_Debounce:Button_Debounce_Instance_Write|count_20ms[4] ; Button_Debounce:Button_Debounce_Instance_Write|count_20ms[1] ; system_clock ; system_clock ; 1.000        ; -0.037     ; 2.153      ;
; -1.203 ; Button_Debounce:Button_Debounce_Instance_Write|count_20ms[4] ; Button_Debounce:Button_Debounce_Instance_Write|count_20ms[2] ; system_clock ; system_clock ; 1.000        ; -0.037     ; 2.153      ;
; -1.203 ; Button_Debounce:Button_Debounce_Instance_Write|count_20ms[4] ; Button_Debounce:Button_Debounce_Instance_Write|count_20ms[3] ; system_clock ; system_clock ; 1.000        ; -0.037     ; 2.153      ;
; -1.203 ; Button_Debounce:Button_Debounce_Instance_Write|count_20ms[4] ; Button_Debounce:Button_Debounce_Instance_Write|count_20ms[4] ; system_clock ; system_clock ; 1.000        ; -0.037     ; 2.153      ;
; -1.203 ; Button_Debounce:Button_Debounce_Instance_Write|count_20ms[4] ; Button_Debounce:Button_Debounce_Instance_Write|count_20ms[5] ; system_clock ; system_clock ; 1.000        ; -0.037     ; 2.153      ;
; -1.203 ; Button_Debounce:Button_Debounce_Instance_Write|count_20ms[4] ; Button_Debounce:Button_Debounce_Instance_Write|count_20ms[6] ; system_clock ; system_clock ; 1.000        ; -0.037     ; 2.153      ;
; -1.203 ; Button_Debounce:Button_Debounce_Instance_Write|count_20ms[4] ; Button_Debounce:Button_Debounce_Instance_Write|count_20ms[7] ; system_clock ; system_clock ; 1.000        ; -0.037     ; 2.153      ;
; -1.203 ; Button_Debounce:Button_Debounce_Instance_Write|count_20ms[4] ; Button_Debounce:Button_Debounce_Instance_Write|count_20ms[8] ; system_clock ; system_clock ; 1.000        ; -0.037     ; 2.153      ;
; -1.184 ; Button_Debounce:Button_Debounce_Instance_Write|count_20ms[2] ; Button_Debounce:Button_Debounce_Instance_Write|count_20ms[1] ; system_clock ; system_clock ; 1.000        ; -0.037     ; 2.134      ;
; -1.184 ; Button_Debounce:Button_Debounce_Instance_Write|count_20ms[2] ; Button_Debounce:Button_Debounce_Instance_Write|count_20ms[2] ; system_clock ; system_clock ; 1.000        ; -0.037     ; 2.134      ;
; -1.184 ; Button_Debounce:Button_Debounce_Instance_Write|count_20ms[2] ; Button_Debounce:Button_Debounce_Instance_Write|count_20ms[3] ; system_clock ; system_clock ; 1.000        ; -0.037     ; 2.134      ;
; -1.184 ; Button_Debounce:Button_Debounce_Instance_Write|count_20ms[2] ; Button_Debounce:Button_Debounce_Instance_Write|count_20ms[4] ; system_clock ; system_clock ; 1.000        ; -0.037     ; 2.134      ;
; -1.184 ; Button_Debounce:Button_Debounce_Instance_Write|count_20ms[2] ; Button_Debounce:Button_Debounce_Instance_Write|count_20ms[5] ; system_clock ; system_clock ; 1.000        ; -0.037     ; 2.134      ;
; -1.184 ; Button_Debounce:Button_Debounce_Instance_Write|count_20ms[2] ; Button_Debounce:Button_Debounce_Instance_Write|count_20ms[6] ; system_clock ; system_clock ; 1.000        ; -0.037     ; 2.134      ;
; -1.184 ; Button_Debounce:Button_Debounce_Instance_Write|count_20ms[2] ; Button_Debounce:Button_Debounce_Instance_Write|count_20ms[7] ; system_clock ; system_clock ; 1.000        ; -0.037     ; 2.134      ;
; -1.184 ; Button_Debounce:Button_Debounce_Instance_Write|count_20ms[2] ; Button_Debounce:Button_Debounce_Instance_Write|count_20ms[8] ; system_clock ; system_clock ; 1.000        ; -0.037     ; 2.134      ;
; -1.168 ; Button_Debounce:Button_Debounce_Instance_Read|count_20ms[3]  ; Button_Debounce:Button_Debounce_Instance_Read|count_20ms[1]  ; system_clock ; system_clock ; 1.000        ; -0.037     ; 2.118      ;
; -1.168 ; Button_Debounce:Button_Debounce_Instance_Read|count_20ms[3]  ; Button_Debounce:Button_Debounce_Instance_Read|count_20ms[2]  ; system_clock ; system_clock ; 1.000        ; -0.037     ; 2.118      ;
; -1.168 ; Button_Debounce:Button_Debounce_Instance_Read|count_20ms[3]  ; Button_Debounce:Button_Debounce_Instance_Read|count_20ms[3]  ; system_clock ; system_clock ; 1.000        ; -0.037     ; 2.118      ;
; -1.168 ; Button_Debounce:Button_Debounce_Instance_Read|count_20ms[3]  ; Button_Debounce:Button_Debounce_Instance_Read|count_20ms[4]  ; system_clock ; system_clock ; 1.000        ; -0.037     ; 2.118      ;
; -1.168 ; Button_Debounce:Button_Debounce_Instance_Read|count_20ms[3]  ; Button_Debounce:Button_Debounce_Instance_Read|count_20ms[5]  ; system_clock ; system_clock ; 1.000        ; -0.037     ; 2.118      ;
; -1.168 ; Button_Debounce:Button_Debounce_Instance_Read|count_20ms[3]  ; Button_Debounce:Button_Debounce_Instance_Read|count_20ms[6]  ; system_clock ; system_clock ; 1.000        ; -0.037     ; 2.118      ;
; -1.168 ; Button_Debounce:Button_Debounce_Instance_Read|count_20ms[3]  ; Button_Debounce:Button_Debounce_Instance_Read|count_20ms[7]  ; system_clock ; system_clock ; 1.000        ; -0.037     ; 2.118      ;
; -1.168 ; Button_Debounce:Button_Debounce_Instance_Read|count_20ms[3]  ; Button_Debounce:Button_Debounce_Instance_Read|count_20ms[8]  ; system_clock ; system_clock ; 1.000        ; -0.037     ; 2.118      ;
; -1.168 ; Button_Debounce:Button_Debounce_Instance_Read|count_20ms[3]  ; Button_Debounce:Button_Debounce_Instance_Read|count_20ms[9]  ; system_clock ; system_clock ; 1.000        ; -0.037     ; 2.118      ;
; -1.107 ; Button_Debounce:Button_Debounce_Instance_Write|count_20ms[1] ; Button_Debounce:Button_Debounce_Instance_Write|count_20ms[9] ; system_clock ; system_clock ; 1.000        ; -0.038     ; 2.056      ;
; -1.102 ; Button_Debounce:Button_Debounce_Instance_Read|count_20ms[9]  ; Button_Debounce:Button_Debounce_Instance_Read|count_20ms[1]  ; system_clock ; system_clock ; 1.000        ; -0.037     ; 2.052      ;
; -1.102 ; Button_Debounce:Button_Debounce_Instance_Read|count_20ms[9]  ; Button_Debounce:Button_Debounce_Instance_Read|count_20ms[2]  ; system_clock ; system_clock ; 1.000        ; -0.037     ; 2.052      ;
; -1.102 ; Button_Debounce:Button_Debounce_Instance_Read|count_20ms[9]  ; Button_Debounce:Button_Debounce_Instance_Read|count_20ms[3]  ; system_clock ; system_clock ; 1.000        ; -0.037     ; 2.052      ;
; -1.102 ; Button_Debounce:Button_Debounce_Instance_Read|count_20ms[9]  ; Button_Debounce:Button_Debounce_Instance_Read|count_20ms[4]  ; system_clock ; system_clock ; 1.000        ; -0.037     ; 2.052      ;
; -1.102 ; Button_Debounce:Button_Debounce_Instance_Read|count_20ms[9]  ; Button_Debounce:Button_Debounce_Instance_Read|count_20ms[5]  ; system_clock ; system_clock ; 1.000        ; -0.037     ; 2.052      ;
; -1.102 ; Button_Debounce:Button_Debounce_Instance_Read|count_20ms[9]  ; Button_Debounce:Button_Debounce_Instance_Read|count_20ms[6]  ; system_clock ; system_clock ; 1.000        ; -0.037     ; 2.052      ;
; -1.102 ; Button_Debounce:Button_Debounce_Instance_Read|count_20ms[9]  ; Button_Debounce:Button_Debounce_Instance_Read|count_20ms[7]  ; system_clock ; system_clock ; 1.000        ; -0.037     ; 2.052      ;
; -1.102 ; Button_Debounce:Button_Debounce_Instance_Read|count_20ms[9]  ; Button_Debounce:Button_Debounce_Instance_Read|count_20ms[8]  ; system_clock ; system_clock ; 1.000        ; -0.037     ; 2.052      ;
; -1.102 ; Button_Debounce:Button_Debounce_Instance_Read|count_20ms[9]  ; Button_Debounce:Button_Debounce_Instance_Read|count_20ms[9]  ; system_clock ; system_clock ; 1.000        ; -0.037     ; 2.052      ;
; -1.099 ; Button_Debounce:Button_Debounce_Instance_Read|count_20ms[1]  ; Button_Debounce:Button_Debounce_Instance_Read|count_20ms[1]  ; system_clock ; system_clock ; 1.000        ; -0.037     ; 2.049      ;
; -1.099 ; Button_Debounce:Button_Debounce_Instance_Read|count_20ms[1]  ; Button_Debounce:Button_Debounce_Instance_Read|count_20ms[2]  ; system_clock ; system_clock ; 1.000        ; -0.037     ; 2.049      ;
; -1.099 ; Button_Debounce:Button_Debounce_Instance_Read|count_20ms[1]  ; Button_Debounce:Button_Debounce_Instance_Read|count_20ms[3]  ; system_clock ; system_clock ; 1.000        ; -0.037     ; 2.049      ;
; -1.099 ; Button_Debounce:Button_Debounce_Instance_Read|count_20ms[1]  ; Button_Debounce:Button_Debounce_Instance_Read|count_20ms[4]  ; system_clock ; system_clock ; 1.000        ; -0.037     ; 2.049      ;
; -1.099 ; Button_Debounce:Button_Debounce_Instance_Read|count_20ms[1]  ; Button_Debounce:Button_Debounce_Instance_Read|count_20ms[5]  ; system_clock ; system_clock ; 1.000        ; -0.037     ; 2.049      ;
; -1.099 ; Button_Debounce:Button_Debounce_Instance_Read|count_20ms[1]  ; Button_Debounce:Button_Debounce_Instance_Read|count_20ms[6]  ; system_clock ; system_clock ; 1.000        ; -0.037     ; 2.049      ;
; -1.099 ; Button_Debounce:Button_Debounce_Instance_Read|count_20ms[1]  ; Button_Debounce:Button_Debounce_Instance_Read|count_20ms[7]  ; system_clock ; system_clock ; 1.000        ; -0.037     ; 2.049      ;
; -1.099 ; Button_Debounce:Button_Debounce_Instance_Read|count_20ms[1]  ; Button_Debounce:Button_Debounce_Instance_Read|count_20ms[8]  ; system_clock ; system_clock ; 1.000        ; -0.037     ; 2.049      ;
; -1.099 ; Button_Debounce:Button_Debounce_Instance_Read|count_20ms[1]  ; Button_Debounce:Button_Debounce_Instance_Read|count_20ms[9]  ; system_clock ; system_clock ; 1.000        ; -0.037     ; 2.049      ;
; -1.088 ; Button_Debounce:Button_Debounce_Instance_Write|count_20ms[1] ; Button_Debounce:Button_Debounce_Instance_Write|count_20ms[0] ; system_clock ; system_clock ; 1.000        ; 0.143      ; 2.218      ;
; -1.074 ; Button_Debounce:Button_Debounce_Instance_Read|count_20ms[6]  ; Button_Debounce:Button_Debounce_Instance_Read|count_20ms[1]  ; system_clock ; system_clock ; 1.000        ; -0.037     ; 2.024      ;
; -1.074 ; Button_Debounce:Button_Debounce_Instance_Read|count_20ms[6]  ; Button_Debounce:Button_Debounce_Instance_Read|count_20ms[2]  ; system_clock ; system_clock ; 1.000        ; -0.037     ; 2.024      ;
; -1.074 ; Button_Debounce:Button_Debounce_Instance_Read|count_20ms[6]  ; Button_Debounce:Button_Debounce_Instance_Read|count_20ms[3]  ; system_clock ; system_clock ; 1.000        ; -0.037     ; 2.024      ;
; -1.074 ; Button_Debounce:Button_Debounce_Instance_Read|count_20ms[6]  ; Button_Debounce:Button_Debounce_Instance_Read|count_20ms[4]  ; system_clock ; system_clock ; 1.000        ; -0.037     ; 2.024      ;
; -1.074 ; Button_Debounce:Button_Debounce_Instance_Read|count_20ms[6]  ; Button_Debounce:Button_Debounce_Instance_Read|count_20ms[5]  ; system_clock ; system_clock ; 1.000        ; -0.037     ; 2.024      ;
; -1.074 ; Button_Debounce:Button_Debounce_Instance_Read|count_20ms[6]  ; Button_Debounce:Button_Debounce_Instance_Read|count_20ms[6]  ; system_clock ; system_clock ; 1.000        ; -0.037     ; 2.024      ;
; -1.074 ; Button_Debounce:Button_Debounce_Instance_Read|count_20ms[6]  ; Button_Debounce:Button_Debounce_Instance_Read|count_20ms[7]  ; system_clock ; system_clock ; 1.000        ; -0.037     ; 2.024      ;
; -1.074 ; Button_Debounce:Button_Debounce_Instance_Read|count_20ms[6]  ; Button_Debounce:Button_Debounce_Instance_Read|count_20ms[8]  ; system_clock ; system_clock ; 1.000        ; -0.037     ; 2.024      ;
; -1.074 ; Button_Debounce:Button_Debounce_Instance_Read|count_20ms[6]  ; Button_Debounce:Button_Debounce_Instance_Read|count_20ms[9]  ; system_clock ; system_clock ; 1.000        ; -0.037     ; 2.024      ;
; -1.068 ; Button_Debounce:Button_Debounce_Instance_Write|count_20ms[9] ; Button_Debounce:Button_Debounce_Instance_Write|count_20ms[1] ; system_clock ; system_clock ; 1.000        ; -0.036     ; 2.019      ;
; -1.068 ; Button_Debounce:Button_Debounce_Instance_Write|count_20ms[9] ; Button_Debounce:Button_Debounce_Instance_Write|count_20ms[2] ; system_clock ; system_clock ; 1.000        ; -0.036     ; 2.019      ;
; -1.068 ; Button_Debounce:Button_Debounce_Instance_Write|count_20ms[9] ; Button_Debounce:Button_Debounce_Instance_Write|count_20ms[3] ; system_clock ; system_clock ; 1.000        ; -0.036     ; 2.019      ;
; -1.068 ; Button_Debounce:Button_Debounce_Instance_Write|count_20ms[9] ; Button_Debounce:Button_Debounce_Instance_Write|count_20ms[4] ; system_clock ; system_clock ; 1.000        ; -0.036     ; 2.019      ;
; -1.068 ; Button_Debounce:Button_Debounce_Instance_Write|count_20ms[9] ; Button_Debounce:Button_Debounce_Instance_Write|count_20ms[5] ; system_clock ; system_clock ; 1.000        ; -0.036     ; 2.019      ;
; -1.068 ; Button_Debounce:Button_Debounce_Instance_Write|count_20ms[9] ; Button_Debounce:Button_Debounce_Instance_Write|count_20ms[6] ; system_clock ; system_clock ; 1.000        ; -0.036     ; 2.019      ;
; -1.068 ; Button_Debounce:Button_Debounce_Instance_Write|count_20ms[9] ; Button_Debounce:Button_Debounce_Instance_Write|count_20ms[7] ; system_clock ; system_clock ; 1.000        ; -0.036     ; 2.019      ;
; -1.068 ; Button_Debounce:Button_Debounce_Instance_Write|count_20ms[9] ; Button_Debounce:Button_Debounce_Instance_Write|count_20ms[8] ; system_clock ; system_clock ; 1.000        ; -0.036     ; 2.019      ;
; -1.065 ; Button_Debounce:Button_Debounce_Instance_Read|count_20ms[2]  ; Button_Debounce:Button_Debounce_Instance_Read|count_20ms[0]  ; system_clock ; system_clock ; 1.000        ; 0.141      ; 2.193      ;
; -1.064 ; Button_Debounce:Button_Debounce_Instance_Read|count_20ms[7]  ; Button_Debounce:Button_Debounce_Instance_Read|count_20ms[1]  ; system_clock ; system_clock ; 1.000        ; -0.037     ; 2.014      ;
; -1.064 ; Button_Debounce:Button_Debounce_Instance_Read|count_20ms[7]  ; Button_Debounce:Button_Debounce_Instance_Read|count_20ms[2]  ; system_clock ; system_clock ; 1.000        ; -0.037     ; 2.014      ;
; -1.064 ; Button_Debounce:Button_Debounce_Instance_Read|count_20ms[7]  ; Button_Debounce:Button_Debounce_Instance_Read|count_20ms[3]  ; system_clock ; system_clock ; 1.000        ; -0.037     ; 2.014      ;
; -1.064 ; Button_Debounce:Button_Debounce_Instance_Read|count_20ms[7]  ; Button_Debounce:Button_Debounce_Instance_Read|count_20ms[4]  ; system_clock ; system_clock ; 1.000        ; -0.037     ; 2.014      ;
; -1.064 ; Button_Debounce:Button_Debounce_Instance_Read|count_20ms[7]  ; Button_Debounce:Button_Debounce_Instance_Read|count_20ms[5]  ; system_clock ; system_clock ; 1.000        ; -0.037     ; 2.014      ;
; -1.064 ; Button_Debounce:Button_Debounce_Instance_Read|count_20ms[7]  ; Button_Debounce:Button_Debounce_Instance_Read|count_20ms[6]  ; system_clock ; system_clock ; 1.000        ; -0.037     ; 2.014      ;
; -1.064 ; Button_Debounce:Button_Debounce_Instance_Read|count_20ms[7]  ; Button_Debounce:Button_Debounce_Instance_Read|count_20ms[7]  ; system_clock ; system_clock ; 1.000        ; -0.037     ; 2.014      ;
; -1.064 ; Button_Debounce:Button_Debounce_Instance_Read|count_20ms[7]  ; Button_Debounce:Button_Debounce_Instance_Read|count_20ms[8]  ; system_clock ; system_clock ; 1.000        ; -0.037     ; 2.014      ;
; -1.064 ; Button_Debounce:Button_Debounce_Instance_Read|count_20ms[7]  ; Button_Debounce:Button_Debounce_Instance_Read|count_20ms[9]  ; system_clock ; system_clock ; 1.000        ; -0.037     ; 2.014      ;
; -1.050 ; Button_Debounce:Button_Debounce_Instance_Write|count_20ms[8] ; Button_Debounce:Button_Debounce_Instance_Write|count_20ms[1] ; system_clock ; system_clock ; 1.000        ; -0.037     ; 2.000      ;
; -1.050 ; Button_Debounce:Button_Debounce_Instance_Write|count_20ms[3] ; Button_Debounce:Button_Debounce_Instance_Write|count_20ms[1] ; system_clock ; system_clock ; 1.000        ; -0.037     ; 2.000      ;
; -1.050 ; Button_Debounce:Button_Debounce_Instance_Write|count_20ms[8] ; Button_Debounce:Button_Debounce_Instance_Write|count_20ms[2] ; system_clock ; system_clock ; 1.000        ; -0.037     ; 2.000      ;
; -1.050 ; Button_Debounce:Button_Debounce_Instance_Write|count_20ms[3] ; Button_Debounce:Button_Debounce_Instance_Write|count_20ms[2] ; system_clock ; system_clock ; 1.000        ; -0.037     ; 2.000      ;
; -1.050 ; Button_Debounce:Button_Debounce_Instance_Write|count_20ms[8] ; Button_Debounce:Button_Debounce_Instance_Write|count_20ms[3] ; system_clock ; system_clock ; 1.000        ; -0.037     ; 2.000      ;
; -1.050 ; Button_Debounce:Button_Debounce_Instance_Write|count_20ms[3] ; Button_Debounce:Button_Debounce_Instance_Write|count_20ms[3] ; system_clock ; system_clock ; 1.000        ; -0.037     ; 2.000      ;
; -1.050 ; Button_Debounce:Button_Debounce_Instance_Write|count_20ms[8] ; Button_Debounce:Button_Debounce_Instance_Write|count_20ms[4] ; system_clock ; system_clock ; 1.000        ; -0.037     ; 2.000      ;
; -1.050 ; Button_Debounce:Button_Debounce_Instance_Write|count_20ms[3] ; Button_Debounce:Button_Debounce_Instance_Write|count_20ms[4] ; system_clock ; system_clock ; 1.000        ; -0.037     ; 2.000      ;
; -1.050 ; Button_Debounce:Button_Debounce_Instance_Write|count_20ms[8] ; Button_Debounce:Button_Debounce_Instance_Write|count_20ms[5] ; system_clock ; system_clock ; 1.000        ; -0.037     ; 2.000      ;
; -1.050 ; Button_Debounce:Button_Debounce_Instance_Write|count_20ms[3] ; Button_Debounce:Button_Debounce_Instance_Write|count_20ms[5] ; system_clock ; system_clock ; 1.000        ; -0.037     ; 2.000      ;
; -1.050 ; Button_Debounce:Button_Debounce_Instance_Write|count_20ms[8] ; Button_Debounce:Button_Debounce_Instance_Write|count_20ms[6] ; system_clock ; system_clock ; 1.000        ; -0.037     ; 2.000      ;
+--------+--------------------------------------------------------------+--------------------------------------------------------------+--------------+--------------+--------------+------------+------------+


+------------------------------------------------------------------------------------------------------------------------------------------------------------------------------------------------------------------------------------------------------------------------------------------------------------------------------+
; Fast 1200mV 0C Model Hold: 'system_clock'                                                                                                                                                                                                                                                                                    ;
+-------+-------------------------------------------------------------------------------------------------------------+---------------------------------------------------------------------------------------------------------------------------------+--------------+--------------+--------------+------------+------------+
; Slack ; From Node                                                                                                   ; To Node                                                                                                                         ; Launch Clock ; Latch Clock  ; Relationship ; Clock Skew ; Data Delay ;
+-------+-------------------------------------------------------------------------------------------------------------+---------------------------------------------------------------------------------------------------------------------------------+--------------+--------------+--------------+------------+------------+
; 0.178 ; RAM_Control:RAM_Control_Instance|address[4]                                                                 ; RAM_Control:RAM_Control_Instance|address[4]                                                                                     ; system_clock ; system_clock ; 0.000        ; 0.045      ; 0.307      ;
; 0.178 ; RAM_Control:RAM_Control_Instance|address[5]                                                                 ; RAM_Control:RAM_Control_Instance|address[5]                                                                                     ; system_clock ; system_clock ; 0.000        ; 0.045      ; 0.307      ;
; 0.178 ; RAM_Control:RAM_Control_Instance|address[6]                                                                 ; RAM_Control:RAM_Control_Instance|address[6]                                                                                     ; system_clock ; system_clock ; 0.000        ; 0.045      ; 0.307      ;
; 0.178 ; RAM_Control:RAM_Control_Instance|address[7]                                                                 ; RAM_Control:RAM_Control_Instance|address[7]                                                                                     ; system_clock ; system_clock ; 0.000        ; 0.045      ; 0.307      ;
; 0.178 ; RAM_Control:RAM_Control_Instance|address[1]                                                                 ; RAM_Control:RAM_Control_Instance|address[1]                                                                                     ; system_clock ; system_clock ; 0.000        ; 0.045      ; 0.307      ;
; 0.178 ; RAM_Control:RAM_Control_Instance|address[2]                                                                 ; RAM_Control:RAM_Control_Instance|address[2]                                                                                     ; system_clock ; system_clock ; 0.000        ; 0.045      ; 0.307      ;
; 0.178 ; RAM_Control:RAM_Control_Instance|address[3]                                                                 ; RAM_Control:RAM_Control_Instance|address[3]                                                                                     ; system_clock ; system_clock ; 0.000        ; 0.045      ; 0.307      ;
; 0.178 ; RAM_Control:RAM_Control_Instance|address[0]                                                                 ; RAM_Control:RAM_Control_Instance|address[0]                                                                                     ; system_clock ; system_clock ; 0.000        ; 0.045      ; 0.307      ;
; 0.178 ; seg_595_dynamic:seg_595_dynamic_instance|seg_dynamic:seg_dynamic_inst|bcd_8421:bcd_8421_inst|data_shift[29] ; seg_595_dynamic:seg_595_dynamic_instance|seg_dynamic:seg_dynamic_inst|bcd_8421:bcd_8421_inst|data_shift[29]                     ; system_clock ; system_clock ; 0.000        ; 0.045      ; 0.307      ;
; 0.185 ; seg_595_dynamic:seg_595_dynamic_instance|seg_dynamic:seg_dynamic_inst|bcd_8421:bcd_8421_inst|data_shift[28] ; seg_595_dynamic:seg_595_dynamic_instance|seg_dynamic:seg_dynamic_inst|bcd_8421:bcd_8421_inst|data_shift[28]                     ; system_clock ; system_clock ; 0.000        ; 0.045      ; 0.314      ;
; 0.186 ; RAM_Control:RAM_Control_Instance|read_enable                                                                ; RAM_Control:RAM_Control_Instance|read_enable                                                                                    ; system_clock ; system_clock ; 0.000        ; 0.037      ; 0.307      ;
; 0.186 ; RAM_Control:RAM_Control_Instance|write_enable                                                               ; RAM_Control:RAM_Control_Instance|write_enable                                                                                   ; system_clock ; system_clock ; 0.000        ; 0.037      ; 0.307      ;
; 0.186 ; seg_595_dynamic:seg_595_dynamic_instance|hc595_ctrl:hc595_ctrl|cnt_bit[0]                                   ; seg_595_dynamic:seg_595_dynamic_instance|hc595_ctrl:hc595_ctrl|cnt_bit[0]                                                       ; system_clock ; system_clock ; 0.000        ; 0.037      ; 0.307      ;
; 0.186 ; seg_595_dynamic:seg_595_dynamic_instance|hc595_ctrl:hc595_ctrl|cnt_bit[1]                                   ; seg_595_dynamic:seg_595_dynamic_instance|hc595_ctrl:hc595_ctrl|cnt_bit[1]                                                       ; system_clock ; system_clock ; 0.000        ; 0.037      ; 0.307      ;
; 0.186 ; seg_595_dynamic:seg_595_dynamic_instance|hc595_ctrl:hc595_ctrl|cnt_bit[2]                                   ; seg_595_dynamic:seg_595_dynamic_instance|hc595_ctrl:hc595_ctrl|cnt_bit[2]                                                       ; system_clock ; system_clock ; 0.000        ; 0.037      ; 0.307      ;
; 0.186 ; seg_595_dynamic:seg_595_dynamic_instance|seg_dynamic:seg_dynamic_inst|bcd_8421:bcd_8421_inst|data_shift[0]  ; seg_595_dynamic:seg_595_dynamic_instance|seg_dynamic:seg_dynamic_inst|bcd_8421:bcd_8421_inst|data_shift[0]                      ; system_clock ; system_clock ; 0.000        ; 0.037      ; 0.307      ;
; 0.186 ; seg_595_dynamic:seg_595_dynamic_instance|seg_dynamic:seg_dynamic_inst|bcd_8421:bcd_8421_inst|data_shift[21] ; seg_595_dynamic:seg_595_dynamic_instance|seg_dynamic:seg_dynamic_inst|bcd_8421:bcd_8421_inst|data_shift[21]                     ; system_clock ; system_clock ; 0.000        ; 0.037      ; 0.307      ;
; 0.186 ; seg_595_dynamic:seg_595_dynamic_instance|seg_dynamic:seg_dynamic_inst|bcd_8421:bcd_8421_inst|data_shift[22] ; seg_595_dynamic:seg_595_dynamic_instance|seg_dynamic:seg_dynamic_inst|bcd_8421:bcd_8421_inst|data_shift[22]                     ; system_clock ; system_clock ; 0.000        ; 0.037      ; 0.307      ;
; 0.186 ; seg_595_dynamic:seg_595_dynamic_instance|seg_dynamic:seg_dynamic_inst|bcd_8421:bcd_8421_inst|data_shift[23] ; seg_595_dynamic:seg_595_dynamic_instance|seg_dynamic:seg_dynamic_inst|bcd_8421:bcd_8421_inst|data_shift[23]                     ; system_clock ; system_clock ; 0.000        ; 0.037      ; 0.307      ;
; 0.186 ; seg_595_dynamic:seg_595_dynamic_instance|seg_dynamic:seg_dynamic_inst|bcd_8421:bcd_8421_inst|data_shift[25] ; seg_595_dynamic:seg_595_dynamic_instance|seg_dynamic:seg_dynamic_inst|bcd_8421:bcd_8421_inst|data_shift[25]                     ; system_clock ; system_clock ; 0.000        ; 0.037      ; 0.307      ;
; 0.186 ; seg_595_dynamic:seg_595_dynamic_instance|seg_dynamic:seg_dynamic_inst|bcd_8421:bcd_8421_inst|data_shift[26] ; seg_595_dynamic:seg_595_dynamic_instance|seg_dynamic:seg_dynamic_inst|bcd_8421:bcd_8421_inst|data_shift[26]                     ; system_clock ; system_clock ; 0.000        ; 0.037      ; 0.307      ;
; 0.186 ; seg_595_dynamic:seg_595_dynamic_instance|seg_dynamic:seg_dynamic_inst|bcd_8421:bcd_8421_inst|data_shift[27] ; seg_595_dynamic:seg_595_dynamic_instance|seg_dynamic:seg_dynamic_inst|bcd_8421:bcd_8421_inst|data_shift[27]                     ; system_clock ; system_clock ; 0.000        ; 0.037      ; 0.307      ;
; 0.186 ; seg_595_dynamic:seg_595_dynamic_instance|seg_dynamic:seg_dynamic_inst|bcd_8421:bcd_8421_inst|data_shift[30] ; seg_595_dynamic:seg_595_dynamic_instance|seg_dynamic:seg_dynamic_inst|bcd_8421:bcd_8421_inst|data_shift[30]                     ; system_clock ; system_clock ; 0.000        ; 0.037      ; 0.307      ;
; 0.186 ; seg_595_dynamic:seg_595_dynamic_instance|seg_dynamic:seg_dynamic_inst|bcd_8421:bcd_8421_inst|data_shift[31] ; seg_595_dynamic:seg_595_dynamic_instance|seg_dynamic:seg_dynamic_inst|bcd_8421:bcd_8421_inst|data_shift[31]                     ; system_clock ; system_clock ; 0.000        ; 0.037      ; 0.307      ;
; 0.186 ; seg_595_dynamic:seg_595_dynamic_instance|seg_dynamic:seg_dynamic_inst|bcd_8421:bcd_8421_inst|data_shift[33] ; seg_595_dynamic:seg_595_dynamic_instance|seg_dynamic:seg_dynamic_inst|bcd_8421:bcd_8421_inst|data_shift[33]                     ; system_clock ; system_clock ; 0.000        ; 0.037      ; 0.307      ;
; 0.186 ; seg_595_dynamic:seg_595_dynamic_instance|seg_dynamic:seg_dynamic_inst|bcd_8421:bcd_8421_inst|data_shift[34] ; seg_595_dynamic:seg_595_dynamic_instance|seg_dynamic:seg_dynamic_inst|bcd_8421:bcd_8421_inst|data_shift[34]                     ; system_clock ; system_clock ; 0.000        ; 0.037      ; 0.307      ;
; 0.186 ; seg_595_dynamic:seg_595_dynamic_instance|seg_dynamic:seg_dynamic_inst|bcd_8421:bcd_8421_inst|data_shift[35] ; seg_595_dynamic:seg_595_dynamic_instance|seg_dynamic:seg_dynamic_inst|bcd_8421:bcd_8421_inst|data_shift[35]                     ; system_clock ; system_clock ; 0.000        ; 0.037      ; 0.307      ;
; 0.186 ; seg_595_dynamic:seg_595_dynamic_instance|seg_dynamic:seg_dynamic_inst|bcd_8421:bcd_8421_inst|data_shift[37] ; seg_595_dynamic:seg_595_dynamic_instance|seg_dynamic:seg_dynamic_inst|bcd_8421:bcd_8421_inst|data_shift[37]                     ; system_clock ; system_clock ; 0.000        ; 0.037      ; 0.307      ;
; 0.186 ; seg_595_dynamic:seg_595_dynamic_instance|seg_dynamic:seg_dynamic_inst|bcd_8421:bcd_8421_inst|data_shift[38] ; seg_595_dynamic:seg_595_dynamic_instance|seg_dynamic:seg_dynamic_inst|bcd_8421:bcd_8421_inst|data_shift[38]                     ; system_clock ; system_clock ; 0.000        ; 0.037      ; 0.307      ;
; 0.186 ; seg_595_dynamic:seg_595_dynamic_instance|seg_dynamic:seg_dynamic_inst|bcd_8421:bcd_8421_inst|data_shift[39] ; seg_595_dynamic:seg_595_dynamic_instance|seg_dynamic:seg_dynamic_inst|bcd_8421:bcd_8421_inst|data_shift[39]                     ; system_clock ; system_clock ; 0.000        ; 0.037      ; 0.307      ;
; 0.186 ; seg_595_dynamic:seg_595_dynamic_instance|seg_dynamic:seg_dynamic_inst|bcd_8421:bcd_8421_inst|data_shift[42] ; seg_595_dynamic:seg_595_dynamic_instance|seg_dynamic:seg_dynamic_inst|bcd_8421:bcd_8421_inst|data_shift[42]                     ; system_clock ; system_clock ; 0.000        ; 0.037      ; 0.307      ;
; 0.186 ; seg_595_dynamic:seg_595_dynamic_instance|seg_dynamic:seg_dynamic_inst|bcd_8421:bcd_8421_inst|data_shift[43] ; seg_595_dynamic:seg_595_dynamic_instance|seg_dynamic:seg_dynamic_inst|bcd_8421:bcd_8421_inst|data_shift[43]                     ; system_clock ; system_clock ; 0.000        ; 0.037      ; 0.307      ;
; 0.186 ; seg_595_dynamic:seg_595_dynamic_instance|seg_dynamic:seg_dynamic_inst|bcd_8421:bcd_8421_inst|data_shift[41] ; seg_595_dynamic:seg_595_dynamic_instance|seg_dynamic:seg_dynamic_inst|bcd_8421:bcd_8421_inst|data_shift[41]                     ; system_clock ; system_clock ; 0.000        ; 0.037      ; 0.307      ;
; 0.186 ; seg_595_dynamic:seg_595_dynamic_instance|hc595_ctrl:hc595_ctrl|shcp                                         ; seg_595_dynamic:seg_595_dynamic_instance|hc595_ctrl:hc595_ctrl|shcp                                                             ; system_clock ; system_clock ; 0.000        ; 0.037      ; 0.307      ;
; 0.186 ; seg_595_dynamic:seg_595_dynamic_instance|hc595_ctrl:hc595_ctrl|stcp                                         ; seg_595_dynamic:seg_595_dynamic_instance|hc595_ctrl:hc595_ctrl|stcp                                                             ; system_clock ; system_clock ; 0.000        ; 0.037      ; 0.307      ;
; 0.187 ; seg_595_dynamic:seg_595_dynamic_instance|hc595_ctrl:hc595_ctrl|cnt_bit[3]                                   ; seg_595_dynamic:seg_595_dynamic_instance|hc595_ctrl:hc595_ctrl|cnt_bit[3]                                                       ; system_clock ; system_clock ; 0.000        ; 0.036      ; 0.307      ;
; 0.187 ; seg_595_dynamic:seg_595_dynamic_instance|seg_dynamic:seg_dynamic_inst|cnt_sel[2]                            ; seg_595_dynamic:seg_595_dynamic_instance|seg_dynamic:seg_dynamic_inst|cnt_sel[2]                                                ; system_clock ; system_clock ; 0.000        ; 0.036      ; 0.307      ;
; 0.187 ; seg_595_dynamic:seg_595_dynamic_instance|seg_dynamic:seg_dynamic_inst|cnt_sel[1]                            ; seg_595_dynamic:seg_595_dynamic_instance|seg_dynamic:seg_dynamic_inst|cnt_sel[1]                                                ; system_clock ; system_clock ; 0.000        ; 0.036      ; 0.307      ;
; 0.187 ; seg_595_dynamic:seg_595_dynamic_instance|seg_dynamic:seg_dynamic_inst|sel_reg[0]                            ; seg_595_dynamic:seg_595_dynamic_instance|seg_dynamic:seg_dynamic_inst|sel_reg[0]                                                ; system_clock ; system_clock ; 0.000        ; 0.036      ; 0.307      ;
; 0.187 ; seg_595_dynamic:seg_595_dynamic_instance|hc595_ctrl:hc595_ctrl|ds                                           ; seg_595_dynamic:seg_595_dynamic_instance|hc595_ctrl:hc595_ctrl|ds                                                               ; system_clock ; system_clock ; 0.000        ; 0.036      ; 0.307      ;
; 0.193 ; seg_595_dynamic:seg_595_dynamic_instance|hc595_ctrl:hc595_ctrl|cnt[0]                                       ; seg_595_dynamic:seg_595_dynamic_instance|hc595_ctrl:hc595_ctrl|cnt[0]                                                           ; system_clock ; system_clock ; 0.000        ; 0.037      ; 0.314      ;
; 0.193 ; seg_595_dynamic:seg_595_dynamic_instance|seg_dynamic:seg_dynamic_inst|bcd_8421:bcd_8421_inst|data_shift[20] ; seg_595_dynamic:seg_595_dynamic_instance|seg_dynamic:seg_dynamic_inst|bcd_8421:bcd_8421_inst|data_shift[20]                     ; system_clock ; system_clock ; 0.000        ; 0.037      ; 0.314      ;
; 0.193 ; seg_595_dynamic:seg_595_dynamic_instance|seg_dynamic:seg_dynamic_inst|bcd_8421:bcd_8421_inst|data_shift[24] ; seg_595_dynamic:seg_595_dynamic_instance|seg_dynamic:seg_dynamic_inst|bcd_8421:bcd_8421_inst|data_shift[24]                     ; system_clock ; system_clock ; 0.000        ; 0.037      ; 0.314      ;
; 0.193 ; seg_595_dynamic:seg_595_dynamic_instance|seg_dynamic:seg_dynamic_inst|bcd_8421:bcd_8421_inst|data_shift[32] ; seg_595_dynamic:seg_595_dynamic_instance|seg_dynamic:seg_dynamic_inst|bcd_8421:bcd_8421_inst|data_shift[32]                     ; system_clock ; system_clock ; 0.000        ; 0.037      ; 0.314      ;
; 0.193 ; seg_595_dynamic:seg_595_dynamic_instance|seg_dynamic:seg_dynamic_inst|bcd_8421:bcd_8421_inst|data_shift[36] ; seg_595_dynamic:seg_595_dynamic_instance|seg_dynamic:seg_dynamic_inst|bcd_8421:bcd_8421_inst|data_shift[36]                     ; system_clock ; system_clock ; 0.000        ; 0.037      ; 0.314      ;
; 0.193 ; seg_595_dynamic:seg_595_dynamic_instance|seg_dynamic:seg_dynamic_inst|bcd_8421:bcd_8421_inst|data_shift[40] ; seg_595_dynamic:seg_595_dynamic_instance|seg_dynamic:seg_dynamic_inst|bcd_8421:bcd_8421_inst|data_shift[40]                     ; system_clock ; system_clock ; 0.000        ; 0.037      ; 0.314      ;
; 0.194 ; seg_595_dynamic:seg_595_dynamic_instance|seg_dynamic:seg_dynamic_inst|cnt_sel[0]                            ; seg_595_dynamic:seg_595_dynamic_instance|seg_dynamic:seg_dynamic_inst|cnt_sel[0]                                                ; system_clock ; system_clock ; 0.000        ; 0.036      ; 0.314      ;
; 0.209 ; seg_595_dynamic:seg_595_dynamic_instance|seg_dynamic:seg_dynamic_inst|bcd_8421:bcd_8421_inst|data_shift[20] ; seg_595_dynamic:seg_595_dynamic_instance|seg_dynamic:seg_dynamic_inst|bcd_8421:bcd_8421_inst|unit[0]                            ; system_clock ; system_clock ; 0.000        ; 0.037      ; 0.330      ;
; 0.213 ; seg_595_dynamic:seg_595_dynamic_instance|seg_dynamic:seg_dynamic_inst|bcd_8421:bcd_8421_inst|h_hun[3]       ; seg_595_dynamic:seg_595_dynamic_instance|seg_dynamic:seg_dynamic_inst|data_reg[20]                                              ; system_clock ; system_clock ; 0.000        ; 0.037      ; 0.334      ;
; 0.219 ; seg_595_dynamic:seg_595_dynamic_instance|seg_dynamic:seg_dynamic_inst|bcd_8421:bcd_8421_inst|h_hun[2]       ; seg_595_dynamic:seg_595_dynamic_instance|seg_dynamic:seg_dynamic_inst|data_reg[23]                                              ; system_clock ; system_clock ; 0.000        ; 0.037      ; 0.340      ;
; 0.252 ; seg_595_dynamic:seg_595_dynamic_instance|seg_dynamic:seg_dynamic_inst|bcd_8421:bcd_8421_inst|data_shift[1]  ; seg_595_dynamic:seg_595_dynamic_instance|seg_dynamic:seg_dynamic_inst|bcd_8421:bcd_8421_inst|data_shift[2]                      ; system_clock ; system_clock ; 0.000        ; 0.037      ; 0.373      ;
; 0.252 ; seg_595_dynamic:seg_595_dynamic_instance|seg_dynamic:seg_dynamic_inst|bcd_8421:bcd_8421_inst|data_shift[13] ; seg_595_dynamic:seg_595_dynamic_instance|seg_dynamic:seg_dynamic_inst|bcd_8421:bcd_8421_inst|data_shift[14]                     ; system_clock ; system_clock ; 0.000        ; 0.037      ; 0.373      ;
; 0.253 ; seg_595_dynamic:seg_595_dynamic_instance|seg_dynamic:seg_dynamic_inst|bcd_8421:bcd_8421_inst|data_shift[2]  ; seg_595_dynamic:seg_595_dynamic_instance|seg_dynamic:seg_dynamic_inst|bcd_8421:bcd_8421_inst|data_shift[3]                      ; system_clock ; system_clock ; 0.000        ; 0.037      ; 0.374      ;
; 0.253 ; seg_595_dynamic:seg_595_dynamic_instance|seg_dynamic:seg_dynamic_inst|bcd_8421:bcd_8421_inst|data_shift[5]  ; seg_595_dynamic:seg_595_dynamic_instance|seg_dynamic:seg_dynamic_inst|bcd_8421:bcd_8421_inst|data_shift[6]                      ; system_clock ; system_clock ; 0.000        ; 0.037      ; 0.374      ;
; 0.253 ; seg_595_dynamic:seg_595_dynamic_instance|seg_dynamic:seg_dynamic_inst|bcd_8421:bcd_8421_inst|data_shift[9]  ; seg_595_dynamic:seg_595_dynamic_instance|seg_dynamic:seg_dynamic_inst|bcd_8421:bcd_8421_inst|data_shift[10]                     ; system_clock ; system_clock ; 0.000        ; 0.037      ; 0.374      ;
; 0.255 ; seg_595_dynamic:seg_595_dynamic_instance|seg_dynamic:seg_dynamic_inst|bcd_8421:bcd_8421_inst|data_shift[18] ; seg_595_dynamic:seg_595_dynamic_instance|seg_dynamic:seg_dynamic_inst|bcd_8421:bcd_8421_inst|data_shift[19]                     ; system_clock ; system_clock ; 0.000        ; 0.037      ; 0.376      ;
; 0.257 ; RAM_Control:RAM_Control_Instance|count_200ms[16]                                                            ; RAM_Control:RAM_Control_Instance|count_200ms[17]                                                                                ; system_clock ; system_clock ; 0.000        ; 0.237      ; 0.578      ;
; 0.257 ; RAM_Control:RAM_Control_Instance|count_200ms[20]                                                            ; RAM_Control:RAM_Control_Instance|count_200ms[21]                                                                                ; system_clock ; system_clock ; 0.000        ; 0.237      ; 0.578      ;
; 0.260 ; RAM_Control:RAM_Control_Instance|count_200ms[16]                                                            ; RAM_Control:RAM_Control_Instance|count_200ms[18]                                                                                ; system_clock ; system_clock ; 0.000        ; 0.237      ; 0.581      ;
; 0.262 ; seg_595_dynamic:seg_595_dynamic_instance|seg_dynamic:seg_dynamic_inst|bcd_8421:bcd_8421_inst|h_hun[1]       ; seg_595_dynamic:seg_595_dynamic_instance|seg_dynamic:seg_dynamic_inst|data_reg[23]                                              ; system_clock ; system_clock ; 0.000        ; 0.037      ; 0.383      ;
; 0.264 ; seg_595_dynamic:seg_595_dynamic_instance|seg_dynamic:seg_dynamic_inst|bcd_8421:bcd_8421_inst|data_shift[21] ; seg_595_dynamic:seg_595_dynamic_instance|seg_dynamic:seg_dynamic_inst|bcd_8421:bcd_8421_inst|unit[1]                            ; system_clock ; system_clock ; 0.000        ; 0.037      ; 0.385      ;
; 0.265 ; RAM_Control:RAM_Control_Instance|count_200ms[22]                                                            ; RAM_Control:RAM_Control_Instance|count_200ms[23]                                                                                ; system_clock ; system_clock ; 0.000        ; 0.237      ; 0.586      ;
; 0.265 ; seg_595_dynamic:seg_595_dynamic_instance|seg_dynamic:seg_dynamic_inst|sel_reg[2]                            ; seg_595_dynamic:seg_595_dynamic_instance|seg_dynamic:seg_dynamic_inst|sel_reg[3]                                                ; system_clock ; system_clock ; 0.000        ; 0.036      ; 0.385      ;
; 0.266 ; seg_595_dynamic:seg_595_dynamic_instance|seg_dynamic:seg_dynamic_inst|sel_reg[0]                            ; seg_595_dynamic:seg_595_dynamic_instance|seg_dynamic:seg_dynamic_inst|sel_reg[1]                                                ; system_clock ; system_clock ; 0.000        ; 0.036      ; 0.386      ;
; 0.270 ; Button_Debounce:Button_Debounce_Instance_Write|count_20ms[16]                                               ; Button_Debounce:Button_Debounce_Instance_Write|count_20ms[17]                                                                   ; system_clock ; system_clock ; 0.000        ; 0.224      ; 0.578      ;
; 0.272 ; seg_595_dynamic:seg_595_dynamic_instance|seg_dynamic:seg_dynamic_inst|bcd_8421:bcd_8421_inst|ten[2]         ; seg_595_dynamic:seg_595_dynamic_instance|seg_dynamic:seg_dynamic_inst|data_reg[6]                                               ; system_clock ; system_clock ; 0.000        ; 0.036      ; 0.392      ;
; 0.272 ; seg_595_dynamic:seg_595_dynamic_instance|seg_dynamic:seg_dynamic_inst|bcd_8421:bcd_8421_inst|t_tho[0]       ; seg_595_dynamic:seg_595_dynamic_instance|seg_dynamic:seg_dynamic_inst|data_reg[16]                                              ; system_clock ; system_clock ; 0.000        ; 0.037      ; 0.393      ;
; 0.275 ; Button_Debounce:Button_Debounce_Instance_Read|count_20ms[16]                                                ; Button_Debounce:Button_Debounce_Instance_Read|count_20ms[17]                                                                    ; system_clock ; system_clock ; 0.000        ; 0.225      ; 0.584      ;
; 0.277 ; seg_595_dynamic:seg_595_dynamic_instance|seg_dynamic:seg_dynamic_inst|bcd_8421:bcd_8421_inst|t_tho[1]       ; seg_595_dynamic:seg_595_dynamic_instance|seg_dynamic:seg_dynamic_inst|data_reg[17]                                              ; system_clock ; system_clock ; 0.000        ; 0.037      ; 0.398      ;
; 0.278 ; Button_Debounce:Button_Debounce_Instance_Read|count_20ms[16]                                                ; Button_Debounce:Button_Debounce_Instance_Read|count_20ms[18]                                                                    ; system_clock ; system_clock ; 0.000        ; 0.225      ; 0.587      ;
; 0.279 ; seg_595_dynamic:seg_595_dynamic_instance|seg_dynamic:seg_dynamic_inst|cnt_sel[2]                            ; seg_595_dynamic:seg_595_dynamic_instance|seg_dynamic:seg_dynamic_inst|data_disp[2]                                              ; system_clock ; system_clock ; 0.000        ; 0.036      ; 0.399      ;
; 0.280 ; seg_595_dynamic:seg_595_dynamic_instance|seg_dynamic:seg_dynamic_inst|bcd_8421:bcd_8421_inst|data_shift[25] ; seg_595_dynamic:seg_595_dynamic_instance|seg_dynamic:seg_dynamic_inst|bcd_8421:bcd_8421_inst|ten[1]                             ; system_clock ; system_clock ; 0.000        ; 0.036      ; 0.400      ;
; 0.281 ; seg_595_dynamic:seg_595_dynamic_instance|seg_dynamic:seg_dynamic_inst|bcd_8421:bcd_8421_inst|h_hun[1]       ; seg_595_dynamic:seg_595_dynamic_instance|seg_dynamic:seg_dynamic_inst|data_reg[21]                                              ; system_clock ; system_clock ; 0.000        ; 0.037      ; 0.402      ;
; 0.282 ; seg_595_dynamic:seg_595_dynamic_instance|seg_dynamic:seg_dynamic_inst|bcd_8421:bcd_8421_inst|data_shift[22] ; seg_595_dynamic:seg_595_dynamic_instance|seg_dynamic:seg_dynamic_inst|bcd_8421:bcd_8421_inst|unit[2]                            ; system_clock ; system_clock ; 0.000        ; 0.036      ; 0.402      ;
; 0.287 ; seg_595_dynamic:seg_595_dynamic_instance|hc595_ctrl:hc595_ctrl|cnt[1]                                       ; seg_595_dynamic:seg_595_dynamic_instance|hc595_ctrl:hc595_ctrl|shcp                                                             ; system_clock ; system_clock ; 0.000        ; 0.038      ; 0.409      ;
; 0.290 ; RAM_Control:RAM_Control_Instance|count_200ms[19]                                                            ; RAM_Control:RAM_Control_Instance|count_200ms[19]                                                                                ; system_clock ; system_clock ; 0.000        ; 0.045      ; 0.419      ;
; 0.290 ; RAM_Control:RAM_Control_Instance|count_200ms[17]                                                            ; RAM_Control:RAM_Control_Instance|count_200ms[17]                                                                                ; system_clock ; system_clock ; 0.000        ; 0.045      ; 0.419      ;
; 0.290 ; RAM_Control:RAM_Control_Instance|count_200ms[21]                                                            ; RAM_Control:RAM_Control_Instance|count_200ms[21]                                                                                ; system_clock ; system_clock ; 0.000        ; 0.045      ; 0.419      ;
; 0.290 ; RAM_Control:RAM_Control_Instance|count_200ms[18]                                                            ; RAM_Control:RAM_Control_Instance|count_200ms[18]                                                                                ; system_clock ; system_clock ; 0.000        ; 0.045      ; 0.419      ;
; 0.290 ; RAM_Control:RAM_Control_Instance|count_200ms[23]                                                            ; RAM_Control:RAM_Control_Instance|count_200ms[23]                                                                                ; system_clock ; system_clock ; 0.000        ; 0.045      ; 0.419      ;
; 0.292 ; Button_Debounce:Button_Debounce_Instance_Write|count_20ms[17]                                               ; Button_Debounce:Button_Debounce_Instance_Write|count_20ms[17]                                                                   ; system_clock ; system_clock ; 0.000        ; 0.044      ; 0.420      ;
; 0.293 ; Button_Debounce:Button_Debounce_Instance_Read|count_20ms[18]                                                ; Button_Debounce:Button_Debounce_Instance_Read|count_20ms[18]                                                                    ; system_clock ; system_clock ; 0.000        ; 0.044      ; 0.421      ;
; 0.294 ; RAM_Control:RAM_Control_Instance|read_enable                                                                ; ram_8x256_single:ram_8x256_single_inst|altsyncram:altsyncram_component|altsyncram_kmg1:auto_generated|ram_block1a0~porta_re_reg ; system_clock ; system_clock ; 0.000        ; 0.217      ; 0.615      ;
; 0.295 ; RAM_Control:RAM_Control_Instance|count_200ms[11]                                                            ; RAM_Control:RAM_Control_Instance|count_200ms[11]                                                                                ; system_clock ; system_clock ; 0.000        ; 0.037      ; 0.416      ;
; 0.296 ; Button_Debounce:Button_Debounce_Instance_Read|count_20ms[7]                                                 ; Button_Debounce:Button_Debounce_Instance_Read|count_20ms[7]                                                                     ; system_clock ; system_clock ; 0.000        ; 0.037      ; 0.417      ;
; 0.296 ; Button_Debounce:Button_Debounce_Instance_Write|count_20ms[7]                                                ; Button_Debounce:Button_Debounce_Instance_Write|count_20ms[7]                                                                    ; system_clock ; system_clock ; 0.000        ; 0.037      ; 0.417      ;
; 0.296 ; RAM_Control:RAM_Control_Instance|count_200ms[9]                                                             ; RAM_Control:RAM_Control_Instance|count_200ms[9]                                                                                 ; system_clock ; system_clock ; 0.000        ; 0.037      ; 0.417      ;
; 0.296 ; RAM_Control:RAM_Control_Instance|count_200ms[13]                                                            ; RAM_Control:RAM_Control_Instance|count_200ms[13]                                                                                ; system_clock ; system_clock ; 0.000        ; 0.037      ; 0.417      ;
; 0.297 ; seg_595_dynamic:seg_595_dynamic_instance|seg_dynamic:seg_dynamic_inst|cnt_1ms[2]                            ; seg_595_dynamic:seg_595_dynamic_instance|seg_dynamic:seg_dynamic_inst|cnt_1ms[2]                                                ; system_clock ; system_clock ; 0.000        ; 0.044      ; 0.425      ;
; 0.297 ; Button_Debounce:Button_Debounce_Instance_Write|count_20ms[3]                                                ; Button_Debounce:Button_Debounce_Instance_Write|count_20ms[3]                                                                    ; system_clock ; system_clock ; 0.000        ; 0.037      ; 0.418      ;
; 0.297 ; Button_Debounce:Button_Debounce_Instance_Write|count_20ms[5]                                                ; Button_Debounce:Button_Debounce_Instance_Write|count_20ms[5]                                                                    ; system_clock ; system_clock ; 0.000        ; 0.037      ; 0.418      ;
; 0.297 ; Button_Debounce:Button_Debounce_Instance_Write|count_20ms[8]                                                ; Button_Debounce:Button_Debounce_Instance_Write|count_20ms[8]                                                                    ; system_clock ; system_clock ; 0.000        ; 0.037      ; 0.418      ;
; 0.297 ; Button_Debounce:Button_Debounce_Instance_Write|count_20ms[13]                                               ; Button_Debounce:Button_Debounce_Instance_Write|count_20ms[13]                                                                   ; system_clock ; system_clock ; 0.000        ; 0.036      ; 0.417      ;
; 0.297 ; RAM_Control:RAM_Control_Instance|count_200ms[5]                                                             ; RAM_Control:RAM_Control_Instance|count_200ms[5]                                                                                 ; system_clock ; system_clock ; 0.000        ; 0.037      ; 0.418      ;
; 0.297 ; RAM_Control:RAM_Control_Instance|count_200ms[7]                                                             ; RAM_Control:RAM_Control_Instance|count_200ms[7]                                                                                 ; system_clock ; system_clock ; 0.000        ; 0.037      ; 0.418      ;
; 0.297 ; RAM_Control:RAM_Control_Instance|count_200ms[10]                                                            ; RAM_Control:RAM_Control_Instance|count_200ms[10]                                                                                ; system_clock ; system_clock ; 0.000        ; 0.037      ; 0.418      ;
; 0.297 ; RAM_Control:RAM_Control_Instance|count_200ms[12]                                                            ; RAM_Control:RAM_Control_Instance|count_200ms[12]                                                                                ; system_clock ; system_clock ; 0.000        ; 0.037      ; 0.418      ;
; 0.297 ; RAM_Control:RAM_Control_Instance|count_200ms[15]                                                            ; RAM_Control:RAM_Control_Instance|count_200ms[15]                                                                                ; system_clock ; system_clock ; 0.000        ; 0.037      ; 0.418      ;
; 0.298 ; Button_Debounce:Button_Debounce_Instance_Read|count_20ms[1]                                                 ; Button_Debounce:Button_Debounce_Instance_Read|count_20ms[1]                                                                     ; system_clock ; system_clock ; 0.000        ; 0.037      ; 0.419      ;
; 0.298 ; Button_Debounce:Button_Debounce_Instance_Read|count_20ms[10]                                                ; Button_Debounce:Button_Debounce_Instance_Read|count_20ms[10]                                                                    ; system_clock ; system_clock ; 0.000        ; 0.036      ; 0.418      ;
+-------+-------------------------------------------------------------------------------------------------------------+---------------------------------------------------------------------------------------------------------------------------------+--------------+--------------+--------------+------------+------------+


+-------------------------------------------------------------------------------------------------------------------------------------------------------------------------------------------------------------------------+
; Fast 1200mV 0C Model Minimum Pulse Width: 'system_clock'                                                                                                                                                                ;
+--------+--------------+----------------+------------+--------------+------------+---------------------------------------------------------------------------------------------------------------------------------------+
; Slack  ; Actual Width ; Required Width ; Type       ; Clock        ; Clock Edge ; Target                                                                                                                                ;
+--------+--------------+----------------+------------+--------------+------------+---------------------------------------------------------------------------------------------------------------------------------------+
; -3.000 ; 1.000        ; 4.000          ; Port Rate  ; system_clock ; Rise       ; system_clock                                                                                                                          ;
; -1.000 ; 1.000        ; 2.000          ; Min Period ; system_clock ; Rise       ; Button_Debounce:Button_Debounce_Instance_Read|count_20ms[0]                                                                           ;
; -1.000 ; 1.000        ; 2.000          ; Min Period ; system_clock ; Rise       ; Button_Debounce:Button_Debounce_Instance_Read|count_20ms[10]                                                                          ;
; -1.000 ; 1.000        ; 2.000          ; Min Period ; system_clock ; Rise       ; Button_Debounce:Button_Debounce_Instance_Read|count_20ms[11]                                                                          ;
; -1.000 ; 1.000        ; 2.000          ; Min Period ; system_clock ; Rise       ; Button_Debounce:Button_Debounce_Instance_Read|count_20ms[12]                                                                          ;
; -1.000 ; 1.000        ; 2.000          ; Min Period ; system_clock ; Rise       ; Button_Debounce:Button_Debounce_Instance_Read|count_20ms[13]                                                                          ;
; -1.000 ; 1.000        ; 2.000          ; Min Period ; system_clock ; Rise       ; Button_Debounce:Button_Debounce_Instance_Read|count_20ms[14]                                                                          ;
; -1.000 ; 1.000        ; 2.000          ; Min Period ; system_clock ; Rise       ; Button_Debounce:Button_Debounce_Instance_Read|count_20ms[15]                                                                          ;
; -1.000 ; 1.000        ; 2.000          ; Min Period ; system_clock ; Rise       ; Button_Debounce:Button_Debounce_Instance_Read|count_20ms[16]                                                                          ;
; -1.000 ; 1.000        ; 2.000          ; Min Period ; system_clock ; Rise       ; Button_Debounce:Button_Debounce_Instance_Read|count_20ms[17]                                                                          ;
; -1.000 ; 1.000        ; 2.000          ; Min Period ; system_clock ; Rise       ; Button_Debounce:Button_Debounce_Instance_Read|count_20ms[18]                                                                          ;
; -1.000 ; 1.000        ; 2.000          ; Min Period ; system_clock ; Rise       ; Button_Debounce:Button_Debounce_Instance_Read|count_20ms[19]                                                                          ;
; -1.000 ; 1.000        ; 2.000          ; Min Period ; system_clock ; Rise       ; Button_Debounce:Button_Debounce_Instance_Read|count_20ms[1]                                                                           ;
; -1.000 ; 1.000        ; 2.000          ; Min Period ; system_clock ; Rise       ; Button_Debounce:Button_Debounce_Instance_Read|count_20ms[2]                                                                           ;
; -1.000 ; 1.000        ; 2.000          ; Min Period ; system_clock ; Rise       ; Button_Debounce:Button_Debounce_Instance_Read|count_20ms[3]                                                                           ;
; -1.000 ; 1.000        ; 2.000          ; Min Period ; system_clock ; Rise       ; Button_Debounce:Button_Debounce_Instance_Read|count_20ms[4]                                                                           ;
; -1.000 ; 1.000        ; 2.000          ; Min Period ; system_clock ; Rise       ; Button_Debounce:Button_Debounce_Instance_Read|count_20ms[5]                                                                           ;
; -1.000 ; 1.000        ; 2.000          ; Min Period ; system_clock ; Rise       ; Button_Debounce:Button_Debounce_Instance_Read|count_20ms[6]                                                                           ;
; -1.000 ; 1.000        ; 2.000          ; Min Period ; system_clock ; Rise       ; Button_Debounce:Button_Debounce_Instance_Read|count_20ms[7]                                                                           ;
; -1.000 ; 1.000        ; 2.000          ; Min Period ; system_clock ; Rise       ; Button_Debounce:Button_Debounce_Instance_Read|count_20ms[8]                                                                           ;
; -1.000 ; 1.000        ; 2.000          ; Min Period ; system_clock ; Rise       ; Button_Debounce:Button_Debounce_Instance_Read|count_20ms[9]                                                                           ;
; -1.000 ; 1.000        ; 2.000          ; Min Period ; system_clock ; Rise       ; Button_Debounce:Button_Debounce_Instance_Read|key_flag                                                                                ;
; -1.000 ; 1.000        ; 2.000          ; Min Period ; system_clock ; Rise       ; Button_Debounce:Button_Debounce_Instance_Write|count_20ms[0]                                                                          ;
; -1.000 ; 1.000        ; 2.000          ; Min Period ; system_clock ; Rise       ; Button_Debounce:Button_Debounce_Instance_Write|count_20ms[10]                                                                         ;
; -1.000 ; 1.000        ; 2.000          ; Min Period ; system_clock ; Rise       ; Button_Debounce:Button_Debounce_Instance_Write|count_20ms[11]                                                                         ;
; -1.000 ; 1.000        ; 2.000          ; Min Period ; system_clock ; Rise       ; Button_Debounce:Button_Debounce_Instance_Write|count_20ms[12]                                                                         ;
; -1.000 ; 1.000        ; 2.000          ; Min Period ; system_clock ; Rise       ; Button_Debounce:Button_Debounce_Instance_Write|count_20ms[13]                                                                         ;
; -1.000 ; 1.000        ; 2.000          ; Min Period ; system_clock ; Rise       ; Button_Debounce:Button_Debounce_Instance_Write|count_20ms[14]                                                                         ;
; -1.000 ; 1.000        ; 2.000          ; Min Period ; system_clock ; Rise       ; Button_Debounce:Button_Debounce_Instance_Write|count_20ms[15]                                                                         ;
; -1.000 ; 1.000        ; 2.000          ; Min Period ; system_clock ; Rise       ; Button_Debounce:Button_Debounce_Instance_Write|count_20ms[16]                                                                         ;
; -1.000 ; 1.000        ; 2.000          ; Min Period ; system_clock ; Rise       ; Button_Debounce:Button_Debounce_Instance_Write|count_20ms[17]                                                                         ;
; -1.000 ; 1.000        ; 2.000          ; Min Period ; system_clock ; Rise       ; Button_Debounce:Button_Debounce_Instance_Write|count_20ms[18]                                                                         ;
; -1.000 ; 1.000        ; 2.000          ; Min Period ; system_clock ; Rise       ; Button_Debounce:Button_Debounce_Instance_Write|count_20ms[19]                                                                         ;
; -1.000 ; 1.000        ; 2.000          ; Min Period ; system_clock ; Rise       ; Button_Debounce:Button_Debounce_Instance_Write|count_20ms[1]                                                                          ;
; -1.000 ; 1.000        ; 2.000          ; Min Period ; system_clock ; Rise       ; Button_Debounce:Button_Debounce_Instance_Write|count_20ms[2]                                                                          ;
; -1.000 ; 1.000        ; 2.000          ; Min Period ; system_clock ; Rise       ; Button_Debounce:Button_Debounce_Instance_Write|count_20ms[3]                                                                          ;
; -1.000 ; 1.000        ; 2.000          ; Min Period ; system_clock ; Rise       ; Button_Debounce:Button_Debounce_Instance_Write|count_20ms[4]                                                                          ;
; -1.000 ; 1.000        ; 2.000          ; Min Period ; system_clock ; Rise       ; Button_Debounce:Button_Debounce_Instance_Write|count_20ms[5]                                                                          ;
; -1.000 ; 1.000        ; 2.000          ; Min Period ; system_clock ; Rise       ; Button_Debounce:Button_Debounce_Instance_Write|count_20ms[6]                                                                          ;
; -1.000 ; 1.000        ; 2.000          ; Min Period ; system_clock ; Rise       ; Button_Debounce:Button_Debounce_Instance_Write|count_20ms[7]                                                                          ;
; -1.000 ; 1.000        ; 2.000          ; Min Period ; system_clock ; Rise       ; Button_Debounce:Button_Debounce_Instance_Write|count_20ms[8]                                                                          ;
; -1.000 ; 1.000        ; 2.000          ; Min Period ; system_clock ; Rise       ; Button_Debounce:Button_Debounce_Instance_Write|count_20ms[9]                                                                          ;
; -1.000 ; 1.000        ; 2.000          ; Min Period ; system_clock ; Rise       ; Button_Debounce:Button_Debounce_Instance_Write|key_flag                                                                               ;
; -1.000 ; 1.000        ; 2.000          ; Min Period ; system_clock ; Rise       ; RAM_Control:RAM_Control_Instance|address[0]                                                                                           ;
; -1.000 ; 1.000        ; 2.000          ; Min Period ; system_clock ; Rise       ; RAM_Control:RAM_Control_Instance|address[1]                                                                                           ;
; -1.000 ; 1.000        ; 2.000          ; Min Period ; system_clock ; Rise       ; RAM_Control:RAM_Control_Instance|address[2]                                                                                           ;
; -1.000 ; 1.000        ; 2.000          ; Min Period ; system_clock ; Rise       ; RAM_Control:RAM_Control_Instance|address[3]                                                                                           ;
; -1.000 ; 1.000        ; 2.000          ; Min Period ; system_clock ; Rise       ; RAM_Control:RAM_Control_Instance|address[4]                                                                                           ;
; -1.000 ; 1.000        ; 2.000          ; Min Period ; system_clock ; Rise       ; RAM_Control:RAM_Control_Instance|address[5]                                                                                           ;
; -1.000 ; 1.000        ; 2.000          ; Min Period ; system_clock ; Rise       ; RAM_Control:RAM_Control_Instance|address[6]                                                                                           ;
; -1.000 ; 1.000        ; 2.000          ; Min Period ; system_clock ; Rise       ; RAM_Control:RAM_Control_Instance|address[7]                                                                                           ;
; -1.000 ; 1.000        ; 2.000          ; Min Period ; system_clock ; Rise       ; RAM_Control:RAM_Control_Instance|count_200ms[0]                                                                                       ;
; -1.000 ; 1.000        ; 2.000          ; Min Period ; system_clock ; Rise       ; RAM_Control:RAM_Control_Instance|count_200ms[10]                                                                                      ;
; -1.000 ; 1.000        ; 2.000          ; Min Period ; system_clock ; Rise       ; RAM_Control:RAM_Control_Instance|count_200ms[11]                                                                                      ;
; -1.000 ; 1.000        ; 2.000          ; Min Period ; system_clock ; Rise       ; RAM_Control:RAM_Control_Instance|count_200ms[12]                                                                                      ;
; -1.000 ; 1.000        ; 2.000          ; Min Period ; system_clock ; Rise       ; RAM_Control:RAM_Control_Instance|count_200ms[13]                                                                                      ;
; -1.000 ; 1.000        ; 2.000          ; Min Period ; system_clock ; Rise       ; RAM_Control:RAM_Control_Instance|count_200ms[14]                                                                                      ;
; -1.000 ; 1.000        ; 2.000          ; Min Period ; system_clock ; Rise       ; RAM_Control:RAM_Control_Instance|count_200ms[15]                                                                                      ;
; -1.000 ; 1.000        ; 2.000          ; Min Period ; system_clock ; Rise       ; RAM_Control:RAM_Control_Instance|count_200ms[16]                                                                                      ;
; -1.000 ; 1.000        ; 2.000          ; Min Period ; system_clock ; Rise       ; RAM_Control:RAM_Control_Instance|count_200ms[17]                                                                                      ;
; -1.000 ; 1.000        ; 2.000          ; Min Period ; system_clock ; Rise       ; RAM_Control:RAM_Control_Instance|count_200ms[18]                                                                                      ;
; -1.000 ; 1.000        ; 2.000          ; Min Period ; system_clock ; Rise       ; RAM_Control:RAM_Control_Instance|count_200ms[19]                                                                                      ;
; -1.000 ; 1.000        ; 2.000          ; Min Period ; system_clock ; Rise       ; RAM_Control:RAM_Control_Instance|count_200ms[1]                                                                                       ;
; -1.000 ; 1.000        ; 2.000          ; Min Period ; system_clock ; Rise       ; RAM_Control:RAM_Control_Instance|count_200ms[20]                                                                                      ;
; -1.000 ; 1.000        ; 2.000          ; Min Period ; system_clock ; Rise       ; RAM_Control:RAM_Control_Instance|count_200ms[21]                                                                                      ;
; -1.000 ; 1.000        ; 2.000          ; Min Period ; system_clock ; Rise       ; RAM_Control:RAM_Control_Instance|count_200ms[22]                                                                                      ;
; -1.000 ; 1.000        ; 2.000          ; Min Period ; system_clock ; Rise       ; RAM_Control:RAM_Control_Instance|count_200ms[23]                                                                                      ;
; -1.000 ; 1.000        ; 2.000          ; Min Period ; system_clock ; Rise       ; RAM_Control:RAM_Control_Instance|count_200ms[2]                                                                                       ;
; -1.000 ; 1.000        ; 2.000          ; Min Period ; system_clock ; Rise       ; RAM_Control:RAM_Control_Instance|count_200ms[3]                                                                                       ;
; -1.000 ; 1.000        ; 2.000          ; Min Period ; system_clock ; Rise       ; RAM_Control:RAM_Control_Instance|count_200ms[4]                                                                                       ;
; -1.000 ; 1.000        ; 2.000          ; Min Period ; system_clock ; Rise       ; RAM_Control:RAM_Control_Instance|count_200ms[5]                                                                                       ;
; -1.000 ; 1.000        ; 2.000          ; Min Period ; system_clock ; Rise       ; RAM_Control:RAM_Control_Instance|count_200ms[6]                                                                                       ;
; -1.000 ; 1.000        ; 2.000          ; Min Period ; system_clock ; Rise       ; RAM_Control:RAM_Control_Instance|count_200ms[7]                                                                                       ;
; -1.000 ; 1.000        ; 2.000          ; Min Period ; system_clock ; Rise       ; RAM_Control:RAM_Control_Instance|count_200ms[8]                                                                                       ;
; -1.000 ; 1.000        ; 2.000          ; Min Period ; system_clock ; Rise       ; RAM_Control:RAM_Control_Instance|count_200ms[9]                                                                                       ;
; -1.000 ; 1.000        ; 2.000          ; Min Period ; system_clock ; Rise       ; RAM_Control:RAM_Control_Instance|read_enable                                                                                          ;
; -1.000 ; 1.000        ; 2.000          ; Min Period ; system_clock ; Rise       ; RAM_Control:RAM_Control_Instance|write_enable                                                                                         ;
; -1.000 ; 1.000        ; 2.000          ; Min Period ; system_clock ; Rise       ; ram_8x256_single:ram_8x256_single_inst|altsyncram:altsyncram_component|altsyncram_kmg1:auto_generated|q_a[0]                          ;
; -1.000 ; 1.000        ; 2.000          ; Min Period ; system_clock ; Rise       ; ram_8x256_single:ram_8x256_single_inst|altsyncram:altsyncram_component|altsyncram_kmg1:auto_generated|q_a[1]                          ;
; -1.000 ; 1.000        ; 2.000          ; Min Period ; system_clock ; Rise       ; ram_8x256_single:ram_8x256_single_inst|altsyncram:altsyncram_component|altsyncram_kmg1:auto_generated|q_a[2]                          ;
; -1.000 ; 1.000        ; 2.000          ; Min Period ; system_clock ; Rise       ; ram_8x256_single:ram_8x256_single_inst|altsyncram:altsyncram_component|altsyncram_kmg1:auto_generated|q_a[3]                          ;
; -1.000 ; 1.000        ; 2.000          ; Min Period ; system_clock ; Rise       ; ram_8x256_single:ram_8x256_single_inst|altsyncram:altsyncram_component|altsyncram_kmg1:auto_generated|q_a[4]                          ;
; -1.000 ; 1.000        ; 2.000          ; Min Period ; system_clock ; Rise       ; ram_8x256_single:ram_8x256_single_inst|altsyncram:altsyncram_component|altsyncram_kmg1:auto_generated|q_a[5]                          ;
; -1.000 ; 1.000        ; 2.000          ; Min Period ; system_clock ; Rise       ; ram_8x256_single:ram_8x256_single_inst|altsyncram:altsyncram_component|altsyncram_kmg1:auto_generated|q_a[6]                          ;
; -1.000 ; 1.000        ; 2.000          ; Min Period ; system_clock ; Rise       ; ram_8x256_single:ram_8x256_single_inst|altsyncram:altsyncram_component|altsyncram_kmg1:auto_generated|q_a[7]                          ;
; -1.000 ; 1.000        ; 2.000          ; Min Period ; system_clock ; Rise       ; ram_8x256_single:ram_8x256_single_inst|altsyncram:altsyncram_component|altsyncram_kmg1:auto_generated|ram_block1a0~porta_address_reg0 ;
; -1.000 ; 1.000        ; 2.000          ; Min Period ; system_clock ; Rise       ; ram_8x256_single:ram_8x256_single_inst|altsyncram:altsyncram_component|altsyncram_kmg1:auto_generated|ram_block1a0~porta_datain_reg0  ;
; -1.000 ; 1.000        ; 2.000          ; Min Period ; system_clock ; Rise       ; ram_8x256_single:ram_8x256_single_inst|altsyncram:altsyncram_component|altsyncram_kmg1:auto_generated|ram_block1a0~porta_re_reg       ;
; -1.000 ; 1.000        ; 2.000          ; Min Period ; system_clock ; Rise       ; ram_8x256_single:ram_8x256_single_inst|altsyncram:altsyncram_component|altsyncram_kmg1:auto_generated|ram_block1a0~porta_we_reg       ;
; -1.000 ; 1.000        ; 2.000          ; Min Period ; system_clock ; Rise       ; seg_595_dynamic:seg_595_dynamic_instance|hc595_ctrl:hc595_ctrl|cnt[0]                                                                 ;
; -1.000 ; 1.000        ; 2.000          ; Min Period ; system_clock ; Rise       ; seg_595_dynamic:seg_595_dynamic_instance|hc595_ctrl:hc595_ctrl|cnt[1]                                                                 ;
; -1.000 ; 1.000        ; 2.000          ; Min Period ; system_clock ; Rise       ; seg_595_dynamic:seg_595_dynamic_instance|hc595_ctrl:hc595_ctrl|cnt_bit[0]                                                             ;
; -1.000 ; 1.000        ; 2.000          ; Min Period ; system_clock ; Rise       ; seg_595_dynamic:seg_595_dynamic_instance|hc595_ctrl:hc595_ctrl|cnt_bit[1]                                                             ;
; -1.000 ; 1.000        ; 2.000          ; Min Period ; system_clock ; Rise       ; seg_595_dynamic:seg_595_dynamic_instance|hc595_ctrl:hc595_ctrl|cnt_bit[2]                                                             ;
; -1.000 ; 1.000        ; 2.000          ; Min Period ; system_clock ; Rise       ; seg_595_dynamic:seg_595_dynamic_instance|hc595_ctrl:hc595_ctrl|cnt_bit[3]                                                             ;
; -1.000 ; 1.000        ; 2.000          ; Min Period ; system_clock ; Rise       ; seg_595_dynamic:seg_595_dynamic_instance|hc595_ctrl:hc595_ctrl|ds                                                                     ;
; -1.000 ; 1.000        ; 2.000          ; Min Period ; system_clock ; Rise       ; seg_595_dynamic:seg_595_dynamic_instance|hc595_ctrl:hc595_ctrl|shcp                                                                   ;
; -1.000 ; 1.000        ; 2.000          ; Min Period ; system_clock ; Rise       ; seg_595_dynamic:seg_595_dynamic_instance|hc595_ctrl:hc595_ctrl|stcp                                                                   ;
; -1.000 ; 1.000        ; 2.000          ; Min Period ; system_clock ; Rise       ; seg_595_dynamic:seg_595_dynamic_instance|seg_dynamic:seg_dynamic_inst|bcd_8421:bcd_8421_inst|cnt_shift[1]                             ;
; -1.000 ; 1.000        ; 2.000          ; Min Period ; system_clock ; Rise       ; seg_595_dynamic:seg_595_dynamic_instance|seg_dynamic:seg_dynamic_inst|bcd_8421:bcd_8421_inst|cnt_shift[2]                             ;
+--------+--------------+----------------+------------+--------------+------------+---------------------------------------------------------------------------------------------------------------------------------------+


+-------------------------------------------------------------------------+
; Setup Times                                                             ;
+-----------+--------------+-------+-------+------------+-----------------+
; Data Port ; Clock Port   ; Rise  ; Fall  ; Clock Edge ; Clock Reference ;
+-----------+--------------+-------+-------+------------+-----------------+
; read_key  ; system_clock ; 0.896 ; 1.225 ; Rise       ; system_clock    ;
; write_key ; system_clock ; 0.723 ; 1.074 ; Rise       ; system_clock    ;
+-----------+--------------+-------+-------+------------+-----------------+


+---------------------------------------------------------------------------+
; Hold Times                                                                ;
+-----------+--------------+--------+--------+------------+-----------------+
; Data Port ; Clock Port   ; Rise   ; Fall   ; Clock Edge ; Clock Reference ;
+-----------+--------------+--------+--------+------------+-----------------+
; read_key  ; system_clock ; -0.210 ; -0.466 ; Rise       ; system_clock    ;
; write_key ; system_clock ; 0.141  ; -0.157 ; Rise       ; system_clock    ;
+-----------+--------------+--------+--------+------------+-----------------+


+-------------------------------------------------------------------------+
; Clock to Output Times                                                   ;
+-----------+--------------+-------+-------+------------+-----------------+
; Data Port ; Clock Port   ; Rise  ; Fall  ; Clock Edge ; Clock Reference ;
+-----------+--------------+-------+-------+------------+-----------------+
; ds        ; system_clock ; 4.045 ; 4.215 ; Rise       ; system_clock    ;
; shcp      ; system_clock ; 3.557 ; 3.660 ; Rise       ; system_clock    ;
; stcp      ; system_clock ; 3.545 ; 3.659 ; Rise       ; system_clock    ;
+-----------+--------------+-------+-------+------------+-----------------+


+-------------------------------------------------------------------------+
; Minimum Clock to Output Times                                           ;
+-----------+--------------+-------+-------+------------+-----------------+
; Data Port ; Clock Port   ; Rise  ; Fall  ; Clock Edge ; Clock Reference ;
+-----------+--------------+-------+-------+------------+-----------------+
; ds        ; system_clock ; 3.912 ; 4.074 ; Rise       ; system_clock    ;
; shcp      ; system_clock ; 3.442 ; 3.541 ; Rise       ; system_clock    ;
; stcp      ; system_clock ; 3.428 ; 3.538 ; Rise       ; system_clock    ;
+-----------+--------------+-------+-------+------------+-----------------+


---------------------------------------------
; Fast 1200mV 0C Model Metastability Report ;
---------------------------------------------
No synchronizer chains to report.


+--------------------------------------------------------------------------------+
; Multicorner Timing Analysis Summary                                            ;
+------------------+----------+-------+----------+---------+---------------------+
; Clock            ; Setup    ; Hold  ; Recovery ; Removal ; Minimum Pulse Width ;
+------------------+----------+-------+----------+---------+---------------------+
; Worst-case Slack ; -4.241   ; 0.178 ; N/A      ; N/A     ; -3.201              ;
;  system_clock    ; -4.241   ; 0.178 ; N/A      ; N/A     ; -3.201              ;
; Design-wide TNS  ; -592.853 ; 0.0   ; 0.0      ; 0.0     ; -371.526            ;
;  system_clock    ; -592.853 ; 0.000 ; N/A      ; N/A     ; -371.526            ;
+------------------+----------+-------+----------+---------+---------------------+


+-------------------------------------------------------------------------+
; Setup Times                                                             ;
+-----------+--------------+-------+-------+------------+-----------------+
; Data Port ; Clock Port   ; Rise  ; Fall  ; Clock Edge ; Clock Reference ;
+-----------+--------------+-------+-------+------------+-----------------+
; read_key  ; system_clock ; 2.078 ; 2.211 ; Rise       ; system_clock    ;
; write_key ; system_clock ; 1.802 ; 1.886 ; Rise       ; system_clock    ;
+-----------+--------------+-------+-------+------------+-----------------+


+---------------------------------------------------------------------------+
; Hold Times                                                                ;
+-----------+--------------+--------+--------+------------+-----------------+
; Data Port ; Clock Port   ; Rise   ; Fall   ; Clock Edge ; Clock Reference ;
+-----------+--------------+--------+--------+------------+-----------------+
; read_key  ; system_clock ; -0.210 ; -0.466 ; Rise       ; system_clock    ;
; write_key ; system_clock ; 0.346  ; 0.198  ; Rise       ; system_clock    ;
+-----------+--------------+--------+--------+------------+-----------------+


+-------------------------------------------------------------------------+
; Clock to Output Times                                                   ;
+-----------+--------------+-------+-------+------------+-----------------+
; Data Port ; Clock Port   ; Rise  ; Fall  ; Clock Edge ; Clock Reference ;
+-----------+--------------+-------+-------+------------+-----------------+
; ds        ; system_clock ; 8.823 ; 8.608 ; Rise       ; system_clock    ;
; shcp      ; system_clock ; 7.709 ; 7.571 ; Rise       ; system_clock    ;
; stcp      ; system_clock ; 7.641 ; 7.533 ; Rise       ; system_clock    ;
+-----------+--------------+-------+-------+------------+-----------------+


+-------------------------------------------------------------------------+
; Minimum Clock to Output Times                                           ;
+-----------+--------------+-------+-------+------------+-----------------+
; Data Port ; Clock Port   ; Rise  ; Fall  ; Clock Edge ; Clock Reference ;
+-----------+--------------+-------+-------+------------+-----------------+
; ds        ; system_clock ; 3.912 ; 4.074 ; Rise       ; system_clock    ;
; shcp      ; system_clock ; 3.442 ; 3.541 ; Rise       ; system_clock    ;
; stcp      ; system_clock ; 3.428 ; 3.538 ; Rise       ; system_clock    ;
+-----------+--------------+-------+-------+------------+-----------------+


+------------------------------------------------------------------------------------------------------------------------------------------------------------------------------------------------------------------------------------------------------------------------------------------------------------------------------------------------------------------------------------------------------------------+
; Board Trace Model Assignments                                                                                                                                                                                                                                                                                                                                                                                    ;
+---------------+--------------+-------------------+-------------------------+-------------------------+---------------+---------------------+----------------+------------------+--------+------------------+------------------------+------------------------+--------------+---------------+-----------------+-------+---------------------+--------------------+---------------+-----------------+-------------+
; Pin           ; I/O Standard ; Near Tline Length ; Near Tline L per Length ; Near Tline C per Length ; Near Series R ; Near Differential R ; Near Pull-up R ; Near Pull-down R ; Near C ; Far Tline Length ; Far Tline L per Length ; Far Tline C per Length ; Far Series R ; Far Pull-up R ; Far Pull-down R ; Far C ; Termination Voltage ; Far Differential R ; EBD File Name ; EBD Signal Name ; EBD Far-end ;
+---------------+--------------+-------------------+-------------------------+-------------------------+---------------+---------------------+----------------+------------------+--------+------------------+------------------------+------------------------+--------------+---------------+-----------------+-------+---------------------+--------------------+---------------+-----------------+-------------+
; ds            ; 2.5 V        ; 0 in              ; 0 H/in                  ; 0 F/in                  ; short         ; -                   ; open           ; open             ; open   ; 0 in             ; 0 H/in                 ; 0 F/in                 ; short        ; open          ; open            ; open  ; 0 V                 ; -                  ; n/a           ; n/a             ; n/a         ;
; oe            ; 2.5 V        ; 0 in              ; 0 H/in                  ; 0 F/in                  ; short         ; -                   ; open           ; open             ; open   ; 0 in             ; 0 H/in                 ; 0 F/in                 ; short        ; open          ; open            ; open  ; 0 V                 ; -                  ; n/a           ; n/a             ; n/a         ;
; shcp          ; 2.5 V        ; 0 in              ; 0 H/in                  ; 0 F/in                  ; short         ; -                   ; open           ; open             ; open   ; 0 in             ; 0 H/in                 ; 0 F/in                 ; short        ; open          ; open            ; open  ; 0 V                 ; -                  ; n/a           ; n/a             ; n/a         ;
; stcp          ; 2.5 V        ; 0 in              ; 0 H/in                  ; 0 F/in                  ; short         ; -                   ; open           ; open             ; open   ; 0 in             ; 0 H/in                 ; 0 F/in                 ; short        ; open          ; open            ; open  ; 0 V                 ; -                  ; n/a           ; n/a             ; n/a         ;
; ~ALTERA_DCLK~ ; 2.5 V        ; 0 in              ; 0 H/in                  ; 0 F/in                  ; short         ; -                   ; open           ; open             ; open   ; 0 in             ; 0 H/in                 ; 0 F/in                 ; short        ; open          ; open            ; open  ; 0 V                 ; -                  ; n/a           ; n/a             ; n/a         ;
; ~ALTERA_nCEO~ ; 2.5 V        ; 0 in              ; 0 H/in                  ; 0 F/in                  ; short         ; -                   ; open           ; open             ; open   ; 0 in             ; 0 H/in                 ; 0 F/in                 ; short        ; open          ; open            ; open  ; 0 V                 ; -                  ; n/a           ; n/a             ; n/a         ;
+---------------+--------------+-------------------+-------------------------+-------------------------+---------------+---------------------+----------------+------------------+--------+------------------+------------------------+------------------------+--------------+---------------+-----------------+-------+---------------------+--------------------+---------------+-----------------+-------------+


+----------------------------------------------------------------------------+
; Input Transition Times                                                     ;
+-------------------------+--------------+-----------------+-----------------+
; Pin                     ; I/O Standard ; 10-90 Rise Time ; 90-10 Fall Time ;
+-------------------------+--------------+-----------------+-----------------+
; system_clock            ; 2.5 V        ; 2000 ps         ; 2000 ps         ;
; system_reset_n          ; 2.5 V        ; 2000 ps         ; 2000 ps         ;
; write_key               ; 2.5 V        ; 2000 ps         ; 2000 ps         ;
; read_key                ; 2.5 V        ; 2000 ps         ; 2000 ps         ;
; ~ALTERA_ASDO_DATA1~     ; 2.5 V        ; 2000 ps         ; 2000 ps         ;
; ~ALTERA_FLASH_nCE_nCSO~ ; 2.5 V        ; 2000 ps         ; 2000 ps         ;
; ~ALTERA_DATA0~          ; 2.5 V        ; 2000 ps         ; 2000 ps         ;
+-------------------------+--------------+-----------------+-----------------+


+--------------------------------------------------------------------------------------------------------------------------------------------------------------------------------------------------------------------------------------------------------------------------------------------------------------------------------------------------------------------------------------------------------------------------------------------------------------------------------------------------------------------------------------------------------------------------------------------------------------------------------------------------------------------------------------------+
; Signal Integrity Metrics (Slow 1200mv 0c Model)                                                                                                                                                                                                                                                                                                                                                                                                                                                                                                                                                                                                                                            ;
+---------------+--------------+---------------------+---------------------+------------------------------+------------------------------+---------------------+---------------------+--------------------------------------+--------------------------------------+-----------------------------+-----------------------------+----------------------------+----------------------------+-----------------------------+-----------------------------+--------------------+--------------------+-------------------------------------+-------------------------------------+----------------------------+----------------------------+---------------------------+---------------------------+
; Pin           ; I/O Standard ; Board Delay on Rise ; Board Delay on Fall ; Steady State Voh at FPGA Pin ; Steady State Vol at FPGA Pin ; Voh Max at FPGA Pin ; Vol Min at FPGA Pin ; Ringback Voltage on Rise at FPGA Pin ; Ringback Voltage on Fall at FPGA Pin ; 10-90 Rise Time at FPGA Pin ; 90-10 Fall Time at FPGA Pin ; Monotonic Rise at FPGA Pin ; Monotonic Fall at FPGA Pin ; Steady State Voh at Far-end ; Steady State Vol at Far-end ; Voh Max at Far-end ; Vol Min at Far-end ; Ringback Voltage on Rise at Far-end ; Ringback Voltage on Fall at Far-end ; 10-90 Rise Time at Far-end ; 90-10 Fall Time at Far-end ; Monotonic Rise at Far-end ; Monotonic Fall at Far-end ;
+---------------+--------------+---------------------+---------------------+------------------------------+------------------------------+---------------------+---------------------+--------------------------------------+--------------------------------------+-----------------------------+-----------------------------+----------------------------+----------------------------+-----------------------------+-----------------------------+--------------------+--------------------+-------------------------------------+-------------------------------------+----------------------------+----------------------------+---------------------------+---------------------------+
; ds            ; 2.5 V        ; 0 s                 ; 0 s                 ; 2.32 V                       ; 2.07e-09 V                   ; 2.38 V              ; -0.0073 V           ; 0.097 V                              ; 0.018 V                              ; 4.24e-10 s                  ; 3.65e-10 s                  ; No                         ; Yes                        ; 2.32 V                      ; 2.07e-09 V                  ; 2.38 V             ; -0.0073 V          ; 0.097 V                             ; 0.018 V                             ; 4.24e-10 s                 ; 3.65e-10 s                 ; No                        ; Yes                       ;
; oe            ; 2.5 V        ; 0 s                 ; 0 s                 ; 2.32 V                       ; 2.8e-09 V                    ; 2.37 V              ; -0.00373 V          ; 0.104 V                              ; 0.011 V                              ; 4.34e-10 s                  ; 3.82e-10 s                  ; Yes                        ; Yes                        ; 2.32 V                      ; 2.8e-09 V                   ; 2.37 V             ; -0.00373 V         ; 0.104 V                             ; 0.011 V                             ; 4.34e-10 s                 ; 3.82e-10 s                 ; Yes                       ; Yes                       ;
; shcp          ; 2.5 V        ; 0 s                 ; 0 s                 ; 2.32 V                       ; 2.07e-09 V                   ; 2.38 V              ; -0.0073 V           ; 0.097 V                              ; 0.018 V                              ; 4.24e-10 s                  ; 3.65e-10 s                  ; No                         ; Yes                        ; 2.32 V                      ; 2.07e-09 V                  ; 2.38 V             ; -0.0073 V          ; 0.097 V                             ; 0.018 V                             ; 4.24e-10 s                 ; 3.65e-10 s                 ; No                        ; Yes                       ;
; stcp          ; 2.5 V        ; 0 s                 ; 0 s                 ; 2.32 V                       ; 2.8e-09 V                    ; 2.37 V              ; -0.00373 V          ; 0.104 V                              ; 0.011 V                              ; 4.34e-10 s                  ; 3.82e-10 s                  ; Yes                        ; Yes                        ; 2.32 V                      ; 2.8e-09 V                   ; 2.37 V             ; -0.00373 V         ; 0.104 V                             ; 0.011 V                             ; 4.34e-10 s                 ; 3.82e-10 s                 ; Yes                       ; Yes                       ;
; ~ALTERA_DCLK~ ; 2.5 V        ; 0 s                 ; 0 s                 ; 2.32 V                       ; 1.74e-09 V                   ; 2.37 V              ; -0.0346 V           ; 0.198 V                              ; 0.094 V                              ; 3.14e-10 s                  ; 2.92e-10 s                  ; Yes                        ; Yes                        ; 2.32 V                      ; 1.74e-09 V                  ; 2.37 V             ; -0.0346 V          ; 0.198 V                             ; 0.094 V                             ; 3.14e-10 s                 ; 2.92e-10 s                 ; Yes                       ; Yes                       ;
; ~ALTERA_nCEO~ ; 2.5 V        ; 0 s                 ; 0 s                 ; 2.32 V                       ; 2.57e-09 V                   ; 2.37 V              ; -0.00683 V          ; 0.171 V                              ; 0.018 V                              ; 4.97e-10 s                  ; 6.66e-10 s                  ; Yes                        ; Yes                        ; 2.32 V                      ; 2.57e-09 V                  ; 2.37 V             ; -0.00683 V         ; 0.171 V                             ; 0.018 V                             ; 4.97e-10 s                 ; 6.66e-10 s                 ; Yes                       ; Yes                       ;
+---------------+--------------+---------------------+---------------------+------------------------------+------------------------------+---------------------+---------------------+--------------------------------------+--------------------------------------+-----------------------------+-----------------------------+----------------------------+----------------------------+-----------------------------+-----------------------------+--------------------+--------------------+-------------------------------------+-------------------------------------+----------------------------+----------------------------+---------------------------+---------------------------+


+--------------------------------------------------------------------------------------------------------------------------------------------------------------------------------------------------------------------------------------------------------------------------------------------------------------------------------------------------------------------------------------------------------------------------------------------------------------------------------------------------------------------------------------------------------------------------------------------------------------------------------------------------------------------------------------------+
; Signal Integrity Metrics (Slow 1200mv 85c Model)                                                                                                                                                                                                                                                                                                                                                                                                                                                                                                                                                                                                                                           ;
+---------------+--------------+---------------------+---------------------+------------------------------+------------------------------+---------------------+---------------------+--------------------------------------+--------------------------------------+-----------------------------+-----------------------------+----------------------------+----------------------------+-----------------------------+-----------------------------+--------------------+--------------------+-------------------------------------+-------------------------------------+----------------------------+----------------------------+---------------------------+---------------------------+
; Pin           ; I/O Standard ; Board Delay on Rise ; Board Delay on Fall ; Steady State Voh at FPGA Pin ; Steady State Vol at FPGA Pin ; Voh Max at FPGA Pin ; Vol Min at FPGA Pin ; Ringback Voltage on Rise at FPGA Pin ; Ringback Voltage on Fall at FPGA Pin ; 10-90 Rise Time at FPGA Pin ; 90-10 Fall Time at FPGA Pin ; Monotonic Rise at FPGA Pin ; Monotonic Fall at FPGA Pin ; Steady State Voh at Far-end ; Steady State Vol at Far-end ; Voh Max at Far-end ; Vol Min at Far-end ; Ringback Voltage on Rise at Far-end ; Ringback Voltage on Fall at Far-end ; 10-90 Rise Time at Far-end ; 90-10 Fall Time at Far-end ; Monotonic Rise at Far-end ; Monotonic Fall at Far-end ;
+---------------+--------------+---------------------+---------------------+------------------------------+------------------------------+---------------------+---------------------+--------------------------------------+--------------------------------------+-----------------------------+-----------------------------+----------------------------+----------------------------+-----------------------------+-----------------------------+--------------------+--------------------+-------------------------------------+-------------------------------------+----------------------------+----------------------------+---------------------------+---------------------------+
; ds            ; 2.5 V        ; 0 s                 ; 0 s                 ; 2.32 V                       ; 1.93e-07 V                   ; 2.35 V              ; -0.00834 V          ; 0.127 V                              ; 0.035 V                              ; 4.7e-10 s                   ; 4.64e-10 s                  ; Yes                        ; Yes                        ; 2.32 V                      ; 1.93e-07 V                  ; 2.35 V             ; -0.00834 V         ; 0.127 V                             ; 0.035 V                             ; 4.7e-10 s                  ; 4.64e-10 s                 ; Yes                       ; Yes                       ;
; oe            ; 2.5 V        ; 0 s                 ; 0 s                 ; 2.32 V                       ; 2.85e-07 V                   ; 2.35 V              ; -0.0123 V           ; 0.144 V                              ; 0.042 V                              ; 4.81e-10 s                  ; 4.81e-10 s                  ; Yes                        ; Yes                        ; 2.32 V                      ; 2.85e-07 V                  ; 2.35 V             ; -0.0123 V          ; 0.144 V                             ; 0.042 V                             ; 4.81e-10 s                 ; 4.81e-10 s                 ; Yes                       ; Yes                       ;
; shcp          ; 2.5 V        ; 0 s                 ; 0 s                 ; 2.32 V                       ; 1.93e-07 V                   ; 2.35 V              ; -0.00834 V          ; 0.127 V                              ; 0.035 V                              ; 4.7e-10 s                   ; 4.64e-10 s                  ; Yes                        ; Yes                        ; 2.32 V                      ; 1.93e-07 V                  ; 2.35 V             ; -0.00834 V         ; 0.127 V                             ; 0.035 V                             ; 4.7e-10 s                  ; 4.64e-10 s                 ; Yes                       ; Yes                       ;
; stcp          ; 2.5 V        ; 0 s                 ; 0 s                 ; 2.32 V                       ; 2.85e-07 V                   ; 2.35 V              ; -0.0123 V           ; 0.144 V                              ; 0.042 V                              ; 4.81e-10 s                  ; 4.81e-10 s                  ; Yes                        ; Yes                        ; 2.32 V                      ; 2.85e-07 V                  ; 2.35 V             ; -0.0123 V          ; 0.144 V                             ; 0.042 V                             ; 4.81e-10 s                 ; 4.81e-10 s                 ; Yes                       ; Yes                       ;
; ~ALTERA_DCLK~ ; 2.5 V        ; 0 s                 ; 0 s                 ; 2.32 V                       ; 1.55e-07 V                   ; 2.35 V              ; -0.00221 V          ; 0.097 V                              ; 0.005 V                              ; 4.49e-10 s                  ; 3.85e-10 s                  ; Yes                        ; Yes                        ; 2.32 V                      ; 1.55e-07 V                  ; 2.35 V             ; -0.00221 V         ; 0.097 V                             ; 0.005 V                             ; 4.49e-10 s                 ; 3.85e-10 s                 ; Yes                       ; Yes                       ;
; ~ALTERA_nCEO~ ; 2.5 V        ; 0 s                 ; 0 s                 ; 2.32 V                       ; 2.54e-07 V                   ; 2.34 V              ; -0.00774 V          ; 0.109 V                              ; 0.026 V                              ; 6.58e-10 s                  ; 8.24e-10 s                  ; Yes                        ; Yes                        ; 2.32 V                      ; 2.54e-07 V                  ; 2.34 V             ; -0.00774 V         ; 0.109 V                             ; 0.026 V                             ; 6.58e-10 s                 ; 8.24e-10 s                 ; Yes                       ; Yes                       ;
+---------------+--------------+---------------------+---------------------+------------------------------+------------------------------+---------------------+---------------------+--------------------------------------+--------------------------------------+-----------------------------+-----------------------------+----------------------------+----------------------------+-----------------------------+-----------------------------+--------------------+--------------------+-------------------------------------+-------------------------------------+----------------------------+----------------------------+---------------------------+---------------------------+


+--------------------------------------------------------------------------------------------------------------------------------------------------------------------------------------------------------------------------------------------------------------------------------------------------------------------------------------------------------------------------------------------------------------------------------------------------------------------------------------------------------------------------------------------------------------------------------------------------------------------------------------------------------------------------------------------+
; Signal Integrity Metrics (Fast 1200mv 0c Model)                                                                                                                                                                                                                                                                                                                                                                                                                                                                                                                                                                                                                                            ;
+---------------+--------------+---------------------+---------------------+------------------------------+------------------------------+---------------------+---------------------+--------------------------------------+--------------------------------------+-----------------------------+-----------------------------+----------------------------+----------------------------+-----------------------------+-----------------------------+--------------------+--------------------+-------------------------------------+-------------------------------------+----------------------------+----------------------------+---------------------------+---------------------------+
; Pin           ; I/O Standard ; Board Delay on Rise ; Board Delay on Fall ; Steady State Voh at FPGA Pin ; Steady State Vol at FPGA Pin ; Voh Max at FPGA Pin ; Vol Min at FPGA Pin ; Ringback Voltage on Rise at FPGA Pin ; Ringback Voltage on Fall at FPGA Pin ; 10-90 Rise Time at FPGA Pin ; 90-10 Fall Time at FPGA Pin ; Monotonic Rise at FPGA Pin ; Monotonic Fall at FPGA Pin ; Steady State Voh at Far-end ; Steady State Vol at Far-end ; Voh Max at Far-end ; Vol Min at Far-end ; Ringback Voltage on Rise at Far-end ; Ringback Voltage on Fall at Far-end ; 10-90 Rise Time at Far-end ; 90-10 Fall Time at Far-end ; Monotonic Rise at Far-end ; Monotonic Fall at Far-end ;
+---------------+--------------+---------------------+---------------------+------------------------------+------------------------------+---------------------+---------------------+--------------------------------------+--------------------------------------+-----------------------------+-----------------------------+----------------------------+----------------------------+-----------------------------+-----------------------------+--------------------+--------------------+-------------------------------------+-------------------------------------+----------------------------+----------------------------+---------------------------+---------------------------+
; ds            ; 2.5 V        ; 0 s                 ; 0 s                 ; 2.62 V                       ; 2.74e-08 V                   ; 2.73 V              ; -0.0384 V           ; 0.169 V                              ; 0.089 V                              ; 2.7e-10 s                   ; 2.62e-10 s                  ; Yes                        ; Yes                        ; 2.62 V                      ; 2.74e-08 V                  ; 2.73 V             ; -0.0384 V          ; 0.169 V                             ; 0.089 V                             ; 2.7e-10 s                  ; 2.62e-10 s                 ; Yes                       ; Yes                       ;
; oe            ; 2.5 V        ; 0 s                 ; 0 s                 ; 2.62 V                       ; 4.05e-08 V                   ; 2.72 V              ; -0.0349 V           ; 0.173 V                              ; 0.1 V                                ; 2.72e-10 s                  ; 2.69e-10 s                  ; Yes                        ; Yes                        ; 2.62 V                      ; 4.05e-08 V                  ; 2.72 V             ; -0.0349 V          ; 0.173 V                             ; 0.1 V                               ; 2.72e-10 s                 ; 2.69e-10 s                 ; Yes                       ; Yes                       ;
; shcp          ; 2.5 V        ; 0 s                 ; 0 s                 ; 2.62 V                       ; 2.74e-08 V                   ; 2.73 V              ; -0.0384 V           ; 0.169 V                              ; 0.089 V                              ; 2.7e-10 s                   ; 2.62e-10 s                  ; Yes                        ; Yes                        ; 2.62 V                      ; 2.74e-08 V                  ; 2.73 V             ; -0.0384 V          ; 0.169 V                             ; 0.089 V                             ; 2.7e-10 s                  ; 2.62e-10 s                 ; Yes                       ; Yes                       ;
; stcp          ; 2.5 V        ; 0 s                 ; 0 s                 ; 2.62 V                       ; 4.05e-08 V                   ; 2.72 V              ; -0.0349 V           ; 0.173 V                              ; 0.1 V                                ; 2.72e-10 s                  ; 2.69e-10 s                  ; Yes                        ; Yes                        ; 2.62 V                      ; 4.05e-08 V                  ; 2.72 V             ; -0.0349 V          ; 0.173 V                             ; 0.1 V                               ; 2.72e-10 s                 ; 2.69e-10 s                 ; Yes                       ; Yes                       ;
; ~ALTERA_DCLK~ ; 2.5 V        ; 0 s                 ; 0 s                 ; 2.62 V                       ; 2.22e-08 V                   ; 2.74 V              ; -0.06 V             ; 0.158 V                              ; 0.08 V                               ; 2.68e-10 s                  ; 2.19e-10 s                  ; Yes                        ; Yes                        ; 2.62 V                      ; 2.22e-08 V                  ; 2.74 V             ; -0.06 V            ; 0.158 V                             ; 0.08 V                              ; 2.68e-10 s                 ; 2.19e-10 s                 ; Yes                       ; Yes                       ;
; ~ALTERA_nCEO~ ; 2.5 V        ; 0 s                 ; 0 s                 ; 2.62 V                       ; 3.54e-08 V                   ; 2.7 V               ; -0.00943 V          ; 0.276 V                              ; 0.035 V                              ; 3.19e-10 s                  ; 4.99e-10 s                  ; No                         ; Yes                        ; 2.62 V                      ; 3.54e-08 V                  ; 2.7 V              ; -0.00943 V         ; 0.276 V                             ; 0.035 V                             ; 3.19e-10 s                 ; 4.99e-10 s                 ; No                        ; Yes                       ;
+---------------+--------------+---------------------+---------------------+------------------------------+------------------------------+---------------------+---------------------+--------------------------------------+--------------------------------------+-----------------------------+-----------------------------+----------------------------+----------------------------+-----------------------------+-----------------------------+--------------------+--------------------+-------------------------------------+-------------------------------------+----------------------------+----------------------------+---------------------------+---------------------------+


+-------------------------------------------------------------------------+
; Setup Transfers                                                         ;
+--------------+--------------+----------+----------+----------+----------+
; From Clock   ; To Clock     ; RR Paths ; FR Paths ; RF Paths ; FF Paths ;
+--------------+--------------+----------+----------+----------+----------+
; system_clock ; system_clock ; 4823     ; 0        ; 0        ; 0        ;
+--------------+--------------+----------+----------+----------+----------+
Entries labeled "false path" only account for clock-to-clock false paths and not path-based false paths. As a result, actual path counts may be lower than reported.


+-------------------------------------------------------------------------+
; Hold Transfers                                                          ;
+--------------+--------------+----------+----------+----------+----------+
; From Clock   ; To Clock     ; RR Paths ; FR Paths ; RF Paths ; FF Paths ;
+--------------+--------------+----------+----------+----------+----------+
; system_clock ; system_clock ; 4823     ; 0        ; 0        ; 0        ;
+--------------+--------------+----------+----------+----------+----------+
Entries labeled "false path" only account for clock-to-clock false paths and not path-based false paths. As a result, actual path counts may be lower than reported.


---------------
; Report TCCS ;
---------------
No dedicated SERDES Transmitter circuitry present in device or used in design


---------------
; Report RSKM ;
---------------
No dedicated SERDES Receiver circuitry present in device or used in design


+------------------------------------------------+
; Unconstrained Paths                            ;
+---------------------------------+-------+------+
; Property                        ; Setup ; Hold ;
+---------------------------------+-------+------+
; Illegal Clocks                  ; 0     ; 0    ;
; Unconstrained Clocks            ; 0     ; 0    ;
; Unconstrained Input Ports       ; 3     ; 3    ;
; Unconstrained Input Port Paths  ; 270   ; 270  ;
; Unconstrained Output Ports      ; 3     ; 3    ;
; Unconstrained Output Port Paths ; 3     ; 3    ;
+---------------------------------+-------+------+


+------------------------------------+
; TimeQuest Timing Analyzer Messages ;
+------------------------------------+
Info: *******************************************************************
Info: Running Quartus II 64-Bit TimeQuest Timing Analyzer
    Info: Version 13.0.1 Build 232 06/12/2013 Service Pack 1 SJ Full Version
    Info: Processing started: Sun Mar 02 14:43:52 2025
Info: Command: quartus_sta RAM -c RAM
Info: qsta_default_script.tcl version: #1
Info (11104): Parallel Compilation has detected 22 hyper-threaded processors. However, the extra hyper-threaded processors will not be used by default. Parallel Compilation will use 16 of the 16 physical processors detected instead.
Info (21077): Core supply voltage is 1.2V
Info (21077): Low junction temperature is 0 degrees C
Info (21077): High junction temperature is 85 degrees C
Critical Warning (332012): Synopsys Design Constraints File file not found: 'RAM.sdc'. A Synopsys Design Constraints File is required by the TimeQuest Timing Analyzer to get proper timing constraints. Without it, the Compiler will not properly optimize the design.
Info (332142): No user constrained base clocks found in the design. Calling "derive_clocks -period 1.0"
Info (332105): Deriving Clocks
    Info (332105): create_clock -period 1.000 -name system_clock system_clock
Info (332143): No user constrained clock uncertainty found in the design. Calling "derive_clock_uncertainty"
Info (332123): Deriving Clock Uncertainty. Please refer to report_sdc in TimeQuest to see clock uncertainties.
Info: Found TIMEQUEST_REPORT_SCRIPT_INCLUDE_DEFAULT_ANALYSIS = ON
Info: Analyzing Slow 1200mV 85C Model
Critical Warning (332148): Timing requirements not met
    Info (11105): For recommendations on closing timing, run Report Timing Closure Recommendations in the TimeQuest Timing Analyzer.
Info (332146): Worst-case setup slack is -4.241
    Info (332119):     Slack End Point TNS Clock 
    Info (332119): ========= ============= =====================
    Info (332119):    -4.241      -592.853 system_clock 
Info (332146): Worst-case hold slack is 0.432
    Info (332119):     Slack End Point TNS Clock 
    Info (332119): ========= ============= =====================
    Info (332119):     0.432         0.000 system_clock 
Info (332140): No Recovery paths to report
Info (332140): No Removal paths to report
Info (332146): Worst-case minimum pulse width slack is -3.201
    Info (332119):     Slack End Point TNS Clock 
    Info (332119): ========= ============= =====================
    Info (332119):    -3.201      -371.526 system_clock 
Info: Analyzing Slow 1200mV 0C Model
Info (334003): Started post-fitting delay annotation
Info (334004): Delay annotation completed successfully
Info (332123): Deriving Clock Uncertainty. Please refer to report_sdc in TimeQuest to see clock uncertainties.
Critical Warning (332148): Timing requirements not met
    Info (11105): For recommendations on closing timing, run Report Timing Closure Recommendations in the TimeQuest Timing Analyzer.
Info (332146): Worst-case setup slack is -3.956
    Info (332119):     Slack End Point TNS Clock 
    Info (332119): ========= ============= =====================
    Info (332119):    -3.956      -540.782 system_clock 
Info (332146): Worst-case hold slack is 0.381
    Info (332119):     Slack End Point TNS Clock 
    Info (332119): ========= ============= =====================
    Info (332119):     0.381         0.000 system_clock 
Info (332140): No Recovery paths to report
Info (332140): No Removal paths to report
Info (332146): Worst-case minimum pulse width slack is -3.201
    Info (332119):     Slack End Point TNS Clock 
    Info (332119): ========= ============= =====================
    Info (332119):    -3.201      -371.526 system_clock 
Info: Analyzing Fast 1200mV 0C Model
Info (332123): Deriving Clock Uncertainty. Please refer to report_sdc in TimeQuest to see clock uncertainties.
Critical Warning (332148): Timing requirements not met
    Info (11105): For recommendations on closing timing, run Report Timing Closure Recommendations in the TimeQuest Timing Analyzer.
Info (332146): Worst-case setup slack is -1.268
    Info (332119):     Slack End Point TNS Clock 
    Info (332119): ========= ============= =====================
    Info (332119):    -1.268      -130.186 system_clock 
Info (332146): Worst-case hold slack is 0.178
    Info (332119):     Slack End Point TNS Clock 
    Info (332119): ========= ============= =====================
    Info (332119):     0.178         0.000 system_clock 
Info (332140): No Recovery paths to report
Info (332140): No Removal paths to report
Info (332146): Worst-case minimum pulse width slack is -3.000
    Info (332119):     Slack End Point TNS Clock 
    Info (332119): ========= ============= =====================
    Info (332119):    -3.000      -253.349 system_clock 
Info (332102): Design is not fully constrained for setup requirements
Info (332102): Design is not fully constrained for hold requirements
Info: Quartus II 64-Bit TimeQuest Timing Analyzer was successful. 0 errors, 4 warnings
    Info: Peak virtual memory: 4722 megabytes
    Info: Processing ended: Sun Mar 02 14:43:54 2025
    Info: Elapsed time: 00:00:02
    Info: Total CPU time (on all processors): 00:00:02


