Fitter report for RAM
Sun Mar 02 14:43:49 2025
Quartus II 64-Bit Version 13.0.1 Build 232 06/12/2013 Service Pack 1 SJ Full Version


---------------------
; Table of Contents ;
---------------------
  1. Legal Notice
  2. Fitter Summary
  3. Fitter Settings
  4. Parallel Compilation
  5. I/O Assignment Warnings
  6. Incremental Compilation Preservation Summary
  7. Incremental Compilation Partition Settings
  8. Incremental Compilation Placement Preservation
  9. Pin-Out File
 10. Fitter Resource Usage Summary
 11. Fitter Partition Statistics
 12. Input Pins
 13. Output Pins
 14. Dual Purpose and Dedicated Pins
 15. I/O Bank Usage
 16. All Package Pins
 17. Fitter Resource Utilization by Entity
 18. Delay Chain Summary
 19. Pad To Core Delay Chain Fanout
 20. Control Signals
 21. Global & Other Fast Signals
 22. Non-Global High Fan-Out Signals
 23. Fitter RAM Summary
 24. Other Routing Usage Summary
 25. LAB Logic Elements
 26. LAB-wide Signals
 27. LAB Signals Sourced
 28. LAB Signals Sourced Out
 29. LAB Distinct Inputs
 30. I/O Rules Summary
 31. I/O Rules Details
 32. I/O Rules Matrix
 33. Fitter Device Options
 34. Operating Settings and Conditions
 35. Estimated Delay Added for Hold Timing Summary
 36. Estimated Delay Added for Hold Timing Details
 37. Fitter Messages
 38. Fitter Suppressed Messages



----------------
; Legal Notice ;
----------------
Copyright (C) 1991-2013 Altera Corporation
Your use of Altera Corporation's design tools, logic functions 
and other software and tools, and its AMPP partner logic 
functions, and any output files from any of the foregoing 
(including device programming or simulation files), and any 
associated documentation or information are expressly subject 
to the terms and conditions of the Altera Program License 
Subscription Agreement, Altera MegaCore Function License 
Agreement, or other applicable license agreement, including, 
without limitation, that your use is for the sole purpose of 
programming logic devices manufactured by Altera and sold by 
Altera or its authorized distributors.  Please refer to the 
applicable agreement for further details.



+---------------------------------------------------------------------------------------+
; Fitter Summary                                                                        ;
+------------------------------------+--------------------------------------------------+
; Fitter Status                      ; Successful - Sun Mar 02 14:43:49 2025            ;
; Quartus II 64-Bit Version          ; 13.0.1 Build 232 06/12/2013 SP 1 SJ Full Version ;
; Revision Name                      ; RAM                                              ;
; Top-level Entity Name              ; RAM                                              ;
; Family                             ; Cyclone IV E                                     ;
; Device                             ; EP4CE10F17C8                                     ;
; Timing Models                      ; Final                                            ;
; Total logic elements               ; 340 / 10,320 ( 3 % )                             ;
;     Total combinational functions  ; 321 / 10,320 ( 3 % )                             ;
;     Dedicated logic registers      ; 222 / 10,320 ( 2 % )                             ;
; Total registers                    ; 222                                              ;
; Total pins                         ; 8 / 180 ( 4 % )                                  ;
; Total virtual pins                 ; 0                                                ;
; Total memory bits                  ; 2,048 / 423,936 ( < 1 % )                        ;
; Embedded Multiplier 9-bit elements ; 0 / 46 ( 0 % )                                   ;
; Total PLLs                         ; 0 / 2 ( 0 % )                                    ;
+------------------------------------+--------------------------------------------------+


+------------------------------------------------------------------------------------------------------------------------------------------------------------+
; Fitter Settings                                                                                                                                            ;
+----------------------------------------------------------------------------+---------------------------------------+---------------------------------------+
; Option                                                                     ; Setting                               ; Default Value                         ;
+----------------------------------------------------------------------------+---------------------------------------+---------------------------------------+
; Device                                                                     ; EP4CE10F17C8                          ;                                       ;
; Nominal Core Supply Voltage                                                ; 1.2V                                  ;                                       ;
; Minimum Core Junction Temperature                                          ; 0                                     ;                                       ;
; Maximum Core Junction Temperature                                          ; 85                                    ;                                       ;
; Fit Attempts to Skip                                                       ; 0                                     ; 0.0                                   ;
; Device I/O Standard                                                        ; 2.5 V                                 ;                                       ;
; Use smart compilation                                                      ; Off                                   ; Off                                   ;
; Enable parallel Assembler and TimeQuest Timing Analyzer during compilation ; On                                    ; On                                    ;
; Enable compact report table                                                ; Off                                   ; Off                                   ;
; Auto Merge PLLs                                                            ; On                                    ; On                                    ;
; Router Timing Optimization Level                                           ; Normal                                ; Normal                                ;
; Perform Clocking Topology Analysis During Routing                          ; Off                                   ; Off                                   ;
; Placement Effort Multiplier                                                ; 1.0                                   ; 1.0                                   ;
; Router Effort Multiplier                                                   ; 1.0                                   ; 1.0                                   ;
; Optimize Hold Timing                                                       ; All Paths                             ; All Paths                             ;
; Optimize Multi-Corner Timing                                               ; On                                    ; On                                    ;
; PowerPlay Power Optimization                                               ; Normal compilation                    ; Normal compilation                    ;
; SSN Optimization                                                           ; Off                                   ; Off                                   ;
; Optimize Timing                                                            ; Normal compilation                    ; Normal compilation                    ;
; Optimize Timing for ECOs                                                   ; Off                                   ; Off                                   ;
; Regenerate full fit report during ECO compiles                             ; Off                                   ; Off                                   ;
; Optimize IOC Register Placement for Timing                                 ; Normal                                ; Normal                                ;
; Limit to One Fitting Attempt                                               ; Off                                   ; Off                                   ;
; Final Placement Optimizations                                              ; Automatically                         ; Automatically                         ;
; Fitter Aggressive Routability Optimizations                                ; Automatically                         ; Automatically                         ;
; Fitter Initial Placement Seed                                              ; 1                                     ; 1                                     ;
; PCI I/O                                                                    ; Off                                   ; Off                                   ;
; Weak Pull-Up Resistor                                                      ; Off                                   ; Off                                   ;
; Enable Bus-Hold Circuitry                                                  ; Off                                   ; Off                                   ;
; Auto Packed Registers                                                      ; Auto                                  ; Auto                                  ;
; Auto Delay Chains                                                          ; On                                    ; On                                    ;
; Auto Delay Chains for High Fanout Input Pins                               ; Off                                   ; Off                                   ;
; Allow Single-ended Buffer for Differential-XSTL Input                      ; Off                                   ; Off                                   ;
; Treat Bidirectional Pin as Output Pin                                      ; Off                                   ; Off                                   ;
; Perform Physical Synthesis for Combinational Logic for Fitting             ; Off                                   ; Off                                   ;
; Perform Physical Synthesis for Combinational Logic for Performance         ; Off                                   ; Off                                   ;
; Perform Register Duplication for Performance                               ; Off                                   ; Off                                   ;
; Perform Logic to Memory Mapping for Fitting                                ; Off                                   ; Off                                   ;
; Perform Register Retiming for Performance                                  ; Off                                   ; Off                                   ;
; Perform Asynchronous Signal Pipelining                                     ; Off                                   ; Off                                   ;
; Fitter Effort                                                              ; Auto Fit                              ; Auto Fit                              ;
; Physical Synthesis Effort Level                                            ; Normal                                ; Normal                                ;
; Logic Cell Insertion - Logic Duplication                                   ; Auto                                  ; Auto                                  ;
; Auto Register Duplication                                                  ; Auto                                  ; Auto                                  ;
; Auto Global Clock                                                          ; On                                    ; On                                    ;
; Auto Global Register Control Signals                                       ; On                                    ; On                                    ;
; Reserve all unused pins                                                    ; As input tri-stated with weak pull-up ; As input tri-stated with weak pull-up ;
; Synchronizer Identification                                                ; Off                                   ; Off                                   ;
; Enable Beneficial Skew Optimization                                        ; On                                    ; On                                    ;
; Optimize Design for Metastability                                          ; On                                    ; On                                    ;
; Force Fitter to Avoid Periphery Placement Warnings                         ; Off                                   ; Off                                   ;
; Enable input tri-state on active configuration pins in user mode           ; Off                                   ; Off                                   ;
+----------------------------------------------------------------------------+---------------------------------------+---------------------------------------+


+------------------------------------------+
; Parallel Compilation                     ;
+----------------------------+-------------+
; Processors                 ; Number      ;
+----------------------------+-------------+
; Number detected on machine ; 22          ;
; Maximum allowed            ; 16          ;
;                            ;             ;
; Average used               ; 1.00        ;
; Maximum used               ; 16          ;
;                            ;             ;
; Usage by Processor         ; % Time Used ;
;     Processor 1            ; 100.0%      ;
;     Processors 2-16        ; < 0.1%      ;
;     Processors 17-22       ;   0.0%      ;
+----------------------------+-------------+


+-------------------------------------------------+
; I/O Assignment Warnings                         ;
+----------+--------------------------------------+
; Pin Name ; Reason                               ;
+----------+--------------------------------------+
; ds       ; Missing drive strength and slew rate ;
; oe       ; Missing drive strength and slew rate ;
; shcp     ; Missing drive strength and slew rate ;
; stcp     ; Missing drive strength and slew rate ;
+----------+--------------------------------------+


+----------------------------------------------+
; Incremental Compilation Preservation Summary ;
+---------------------+------------------------+
; Type                ; Value                  ;
+---------------------+------------------------+
; Placement (by node) ;                        ;
;     -- Requested    ; 0 / 579 ( 0.00 % )     ;
;     -- Achieved     ; 0 / 579 ( 0.00 % )     ;
;                     ;                        ;
; Routing (by net)    ;                        ;
;     -- Requested    ; 0 / 0 ( 0.00 % )       ;
;     -- Achieved     ; 0 / 0 ( 0.00 % )       ;
+---------------------+------------------------+


+----------------------------------------------------------------------------------------------------------------------------------------------------------------------------------------+
; Incremental Compilation Partition Settings                                                                                                                                             ;
+--------------------------------+----------------+-------------------+-------------------------+------------------------+------------------------------+--------------------------------+
; Partition Name                 ; Partition Type ; Netlist Type Used ; Preservation Level Used ; Netlist Type Requested ; Preservation Level Requested ; Contents                       ;
+--------------------------------+----------------+-------------------+-------------------------+------------------------+------------------------------+--------------------------------+
; Top                            ; User-created   ; Source File       ; N/A                     ; Source File            ; N/A                          ;                                ;
; hard_block:auto_generated_inst ; Auto-generated ; Source File       ; N/A                     ; Source File            ; N/A                          ; hard_block:auto_generated_inst ;
+--------------------------------+----------------+-------------------+-------------------------+------------------------+------------------------------+--------------------------------+


+------------------------------------------------------------------------------------------------------------+
; Incremental Compilation Placement Preservation                                                             ;
+--------------------------------+---------+-------------------+-------------------------+-------------------+
; Partition Name                 ; # Nodes ; # Preserved Nodes ; Preservation Level Used ; Netlist Type Used ;
+--------------------------------+---------+-------------------+-------------------------+-------------------+
; Top                            ; 569     ; 0                 ; N/A                     ; Source File       ;
; hard_block:auto_generated_inst ; 10      ; 0                 ; N/A                     ; Source File       ;
+--------------------------------+---------+-------------------+-------------------------+-------------------+


+--------------+
; Pin-Out File ;
+--------------+
The pin-out file can be found in D:/TylerHong/Development/Learn/Learning-FPGA/20250301-IP-RAM-Random-Access-Memory/Quartus-Project/output_files/RAM.pin.


+-------------------------------------------------------------------------+
; Fitter Resource Usage Summary                                           ;
+---------------------------------------------+---------------------------+
; Resource                                    ; Usage                     ;
+---------------------------------------------+---------------------------+
; Total logic elements                        ; 340 / 10,320 ( 3 % )      ;
;     -- Combinational with no register       ; 118                       ;
;     -- Register only                        ; 19                        ;
;     -- Combinational with a register        ; 203                       ;
;                                             ;                           ;
; Logic element usage by number of LUT inputs ;                           ;
;     -- 4 input functions                    ; 144                       ;
;     -- 3 input functions                    ; 48                        ;
;     -- <=2 input functions                  ; 129                       ;
;     -- Register only                        ; 19                        ;
;                                             ;                           ;
; Logic elements by mode                      ;                           ;
;     -- normal mode                          ; 235                       ;
;     -- arithmetic mode                      ; 86                        ;
;                                             ;                           ;
; Total registers*                            ; 222 / 11,172 ( 2 % )      ;
;     -- Dedicated logic registers            ; 222 / 10,320 ( 2 % )      ;
;     -- I/O registers                        ; 0 / 852 ( 0 % )           ;
;                                             ;                           ;
; Total LABs:  partially or completely used   ; 28 / 645 ( 4 % )          ;
; Virtual pins                                ; 0                         ;
; I/O pins                                    ; 8 / 180 ( 4 % )           ;
;     -- Clock pins                           ; 3 / 3 ( 100 % )           ;
;     -- Dedicated input pins                 ; 0 / 9 ( 0 % )             ;
;                                             ;                           ;
; Global signals                              ; 2                         ;
; M9Ks                                        ; 1 / 46 ( 2 % )            ;
; Total block memory bits                     ; 2,048 / 423,936 ( < 1 % ) ;
; Total block memory implementation bits      ; 9,216 / 423,936 ( 2 % )   ;
; Embedded Multiplier 9-bit elements          ; 0 / 46 ( 0 % )            ;
; PLLs                                        ; 0 / 2 ( 0 % )             ;
; Global clocks                               ; 2 / 10 ( 20 % )           ;
; JTAGs                                       ; 0 / 1 ( 0 % )             ;
; CRC blocks                                  ; 0 / 1 ( 0 % )             ;
; ASMI blocks                                 ; 0 / 1 ( 0 % )             ;
; Impedance control blocks                    ; 0 / 4 ( 0 % )             ;
; Average interconnect usage (total/H/V)      ; 0% / 0% / 0%              ;
; Peak interconnect usage (total/H/V)         ; 1% / 1% / 1%              ;
; Maximum fan-out                             ; 223                       ;
; Highest non-global fan-out                  ; 51                        ;
; Total fan-out                               ; 1858                      ;
; Average fan-out                             ; 3.14                      ;
+---------------------------------------------+---------------------------+
*  Register count does not include registers inside RAM blocks or DSP blocks.



+----------------------------------------------------------------------------------------------------+
; Fitter Partition Statistics                                                                        ;
+---------------------------------------------+---------------------+--------------------------------+
; Statistic                                   ; Top                 ; hard_block:auto_generated_inst ;
+---------------------------------------------+---------------------+--------------------------------+
; Difficulty Clustering Region                ; Low                 ; Low                            ;
;                                             ;                     ;                                ;
; Total logic elements                        ; 340 / 10320 ( 3 % ) ; 0 / 10320 ( 0 % )              ;
;     -- Combinational with no register       ; 118                 ; 0                              ;
;     -- Register only                        ; 19                  ; 0                              ;
;     -- Combinational with a register        ; 203                 ; 0                              ;
;                                             ;                     ;                                ;
; Logic element usage by number of LUT inputs ;                     ;                                ;
;     -- 4 input functions                    ; 144                 ; 0                              ;
;     -- 3 input functions                    ; 48                  ; 0                              ;
;     -- <=2 input functions                  ; 129                 ; 0                              ;
;     -- Register only                        ; 19                  ; 0                              ;
;                                             ;                     ;                                ;
; Logic elements by mode                      ;                     ;                                ;
;     -- normal mode                          ; 235                 ; 0                              ;
;     -- arithmetic mode                      ; 86                  ; 0                              ;
;                                             ;                     ;                                ;
; Total registers                             ; 222                 ; 0                              ;
;     -- Dedicated logic registers            ; 222 / 10320 ( 2 % ) ; 0 / 10320 ( 0 % )              ;
;                                             ;                     ;                                ;
; Total LABs:  partially or completely used   ; 28 / 645 ( 4 % )    ; 0 / 645 ( 0 % )                ;
;                                             ;                     ;                                ;
; Virtual pins                                ; 0                   ; 0                              ;
; I/O pins                                    ; 8                   ; 0                              ;
; Embedded Multiplier 9-bit elements          ; 0 / 46 ( 0 % )      ; 0 / 46 ( 0 % )                 ;
; Total memory bits                           ; 2048                ; 0                              ;
; Total RAM block bits                        ; 9216                ; 0                              ;
; M9K                                         ; 1 / 46 ( 2 % )      ; 0 / 46 ( 0 % )                 ;
; Clock control block                         ; 2 / 12 ( 16 % )     ; 0 / 12 ( 0 % )                 ;
;                                             ;                     ;                                ;
; Connections                                 ;                     ;                                ;
;     -- Input Connections                    ; 0                   ; 0                              ;
;     -- Registered Input Connections         ; 0                   ; 0                              ;
;     -- Output Connections                   ; 0                   ; 0                              ;
;     -- Registered Output Connections        ; 0                   ; 0                              ;
;                                             ;                     ;                                ;
; Internal Connections                        ;                     ;                                ;
;     -- Total Connections                    ; 1853                ; 5                              ;
;     -- Registered Connections               ; 665                 ; 0                              ;
;                                             ;                     ;                                ;
; External Connections                        ;                     ;                                ;
;     -- Top                                  ; 0                   ; 0                              ;
;     -- hard_block:auto_generated_inst       ; 0                   ; 0                              ;
;                                             ;                     ;                                ;
; Partition Interface                         ;                     ;                                ;
;     -- Input Ports                          ; 4                   ; 0                              ;
;     -- Output Ports                         ; 4                   ; 0                              ;
;     -- Bidir Ports                          ; 0                   ; 0                              ;
;                                             ;                     ;                                ;
; Registered Ports                            ;                     ;                                ;
;     -- Registered Input Ports               ; 0                   ; 0                              ;
;     -- Registered Output Ports              ; 0                   ; 0                              ;
;                                             ;                     ;                                ;
; Port Connectivity                           ;                     ;                                ;
;     -- Input Ports driven by GND            ; 0                   ; 0                              ;
;     -- Output Ports driven by GND           ; 0                   ; 0                              ;
;     -- Input Ports driven by VCC            ; 0                   ; 0                              ;
;     -- Output Ports driven by VCC           ; 0                   ; 0                              ;
;     -- Input Ports with no Source           ; 0                   ; 0                              ;
;     -- Output Ports with no Source          ; 0                   ; 0                              ;
;     -- Input Ports with no Fanout           ; 0                   ; 0                              ;
;     -- Output Ports with no Fanout          ; 0                   ; 0                              ;
+---------------------------------------------+---------------------+--------------------------------+


+-------------------------------------------------------------------------------------------------------------------------------------------------------------------------------------------------------------------------------------------------------------------------------------+
; Input Pins                                                                                                                                                                                                                                                                          ;
+----------------+-------+----------+--------------+--------------+--------------+-----------------------+--------------------+--------+----------------+---------------+-----------------+----------+--------------+--------------+---------------------------+----------------------+
; Name           ; Pin # ; I/O Bank ; X coordinate ; Y coordinate ; Z coordinate ; Combinational Fan-Out ; Registered Fan-Out ; Global ; Input Register ; Power Up High ; PCI I/O Enabled ; Bus Hold ; Weak Pull Up ; I/O Standard ; Termination Control Block ; Location assigned by ;
+----------------+-------+----------+--------------+--------------+--------------+-----------------------+--------------------+--------+----------------+---------------+-----------------+----------+--------------+--------------+---------------------------+----------------------+
; read_key       ; M1    ; 2        ; 0            ; 11           ; 21           ; 2                     ; 0                  ; no     ; no             ; no            ; yes             ; no       ; Off          ; 2.5 V        ; --                        ; User                 ;
; system_clock   ; E1    ; 1        ; 0            ; 11           ; 7            ; 223                   ; 0                  ; yes    ; no             ; no            ; yes             ; no       ; Off          ; 2.5 V        ; --                        ; User                 ;
; system_reset_n ; M15   ; 5        ; 34           ; 12           ; 14           ; 223                   ; 0                  ; yes    ; no             ; no            ; yes             ; no       ; Off          ; 2.5 V        ; --                        ; User                 ;
; write_key      ; M2    ; 2        ; 0            ; 11           ; 14           ; 2                     ; 0                  ; no     ; no             ; no            ; yes             ; no       ; Off          ; 2.5 V        ; --                        ; User                 ;
+----------------+-------+----------+--------------+--------------+--------------+-----------------------+--------------------+--------+----------------+---------------+-----------------+----------+--------------+--------------+---------------------------+----------------------+


+-------------------------------------------------------------------------------------------------------------------------------------------------------------------------------------------------------------------------------------------------------------------------------------------------------------------------------------------------------------------------------------------------------------------------------------------------------+
; Output Pins                                                                                                                                                                                                                                                                                                                                                                                                                                           ;
+------+-------+----------+--------------+--------------+--------------+-----------------+------------------------+---------------+-----------+-----------------+------------+---------------+----------+--------------+--------------+------------------+-----------------------------------+---------------------------+----------------------------+-----------------------------+----------------------+----------------------+---------------------+
; Name ; Pin # ; I/O Bank ; X coordinate ; Y coordinate ; Z coordinate ; Output Register ; Output Enable Register ; Power Up High ; Slew Rate ; PCI I/O Enabled ; Open Drain ; TRI Primitive ; Bus Hold ; Weak Pull Up ; I/O Standard ; Current Strength ; Termination                       ; Termination Control Block ; Output Buffer Pre-emphasis ; Voltage Output Differential ; Location assigned by ; Output Enable Source ; Output Enable Group ;
+------+-------+----------+--------------+--------------+--------------+-----------------+------------------------+---------------+-----------+-----------------+------------+---------------+----------+--------------+--------------+------------------+-----------------------------------+---------------------------+----------------------------+-----------------------------+----------------------+----------------------+---------------------+
; ds   ; R1    ; 2        ; 0            ; 5            ; 21           ; no              ; no                     ; no            ; 2         ; no              ; no         ; no            ; no       ; Off          ; 2.5 V        ; Default          ; Series 50 Ohm without Calibration ; --                        ; no                         ; no                          ; User                 ; -                    ; -                   ;
; oe   ; L11   ; 4        ; 32           ; 0            ; 14           ; no              ; no                     ; no            ; 2         ; no              ; no         ; no            ; no       ; Off          ; 2.5 V        ; Default          ; Series 50 Ohm without Calibration ; --                        ; no                         ; no                          ; User                 ; -                    ; -                   ;
; shcp ; B1    ; 1        ; 0            ; 22           ; 0            ; no              ; no                     ; no            ; 2         ; no              ; no         ; no            ; no       ; Off          ; 2.5 V        ; Default          ; Series 50 Ohm without Calibration ; --                        ; no                         ; no                          ; User                 ; -                    ; -                   ;
; stcp ; K9    ; 4        ; 18           ; 0            ; 7            ; no              ; no                     ; no            ; 2         ; no              ; no         ; no            ; no       ; Off          ; 2.5 V        ; Default          ; Series 50 Ohm without Calibration ; --                        ; no                         ; no                          ; User                 ; -                    ; -                   ;
+------+-------+----------+--------------+--------------+--------------+-----------------+------------------------+---------------+-----------+-----------------+------------+---------------+----------+--------------+--------------+------------------+-----------------------------------+---------------------------+----------------------------+-----------------------------+----------------------+----------------------+---------------------+


+-------------------------------------------------------------------------------------------------------------------------+
; Dual Purpose and Dedicated Pins                                                                                         ;
+----------+-----------------------------+--------------------------+-------------------------+---------------------------+
; Location ; Pin Name                    ; Reserved As              ; User Signal Name        ; Pin Type                  ;
+----------+-----------------------------+--------------------------+-------------------------+---------------------------+
; C1       ; DIFFIO_L1n, DATA1, ASDO     ; As input tri-stated      ; ~ALTERA_ASDO_DATA1~     ; Dual Purpose Pin          ;
; D2       ; DIFFIO_L2p, FLASH_nCE, nCSO ; As input tri-stated      ; ~ALTERA_FLASH_nCE_nCSO~ ; Dual Purpose Pin          ;
; F4       ; nSTATUS                     ; -                        ; -                       ; Dedicated Programming Pin ;
; H1       ; DCLK                        ; As output driving ground ; ~ALTERA_DCLK~           ; Dual Purpose Pin          ;
; H2       ; DATA0                       ; As input tri-stated      ; ~ALTERA_DATA0~          ; Dual Purpose Pin          ;
; H5       ; nCONFIG                     ; -                        ; -                       ; Dedicated Programming Pin ;
; J3       ; nCE                         ; -                        ; -                       ; Dedicated Programming Pin ;
; H14      ; CONF_DONE                   ; -                        ; -                       ; Dedicated Programming Pin ;
; H13      ; MSEL0                       ; -                        ; -                       ; Dedicated Programming Pin ;
; H12      ; MSEL1                       ; -                        ; -                       ; Dedicated Programming Pin ;
; G12      ; MSEL2                       ; -                        ; -                       ; Dedicated Programming Pin ;
; G12      ; MSEL3                       ; -                        ; -                       ; Dedicated Programming Pin ;
; F16      ; DIFFIO_R3n, nCEO            ; Use as programming pin   ; ~ALTERA_nCEO~           ; Dual Purpose Pin          ;
+----------+-----------------------------+--------------------------+-------------------------+---------------------------+


+-----------------------------------------------------------+
; I/O Bank Usage                                            ;
+----------+-----------------+---------------+--------------+
; I/O Bank ; Usage           ; VCCIO Voltage ; VREF Voltage ;
+----------+-----------------+---------------+--------------+
; 1        ; 6 / 17 ( 35 % ) ; 2.5V          ; --           ;
; 2        ; 3 / 19 ( 16 % ) ; 2.5V          ; --           ;
; 3        ; 0 / 26 ( 0 % )  ; 2.5V          ; --           ;
; 4        ; 2 / 27 ( 7 % )  ; 2.5V          ; --           ;
; 5        ; 1 / 25 ( 4 % )  ; 2.5V          ; --           ;
; 6        ; 1 / 14 ( 7 % )  ; 2.5V          ; --           ;
; 7        ; 0 / 26 ( 0 % )  ; 2.5V          ; --           ;
; 8        ; 0 / 26 ( 0 % )  ; 2.5V          ; --           ;
+----------+-----------------+---------------+--------------+


+-----------------------------------------------------------------------------------------------------------------------------------------------------------------------------------------+
; All Package Pins                                                                                                                                                                        ;
+----------+------------+----------+-----------------------------------------------------------+--------+--------------+---------+------------+-----------------+----------+--------------+
; Location ; Pad Number ; I/O Bank ; Pin Name/Usage                                            ; Dir.   ; I/O Standard ; Voltage ; I/O Type   ; User Assignment ; Bus Hold ; Weak Pull Up ;
+----------+------------+----------+-----------------------------------------------------------+--------+--------------+---------+------------+-----------------+----------+--------------+
; A1       ;            ; 8        ; VCCIO8                                                    ; power  ;              ; 2.5V    ; --         ;                 ; --       ; --           ;
; A2       ; 194        ; 8        ; RESERVED_INPUT_WITH_WEAK_PULLUP                           ;        ;              ;         ; Column I/O ;                 ; no       ; On           ;
; A3       ; 200        ; 8        ; RESERVED_INPUT_WITH_WEAK_PULLUP                           ;        ;              ;         ; Column I/O ;                 ; no       ; On           ;
; A4       ; 196        ; 8        ; RESERVED_INPUT_WITH_WEAK_PULLUP                           ;        ;              ;         ; Column I/O ;                 ; no       ; On           ;
; A5       ; 192        ; 8        ; RESERVED_INPUT_WITH_WEAK_PULLUP                           ;        ;              ;         ; Column I/O ;                 ; no       ; On           ;
; A6       ; 188        ; 8        ; RESERVED_INPUT_WITH_WEAK_PULLUP                           ;        ;              ;         ; Column I/O ;                 ; no       ; On           ;
; A7       ; 183        ; 8        ; RESERVED_INPUT_WITH_WEAK_PULLUP                           ;        ;              ;         ; Column I/O ;                 ; no       ; On           ;
; A8       ; 177        ; 8        ; RESERVED_INPUT_WITH_WEAK_PULLUP                           ;        ;              ;         ; Column I/O ;                 ; no       ; On           ;
; A9       ; 175        ; 7        ; RESERVED_INPUT_WITH_WEAK_PULLUP                           ;        ;              ;         ; Column I/O ;                 ; no       ; On           ;
; A10      ; 168        ; 7        ; RESERVED_INPUT_WITH_WEAK_PULLUP                           ;        ;              ;         ; Column I/O ;                 ; no       ; On           ;
; A11      ; 161        ; 7        ; RESERVED_INPUT_WITH_WEAK_PULLUP                           ;        ;              ;         ; Column I/O ;                 ; no       ; On           ;
; A12      ; 159        ; 7        ; RESERVED_INPUT_WITH_WEAK_PULLUP                           ;        ;              ;         ; Column I/O ;                 ; no       ; On           ;
; A13      ; 153        ; 7        ; RESERVED_INPUT_WITH_WEAK_PULLUP                           ;        ;              ;         ; Column I/O ;                 ; no       ; On           ;
; A14      ; 155        ; 7        ; RESERVED_INPUT_WITH_WEAK_PULLUP                           ;        ;              ;         ; Column I/O ;                 ; no       ; On           ;
; A15      ; 167        ; 7        ; RESERVED_INPUT_WITH_WEAK_PULLUP                           ;        ;              ;         ; Column I/O ;                 ; no       ; On           ;
; A16      ;            ; 7        ; VCCIO7                                                    ; power  ;              ; 2.5V    ; --         ;                 ; --       ; --           ;
; B1       ; 3          ; 1        ; shcp                                                      ; output ; 2.5 V        ;         ; Row I/O    ; Y               ; no       ; Off          ;
; B2       ;            ;          ; GND                                                       ; gnd    ;              ;         ; --         ;                 ; --       ; --           ;
; B3       ; 201        ; 8        ; RESERVED_INPUT_WITH_WEAK_PULLUP                           ;        ;              ;         ; Column I/O ;                 ; no       ; On           ;
; B4       ; 197        ; 8        ; RESERVED_INPUT_WITH_WEAK_PULLUP                           ;        ;              ;         ; Column I/O ;                 ; no       ; On           ;
; B5       ; 195        ; 8        ; RESERVED_INPUT_WITH_WEAK_PULLUP                           ;        ;              ;         ; Column I/O ;                 ; no       ; On           ;
; B6       ; 189        ; 8        ; RESERVED_INPUT_WITH_WEAK_PULLUP                           ;        ;              ;         ; Column I/O ;                 ; no       ; On           ;
; B7       ; 184        ; 8        ; RESERVED_INPUT_WITH_WEAK_PULLUP                           ;        ;              ;         ; Column I/O ;                 ; no       ; On           ;
; B8       ; 178        ; 8        ; RESERVED_INPUT_WITH_WEAK_PULLUP                           ;        ;              ;         ; Column I/O ;                 ; no       ; On           ;
; B9       ; 176        ; 7        ; RESERVED_INPUT_WITH_WEAK_PULLUP                           ;        ;              ;         ; Column I/O ;                 ; no       ; On           ;
; B10      ; 169        ; 7        ; RESERVED_INPUT_WITH_WEAK_PULLUP                           ;        ;              ;         ; Column I/O ;                 ; no       ; On           ;
; B11      ; 162        ; 7        ; RESERVED_INPUT_WITH_WEAK_PULLUP                           ;        ;              ;         ; Column I/O ;                 ; no       ; On           ;
; B12      ; 160        ; 7        ; RESERVED_INPUT_WITH_WEAK_PULLUP                           ;        ;              ;         ; Column I/O ;                 ; no       ; On           ;
; B13      ; 154        ; 7        ; RESERVED_INPUT_WITH_WEAK_PULLUP                           ;        ;              ;         ; Column I/O ;                 ; no       ; On           ;
; B14      ; 156        ; 7        ; RESERVED_INPUT_WITH_WEAK_PULLUP                           ;        ;              ;         ; Column I/O ;                 ; no       ; On           ;
; B15      ;            ;          ; GND                                                       ; gnd    ;              ;         ; --         ;                 ; --       ; --           ;
; B16      ; 141        ; 6        ; RESERVED_INPUT_WITH_WEAK_PULLUP                           ;        ;              ;         ; Row I/O    ;                 ; no       ; On           ;
; C1       ; 5          ; 1        ; ~ALTERA_ASDO_DATA1~ / RESERVED_INPUT_WITH_WEAK_PULLUP     ; input  ; 2.5 V        ;         ; Row I/O    ; N               ; no       ; On           ;
; C2       ; 4          ; 1        ; RESERVED_INPUT_WITH_WEAK_PULLUP                           ;        ;              ;         ; Row I/O    ;                 ; no       ; On           ;
; C3       ; 202        ; 8        ; RESERVED_INPUT_WITH_WEAK_PULLUP                           ;        ;              ;         ; Column I/O ;                 ; no       ; On           ;
; C4       ;            ; 8        ; VCCIO8                                                    ; power  ;              ; 2.5V    ; --         ;                 ; --       ; --           ;
; C5       ;            ;          ; GND                                                       ; gnd    ;              ;         ; --         ;                 ; --       ; --           ;
; C6       ; 187        ; 8        ; RESERVED_INPUT_WITH_WEAK_PULLUP                           ;        ;              ;         ; Column I/O ;                 ; --       ; --           ;
; C7       ;            ; 8        ; VCCIO8                                                    ; power  ;              ; 2.5V    ; --         ;                 ; --       ; --           ;
; C8       ; 179        ; 8        ; RESERVED_INPUT_WITH_WEAK_PULLUP                           ;        ;              ;         ; Column I/O ;                 ; no       ; On           ;
; C9       ; 172        ; 7        ; RESERVED_INPUT_WITH_WEAK_PULLUP                           ;        ;              ;         ; Column I/O ;                 ; no       ; On           ;
; C10      ;            ; 7        ; VCCIO7                                                    ; power  ;              ; 2.5V    ; --         ;                 ; --       ; --           ;
; C11      ; 163        ; 7        ; RESERVED_INPUT_WITH_WEAK_PULLUP                           ;        ;              ;         ; Column I/O ;                 ; --       ; --           ;
; C12      ;            ;          ; GND                                                       ; gnd    ;              ;         ; --         ;                 ; --       ; --           ;
; C13      ;            ; 7        ; VCCIO7                                                    ; power  ;              ; 2.5V    ; --         ;                 ; --       ; --           ;
; C14      ; 149        ; 7        ; RESERVED_INPUT_WITH_WEAK_PULLUP                           ;        ;              ;         ; Column I/O ;                 ; no       ; On           ;
; C15      ; 147        ; 6        ; RESERVED_INPUT_WITH_WEAK_PULLUP                           ;        ;              ;         ; Row I/O    ;                 ; no       ; On           ;
; C16      ; 146        ; 6        ; RESERVED_INPUT_WITH_WEAK_PULLUP                           ;        ;              ;         ; Row I/O    ;                 ; no       ; On           ;
; D1       ; 8          ; 1        ; RESERVED_INPUT_WITH_WEAK_PULLUP                           ;        ;              ;         ; Row I/O    ;                 ; no       ; On           ;
; D2       ; 7          ; 1        ; ~ALTERA_FLASH_nCE_nCSO~ / RESERVED_INPUT_WITH_WEAK_PULLUP ; input  ; 2.5 V        ;         ; Row I/O    ; N               ; no       ; On           ;
; D3       ; 203        ; 8        ; RESERVED_INPUT_WITH_WEAK_PULLUP                           ;        ;              ;         ; Column I/O ;                 ; no       ; On           ;
; D4       ; 0          ; 1        ; RESERVED_INPUT_WITH_WEAK_PULLUP                           ;        ;              ;         ; Row I/O    ;                 ; no       ; On           ;
; D5       ; 198        ; 8        ; RESERVED_INPUT_WITH_WEAK_PULLUP                           ;        ;              ;         ; Column I/O ;                 ; no       ; On           ;
; D6       ; 199        ; 8        ; RESERVED_INPUT_WITH_WEAK_PULLUP                           ;        ;              ;         ; Column I/O ;                 ; no       ; On           ;
; D7       ;            ;          ; GND                                                       ; gnd    ;              ;         ; --         ;                 ; --       ; --           ;
; D8       ; 180        ; 8        ; RESERVED_INPUT_WITH_WEAK_PULLUP                           ;        ;              ;         ; Column I/O ;                 ; no       ; On           ;
; D9       ; 173        ; 7        ; RESERVED_INPUT_WITH_WEAK_PULLUP                           ;        ;              ;         ; Column I/O ;                 ; no       ; On           ;
; D10      ;            ;          ; GND                                                       ; gnd    ;              ;         ; --         ;                 ; --       ; --           ;
; D11      ; 151        ; 7        ; RESERVED_INPUT_WITH_WEAK_PULLUP                           ;        ;              ;         ; Column I/O ;                 ; no       ; On           ;
; D12      ; 152        ; 7        ; RESERVED_INPUT_WITH_WEAK_PULLUP                           ;        ;              ;         ; Column I/O ;                 ; no       ; On           ;
; D13      ;            ;          ; VCCD_PLL2                                                 ; power  ;              ; 1.2V    ; --         ;                 ; --       ; --           ;
; D14      ; 150        ; 7        ; RESERVED_INPUT_WITH_WEAK_PULLUP                           ;        ;              ;         ; Column I/O ;                 ; no       ; On           ;
; D15      ; 144        ; 6        ; RESERVED_INPUT_WITH_WEAK_PULLUP                           ;        ;              ;         ; Row I/O    ;                 ; no       ; On           ;
; D16      ; 143        ; 6        ; RESERVED_INPUT_WITH_WEAK_PULLUP                           ;        ;              ;         ; Row I/O    ;                 ; no       ; On           ;
; E1       ; 24         ; 1        ; system_clock                                              ; input  ; 2.5 V        ;         ; Row I/O    ; Y               ; no       ; Off          ;
; E2       ;            ;          ; GND                                                       ; gnd    ;              ;         ; --         ;                 ; --       ; --           ;
; E3       ;            ; 1        ; VCCIO1                                                    ; power  ;              ; 2.5V    ; --         ;                 ; --       ; --           ;
; E4       ;            ;          ; GND                                                       ; gnd    ;              ;         ; --         ;                 ; --       ; --           ;
; E5       ; 1          ; 1        ; RESERVED_INPUT_WITH_WEAK_PULLUP                           ;        ;              ;         ; Row I/O    ;                 ; no       ; On           ;
; E6       ; 191        ; 8        ; RESERVED_INPUT_WITH_WEAK_PULLUP                           ;        ;              ;         ; Column I/O ;                 ; no       ; On           ;
; E7       ; 190        ; 8        ; RESERVED_INPUT_WITH_WEAK_PULLUP                           ;        ;              ;         ; Column I/O ;                 ; no       ; On           ;
; E8       ; 181        ; 8        ; RESERVED_INPUT_WITH_WEAK_PULLUP                           ;        ;              ;         ; Column I/O ;                 ; no       ; On           ;
; E9       ; 174        ; 7        ; RESERVED_INPUT_WITH_WEAK_PULLUP                           ;        ;              ;         ; Column I/O ;                 ; no       ; On           ;
; E10      ; 158        ; 7        ; RESERVED_INPUT_WITH_WEAK_PULLUP                           ;        ;              ;         ; Column I/O ;                 ; no       ; On           ;
; E11      ; 157        ; 7        ; RESERVED_INPUT_WITH_WEAK_PULLUP                           ;        ;              ;         ; Column I/O ;                 ; no       ; On           ;
; E12      ;            ;          ; GNDA2                                                     ; gnd    ;              ;         ; --         ;                 ; --       ; --           ;
; E13      ;            ;          ; GND                                                       ; gnd    ;              ;         ; --         ;                 ; --       ; --           ;
; E14      ;            ; 6        ; VCCIO6                                                    ; power  ;              ; 2.5V    ; --         ;                 ; --       ; --           ;
; E15      ; 128        ; 6        ; GND+                                                      ;        ;              ;         ; Row I/O    ;                 ; --       ; --           ;
; E16      ; 127        ; 6        ; GND+                                                      ;        ;              ;         ; Row I/O    ;                 ; --       ; --           ;
; F1       ; 12         ; 1        ; RESERVED_INPUT_WITH_WEAK_PULLUP                           ;        ;              ;         ; Row I/O    ;                 ; no       ; On           ;
; F2       ; 11         ; 1        ; RESERVED_INPUT_WITH_WEAK_PULLUP                           ;        ;              ;         ; Row I/O    ;                 ; no       ; On           ;
; F3       ; 6          ; 1        ; RESERVED_INPUT_WITH_WEAK_PULLUP                           ;        ;              ;         ; Row I/O    ;                 ; --       ; --           ;
; F4       ; 9          ; 1        ; ^nSTATUS                                                  ;        ;              ;         ; --         ;                 ; --       ; --           ;
; F5       ; 2          ; 1        ; RESERVED_INPUT_WITH_WEAK_PULLUP                           ;        ;              ;         ; Row I/O    ;                 ; no       ; On           ;
; F6       ; 185        ; 8        ; RESERVED_INPUT_WITH_WEAK_PULLUP                           ;        ;              ;         ; Column I/O ;                 ; no       ; On           ;
; F7       ; 186        ; 8        ; RESERVED_INPUT_WITH_WEAK_PULLUP                           ;        ;              ;         ; Column I/O ;                 ; no       ; On           ;
; F8       ; 182        ; 8        ; RESERVED_INPUT_WITH_WEAK_PULLUP                           ;        ;              ;         ; Column I/O ;                 ; no       ; On           ;
; F9       ; 165        ; 7        ; RESERVED_INPUT_WITH_WEAK_PULLUP                           ;        ;              ;         ; Column I/O ;                 ; no       ; On           ;
; F10      ; 164        ; 7        ; RESERVED_INPUT_WITH_WEAK_PULLUP                           ;        ;              ;         ; Column I/O ;                 ; no       ; On           ;
; F11      ; 166        ; 7        ; RESERVED_INPUT_WITH_WEAK_PULLUP                           ;        ;              ;         ; Column I/O ;                 ; no       ; On           ;
; F12      ;            ; --       ; VCCA2                                                     ; power  ;              ; 2.5V    ; --         ;                 ; --       ; --           ;
; F13      ; 138        ; 6        ; RESERVED_INPUT_WITH_WEAK_PULLUP                           ;        ;              ;         ; Row I/O    ;                 ; no       ; On           ;
; F14      ; 142        ; 6        ; RESERVED_INPUT_WITH_WEAK_PULLUP                           ;        ;              ;         ; Row I/O    ;                 ; --       ; --           ;
; F15      ; 140        ; 6        ; RESERVED_INPUT_WITH_WEAK_PULLUP                           ;        ;              ;         ; Row I/O    ;                 ; no       ; On           ;
; F16      ; 139        ; 6        ; ~ALTERA_nCEO~ / RESERVED_OUTPUT_OPEN_DRAIN                ; output ; 2.5 V        ;         ; Row I/O    ; N               ; no       ; Off          ;
; G1       ; 14         ; 1        ; RESERVED_INPUT_WITH_WEAK_PULLUP                           ;        ;              ;         ; Row I/O    ;                 ; no       ; On           ;
; G2       ; 13         ; 1        ; RESERVED_INPUT_WITH_WEAK_PULLUP                           ;        ;              ;         ; Row I/O    ;                 ; no       ; On           ;
; G3       ;            ; 1        ; VCCIO1                                                    ; power  ;              ; 2.5V    ; --         ;                 ; --       ; --           ;
; G4       ;            ;          ; GND                                                       ; gnd    ;              ;         ; --         ;                 ; --       ; --           ;
; G5       ; 10         ; 1        ; RESERVED_INPUT_WITH_WEAK_PULLUP                           ;        ;              ;         ; Row I/O    ;                 ; no       ; On           ;
; G6       ;            ;          ; VCCINT                                                    ; power  ;              ; 1.2V    ; --         ;                 ; --       ; --           ;
; G7       ;            ;          ; VCCINT                                                    ; power  ;              ; 1.2V    ; --         ;                 ; --       ; --           ;
; G8       ;            ;          ; VCCINT                                                    ; power  ;              ; 1.2V    ; --         ;                 ; --       ; --           ;
; G9       ;            ;          ; VCCINT                                                    ; power  ;              ; 1.2V    ; --         ;                 ; --       ; --           ;
; G10      ;            ;          ; VCCINT                                                    ; power  ;              ; 1.2V    ; --         ;                 ; --       ; --           ;
; G11      ; 145        ; 6        ; RESERVED_INPUT_WITH_WEAK_PULLUP                           ;        ;              ;         ; Row I/O    ;                 ; no       ; On           ;
; G12      ; 132        ; 6        ; ^MSEL2                                                    ;        ;              ;         ; --         ;                 ; --       ; --           ;
; G12      ; 133        ; 6        ; ^MSEL3                                                    ;        ;              ;         ; --         ;                 ; --       ; --           ;
; G13      ;            ;          ; GND                                                       ; gnd    ;              ;         ; --         ;                 ; --       ; --           ;
; G14      ;            ; 6        ; VCCIO6                                                    ; power  ;              ; 2.5V    ; --         ;                 ; --       ; --           ;
; G15      ; 137        ; 6        ; RESERVED_INPUT_WITH_WEAK_PULLUP                           ;        ;              ;         ; Row I/O    ;                 ; no       ; On           ;
; G16      ; 136        ; 6        ; RESERVED_INPUT_WITH_WEAK_PULLUP                           ;        ;              ;         ; Row I/O    ;                 ; no       ; On           ;
; H1       ; 15         ; 1        ; ~ALTERA_DCLK~                                             ; output ; 2.5 V        ;         ; Row I/O    ; N               ; no       ; On           ;
; H2       ; 16         ; 1        ; ~ALTERA_DATA0~ / RESERVED_INPUT_WITH_WEAK_PULLUP          ; input  ; 2.5 V        ;         ; Row I/O    ; N               ; no       ; On           ;
; H3       ; 19         ; 1        ; #TCK                                                      ; input  ;              ;         ; --         ;                 ; --       ; --           ;
; H4       ; 18         ; 1        ; #TDI                                                      ; input  ;              ;         ; --         ;                 ; --       ; --           ;
; H5       ; 17         ; 1        ; ^nCONFIG                                                  ;        ;              ;         ; --         ;                 ; --       ; --           ;
; H6       ;            ;          ; VCCINT                                                    ; power  ;              ; 1.2V    ; --         ;                 ; --       ; --           ;
; H7       ;            ;          ; GND                                                       ; gnd    ;              ;         ; --         ;                 ; --       ; --           ;
; H8       ;            ;          ; GND                                                       ; gnd    ;              ;         ; --         ;                 ; --       ; --           ;
; H9       ;            ;          ; GND                                                       ; gnd    ;              ;         ; --         ;                 ; --       ; --           ;
; H10      ;            ;          ; GND                                                       ; gnd    ;              ;         ; --         ;                 ; --       ; --           ;
; H11      ;            ;          ; VCCINT                                                    ; power  ;              ; 1.2V    ; --         ;                 ; --       ; --           ;
; H12      ; 131        ; 6        ; ^MSEL1                                                    ;        ;              ;         ; --         ;                 ; --       ; --           ;
; H13      ; 130        ; 6        ; ^MSEL0                                                    ;        ;              ;         ; --         ;                 ; --       ; --           ;
; H14      ; 129        ; 6        ; ^CONF_DONE                                                ;        ;              ;         ; --         ;                 ; --       ; --           ;
; H15      ;            ;          ; GND                                                       ; gnd    ;              ;         ; --         ;                 ; --       ; --           ;
; H16      ;            ;          ; GND                                                       ; gnd    ;              ;         ; --         ;                 ; --       ; --           ;
; J1       ; 28         ; 2        ; RESERVED_INPUT_WITH_WEAK_PULLUP                           ;        ;              ;         ; Row I/O    ;                 ; no       ; On           ;
; J2       ; 27         ; 2        ; RESERVED_INPUT_WITH_WEAK_PULLUP                           ;        ;              ;         ; Row I/O    ;                 ; no       ; On           ;
; J3       ; 22         ; 1        ; ^nCE                                                      ;        ;              ;         ; --         ;                 ; --       ; --           ;
; J4       ; 21         ; 1        ; #TDO                                                      ; output ;              ;         ; --         ;                 ; --       ; --           ;
; J5       ; 20         ; 1        ; #TMS                                                      ; input  ;              ;         ; --         ;                 ; --       ; --           ;
; J6       ; 29         ; 2        ; RESERVED_INPUT_WITH_WEAK_PULLUP                           ;        ;              ;         ; Row I/O    ;                 ; no       ; On           ;
; J7       ;            ;          ; GND                                                       ; gnd    ;              ;         ; --         ;                 ; --       ; --           ;
; J8       ;            ;          ; GND                                                       ; gnd    ;              ;         ; --         ;                 ; --       ; --           ;
; J9       ;            ;          ; GND                                                       ; gnd    ;              ;         ; --         ;                 ; --       ; --           ;
; J10      ;            ;          ; GND                                                       ; gnd    ;              ;         ; --         ;                 ; --       ; --           ;
; J11      ; 117        ; 5        ; RESERVED_INPUT_WITH_WEAK_PULLUP                           ;        ;              ;         ; Row I/O    ;                 ; no       ; On           ;
; J12      ; 123        ; 5        ; RESERVED_INPUT_WITH_WEAK_PULLUP                           ;        ;              ;         ; Row I/O    ;                 ; no       ; On           ;
; J13      ; 124        ; 5        ; RESERVED_INPUT_WITH_WEAK_PULLUP                           ;        ;              ;         ; Row I/O    ;                 ; no       ; On           ;
; J14      ; 122        ; 5        ; RESERVED_INPUT_WITH_WEAK_PULLUP                           ;        ;              ;         ; Row I/O    ;                 ; no       ; On           ;
; J15      ; 121        ; 5        ; RESERVED_INPUT_WITH_WEAK_PULLUP                           ;        ;              ;         ; Row I/O    ;                 ; no       ; On           ;
; J16      ; 120        ; 5        ; RESERVED_INPUT_WITH_WEAK_PULLUP                           ;        ;              ;         ; Row I/O    ;                 ; no       ; On           ;
; K1       ; 33         ; 2        ; RESERVED_INPUT_WITH_WEAK_PULLUP                           ;        ;              ;         ; Row I/O    ;                 ; no       ; On           ;
; K2       ; 32         ; 2        ; RESERVED_INPUT_WITH_WEAK_PULLUP                           ;        ;              ;         ; Row I/O    ;                 ; no       ; On           ;
; K3       ;            ; 2        ; VCCIO2                                                    ; power  ;              ; 2.5V    ; --         ;                 ; --       ; --           ;
; K4       ;            ;          ; GND                                                       ; gnd    ;              ;         ; --         ;                 ; --       ; --           ;
; K5       ; 39         ; 2        ; RESERVED_INPUT_WITH_WEAK_PULLUP                           ;        ;              ;         ; Row I/O    ;                 ; no       ; On           ;
; K6       ; 30         ; 2        ; RESERVED_INPUT_WITH_WEAK_PULLUP                           ;        ;              ;         ; Row I/O    ;                 ; no       ; On           ;
; K7       ;            ;          ; VCCINT                                                    ; power  ;              ; 1.2V    ; --         ;                 ; --       ; --           ;
; K8       ; 60         ; 3        ; RESERVED_INPUT_WITH_WEAK_PULLUP                           ;        ;              ;         ; Column I/O ;                 ; no       ; On           ;
; K9       ; 76         ; 4        ; stcp                                                      ; output ; 2.5 V        ;         ; Column I/O ; Y               ; no       ; Off          ;
; K10      ; 87         ; 4        ; RESERVED_INPUT_WITH_WEAK_PULLUP                           ;        ;              ;         ; Column I/O ;                 ; no       ; On           ;
; K11      ; 110        ; 5        ; RESERVED_INPUT_WITH_WEAK_PULLUP                           ;        ;              ;         ; Row I/O    ;                 ; no       ; On           ;
; K12      ; 105        ; 5        ; RESERVED_INPUT_WITH_WEAK_PULLUP                           ;        ;              ;         ; Row I/O    ;                 ; no       ; On           ;
; K13      ;            ;          ; GND                                                       ; gnd    ;              ;         ; --         ;                 ; --       ; --           ;
; K14      ;            ; 5        ; VCCIO5                                                    ; power  ;              ; 2.5V    ; --         ;                 ; --       ; --           ;
; K15      ; 119        ; 5        ; RESERVED_INPUT_WITH_WEAK_PULLUP                           ;        ;              ;         ; Row I/O    ;                 ; no       ; On           ;
; K16      ; 118        ; 5        ; RESERVED_INPUT_WITH_WEAK_PULLUP                           ;        ;              ;         ; Row I/O    ;                 ; no       ; On           ;
; L1       ; 35         ; 2        ; RESERVED_INPUT_WITH_WEAK_PULLUP                           ;        ;              ;         ; Row I/O    ;                 ; no       ; On           ;
; L2       ; 34         ; 2        ; RESERVED_INPUT_WITH_WEAK_PULLUP                           ;        ;              ;         ; Row I/O    ;                 ; no       ; On           ;
; L3       ; 36         ; 2        ; RESERVED_INPUT_WITH_WEAK_PULLUP                           ;        ;              ;         ; Row I/O    ;                 ; --       ; --           ;
; L4       ; 40         ; 2        ; RESERVED_INPUT_WITH_WEAK_PULLUP                           ;        ;              ;         ; Row I/O    ;                 ; no       ; On           ;
; L5       ;            ; --       ; VCCA1                                                     ; power  ;              ; 2.5V    ; --         ;                 ; --       ; --           ;
; L6       ; 31         ; 2        ; RESERVED_INPUT_WITH_WEAK_PULLUP                           ;        ;              ;         ; Row I/O    ;                 ; no       ; On           ;
; L7       ; 65         ; 3        ; RESERVED_INPUT_WITH_WEAK_PULLUP                           ;        ;              ;         ; Column I/O ;                 ; no       ; On           ;
; L8       ; 68         ; 3        ; RESERVED_INPUT_WITH_WEAK_PULLUP                           ;        ;              ;         ; Column I/O ;                 ; no       ; On           ;
; L9       ; 77         ; 4        ; RESERVED_INPUT_WITH_WEAK_PULLUP                           ;        ;              ;         ; Column I/O ;                 ; no       ; On           ;
; L10      ; 88         ; 4        ; RESERVED_INPUT_WITH_WEAK_PULLUP                           ;        ;              ;         ; Column I/O ;                 ; no       ; On           ;
; L11      ; 99         ; 4        ; oe                                                        ; output ; 2.5 V        ;         ; Column I/O ; Y               ; no       ; Off          ;
; L12      ; 104        ; 5        ; RESERVED_INPUT_WITH_WEAK_PULLUP                           ;        ;              ;         ; Row I/O    ;                 ; no       ; On           ;
; L13      ; 114        ; 5        ; RESERVED_INPUT_WITH_WEAK_PULLUP                           ;        ;              ;         ; Row I/O    ;                 ; no       ; On           ;
; L14      ; 113        ; 5        ; RESERVED_INPUT_WITH_WEAK_PULLUP                           ;        ;              ;         ; Row I/O    ;                 ; --       ; --           ;
; L15      ; 116        ; 5        ; RESERVED_INPUT_WITH_WEAK_PULLUP                           ;        ;              ;         ; Row I/O    ;                 ; no       ; On           ;
; L16      ; 115        ; 5        ; RESERVED_INPUT_WITH_WEAK_PULLUP                           ;        ;              ;         ; Row I/O    ;                 ; no       ; On           ;
; M1       ; 26         ; 2        ; read_key                                                  ; input  ; 2.5 V        ;         ; Row I/O    ; Y               ; no       ; Off          ;
; M2       ; 25         ; 2        ; write_key                                                 ; input  ; 2.5 V        ;         ; Row I/O    ; Y               ; no       ; Off          ;
; M3       ;            ; 2        ; VCCIO2                                                    ; power  ;              ; 2.5V    ; --         ;                 ; --       ; --           ;
; M4       ;            ;          ; GND                                                       ; gnd    ;              ;         ; --         ;                 ; --       ; --           ;
; M5       ;            ;          ; GNDA1                                                     ; gnd    ;              ;         ; --         ;                 ; --       ; --           ;
; M6       ; 57         ; 3        ; RESERVED_INPUT_WITH_WEAK_PULLUP                           ;        ;              ;         ; Column I/O ;                 ; no       ; On           ;
; M7       ; 59         ; 3        ; RESERVED_INPUT_WITH_WEAK_PULLUP                           ;        ;              ;         ; Column I/O ;                 ; no       ; On           ;
; M8       ; 69         ; 3        ; RESERVED_INPUT_WITH_WEAK_PULLUP                           ;        ;              ;         ; Column I/O ;                 ; no       ; On           ;
; M9       ; 78         ; 4        ; RESERVED_INPUT_WITH_WEAK_PULLUP                           ;        ;              ;         ; Column I/O ;                 ; no       ; On           ;
; M10      ; 93         ; 4        ; RESERVED_INPUT_WITH_WEAK_PULLUP                           ;        ;              ;         ; Column I/O ;                 ; no       ; On           ;
; M11      ; 100        ; 4        ; RESERVED_INPUT_WITH_WEAK_PULLUP                           ;        ;              ;         ; Column I/O ;                 ; no       ; On           ;
; M12      ; 103        ; 5        ; RESERVED_INPUT_WITH_WEAK_PULLUP                           ;        ;              ;         ; Row I/O    ;                 ; no       ; On           ;
; M13      ;            ;          ; GND                                                       ; gnd    ;              ;         ; --         ;                 ; --       ; --           ;
; M14      ;            ; 5        ; VCCIO5                                                    ; power  ;              ; 2.5V    ; --         ;                 ; --       ; --           ;
; M15      ; 126        ; 5        ; system_reset_n                                            ; input  ; 2.5 V        ;         ; Row I/O    ; Y               ; no       ; Off          ;
; M16      ; 125        ; 5        ; GND+                                                      ;        ;              ;         ; Row I/O    ;                 ; --       ; --           ;
; N1       ; 38         ; 2        ; RESERVED_INPUT_WITH_WEAK_PULLUP                           ;        ;              ;         ; Row I/O    ;                 ; no       ; On           ;
; N2       ; 37         ; 2        ; RESERVED_INPUT_WITH_WEAK_PULLUP                           ;        ;              ;         ; Row I/O    ;                 ; no       ; On           ;
; N3       ; 45         ; 3        ; RESERVED_INPUT_WITH_WEAK_PULLUP                           ;        ;              ;         ; Column I/O ;                 ; no       ; On           ;
; N4       ;            ;          ; VCCD_PLL1                                                 ; power  ;              ; 1.2V    ; --         ;                 ; --       ; --           ;
; N5       ; 55         ; 3        ; RESERVED_INPUT_WITH_WEAK_PULLUP                           ;        ;              ;         ; Column I/O ;                 ; no       ; On           ;
; N6       ; 56         ; 3        ; RESERVED_INPUT_WITH_WEAK_PULLUP                           ;        ;              ;         ; Column I/O ;                 ; no       ; On           ;
; N7       ;            ;          ; GND                                                       ; gnd    ;              ;         ; --         ;                 ; --       ; --           ;
; N8       ; 70         ; 3        ; RESERVED_INPUT_WITH_WEAK_PULLUP                           ;        ;              ;         ; Column I/O ;                 ; no       ; On           ;
; N9       ; 79         ; 4        ; RESERVED_INPUT_WITH_WEAK_PULLUP                           ;        ;              ;         ; Column I/O ;                 ; no       ; On           ;
; N10      ;            ;          ; GND                                                       ; gnd    ;              ;         ; --         ;                 ; --       ; --           ;
; N11      ; 94         ; 4        ; RESERVED_INPUT_WITH_WEAK_PULLUP                           ;        ;              ;         ; Column I/O ;                 ; no       ; On           ;
; N12      ; 101        ; 4        ; RESERVED_INPUT_WITH_WEAK_PULLUP                           ;        ;              ;         ; Column I/O ;                 ; no       ; On           ;
; N13      ; 102        ; 5        ; RESERVED_INPUT_WITH_WEAK_PULLUP                           ;        ;              ;         ; Row I/O    ;                 ; no       ; On           ;
; N14      ; 106        ; 5        ; RESERVED_INPUT_WITH_WEAK_PULLUP                           ;        ;              ;         ; Row I/O    ;                 ; no       ; On           ;
; N15      ; 112        ; 5        ; RESERVED_INPUT_WITH_WEAK_PULLUP                           ;        ;              ;         ; Row I/O    ;                 ; no       ; On           ;
; N16      ; 111        ; 5        ; RESERVED_INPUT_WITH_WEAK_PULLUP                           ;        ;              ;         ; Row I/O    ;                 ; no       ; On           ;
; P1       ; 44         ; 2        ; RESERVED_INPUT_WITH_WEAK_PULLUP                           ;        ;              ;         ; Row I/O    ;                 ; no       ; On           ;
; P2       ; 43         ; 2        ; RESERVED_INPUT_WITH_WEAK_PULLUP                           ;        ;              ;         ; Row I/O    ;                 ; no       ; On           ;
; P3       ; 46         ; 3        ; RESERVED_INPUT_WITH_WEAK_PULLUP                           ;        ;              ;         ; Column I/O ;                 ; no       ; On           ;
; P4       ;            ; 3        ; VCCIO3                                                    ; power  ;              ; 2.5V    ; --         ;                 ; --       ; --           ;
; P5       ;            ;          ; GND                                                       ; gnd    ;              ;         ; --         ;                 ; --       ; --           ;
; P6       ; 58         ; 3        ; RESERVED_INPUT_WITH_WEAK_PULLUP                           ;        ;              ;         ; Column I/O ;                 ; --       ; --           ;
; P7       ;            ; 3        ; VCCIO3                                                    ; power  ;              ; 2.5V    ; --         ;                 ; --       ; --           ;
; P8       ; 71         ; 3        ; RESERVED_INPUT_WITH_WEAK_PULLUP                           ;        ;              ;         ; Column I/O ;                 ; no       ; On           ;
; P9       ; 89         ; 4        ; RESERVED_INPUT_WITH_WEAK_PULLUP                           ;        ;              ;         ; Column I/O ;                 ; no       ; On           ;
; P10      ;            ; 4        ; VCCIO4                                                    ; power  ;              ; 2.5V    ; --         ;                 ; --       ; --           ;
; P11      ; 90         ; 4        ; RESERVED_INPUT_WITH_WEAK_PULLUP                           ;        ;              ;         ; Column I/O ;                 ; --       ; --           ;
; P12      ;            ;          ; GND                                                       ; gnd    ;              ;         ; --         ;                 ; --       ; --           ;
; P13      ;            ; 4        ; VCCIO4                                                    ; power  ;              ; 2.5V    ; --         ;                 ; --       ; --           ;
; P14      ; 98         ; 4        ; RESERVED_INPUT_WITH_WEAK_PULLUP                           ;        ;              ;         ; Column I/O ;                 ; no       ; On           ;
; P15      ; 107        ; 5        ; RESERVED_INPUT_WITH_WEAK_PULLUP                           ;        ;              ;         ; Row I/O    ;                 ; no       ; On           ;
; P16      ; 108        ; 5        ; RESERVED_INPUT_WITH_WEAK_PULLUP                           ;        ;              ;         ; Row I/O    ;                 ; no       ; On           ;
; R1       ; 42         ; 2        ; ds                                                        ; output ; 2.5 V        ;         ; Row I/O    ; Y               ; no       ; Off          ;
; R2       ;            ;          ; GND                                                       ; gnd    ;              ;         ; --         ;                 ; --       ; --           ;
; R3       ; 47         ; 3        ; RESERVED_INPUT_WITH_WEAK_PULLUP                           ;        ;              ;         ; Column I/O ;                 ; no       ; On           ;
; R4       ; 53         ; 3        ; RESERVED_INPUT_WITH_WEAK_PULLUP                           ;        ;              ;         ; Column I/O ;                 ; no       ; On           ;
; R5       ; 61         ; 3        ; RESERVED_INPUT_WITH_WEAK_PULLUP                           ;        ;              ;         ; Column I/O ;                 ; no       ; On           ;
; R6       ; 63         ; 3        ; RESERVED_INPUT_WITH_WEAK_PULLUP                           ;        ;              ;         ; Column I/O ;                 ; no       ; On           ;
; R7       ; 66         ; 3        ; RESERVED_INPUT_WITH_WEAK_PULLUP                           ;        ;              ;         ; Column I/O ;                 ; no       ; On           ;
; R8       ; 72         ; 3        ; RESERVED_INPUT_WITH_WEAK_PULLUP                           ;        ;              ;         ; Column I/O ;                 ; no       ; On           ;
; R9       ; 74         ; 4        ; RESERVED_INPUT_WITH_WEAK_PULLUP                           ;        ;              ;         ; Column I/O ;                 ; no       ; On           ;
; R10      ; 80         ; 4        ; RESERVED_INPUT_WITH_WEAK_PULLUP                           ;        ;              ;         ; Column I/O ;                 ; no       ; On           ;
; R11      ; 83         ; 4        ; RESERVED_INPUT_WITH_WEAK_PULLUP                           ;        ;              ;         ; Column I/O ;                 ; no       ; On           ;
; R12      ; 85         ; 4        ; RESERVED_INPUT_WITH_WEAK_PULLUP                           ;        ;              ;         ; Column I/O ;                 ; no       ; On           ;
; R13      ; 91         ; 4        ; RESERVED_INPUT_WITH_WEAK_PULLUP                           ;        ;              ;         ; Column I/O ;                 ; no       ; On           ;
; R14      ; 97         ; 4        ; RESERVED_INPUT_WITH_WEAK_PULLUP                           ;        ;              ;         ; Column I/O ;                 ; no       ; On           ;
; R15      ;            ;          ; GND                                                       ; gnd    ;              ;         ; --         ;                 ; --       ; --           ;
; R16      ; 109        ; 5        ; RESERVED_INPUT_WITH_WEAK_PULLUP                           ;        ;              ;         ; Row I/O    ;                 ; no       ; On           ;
; T1       ;            ; 3        ; VCCIO3                                                    ; power  ;              ; 2.5V    ; --         ;                 ; --       ; --           ;
; T2       ; 52         ; 3        ; RESERVED_INPUT_WITH_WEAK_PULLUP                           ;        ;              ;         ; Column I/O ;                 ; no       ; On           ;
; T3       ; 48         ; 3        ; RESERVED_INPUT_WITH_WEAK_PULLUP                           ;        ;              ;         ; Column I/O ;                 ; no       ; On           ;
; T4       ; 54         ; 3        ; RESERVED_INPUT_WITH_WEAK_PULLUP                           ;        ;              ;         ; Column I/O ;                 ; no       ; On           ;
; T5       ; 62         ; 3        ; RESERVED_INPUT_WITH_WEAK_PULLUP                           ;        ;              ;         ; Column I/O ;                 ; no       ; On           ;
; T6       ; 64         ; 3        ; RESERVED_INPUT_WITH_WEAK_PULLUP                           ;        ;              ;         ; Column I/O ;                 ; no       ; On           ;
; T7       ; 67         ; 3        ; RESERVED_INPUT_WITH_WEAK_PULLUP                           ;        ;              ;         ; Column I/O ;                 ; no       ; On           ;
; T8       ; 73         ; 3        ; RESERVED_INPUT_WITH_WEAK_PULLUP                           ;        ;              ;         ; Column I/O ;                 ; no       ; On           ;
; T9       ; 75         ; 4        ; RESERVED_INPUT_WITH_WEAK_PULLUP                           ;        ;              ;         ; Column I/O ;                 ; no       ; On           ;
; T10      ; 81         ; 4        ; RESERVED_INPUT_WITH_WEAK_PULLUP                           ;        ;              ;         ; Column I/O ;                 ; no       ; On           ;
; T11      ; 84         ; 4        ; RESERVED_INPUT_WITH_WEAK_PULLUP                           ;        ;              ;         ; Column I/O ;                 ; no       ; On           ;
; T12      ; 86         ; 4        ; RESERVED_INPUT_WITH_WEAK_PULLUP                           ;        ;              ;         ; Column I/O ;                 ; no       ; On           ;
; T13      ; 92         ; 4        ; RESERVED_INPUT_WITH_WEAK_PULLUP                           ;        ;              ;         ; Column I/O ;                 ; no       ; On           ;
; T14      ; 95         ; 4        ; RESERVED_INPUT_WITH_WEAK_PULLUP                           ;        ;              ;         ; Column I/O ;                 ; no       ; On           ;
; T15      ; 96         ; 4        ; RESERVED_INPUT_WITH_WEAK_PULLUP                           ;        ;              ;         ; Column I/O ;                 ; no       ; On           ;
; T16      ;            ; 4        ; VCCIO4                                                    ; power  ;              ; 2.5V    ; --         ;                 ; --       ; --           ;
+----------+------------+----------+-----------------------------------------------------------+--------+--------------+---------+------------+-----------------+----------+--------------+
Note: Pin directions (input, output or bidir) are based on device operating in user mode.


+---------------------------------------------------------------------------------------------------------------------------------------------------------------------------------------------------------------------------------------------------------------------------------------------------------------------------------------------------------------------------------+
; Fitter Resource Utilization by Entity                                                                                                                                                                                                                                                                                                                                           ;
+-----------------------------------------------------+-------------+---------------------------+---------------+-------------+------+--------------+---------+-----------+------+--------------+--------------+-------------------+------------------+------------------------------------------------------------------------------------------------------------+--------------+
; Compilation Hierarchy Node                          ; Logic Cells ; Dedicated Logic Registers ; I/O Registers ; Memory Bits ; M9Ks ; DSP Elements ; DSP 9x9 ; DSP 18x18 ; Pins ; Virtual Pins ; LUT-Only LCs ; Register-Only LCs ; LUT/Register LCs ; Full Hierarchy Name                                                                                        ; Library Name ;
+-----------------------------------------------------+-------------+---------------------------+---------------+-------------+------+--------------+---------+-----------+------+--------------+--------------+-------------------+------------------+------------------------------------------------------------------------------------------------------------+--------------+
; |RAM                                                ; 340 (3)     ; 222 (0)                   ; 0 (0)         ; 2048        ; 1    ; 0            ; 0       ; 0         ; 8    ; 0            ; 118 (3)      ; 19 (0)            ; 203 (0)          ; |RAM                                                                                                       ; work         ;
;    |Button_Debounce:Button_Debounce_Instance_Read|  ; 28 (28)     ; 21 (21)                   ; 0 (0)         ; 0           ; 0    ; 0            ; 0       ; 0         ; 0    ; 0            ; 7 (7)        ; 0 (0)             ; 21 (21)          ; |RAM|Button_Debounce:Button_Debounce_Instance_Read                                                         ; work         ;
;    |Button_Debounce:Button_Debounce_Instance_Write| ; 29 (29)     ; 21 (21)                   ; 0 (0)         ; 0           ; 0    ; 0            ; 0       ; 0         ; 0    ; 0            ; 8 (8)        ; 1 (1)             ; 20 (20)          ; |RAM|Button_Debounce:Button_Debounce_Instance_Write                                                        ; work         ;
;    |RAM_Control:RAM_Control_Instance|               ; 66 (66)     ; 34 (34)                   ; 0 (0)         ; 0           ; 0    ; 0            ; 0       ; 0         ; 0    ; 0            ; 32 (32)      ; 0 (0)             ; 34 (34)          ; |RAM|RAM_Control:RAM_Control_Instance                                                                      ; work         ;
;    |ram_8x256_single:ram_8x256_single_inst|         ; 0 (0)       ; 0 (0)                     ; 0 (0)         ; 2048        ; 1    ; 0            ; 0       ; 0         ; 0    ; 0            ; 0 (0)        ; 0 (0)             ; 0 (0)            ; |RAM|ram_8x256_single:ram_8x256_single_inst                                                                ; work         ;
;       |altsyncram:altsyncram_component|             ; 0 (0)       ; 0 (0)                     ; 0 (0)         ; 2048        ; 1    ; 0            ; 0       ; 0         ; 0    ; 0            ; 0 (0)        ; 0 (0)             ; 0 (0)            ; |RAM|ram_8x256_single:ram_8x256_single_inst|altsyncram:altsyncram_component                                ; work         ;
;          |altsyncram_kmg1:auto_generated|           ; 0 (0)       ; 0 (0)                     ; 0 (0)         ; 2048        ; 1    ; 0            ; 0       ; 0         ; 0    ; 0            ; 0 (0)        ; 0 (0)             ; 0 (0)            ; |RAM|ram_8x256_single:ram_8x256_single_inst|altsyncram:altsyncram_component|altsyncram_kmg1:auto_generated ; work         ;
;    |seg_595_dynamic:seg_595_dynamic_instance|       ; 214 (0)     ; 146 (0)                   ; 0 (0)         ; 0           ; 0    ; 0            ; 0       ; 0         ; 0    ; 0            ; 68 (0)       ; 18 (0)            ; 128 (0)          ; |RAM|seg_595_dynamic:seg_595_dynamic_instance                                                              ; work         ;
;       |hc595_ctrl:hc595_ctrl|                       ; 23 (23)     ; 9 (9)                     ; 0 (0)         ; 0           ; 0    ; 0            ; 0       ; 0         ; 0    ; 0            ; 8 (8)        ; 0 (0)             ; 15 (15)          ; |RAM|seg_595_dynamic:seg_595_dynamic_instance|hc595_ctrl:hc595_ctrl                                        ; work         ;
;       |seg_dynamic:seg_dynamic_inst|                ; 198 (86)    ; 137 (65)                  ; 0 (0)         ; 0           ; 0    ; 0            ; 0       ; 0         ; 0    ; 0            ; 60 (18)      ; 18 (2)            ; 120 (71)         ; |RAM|seg_595_dynamic:seg_595_dynamic_instance|seg_dynamic:seg_dynamic_inst                                 ; work         ;
;          |bcd_8421:bcd_8421_inst|                   ; 115 (115)   ; 72 (72)                   ; 0 (0)         ; 0           ; 0    ; 0            ; 0       ; 0         ; 0    ; 0            ; 42 (42)      ; 16 (16)           ; 57 (57)          ; |RAM|seg_595_dynamic:seg_595_dynamic_instance|seg_dynamic:seg_dynamic_inst|bcd_8421:bcd_8421_inst          ; work         ;
+-----------------------------------------------------+-------------+---------------------------+---------------+-------------+------+--------------+---------+-----------+------+--------------+--------------+-------------------+------------------+------------------------------------------------------------------------------------------------------------+--------------+
Note: For table entries with two numbers listed, the numbers in parentheses indicate the number of resources of the given type used by the specific entity alone. The numbers listed outside of parentheses indicate the total resources of the given type used by the specific entity and all of its sub-entities in the hierarchy.


+------------------------------------------------------------------------------------------------+
; Delay Chain Summary                                                                            ;
+----------------+----------+---------------+---------------+-----------------------+-----+------+
; Name           ; Pin Type ; Pad to Core 0 ; Pad to Core 1 ; Pad to Input Register ; TCO ; TCOE ;
+----------------+----------+---------------+---------------+-----------------------+-----+------+
; ds             ; Output   ; --            ; --            ; --                    ; --  ; --   ;
; oe             ; Output   ; --            ; --            ; --                    ; --  ; --   ;
; shcp           ; Output   ; --            ; --            ; --                    ; --  ; --   ;
; stcp           ; Output   ; --            ; --            ; --                    ; --  ; --   ;
; system_clock   ; Input    ; (0) 0 ps      ; --            ; --                    ; --  ; --   ;
; system_reset_n ; Input    ; (0) 0 ps      ; --            ; --                    ; --  ; --   ;
; write_key      ; Input    ; (0) 0 ps      ; --            ; --                    ; --  ; --   ;
; read_key       ; Input    ; (0) 0 ps      ; --            ; --                    ; --  ; --   ;
+----------------+----------+---------------+---------------+-----------------------+-----+------+


+---------------------------------------------------+
; Pad To Core Delay Chain Fanout                    ;
+---------------------+-------------------+---------+
; Source Pin / Fanout ; Pad To Core Index ; Setting ;
+---------------------+-------------------+---------+
; system_clock        ;                   ;         ;
; system_reset_n      ;                   ;         ;
; write_key           ;                   ;         ;
; read_key            ;                   ;         ;
+---------------------+-------------------+---------+


+---------------------------------------------------------------------------------------------------------------------------------------------------------------------------------------------------------------------------------------------+
; Control Signals                                                                                                                                                                                                                             ;
+----------------------------------------------------------------------------------------------------------------+--------------------+---------+--------------+--------+----------------------+------------------+---------------------------+
; Name                                                                                                           ; Location           ; Fan-Out ; Usage        ; Global ; Global Resource Used ; Global Line Name ; Enable Signal Source Name ;
+----------------------------------------------------------------------------------------------------------------+--------------------+---------+--------------+--------+----------------------+------------------+---------------------------+
; Button_Debounce:Button_Debounce_Instance_Read|count_20ms[14]~56                                                ; LCCOMB_X13_Y19_N26 ; 20      ; Sync. load   ; no     ; --                   ; --               ; --                        ;
; Button_Debounce:Button_Debounce_Instance_Write|count_20ms[5]~56                                                ; LCCOMB_X12_Y19_N24 ; 20      ; Sync. load   ; no     ; --                   ; --               ; --                        ;
; RAM_Control:RAM_Control_Instance|always0~1                                                                     ; LCCOMB_X11_Y21_N2  ; 24      ; Sync. clear  ; no     ; --                   ; --               ; --                        ;
; RAM_Control:RAM_Control_Instance|read_enable                                                                   ; FF_X12_Y21_N23     ; 4       ; Read enable  ; no     ; --                   ; --               ; --                        ;
; RAM_Control:RAM_Control_Instance|write_enable                                                                  ; FF_X12_Y21_N13     ; 12      ; Write enable ; no     ; --                   ; --               ; --                        ;
; seg_595_dynamic:seg_595_dynamic_instance|seg_dynamic:seg_dynamic_inst|bcd_8421:bcd_8421_inst|Equal1~0          ; LCCOMB_X12_Y15_N30 ; 27      ; Clock enable ; no     ; --                   ; --               ; --                        ;
; seg_595_dynamic:seg_595_dynamic_instance|seg_dynamic:seg_dynamic_inst|bcd_8421:bcd_8421_inst|data_shift[19]~73 ; LCCOMB_X12_Y15_N2  ; 19      ; Clock enable ; no     ; --                   ; --               ; --                        ;
; seg_595_dynamic:seg_595_dynamic_instance|seg_dynamic:seg_dynamic_inst|bcd_8421:bcd_8421_inst|data_shift[20]~46 ; LCCOMB_X12_Y14_N22 ; 4       ; Clock enable ; no     ; --                   ; --               ; --                        ;
; seg_595_dynamic:seg_595_dynamic_instance|seg_dynamic:seg_dynamic_inst|bcd_8421:bcd_8421_inst|data_shift[27]~38 ; LCCOMB_X12_Y14_N6  ; 4       ; Clock enable ; no     ; --                   ; --               ; --                        ;
; seg_595_dynamic:seg_595_dynamic_instance|seg_dynamic:seg_dynamic_inst|bcd_8421:bcd_8421_inst|data_shift[31]~6  ; LCCOMB_X11_Y14_N12 ; 4       ; Clock enable ; no     ; --                   ; --               ; --                        ;
; seg_595_dynamic:seg_595_dynamic_instance|seg_dynamic:seg_dynamic_inst|bcd_8421:bcd_8421_inst|data_shift[32]~24 ; LCCOMB_X11_Y15_N22 ; 4       ; Clock enable ; no     ; --                   ; --               ; --                        ;
; seg_595_dynamic:seg_595_dynamic_instance|seg_dynamic:seg_dynamic_inst|bcd_8421:bcd_8421_inst|data_shift[39]~8  ; LCCOMB_X16_Y15_N26 ; 4       ; Clock enable ; no     ; --                   ; --               ; --                        ;
; seg_595_dynamic:seg_595_dynamic_instance|seg_dynamic:seg_dynamic_inst|bcd_8421:bcd_8421_inst|data_shift[42]~15 ; LCCOMB_X11_Y14_N30 ; 4       ; Clock enable ; no     ; --                   ; --               ; --                        ;
; seg_595_dynamic:seg_595_dynamic_instance|seg_dynamic:seg_dynamic_inst|flag_1ms                                 ; FF_X18_Y15_N27     ; 14      ; Clock enable ; no     ; --                   ; --               ; --                        ;
; system_clock                                                                                                   ; PIN_E1             ; 223     ; Clock        ; yes    ; Global Clock         ; GCLK2            ; --                        ;
; system_reset_n                                                                                                 ; PIN_M15            ; 223     ; Async. clear ; yes    ; Global Clock         ; GCLK9            ; --                        ;
+----------------------------------------------------------------------------------------------------------------+--------------------+---------+--------------+--------+----------------------+------------------+---------------------------+


+--------------------------------------------------------------------------------------------------------------------------------------------------+
; Global & Other Fast Signals                                                                                                                      ;
+----------------+----------+---------+--------------------------------------+----------------------+------------------+---------------------------+
; Name           ; Location ; Fan-Out ; Fan-Out Using Intentional Clock Skew ; Global Resource Used ; Global Line Name ; Enable Signal Source Name ;
+----------------+----------+---------+--------------------------------------+----------------------+------------------+---------------------------+
; system_clock   ; PIN_E1   ; 223     ; 24                                   ; Global Clock         ; GCLK2            ; --                        ;
; system_reset_n ; PIN_M15  ; 223     ; 0                                    ; Global Clock         ; GCLK9            ; --                        ;
+----------------+----------+---------+--------------------------------------+----------------------+------------------+---------------------------+


+--------------------------------------------------------------------------------------------------------------------------+
; Non-Global High Fan-Out Signals                                                                                          ;
+----------------------------------------------------------------------------------------------------------------+---------+
; Name                                                                                                           ; Fan-Out ;
+----------------------------------------------------------------------------------------------------------------+---------+
; seg_595_dynamic:seg_595_dynamic_instance|seg_dynamic:seg_dynamic_inst|bcd_8421:bcd_8421_inst|Equal0~1          ; 51      ;
; seg_595_dynamic:seg_595_dynamic_instance|seg_dynamic:seg_dynamic_inst|bcd_8421:bcd_8421_inst|Equal1~0          ; 27      ;
; seg_595_dynamic:seg_595_dynamic_instance|hc595_ctrl:hc595_ctrl|cnt[0]                                          ; 27      ;
; RAM_Control:RAM_Control_Instance|always0~1                                                                     ; 24      ;
; seg_595_dynamic:seg_595_dynamic_instance|seg_dynamic:seg_dynamic_inst|bcd_8421:bcd_8421_inst|always1~0         ; 24      ;
; Button_Debounce:Button_Debounce_Instance_Read|count_20ms[14]~56                                                ; 20      ;
; Button_Debounce:Button_Debounce_Instance_Write|count_20ms[5]~56                                                ; 20      ;
; seg_595_dynamic:seg_595_dynamic_instance|seg_dynamic:seg_dynamic_inst|bcd_8421:bcd_8421_inst|data_shift[19]~73 ; 19      ;
; ~GND                                                                                                           ; 16      ;
; seg_595_dynamic:seg_595_dynamic_instance|seg_dynamic:seg_dynamic_inst|cnt_sel[1]                               ; 15      ;
; seg_595_dynamic:seg_595_dynamic_instance|seg_dynamic:seg_dynamic_inst|flag_1ms                                 ; 14      ;
; seg_595_dynamic:seg_595_dynamic_instance|seg_dynamic:seg_dynamic_inst|bcd_8421:bcd_8421_inst|cnt_shift[4]      ; 13      ;
; write_key~_wirecell                                                                                            ; 12      ;
; read_key~_wirecell                                                                                             ; 12      ;
; RAM_Control:RAM_Control_Instance|write_enable                                                                  ; 12      ;
; seg_595_dynamic:seg_595_dynamic_instance|seg_dynamic:seg_dynamic_inst|cnt_sel[0]                               ; 12      ;
; seg_595_dynamic:seg_595_dynamic_instance|hc595_ctrl:hc595_ctrl|cnt[1]                                          ; 12      ;
; seg_595_dynamic:seg_595_dynamic_instance|hc595_ctrl:hc595_ctrl|cnt_bit[0]                                      ; 11      ;
; seg_595_dynamic:seg_595_dynamic_instance|hc595_ctrl:hc595_ctrl|cnt_bit[3]                                      ; 10      ;
; seg_595_dynamic:seg_595_dynamic_instance|seg_dynamic:seg_dynamic_inst|bcd_8421:bcd_8421_inst|LessThan6~0       ; 9       ;
; RAM_Control:RAM_Control_Instance|address[7]~2                                                                  ; 8       ;
; RAM_Control:RAM_Control_Instance|address[5]~1                                                                  ; 8       ;
; seg_595_dynamic:seg_595_dynamic_instance|seg_dynamic:seg_dynamic_inst|Equal0~4                                 ; 7       ;
; seg_595_dynamic:seg_595_dynamic_instance|seg_dynamic:seg_dynamic_inst|cnt_sel[2]                               ; 7       ;
; seg_595_dynamic:seg_595_dynamic_instance|seg_dynamic:seg_dynamic_inst|data_disp[3]                             ; 7       ;
; seg_595_dynamic:seg_595_dynamic_instance|seg_dynamic:seg_dynamic_inst|data_disp[2]                             ; 7       ;
; seg_595_dynamic:seg_595_dynamic_instance|seg_dynamic:seg_dynamic_inst|data_disp[1]                             ; 7       ;
; seg_595_dynamic:seg_595_dynamic_instance|seg_dynamic:seg_dynamic_inst|data_disp[0]                             ; 7       ;
; seg_595_dynamic:seg_595_dynamic_instance|hc595_ctrl:hc595_ctrl|cnt_bit[2]                                      ; 7       ;
; seg_595_dynamic:seg_595_dynamic_instance|seg_dynamic:seg_dynamic_inst|always4~0                                ; 6       ;
; seg_595_dynamic:seg_595_dynamic_instance|hc595_ctrl:hc595_ctrl|cnt_bit[1]                                      ; 6       ;
; RAM_Control:RAM_Control_Instance|address[6]                                                                    ; 5       ;
; RAM_Control:RAM_Control_Instance|address[5]                                                                    ; 5       ;
; RAM_Control:RAM_Control_Instance|address[4]                                                                    ; 5       ;
; RAM_Control:RAM_Control_Instance|address[3]                                                                    ; 5       ;
; RAM_Control:RAM_Control_Instance|address[2]                                                                    ; 5       ;
; RAM_Control:RAM_Control_Instance|address[1]                                                                    ; 5       ;
; RAM_Control:RAM_Control_Instance|address[0]                                                                    ; 5       ;
; RAM_Control:RAM_Control_Instance|address[7]                                                                    ; 5       ;
; seg_595_dynamic:seg_595_dynamic_instance|seg_dynamic:seg_dynamic_inst|bcd_8421:bcd_8421_inst|data_shift[23]    ; 5       ;
; seg_595_dynamic:seg_595_dynamic_instance|seg_dynamic:seg_dynamic_inst|bcd_8421:bcd_8421_inst|data_shift[22]    ; 5       ;
; seg_595_dynamic:seg_595_dynamic_instance|seg_dynamic:seg_dynamic_inst|bcd_8421:bcd_8421_inst|data_shift[20]    ; 5       ;
; seg_595_dynamic:seg_595_dynamic_instance|seg_dynamic:seg_dynamic_inst|bcd_8421:bcd_8421_inst|data_shift[27]    ; 5       ;
; seg_595_dynamic:seg_595_dynamic_instance|seg_dynamic:seg_dynamic_inst|bcd_8421:bcd_8421_inst|data_shift[26]    ; 5       ;
; seg_595_dynamic:seg_595_dynamic_instance|seg_dynamic:seg_dynamic_inst|bcd_8421:bcd_8421_inst|data_shift[24]    ; 5       ;
; seg_595_dynamic:seg_595_dynamic_instance|seg_dynamic:seg_dynamic_inst|bcd_8421:bcd_8421_inst|data_shift[31]    ; 5       ;
; seg_595_dynamic:seg_595_dynamic_instance|seg_dynamic:seg_dynamic_inst|bcd_8421:bcd_8421_inst|data_shift[32]    ; 5       ;
; seg_595_dynamic:seg_595_dynamic_instance|seg_dynamic:seg_dynamic_inst|bcd_8421:bcd_8421_inst|data_shift[35]    ; 5       ;
; seg_595_dynamic:seg_595_dynamic_instance|seg_dynamic:seg_dynamic_inst|bcd_8421:bcd_8421_inst|data_shift[30]    ; 5       ;
; seg_595_dynamic:seg_595_dynamic_instance|seg_dynamic:seg_dynamic_inst|bcd_8421:bcd_8421_inst|data_shift[34]    ; 5       ;
; seg_595_dynamic:seg_595_dynamic_instance|seg_dynamic:seg_dynamic_inst|bcd_8421:bcd_8421_inst|data_shift[39]    ; 5       ;
; seg_595_dynamic:seg_595_dynamic_instance|seg_dynamic:seg_dynamic_inst|bcd_8421:bcd_8421_inst|data_shift[42]    ; 5       ;
; seg_595_dynamic:seg_595_dynamic_instance|seg_dynamic:seg_dynamic_inst|bcd_8421:bcd_8421_inst|data_shift[40]    ; 5       ;
; seg_595_dynamic:seg_595_dynamic_instance|seg_dynamic:seg_dynamic_inst|bcd_8421:bcd_8421_inst|data_shift[36]    ; 5       ;
; seg_595_dynamic:seg_595_dynamic_instance|seg_dynamic:seg_dynamic_inst|bcd_8421:bcd_8421_inst|data_shift[38]    ; 5       ;
; seg_595_dynamic:seg_595_dynamic_instance|seg_dynamic:seg_dynamic_inst|bcd_8421:bcd_8421_inst|cnt_shift[2]      ; 5       ;
; seg_595_dynamic:seg_595_dynamic_instance|seg_dynamic:seg_dynamic_inst|bcd_8421:bcd_8421_inst|data_shift[28]    ; 5       ;
; seg_595_dynamic:seg_595_dynamic_instance|seg_dynamic:seg_dynamic_inst|bcd_8421:bcd_8421_inst|h_hun[2]          ; 5       ;
; Button_Debounce:Button_Debounce_Instance_Write|key_flag                                                        ; 4       ;
; RAM_Control:RAM_Control_Instance|read_enable                                                                   ; 4       ;
; seg_595_dynamic:seg_595_dynamic_instance|seg_dynamic:seg_dynamic_inst|bcd_8421:bcd_8421_inst|data_shift[20]~46 ; 4       ;
; seg_595_dynamic:seg_595_dynamic_instance|seg_dynamic:seg_dynamic_inst|bcd_8421:bcd_8421_inst|data_shift[27]~38 ; 4       ;
; seg_595_dynamic:seg_595_dynamic_instance|seg_dynamic:seg_dynamic_inst|bcd_8421:bcd_8421_inst|data_shift[32]~24 ; 4       ;
; seg_595_dynamic:seg_595_dynamic_instance|seg_dynamic:seg_dynamic_inst|bcd_8421:bcd_8421_inst|data_shift[42]~15 ; 4       ;
; seg_595_dynamic:seg_595_dynamic_instance|seg_dynamic:seg_dynamic_inst|bcd_8421:bcd_8421_inst|data_shift[39]~8  ; 4       ;
; seg_595_dynamic:seg_595_dynamic_instance|seg_dynamic:seg_dynamic_inst|bcd_8421:bcd_8421_inst|data_shift[31]~6  ; 4       ;
; seg_595_dynamic:seg_595_dynamic_instance|seg_dynamic:seg_dynamic_inst|bcd_8421:bcd_8421_inst|data_shift[31]~4  ; 4       ;
; seg_595_dynamic:seg_595_dynamic_instance|seg_dynamic:seg_dynamic_inst|bcd_8421:bcd_8421_inst|data_shift[21]    ; 4       ;
; seg_595_dynamic:seg_595_dynamic_instance|seg_dynamic:seg_dynamic_inst|bcd_8421:bcd_8421_inst|data_shift[25]    ; 4       ;
; seg_595_dynamic:seg_595_dynamic_instance|seg_dynamic:seg_dynamic_inst|bcd_8421:bcd_8421_inst|data_shift[29]    ; 4       ;
; seg_595_dynamic:seg_595_dynamic_instance|seg_dynamic:seg_dynamic_inst|bcd_8421:bcd_8421_inst|data_shift[33]    ; 4       ;
; seg_595_dynamic:seg_595_dynamic_instance|seg_dynamic:seg_dynamic_inst|bcd_8421:bcd_8421_inst|data_shift[43]    ; 4       ;
; seg_595_dynamic:seg_595_dynamic_instance|seg_dynamic:seg_dynamic_inst|bcd_8421:bcd_8421_inst|data_shift[41]    ; 4       ;
; seg_595_dynamic:seg_595_dynamic_instance|seg_dynamic:seg_dynamic_inst|bcd_8421:bcd_8421_inst|data_shift[37]    ; 4       ;
; seg_595_dynamic:seg_595_dynamic_instance|seg_dynamic:seg_dynamic_inst|bcd_8421:bcd_8421_inst|cnt_shift[1]      ; 4       ;
; seg_595_dynamic:seg_595_dynamic_instance|seg_dynamic:seg_dynamic_inst|bcd_8421:bcd_8421_inst|cnt_shift[3]      ; 4       ;
; seg_595_dynamic:seg_595_dynamic_instance|seg_dynamic:seg_dynamic_inst|bcd_8421:bcd_8421_inst|hun[1]            ; 4       ;
; seg_595_dynamic:seg_595_dynamic_instance|seg_dynamic:seg_dynamic_inst|bcd_8421:bcd_8421_inst|hun[3]            ; 4       ;
; seg_595_dynamic:seg_595_dynamic_instance|seg_dynamic:seg_dynamic_inst|WideOr3~1                                ; 4       ;
; seg_595_dynamic:seg_595_dynamic_instance|seg_dynamic:seg_dynamic_inst|bcd_8421:bcd_8421_inst|tho[0]            ; 4       ;
; seg_595_dynamic:seg_595_dynamic_instance|seg_dynamic:seg_dynamic_inst|bcd_8421:bcd_8421_inst|tho[3]            ; 4       ;
; seg_595_dynamic:seg_595_dynamic_instance|seg_dynamic:seg_dynamic_inst|bcd_8421:bcd_8421_inst|tho[1]            ; 4       ;
; seg_595_dynamic:seg_595_dynamic_instance|seg_dynamic:seg_dynamic_inst|data_reg~1                               ; 4       ;
; seg_595_dynamic:seg_595_dynamic_instance|seg_dynamic:seg_dynamic_inst|bcd_8421:bcd_8421_inst|h_hun[3]          ; 4       ;
; seg_595_dynamic:seg_595_dynamic_instance|seg_dynamic:seg_dynamic_inst|bcd_8421:bcd_8421_inst|h_hun[0]          ; 4       ;
; seg_595_dynamic:seg_595_dynamic_instance|seg_dynamic:seg_dynamic_inst|bcd_8421:bcd_8421_inst|h_hun[1]          ; 4       ;
; seg_595_dynamic:seg_595_dynamic_instance|seg_dynamic:seg_dynamic_inst|bcd_8421:bcd_8421_inst|hun[0]            ; 4       ;
; seg_595_dynamic:seg_595_dynamic_instance|hc595_ctrl:hc595_ctrl|always1~0                                       ; 4       ;
; Button_Debounce:Button_Debounce_Instance_Read|key_flag                                                         ; 3       ;
; seg_595_dynamic:seg_595_dynamic_instance|seg_dynamic:seg_dynamic_inst|bcd_8421:bcd_8421_inst|ten[1]            ; 3       ;
; seg_595_dynamic:seg_595_dynamic_instance|seg_dynamic:seg_dynamic_inst|bcd_8421:bcd_8421_inst|ten[3]            ; 3       ;
; seg_595_dynamic:seg_595_dynamic_instance|seg_dynamic:seg_dynamic_inst|WideOr3~3                                ; 3       ;
; seg_595_dynamic:seg_595_dynamic_instance|seg_dynamic:seg_dynamic_inst|bcd_8421:bcd_8421_inst|ten[0]            ; 3       ;
; seg_595_dynamic:seg_595_dynamic_instance|seg_dynamic:seg_dynamic_inst|bcd_8421:bcd_8421_inst|t_tho[3]          ; 3       ;
; seg_595_dynamic:seg_595_dynamic_instance|seg_dynamic:seg_dynamic_inst|WideOr0                                  ; 3       ;
; seg_595_dynamic:seg_595_dynamic_instance|seg_dynamic:seg_dynamic_inst|bcd_8421:bcd_8421_inst|t_tho[0]          ; 3       ;
; seg_595_dynamic:seg_595_dynamic_instance|seg_dynamic:seg_dynamic_inst|bcd_8421:bcd_8421_inst|t_tho[1]          ; 3       ;
; seg_595_dynamic:seg_595_dynamic_instance|seg_dynamic:seg_dynamic_inst|bcd_8421:bcd_8421_inst|t_tho[2]          ; 3       ;
; seg_595_dynamic:seg_595_dynamic_instance|seg_dynamic:seg_dynamic_inst|sel_reg[0]                               ; 3       ;
; seg_595_dynamic:seg_595_dynamic_instance|hc595_ctrl:hc595_ctrl|Equal2~0                                        ; 3       ;
; Button_Debounce:Button_Debounce_Instance_Read|count_20ms[0]                                                    ; 3       ;
; Button_Debounce:Button_Debounce_Instance_Write|count_20ms[0]                                                   ; 3       ;
; read_key~input                                                                                                 ; 2       ;
; write_key~input                                                                                                ; 2       ;
; seg_595_dynamic:seg_595_dynamic_instance|seg_dynamic:seg_dynamic_inst|bcd_8421:bcd_8421_inst|data_shift[0]     ; 2       ;
; Button_Debounce:Button_Debounce_Instance_Read|Equal1~5                                                         ; 2       ;
; Button_Debounce:Button_Debounce_Instance_Write|Equal1~5                                                        ; 2       ;
; RAM_Control:RAM_Control_Instance|always0~0                                                                     ; 2       ;
; RAM_Control:RAM_Control_Instance|Equal0~2                                                                      ; 2       ;
; RAM_Control:RAM_Control_Instance|Equal1~7                                                                      ; 2       ;
; RAM_Control:RAM_Control_Instance|Equal1~6                                                                      ; 2       ;
; RAM_Control:RAM_Control_Instance|Equal1~5                                                                      ; 2       ;
; RAM_Control:RAM_Control_Instance|Equal1~4                                                                      ; 2       ;
; RAM_Control:RAM_Control_Instance|Equal0~1                                                                      ; 2       ;
; RAM_Control:RAM_Control_Instance|Equal0~0                                                                      ; 2       ;
; seg_595_dynamic:seg_595_dynamic_instance|seg_dynamic:seg_dynamic_inst|bcd_8421:bcd_8421_inst|LessThan0~0       ; 2       ;
; seg_595_dynamic:seg_595_dynamic_instance|seg_dynamic:seg_dynamic_inst|bcd_8421:bcd_8421_inst|LessThan1~0       ; 2       ;
; seg_595_dynamic:seg_595_dynamic_instance|seg_dynamic:seg_dynamic_inst|bcd_8421:bcd_8421_inst|Add4~0            ; 2       ;
; seg_595_dynamic:seg_595_dynamic_instance|seg_dynamic:seg_dynamic_inst|bcd_8421:bcd_8421_inst|LessThan5~0       ; 2       ;
; seg_595_dynamic:seg_595_dynamic_instance|seg_dynamic:seg_dynamic_inst|bcd_8421:bcd_8421_inst|Add5~0            ; 2       ;
; seg_595_dynamic:seg_595_dynamic_instance|seg_dynamic:seg_dynamic_inst|bcd_8421:bcd_8421_inst|LessThan2~0       ; 2       ;
; seg_595_dynamic:seg_595_dynamic_instance|seg_dynamic:seg_dynamic_inst|bcd_8421:bcd_8421_inst|Equal0~0          ; 2       ;
; seg_595_dynamic:seg_595_dynamic_instance|seg_dynamic:seg_dynamic_inst|data_reg~6                               ; 2       ;
; seg_595_dynamic:seg_595_dynamic_instance|seg_dynamic:seg_dynamic_inst|bcd_8421:bcd_8421_inst|ten[2]            ; 2       ;
; seg_595_dynamic:seg_595_dynamic_instance|seg_dynamic:seg_dynamic_inst|bcd_8421:bcd_8421_inst|hun[2]            ; 2       ;
; seg_595_dynamic:seg_595_dynamic_instance|seg_dynamic:seg_dynamic_inst|bcd_8421:bcd_8421_inst|tho[2]            ; 2       ;
; seg_595_dynamic:seg_595_dynamic_instance|seg_dynamic:seg_dynamic_inst|data_reg~0                               ; 2       ;
; seg_595_dynamic:seg_595_dynamic_instance|seg_dynamic:seg_dynamic_inst|cnt_1ms[2]                               ; 2       ;
; seg_595_dynamic:seg_595_dynamic_instance|seg_dynamic:seg_dynamic_inst|cnt_1ms[3]                               ; 2       ;
; seg_595_dynamic:seg_595_dynamic_instance|seg_dynamic:seg_dynamic_inst|cnt_1ms[4]                               ; 2       ;
; seg_595_dynamic:seg_595_dynamic_instance|seg_dynamic:seg_dynamic_inst|cnt_1ms[5]                               ; 2       ;
; seg_595_dynamic:seg_595_dynamic_instance|seg_dynamic:seg_dynamic_inst|cnt_1ms[7]                               ; 2       ;
; seg_595_dynamic:seg_595_dynamic_instance|seg_dynamic:seg_dynamic_inst|cnt_1ms[6]                               ; 2       ;
; seg_595_dynamic:seg_595_dynamic_instance|seg_dynamic:seg_dynamic_inst|cnt_1ms[10]                              ; 2       ;
; seg_595_dynamic:seg_595_dynamic_instance|seg_dynamic:seg_dynamic_inst|cnt_1ms[11]                              ; 2       ;
; seg_595_dynamic:seg_595_dynamic_instance|seg_dynamic:seg_dynamic_inst|cnt_1ms[8]                               ; 2       ;
; seg_595_dynamic:seg_595_dynamic_instance|seg_dynamic:seg_dynamic_inst|cnt_1ms[9]                               ; 2       ;
; seg_595_dynamic:seg_595_dynamic_instance|seg_dynamic:seg_dynamic_inst|cnt_1ms[12]                              ; 2       ;
; seg_595_dynamic:seg_595_dynamic_instance|seg_dynamic:seg_dynamic_inst|cnt_1ms[13]                              ; 2       ;
; seg_595_dynamic:seg_595_dynamic_instance|seg_dynamic:seg_dynamic_inst|cnt_1ms[14]                              ; 2       ;
; seg_595_dynamic:seg_595_dynamic_instance|seg_dynamic:seg_dynamic_inst|cnt_1ms[15]                              ; 2       ;
; seg_595_dynamic:seg_595_dynamic_instance|seg_dynamic:seg_dynamic_inst|sel_reg[1]                               ; 2       ;
; seg_595_dynamic:seg_595_dynamic_instance|seg_dynamic:seg_dynamic_inst|sel_reg[2]                               ; 2       ;
; seg_595_dynamic:seg_595_dynamic_instance|seg_dynamic:seg_dynamic_inst|sel_reg[3]                               ; 2       ;
; seg_595_dynamic:seg_595_dynamic_instance|seg_dynamic:seg_dynamic_inst|sel_reg[4]                               ; 2       ;
; seg_595_dynamic:seg_595_dynamic_instance|hc595_ctrl:hc595_ctrl|stcp                                            ; 2       ;
; seg_595_dynamic:seg_595_dynamic_instance|hc595_ctrl:hc595_ctrl|shcp                                            ; 2       ;
; seg_595_dynamic:seg_595_dynamic_instance|hc595_ctrl:hc595_ctrl|ds                                              ; 2       ;
; Button_Debounce:Button_Debounce_Instance_Read|count_20ms[15]                                                   ; 2       ;
; Button_Debounce:Button_Debounce_Instance_Read|count_20ms[13]                                                   ; 2       ;
; Button_Debounce:Button_Debounce_Instance_Read|count_20ms[16]                                                   ; 2       ;
; Button_Debounce:Button_Debounce_Instance_Read|count_20ms[14]                                                   ; 2       ;
; Button_Debounce:Button_Debounce_Instance_Read|count_20ms[12]                                                   ; 2       ;
; Button_Debounce:Button_Debounce_Instance_Read|count_20ms[11]                                                   ; 2       ;
; Button_Debounce:Button_Debounce_Instance_Read|count_20ms[10]                                                   ; 2       ;
; Button_Debounce:Button_Debounce_Instance_Read|count_20ms[9]                                                    ; 2       ;
; Button_Debounce:Button_Debounce_Instance_Read|count_20ms[8]                                                    ; 2       ;
; Button_Debounce:Button_Debounce_Instance_Read|count_20ms[7]                                                    ; 2       ;
; Button_Debounce:Button_Debounce_Instance_Read|count_20ms[6]                                                    ; 2       ;
; Button_Debounce:Button_Debounce_Instance_Read|count_20ms[5]                                                    ; 2       ;
; Button_Debounce:Button_Debounce_Instance_Read|count_20ms[4]                                                    ; 2       ;
; Button_Debounce:Button_Debounce_Instance_Read|count_20ms[3]                                                    ; 2       ;
; Button_Debounce:Button_Debounce_Instance_Read|count_20ms[2]                                                    ; 2       ;
; Button_Debounce:Button_Debounce_Instance_Read|count_20ms[1]                                                    ; 2       ;
; Button_Debounce:Button_Debounce_Instance_Read|count_20ms[19]                                                   ; 2       ;
; Button_Debounce:Button_Debounce_Instance_Read|count_20ms[18]                                                   ; 2       ;
; Button_Debounce:Button_Debounce_Instance_Read|count_20ms[17]                                                   ; 2       ;
; Button_Debounce:Button_Debounce_Instance_Write|count_20ms[15]                                                  ; 2       ;
; Button_Debounce:Button_Debounce_Instance_Write|count_20ms[13]                                                  ; 2       ;
; Button_Debounce:Button_Debounce_Instance_Write|count_20ms[16]                                                  ; 2       ;
; Button_Debounce:Button_Debounce_Instance_Write|count_20ms[14]                                                  ; 2       ;
; Button_Debounce:Button_Debounce_Instance_Write|count_20ms[12]                                                  ; 2       ;
; Button_Debounce:Button_Debounce_Instance_Write|count_20ms[11]                                                  ; 2       ;
; Button_Debounce:Button_Debounce_Instance_Write|count_20ms[10]                                                  ; 2       ;
; Button_Debounce:Button_Debounce_Instance_Write|count_20ms[9]                                                   ; 2       ;
; Button_Debounce:Button_Debounce_Instance_Write|count_20ms[8]                                                   ; 2       ;
; Button_Debounce:Button_Debounce_Instance_Write|count_20ms[7]                                                   ; 2       ;
; Button_Debounce:Button_Debounce_Instance_Write|count_20ms[6]                                                   ; 2       ;
; Button_Debounce:Button_Debounce_Instance_Write|count_20ms[5]                                                   ; 2       ;
; Button_Debounce:Button_Debounce_Instance_Write|count_20ms[4]                                                   ; 2       ;
; Button_Debounce:Button_Debounce_Instance_Write|count_20ms[3]                                                   ; 2       ;
; Button_Debounce:Button_Debounce_Instance_Write|count_20ms[2]                                                   ; 2       ;
; Button_Debounce:Button_Debounce_Instance_Write|count_20ms[1]                                                   ; 2       ;
; Button_Debounce:Button_Debounce_Instance_Write|count_20ms[19]                                                  ; 2       ;
; Button_Debounce:Button_Debounce_Instance_Write|count_20ms[18]                                                  ; 2       ;
; Button_Debounce:Button_Debounce_Instance_Write|count_20ms[17]                                                  ; 2       ;
; RAM_Control:RAM_Control_Instance|count_200ms[22]                                                               ; 2       ;
; RAM_Control:RAM_Control_Instance|count_200ms[21]                                                               ; 2       ;
; RAM_Control:RAM_Control_Instance|count_200ms[23]                                                               ; 2       ;
; RAM_Control:RAM_Control_Instance|count_200ms[20]                                                               ; 2       ;
; RAM_Control:RAM_Control_Instance|count_200ms[18]                                                               ; 2       ;
; RAM_Control:RAM_Control_Instance|count_200ms[17]                                                               ; 2       ;
; RAM_Control:RAM_Control_Instance|count_200ms[16]                                                               ; 2       ;
; RAM_Control:RAM_Control_Instance|count_200ms[19]                                                               ; 2       ;
; RAM_Control:RAM_Control_Instance|count_200ms[14]                                                               ; 2       ;
; RAM_Control:RAM_Control_Instance|count_200ms[13]                                                               ; 2       ;
; RAM_Control:RAM_Control_Instance|count_200ms[15]                                                               ; 2       ;
; RAM_Control:RAM_Control_Instance|count_200ms[12]                                                               ; 2       ;
; RAM_Control:RAM_Control_Instance|count_200ms[11]                                                               ; 2       ;
; RAM_Control:RAM_Control_Instance|count_200ms[8]                                                                ; 2       ;
; RAM_Control:RAM_Control_Instance|count_200ms[10]                                                               ; 2       ;
; RAM_Control:RAM_Control_Instance|count_200ms[9]                                                                ; 2       ;
; RAM_Control:RAM_Control_Instance|count_200ms[7]                                                                ; 2       ;
; RAM_Control:RAM_Control_Instance|count_200ms[6]                                                                ; 2       ;
; RAM_Control:RAM_Control_Instance|count_200ms[5]                                                                ; 2       ;
; RAM_Control:RAM_Control_Instance|count_200ms[4]                                                                ; 2       ;
; RAM_Control:RAM_Control_Instance|count_200ms[3]                                                                ; 2       ;
; RAM_Control:RAM_Control_Instance|count_200ms[2]                                                                ; 2       ;
; RAM_Control:RAM_Control_Instance|count_200ms[1]                                                                ; 2       ;
; RAM_Control:RAM_Control_Instance|count_200ms[0]                                                                ; 2       ;
; seg_595_dynamic:seg_595_dynamic_instance|seg_dynamic:seg_dynamic_inst|cnt_sel[0]~2                             ; 1       ;
; seg_595_dynamic:seg_595_dynamic_instance|hc595_ctrl:hc595_ctrl|cnt[0]~0                                        ; 1       ;
; seg_595_dynamic:seg_595_dynamic_instance|hc595_ctrl:hc595_ctrl|cnt_bit[0]~5                                    ; 1       ;
; RAM_Control:RAM_Control_Instance|write_data[0]~7                                                               ; 1       ;
; seg_595_dynamic:seg_595_dynamic_instance|seg_dynamic:seg_dynamic_inst|bcd_8421:bcd_8421_inst|data_shift~72     ; 1       ;
; RAM_Control:RAM_Control_Instance|write_data[1]~6                                                               ; 1       ;
; seg_595_dynamic:seg_595_dynamic_instance|seg_dynamic:seg_dynamic_inst|bcd_8421:bcd_8421_inst|data_shift~71     ; 1       ;
; RAM_Control:RAM_Control_Instance|write_data[2]~5                                                               ; 1       ;
; seg_595_dynamic:seg_595_dynamic_instance|seg_dynamic:seg_dynamic_inst|bcd_8421:bcd_8421_inst|data_shift~70     ; 1       ;
; seg_595_dynamic:seg_595_dynamic_instance|seg_dynamic:seg_dynamic_inst|bcd_8421:bcd_8421_inst|data_shift[1]     ; 1       ;
; RAM_Control:RAM_Control_Instance|write_data[3]~4                                                               ; 1       ;
; seg_595_dynamic:seg_595_dynamic_instance|seg_dynamic:seg_dynamic_inst|bcd_8421:bcd_8421_inst|data_shift~69     ; 1       ;
; seg_595_dynamic:seg_595_dynamic_instance|seg_dynamic:seg_dynamic_inst|bcd_8421:bcd_8421_inst|data_shift[2]     ; 1       ;
; RAM_Control:RAM_Control_Instance|write_data[4]~3                                                               ; 1       ;
; seg_595_dynamic:seg_595_dynamic_instance|seg_dynamic:seg_dynamic_inst|bcd_8421:bcd_8421_inst|data_shift~68     ; 1       ;
; seg_595_dynamic:seg_595_dynamic_instance|seg_dynamic:seg_dynamic_inst|bcd_8421:bcd_8421_inst|data_shift[3]     ; 1       ;
; RAM_Control:RAM_Control_Instance|write_data[5]~2                                                               ; 1       ;
; Button_Debounce:Button_Debounce_Instance_Read|Equal1~6                                                         ; 1       ;
; Button_Debounce:Button_Debounce_Instance_Read|Equal1~4                                                         ; 1       ;
; Button_Debounce:Button_Debounce_Instance_Read|Equal1~3                                                         ; 1       ;
; Button_Debounce:Button_Debounce_Instance_Read|Equal1~2                                                         ; 1       ;
; Button_Debounce:Button_Debounce_Instance_Read|Equal1~1                                                         ; 1       ;
; Button_Debounce:Button_Debounce_Instance_Read|Equal1~0                                                         ; 1       ;
; Button_Debounce:Button_Debounce_Instance_Write|Equal1~6                                                        ; 1       ;
; Button_Debounce:Button_Debounce_Instance_Write|Equal1~4                                                        ; 1       ;
; Button_Debounce:Button_Debounce_Instance_Write|Equal1~3                                                        ; 1       ;
; Button_Debounce:Button_Debounce_Instance_Write|Equal1~2                                                        ; 1       ;
; Button_Debounce:Button_Debounce_Instance_Write|Equal1~1                                                        ; 1       ;
; Button_Debounce:Button_Debounce_Instance_Write|Equal1~0                                                        ; 1       ;
; seg_595_dynamic:seg_595_dynamic_instance|seg_dynamic:seg_dynamic_inst|bcd_8421:bcd_8421_inst|data_shift~67     ; 1       ;
; seg_595_dynamic:seg_595_dynamic_instance|seg_dynamic:seg_dynamic_inst|bcd_8421:bcd_8421_inst|data_shift[4]     ; 1       ;
; RAM_Control:RAM_Control_Instance|write_data[6]~1                                                               ; 1       ;
; RAM_Control:RAM_Control_Instance|address[6]~10                                                                 ; 1       ;
; RAM_Control:RAM_Control_Instance|address[5]~9                                                                  ; 1       ;
; RAM_Control:RAM_Control_Instance|address[4]~8                                                                  ; 1       ;
; RAM_Control:RAM_Control_Instance|address[3]~7                                                                  ; 1       ;
; RAM_Control:RAM_Control_Instance|address[2]~6                                                                  ; 1       ;
; RAM_Control:RAM_Control_Instance|address[1]~5                                                                  ; 1       ;
; RAM_Control:RAM_Control_Instance|address[0]~4                                                                  ; 1       ;
; RAM_Control:RAM_Control_Instance|address[7]~3                                                                  ; 1       ;
; RAM_Control:RAM_Control_Instance|Equal1~3                                                                      ; 1       ;
; RAM_Control:RAM_Control_Instance|Equal1~2                                                                      ; 1       ;
; RAM_Control:RAM_Control_Instance|Equal1~1                                                                      ; 1       ;
; RAM_Control:RAM_Control_Instance|Equal1~0                                                                      ; 1       ;
; RAM_Control:RAM_Control_Instance|address[5]~0                                                                  ; 1       ;
; RAM_Control:RAM_Control_Instance|read_enable~0                                                                 ; 1       ;
; RAM_Control:RAM_Control_Instance|write_enable~0                                                                ; 1       ;
; seg_595_dynamic:seg_595_dynamic_instance|seg_dynamic:seg_dynamic_inst|bcd_8421:bcd_8421_inst|data_shift~66     ; 1       ;
; seg_595_dynamic:seg_595_dynamic_instance|seg_dynamic:seg_dynamic_inst|bcd_8421:bcd_8421_inst|data_shift[5]     ; 1       ;
; RAM_Control:RAM_Control_Instance|write_data[7]~0                                                               ; 1       ;
; seg_595_dynamic:seg_595_dynamic_instance|seg_dynamic:seg_dynamic_inst|bcd_8421:bcd_8421_inst|data_shift~65     ; 1       ;
; seg_595_dynamic:seg_595_dynamic_instance|seg_dynamic:seg_dynamic_inst|bcd_8421:bcd_8421_inst|data_shift[6]     ; 1       ;
; seg_595_dynamic:seg_595_dynamic_instance|seg_dynamic:seg_dynamic_inst|bcd_8421:bcd_8421_inst|data_shift~64     ; 1       ;
; seg_595_dynamic:seg_595_dynamic_instance|seg_dynamic:seg_dynamic_inst|bcd_8421:bcd_8421_inst|data_shift[7]     ; 1       ;
; seg_595_dynamic:seg_595_dynamic_instance|seg_dynamic:seg_dynamic_inst|bcd_8421:bcd_8421_inst|data_shift~63     ; 1       ;
; seg_595_dynamic:seg_595_dynamic_instance|seg_dynamic:seg_dynamic_inst|bcd_8421:bcd_8421_inst|data_shift[8]     ; 1       ;
; seg_595_dynamic:seg_595_dynamic_instance|seg_dynamic:seg_dynamic_inst|bcd_8421:bcd_8421_inst|data_shift~62     ; 1       ;
; seg_595_dynamic:seg_595_dynamic_instance|seg_dynamic:seg_dynamic_inst|bcd_8421:bcd_8421_inst|data_shift[9]     ; 1       ;
; seg_595_dynamic:seg_595_dynamic_instance|seg_dynamic:seg_dynamic_inst|bcd_8421:bcd_8421_inst|data_shift~61     ; 1       ;
; seg_595_dynamic:seg_595_dynamic_instance|seg_dynamic:seg_dynamic_inst|bcd_8421:bcd_8421_inst|data_shift[10]    ; 1       ;
; seg_595_dynamic:seg_595_dynamic_instance|seg_dynamic:seg_dynamic_inst|bcd_8421:bcd_8421_inst|data_shift~60     ; 1       ;
; seg_595_dynamic:seg_595_dynamic_instance|seg_dynamic:seg_dynamic_inst|bcd_8421:bcd_8421_inst|data_shift[11]    ; 1       ;
; seg_595_dynamic:seg_595_dynamic_instance|seg_dynamic:seg_dynamic_inst|bcd_8421:bcd_8421_inst|data_shift~59     ; 1       ;
; seg_595_dynamic:seg_595_dynamic_instance|seg_dynamic:seg_dynamic_inst|bcd_8421:bcd_8421_inst|data_shift[12]    ; 1       ;
; seg_595_dynamic:seg_595_dynamic_instance|seg_dynamic:seg_dynamic_inst|bcd_8421:bcd_8421_inst|data_shift~58     ; 1       ;
; seg_595_dynamic:seg_595_dynamic_instance|seg_dynamic:seg_dynamic_inst|bcd_8421:bcd_8421_inst|data_shift[13]    ; 1       ;
; seg_595_dynamic:seg_595_dynamic_instance|seg_dynamic:seg_dynamic_inst|bcd_8421:bcd_8421_inst|data_shift~57     ; 1       ;
; seg_595_dynamic:seg_595_dynamic_instance|seg_dynamic:seg_dynamic_inst|bcd_8421:bcd_8421_inst|data_shift[14]    ; 1       ;
; seg_595_dynamic:seg_595_dynamic_instance|seg_dynamic:seg_dynamic_inst|bcd_8421:bcd_8421_inst|data_shift~56     ; 1       ;
; seg_595_dynamic:seg_595_dynamic_instance|seg_dynamic:seg_dynamic_inst|bcd_8421:bcd_8421_inst|data_shift[15]    ; 1       ;
; seg_595_dynamic:seg_595_dynamic_instance|seg_dynamic:seg_dynamic_inst|bcd_8421:bcd_8421_inst|data_shift~55     ; 1       ;
; seg_595_dynamic:seg_595_dynamic_instance|seg_dynamic:seg_dynamic_inst|bcd_8421:bcd_8421_inst|data_shift[16]    ; 1       ;
; seg_595_dynamic:seg_595_dynamic_instance|seg_dynamic:seg_dynamic_inst|bcd_8421:bcd_8421_inst|data_shift~54     ; 1       ;
; seg_595_dynamic:seg_595_dynamic_instance|seg_dynamic:seg_dynamic_inst|bcd_8421:bcd_8421_inst|data_shift[17]    ; 1       ;
; seg_595_dynamic:seg_595_dynamic_instance|seg_dynamic:seg_dynamic_inst|bcd_8421:bcd_8421_inst|data_shift[19]~53 ; 1       ;
; seg_595_dynamic:seg_595_dynamic_instance|seg_dynamic:seg_dynamic_inst|bcd_8421:bcd_8421_inst|data_shift~52     ; 1       ;
; seg_595_dynamic:seg_595_dynamic_instance|seg_dynamic:seg_dynamic_inst|bcd_8421:bcd_8421_inst|data_shift[18]    ; 1       ;
; seg_595_dynamic:seg_595_dynamic_instance|seg_dynamic:seg_dynamic_inst|bcd_8421:bcd_8421_inst|data_shift[23]~51 ; 1       ;
; seg_595_dynamic:seg_595_dynamic_instance|seg_dynamic:seg_dynamic_inst|bcd_8421:bcd_8421_inst|data_shift[23]~50 ; 1       ;
; seg_595_dynamic:seg_595_dynamic_instance|seg_dynamic:seg_dynamic_inst|bcd_8421:bcd_8421_inst|data_shift[22]~49 ; 1       ;
; seg_595_dynamic:seg_595_dynamic_instance|seg_dynamic:seg_dynamic_inst|bcd_8421:bcd_8421_inst|data_shift[22]~48 ; 1       ;
; seg_595_dynamic:seg_595_dynamic_instance|seg_dynamic:seg_dynamic_inst|bcd_8421:bcd_8421_inst|data_shift~47     ; 1       ;
; seg_595_dynamic:seg_595_dynamic_instance|seg_dynamic:seg_dynamic_inst|bcd_8421:bcd_8421_inst|data_shift[20]~45 ; 1       ;
; seg_595_dynamic:seg_595_dynamic_instance|seg_dynamic:seg_dynamic_inst|bcd_8421:bcd_8421_inst|data_shift~44     ; 1       ;
; seg_595_dynamic:seg_595_dynamic_instance|seg_dynamic:seg_dynamic_inst|bcd_8421:bcd_8421_inst|data_shift[19]    ; 1       ;
; seg_595_dynamic:seg_595_dynamic_instance|seg_dynamic:seg_dynamic_inst|bcd_8421:bcd_8421_inst|data_shift~43     ; 1       ;
; seg_595_dynamic:seg_595_dynamic_instance|seg_dynamic:seg_dynamic_inst|bcd_8421:bcd_8421_inst|data_shift[27]~42 ; 1       ;
; seg_595_dynamic:seg_595_dynamic_instance|seg_dynamic:seg_dynamic_inst|bcd_8421:bcd_8421_inst|data_shift[27]~41 ; 1       ;
; seg_595_dynamic:seg_595_dynamic_instance|seg_dynamic:seg_dynamic_inst|bcd_8421:bcd_8421_inst|data_shift[26]~40 ; 1       ;
; seg_595_dynamic:seg_595_dynamic_instance|seg_dynamic:seg_dynamic_inst|bcd_8421:bcd_8421_inst|data_shift[26]~39 ; 1       ;
; seg_595_dynamic:seg_595_dynamic_instance|seg_dynamic:seg_dynamic_inst|bcd_8421:bcd_8421_inst|data_shift[27]~37 ; 1       ;
; seg_595_dynamic:seg_595_dynamic_instance|seg_dynamic:seg_dynamic_inst|bcd_8421:bcd_8421_inst|data_shift~36     ; 1       ;
; seg_595_dynamic:seg_595_dynamic_instance|seg_dynamic:seg_dynamic_inst|bcd_8421:bcd_8421_inst|data_shift~35     ; 1       ;
; seg_595_dynamic:seg_595_dynamic_instance|seg_dynamic:seg_dynamic_inst|bcd_8421:bcd_8421_inst|data_shift[31]~34 ; 1       ;
; seg_595_dynamic:seg_595_dynamic_instance|seg_dynamic:seg_dynamic_inst|bcd_8421:bcd_8421_inst|data_shift[31]~33 ; 1       ;
; seg_595_dynamic:seg_595_dynamic_instance|seg_dynamic:seg_dynamic_inst|bcd_8421:bcd_8421_inst|data_shift~32     ; 1       ;
; seg_595_dynamic:seg_595_dynamic_instance|seg_dynamic:seg_dynamic_inst|bcd_8421:bcd_8421_inst|data_shift[35]~31 ; 1       ;
; seg_595_dynamic:seg_595_dynamic_instance|seg_dynamic:seg_dynamic_inst|bcd_8421:bcd_8421_inst|data_shift[35]~30 ; 1       ;
; seg_595_dynamic:seg_595_dynamic_instance|seg_dynamic:seg_dynamic_inst|bcd_8421:bcd_8421_inst|data_shift~29     ; 1       ;
; seg_595_dynamic:seg_595_dynamic_instance|seg_dynamic:seg_dynamic_inst|bcd_8421:bcd_8421_inst|data_shift[30]~28 ; 1       ;
; seg_595_dynamic:seg_595_dynamic_instance|seg_dynamic:seg_dynamic_inst|bcd_8421:bcd_8421_inst|data_shift[30]~27 ; 1       ;
; seg_595_dynamic:seg_595_dynamic_instance|seg_dynamic:seg_dynamic_inst|bcd_8421:bcd_8421_inst|data_shift[34]~26 ; 1       ;
; seg_595_dynamic:seg_595_dynamic_instance|seg_dynamic:seg_dynamic_inst|bcd_8421:bcd_8421_inst|data_shift[34]~25 ; 1       ;
; seg_595_dynamic:seg_595_dynamic_instance|seg_dynamic:seg_dynamic_inst|bcd_8421:bcd_8421_inst|data_shift[32]~23 ; 1       ;
; seg_595_dynamic:seg_595_dynamic_instance|seg_dynamic:seg_dynamic_inst|bcd_8421:bcd_8421_inst|data_shift[39]~22 ; 1       ;
; seg_595_dynamic:seg_595_dynamic_instance|seg_dynamic:seg_dynamic_inst|bcd_8421:bcd_8421_inst|data_shift[39]~21 ; 1       ;
; seg_595_dynamic:seg_595_dynamic_instance|seg_dynamic:seg_dynamic_inst|bcd_8421:bcd_8421_inst|data_shift[42]~20 ; 1       ;
; seg_595_dynamic:seg_595_dynamic_instance|seg_dynamic:seg_dynamic_inst|bcd_8421:bcd_8421_inst|data_shift[42]~19 ; 1       ;
; seg_595_dynamic:seg_595_dynamic_instance|seg_dynamic:seg_dynamic_inst|bcd_8421:bcd_8421_inst|data_shift[43]~18 ; 1       ;
; seg_595_dynamic:seg_595_dynamic_instance|seg_dynamic:seg_dynamic_inst|bcd_8421:bcd_8421_inst|data_shift[43]~17 ; 1       ;
; seg_595_dynamic:seg_595_dynamic_instance|seg_dynamic:seg_dynamic_inst|bcd_8421:bcd_8421_inst|data_shift~16     ; 1       ;
; seg_595_dynamic:seg_595_dynamic_instance|seg_dynamic:seg_dynamic_inst|bcd_8421:bcd_8421_inst|data_shift[42]~14 ; 1       ;
; seg_595_dynamic:seg_595_dynamic_instance|seg_dynamic:seg_dynamic_inst|bcd_8421:bcd_8421_inst|data_shift~13     ; 1       ;
; seg_595_dynamic:seg_595_dynamic_instance|seg_dynamic:seg_dynamic_inst|bcd_8421:bcd_8421_inst|data_shift~12     ; 1       ;
; seg_595_dynamic:seg_595_dynamic_instance|seg_dynamic:seg_dynamic_inst|bcd_8421:bcd_8421_inst|data_shift~11     ; 1       ;
; seg_595_dynamic:seg_595_dynamic_instance|seg_dynamic:seg_dynamic_inst|bcd_8421:bcd_8421_inst|data_shift[38]~10 ; 1       ;
; seg_595_dynamic:seg_595_dynamic_instance|seg_dynamic:seg_dynamic_inst|bcd_8421:bcd_8421_inst|data_shift[38]~9  ; 1       ;
; seg_595_dynamic:seg_595_dynamic_instance|seg_dynamic:seg_dynamic_inst|bcd_8421:bcd_8421_inst|data_shift[39]~7  ; 1       ;
; seg_595_dynamic:seg_595_dynamic_instance|seg_dynamic:seg_dynamic_inst|bcd_8421:bcd_8421_inst|cnt_shift~2       ; 1       ;
; seg_595_dynamic:seg_595_dynamic_instance|seg_dynamic:seg_dynamic_inst|bcd_8421:bcd_8421_inst|cnt_shift~1       ; 1       ;
; seg_595_dynamic:seg_595_dynamic_instance|seg_dynamic:seg_dynamic_inst|bcd_8421:bcd_8421_inst|cnt_shift~0       ; 1       ;
; seg_595_dynamic:seg_595_dynamic_instance|seg_dynamic:seg_dynamic_inst|bcd_8421:bcd_8421_inst|data_shift[31]~5  ; 1       ;
; seg_595_dynamic:seg_595_dynamic_instance|seg_dynamic:seg_dynamic_inst|bcd_8421:bcd_8421_inst|data_shift[31]~3  ; 1       ;
; seg_595_dynamic:seg_595_dynamic_instance|seg_dynamic:seg_dynamic_inst|bcd_8421:bcd_8421_inst|data_shift~2      ; 1       ;
; seg_595_dynamic:seg_595_dynamic_instance|seg_dynamic:seg_dynamic_inst|cnt_1ms~5                                ; 1       ;
; seg_595_dynamic:seg_595_dynamic_instance|seg_dynamic:seg_dynamic_inst|cnt_1ms~4                                ; 1       ;
; seg_595_dynamic:seg_595_dynamic_instance|seg_dynamic:seg_dynamic_inst|cnt_1ms~3                                ; 1       ;
; seg_595_dynamic:seg_595_dynamic_instance|seg_dynamic:seg_dynamic_inst|cnt_1ms~2                                ; 1       ;
; seg_595_dynamic:seg_595_dynamic_instance|seg_dynamic:seg_dynamic_inst|cnt_1ms~1                                ; 1       ;
; seg_595_dynamic:seg_595_dynamic_instance|seg_dynamic:seg_dynamic_inst|cnt_1ms~0                                ; 1       ;
; seg_595_dynamic:seg_595_dynamic_instance|seg_dynamic:seg_dynamic_inst|data_reg~17                              ; 1       ;
; seg_595_dynamic:seg_595_dynamic_instance|seg_dynamic:seg_dynamic_inst|data_reg~16                              ; 1       ;
; seg_595_dynamic:seg_595_dynamic_instance|seg_dynamic:seg_dynamic_inst|data_reg~15                              ; 1       ;
; seg_595_dynamic:seg_595_dynamic_instance|seg_dynamic:seg_dynamic_inst|bcd_8421:bcd_8421_inst|unit[3]           ; 1       ;
; seg_595_dynamic:seg_595_dynamic_instance|seg_dynamic:seg_dynamic_inst|data_reg~14                              ; 1       ;
; seg_595_dynamic:seg_595_dynamic_instance|seg_dynamic:seg_dynamic_inst|data_reg~13                              ; 1       ;
; seg_595_dynamic:seg_595_dynamic_instance|seg_dynamic:seg_dynamic_inst|bcd_8421:bcd_8421_inst|unit[2]           ; 1       ;
; seg_595_dynamic:seg_595_dynamic_instance|seg_dynamic:seg_dynamic_inst|data_reg~12                              ; 1       ;
; seg_595_dynamic:seg_595_dynamic_instance|seg_dynamic:seg_dynamic_inst|data_reg~11                              ; 1       ;
; seg_595_dynamic:seg_595_dynamic_instance|seg_dynamic:seg_dynamic_inst|data_reg~10                              ; 1       ;
; seg_595_dynamic:seg_595_dynamic_instance|seg_dynamic:seg_dynamic_inst|bcd_8421:bcd_8421_inst|unit[1]           ; 1       ;
; seg_595_dynamic:seg_595_dynamic_instance|seg_dynamic:seg_dynamic_inst|data_reg~9                               ; 1       ;
; seg_595_dynamic:seg_595_dynamic_instance|seg_dynamic:seg_dynamic_inst|data_reg~8                               ; 1       ;
; seg_595_dynamic:seg_595_dynamic_instance|seg_dynamic:seg_dynamic_inst|data_reg~7                               ; 1       ;
; seg_595_dynamic:seg_595_dynamic_instance|seg_dynamic:seg_dynamic_inst|data_reg~5                               ; 1       ;
; seg_595_dynamic:seg_595_dynamic_instance|seg_dynamic:seg_dynamic_inst|data_reg~4                               ; 1       ;
; seg_595_dynamic:seg_595_dynamic_instance|seg_dynamic:seg_dynamic_inst|bcd_8421:bcd_8421_inst|unit[0]           ; 1       ;
; seg_595_dynamic:seg_595_dynamic_instance|seg_dynamic:seg_dynamic_inst|data_reg~3                               ; 1       ;
; seg_595_dynamic:seg_595_dynamic_instance|seg_dynamic:seg_dynamic_inst|WideOr3~2                                ; 1       ;
; seg_595_dynamic:seg_595_dynamic_instance|seg_dynamic:seg_dynamic_inst|data_reg~2                               ; 1       ;
; seg_595_dynamic:seg_595_dynamic_instance|seg_dynamic:seg_dynamic_inst|WideOr3~0                                ; 1       ;
; seg_595_dynamic:seg_595_dynamic_instance|seg_dynamic:seg_dynamic_inst|cnt_sel~1                                ; 1       ;
; seg_595_dynamic:seg_595_dynamic_instance|seg_dynamic:seg_dynamic_inst|cnt_sel~0                                ; 1       ;
; seg_595_dynamic:seg_595_dynamic_instance|seg_dynamic:seg_dynamic_inst|Equal1~0                                 ; 1       ;
; seg_595_dynamic:seg_595_dynamic_instance|seg_dynamic:seg_dynamic_inst|Equal0~3                                 ; 1       ;
; seg_595_dynamic:seg_595_dynamic_instance|seg_dynamic:seg_dynamic_inst|Equal0~2                                 ; 1       ;
; seg_595_dynamic:seg_595_dynamic_instance|seg_dynamic:seg_dynamic_inst|Equal0~1                                 ; 1       ;
; seg_595_dynamic:seg_595_dynamic_instance|seg_dynamic:seg_dynamic_inst|Equal0~0                                 ; 1       ;
; seg_595_dynamic:seg_595_dynamic_instance|seg_dynamic:seg_dynamic_inst|sel_reg~5                                ; 1       ;
; seg_595_dynamic:seg_595_dynamic_instance|seg_dynamic:seg_dynamic_inst|sel_reg~4                                ; 1       ;
; seg_595_dynamic:seg_595_dynamic_instance|seg_dynamic:seg_dynamic_inst|sel_reg~3                                ; 1       ;
; seg_595_dynamic:seg_595_dynamic_instance|seg_dynamic:seg_dynamic_inst|sel_reg~2                                ; 1       ;
; seg_595_dynamic:seg_595_dynamic_instance|seg_dynamic:seg_dynamic_inst|sel_reg~1                                ; 1       ;
; seg_595_dynamic:seg_595_dynamic_instance|seg_dynamic:seg_dynamic_inst|Mux0~3                                   ; 1       ;
; seg_595_dynamic:seg_595_dynamic_instance|seg_dynamic:seg_dynamic_inst|Mux0~2                                   ; 1       ;
; seg_595_dynamic:seg_595_dynamic_instance|seg_dynamic:seg_dynamic_inst|data_reg[19]                             ; 1       ;
; seg_595_dynamic:seg_595_dynamic_instance|seg_dynamic:seg_dynamic_inst|data_reg[23]                             ; 1       ;
; seg_595_dynamic:seg_595_dynamic_instance|seg_dynamic:seg_dynamic_inst|Mux0~1                                   ; 1       ;
; seg_595_dynamic:seg_595_dynamic_instance|seg_dynamic:seg_dynamic_inst|data_reg[15]                             ; 1       ;
; seg_595_dynamic:seg_595_dynamic_instance|seg_dynamic:seg_dynamic_inst|Mux0~0                                   ; 1       ;
; seg_595_dynamic:seg_595_dynamic_instance|seg_dynamic:seg_dynamic_inst|data_reg[3]                              ; 1       ;
; seg_595_dynamic:seg_595_dynamic_instance|seg_dynamic:seg_dynamic_inst|data_reg[7]                              ; 1       ;
; seg_595_dynamic:seg_595_dynamic_instance|seg_dynamic:seg_dynamic_inst|data_reg[11]                             ; 1       ;
; seg_595_dynamic:seg_595_dynamic_instance|seg_dynamic:seg_dynamic_inst|Mux1~3                                   ; 1       ;
; seg_595_dynamic:seg_595_dynamic_instance|seg_dynamic:seg_dynamic_inst|Mux1~2                                   ; 1       ;
; seg_595_dynamic:seg_595_dynamic_instance|seg_dynamic:seg_dynamic_inst|data_reg[18]                             ; 1       ;
; seg_595_dynamic:seg_595_dynamic_instance|seg_dynamic:seg_dynamic_inst|data_reg[22]                             ; 1       ;
; seg_595_dynamic:seg_595_dynamic_instance|seg_dynamic:seg_dynamic_inst|Mux1~1                                   ; 1       ;
; seg_595_dynamic:seg_595_dynamic_instance|seg_dynamic:seg_dynamic_inst|data_reg[14]                             ; 1       ;
; seg_595_dynamic:seg_595_dynamic_instance|seg_dynamic:seg_dynamic_inst|Mux1~0                                   ; 1       ;
; seg_595_dynamic:seg_595_dynamic_instance|seg_dynamic:seg_dynamic_inst|data_reg[2]                              ; 1       ;
; seg_595_dynamic:seg_595_dynamic_instance|seg_dynamic:seg_dynamic_inst|data_reg[6]                              ; 1       ;
; seg_595_dynamic:seg_595_dynamic_instance|seg_dynamic:seg_dynamic_inst|data_reg[10]                             ; 1       ;
; seg_595_dynamic:seg_595_dynamic_instance|seg_dynamic:seg_dynamic_inst|Mux2~3                                   ; 1       ;
; seg_595_dynamic:seg_595_dynamic_instance|seg_dynamic:seg_dynamic_inst|Mux2~2                                   ; 1       ;
; seg_595_dynamic:seg_595_dynamic_instance|seg_dynamic:seg_dynamic_inst|data_reg[17]                             ; 1       ;
; seg_595_dynamic:seg_595_dynamic_instance|seg_dynamic:seg_dynamic_inst|data_reg[21]                             ; 1       ;
; seg_595_dynamic:seg_595_dynamic_instance|seg_dynamic:seg_dynamic_inst|Mux2~1                                   ; 1       ;
; seg_595_dynamic:seg_595_dynamic_instance|seg_dynamic:seg_dynamic_inst|data_reg[13]                             ; 1       ;
; seg_595_dynamic:seg_595_dynamic_instance|seg_dynamic:seg_dynamic_inst|Mux2~0                                   ; 1       ;
; seg_595_dynamic:seg_595_dynamic_instance|seg_dynamic:seg_dynamic_inst|data_reg[1]                              ; 1       ;
; seg_595_dynamic:seg_595_dynamic_instance|seg_dynamic:seg_dynamic_inst|data_reg[5]                              ; 1       ;
; seg_595_dynamic:seg_595_dynamic_instance|seg_dynamic:seg_dynamic_inst|data_reg[9]                              ; 1       ;
; seg_595_dynamic:seg_595_dynamic_instance|seg_dynamic:seg_dynamic_inst|Mux3~3                                   ; 1       ;
; seg_595_dynamic:seg_595_dynamic_instance|seg_dynamic:seg_dynamic_inst|Mux3~2                                   ; 1       ;
; seg_595_dynamic:seg_595_dynamic_instance|seg_dynamic:seg_dynamic_inst|data_reg[16]                             ; 1       ;
; seg_595_dynamic:seg_595_dynamic_instance|seg_dynamic:seg_dynamic_inst|data_reg[20]                             ; 1       ;
; seg_595_dynamic:seg_595_dynamic_instance|seg_dynamic:seg_dynamic_inst|Mux3~1                                   ; 1       ;
; seg_595_dynamic:seg_595_dynamic_instance|seg_dynamic:seg_dynamic_inst|data_reg[12]                             ; 1       ;
; seg_595_dynamic:seg_595_dynamic_instance|seg_dynamic:seg_dynamic_inst|Mux3~0                                   ; 1       ;
; seg_595_dynamic:seg_595_dynamic_instance|seg_dynamic:seg_dynamic_inst|data_reg[0]                              ; 1       ;
; seg_595_dynamic:seg_595_dynamic_instance|seg_dynamic:seg_dynamic_inst|data_reg[4]                              ; 1       ;
; seg_595_dynamic:seg_595_dynamic_instance|seg_dynamic:seg_dynamic_inst|data_reg[8]                              ; 1       ;
; seg_595_dynamic:seg_595_dynamic_instance|seg_dynamic:seg_dynamic_inst|sel_reg~0                                ; 1       ;
; seg_595_dynamic:seg_595_dynamic_instance|seg_dynamic:seg_dynamic_inst|WideOr7~0                                ; 1       ;
; seg_595_dynamic:seg_595_dynamic_instance|seg_dynamic:seg_dynamic_inst|WideOr9~0                                ; 1       ;
; seg_595_dynamic:seg_595_dynamic_instance|seg_dynamic:seg_dynamic_inst|WideOr8~0                                ; 1       ;
; seg_595_dynamic:seg_595_dynamic_instance|hc595_ctrl:hc595_ctrl|cnt_bit[1]~4                                    ; 1       ;
; seg_595_dynamic:seg_595_dynamic_instance|seg_dynamic:seg_dynamic_inst|WideOr11~0                               ; 1       ;
; seg_595_dynamic:seg_595_dynamic_instance|seg_dynamic:seg_dynamic_inst|WideOr10~0                               ; 1       ;
; seg_595_dynamic:seg_595_dynamic_instance|hc595_ctrl:hc595_ctrl|cnt_bit[2]~3                                    ; 1       ;
; seg_595_dynamic:seg_595_dynamic_instance|hc595_ctrl:hc595_ctrl|Add1~1                                          ; 1       ;
; seg_595_dynamic:seg_595_dynamic_instance|seg_dynamic:seg_dynamic_inst|WideOr13~0                               ; 1       ;
; seg_595_dynamic:seg_595_dynamic_instance|hc595_ctrl:hc595_ctrl|cnt_bit[3]~2                                    ; 1       ;
; seg_595_dynamic:seg_595_dynamic_instance|hc595_ctrl:hc595_ctrl|Add1~0                                          ; 1       ;
; seg_595_dynamic:seg_595_dynamic_instance|seg_dynamic:seg_dynamic_inst|WideOr12~0                               ; 1       ;
; seg_595_dynamic:seg_595_dynamic_instance|seg_dynamic:seg_dynamic_inst|sel_reg[5]                               ; 1       ;
; seg_595_dynamic:seg_595_dynamic_instance|hc595_ctrl:hc595_ctrl|stcp~0                                          ; 1       ;
; seg_595_dynamic:seg_595_dynamic_instance|hc595_ctrl:hc595_ctrl|always4~0                                       ; 1       ;
; seg_595_dynamic:seg_595_dynamic_instance|hc595_ctrl:hc595_ctrl|shcp~0                                          ; 1       ;
; seg_595_dynamic:seg_595_dynamic_instance|hc595_ctrl:hc595_ctrl|ds~0                                            ; 1       ;
; seg_595_dynamic:seg_595_dynamic_instance|hc595_ctrl:hc595_ctrl|Mux0~8                                          ; 1       ;
; seg_595_dynamic:seg_595_dynamic_instance|hc595_ctrl:hc595_ctrl|Mux0~7                                          ; 1       ;
; seg_595_dynamic:seg_595_dynamic_instance|seg_dynamic:seg_dynamic_inst|seg[6]                                   ; 1       ;
; seg_595_dynamic:seg_595_dynamic_instance|hc595_ctrl:hc595_ctrl|Mux0~6                                          ; 1       ;
; seg_595_dynamic:seg_595_dynamic_instance|hc595_ctrl:hc595_ctrl|Mux0~5                                          ; 1       ;
; seg_595_dynamic:seg_595_dynamic_instance|seg_dynamic:seg_dynamic_inst|seg[4]                                   ; 1       ;
; seg_595_dynamic:seg_595_dynamic_instance|hc595_ctrl:hc595_ctrl|Mux0~4                                          ; 1       ;
; seg_595_dynamic:seg_595_dynamic_instance|seg_dynamic:seg_dynamic_inst|sel[0]                                   ; 1       ;
; seg_595_dynamic:seg_595_dynamic_instance|seg_dynamic:seg_dynamic_inst|sel[1]                                   ; 1       ;
; seg_595_dynamic:seg_595_dynamic_instance|seg_dynamic:seg_dynamic_inst|seg[5]                                   ; 1       ;
; seg_595_dynamic:seg_595_dynamic_instance|hc595_ctrl:hc595_ctrl|Mux0~3                                          ; 1       ;
; seg_595_dynamic:seg_595_dynamic_instance|seg_dynamic:seg_dynamic_inst|seg[2]                                   ; 1       ;
; seg_595_dynamic:seg_595_dynamic_instance|hc595_ctrl:hc595_ctrl|Mux0~2                                          ; 1       ;
; seg_595_dynamic:seg_595_dynamic_instance|seg_dynamic:seg_dynamic_inst|sel[2]                                   ; 1       ;
; seg_595_dynamic:seg_595_dynamic_instance|seg_dynamic:seg_dynamic_inst|sel[3]                                   ; 1       ;
; seg_595_dynamic:seg_595_dynamic_instance|seg_dynamic:seg_dynamic_inst|seg[3]                                   ; 1       ;
; seg_595_dynamic:seg_595_dynamic_instance|hc595_ctrl:hc595_ctrl|Mux0~1                                          ; 1       ;
; seg_595_dynamic:seg_595_dynamic_instance|seg_dynamic:seg_dynamic_inst|seg[0]                                   ; 1       ;
; seg_595_dynamic:seg_595_dynamic_instance|hc595_ctrl:hc595_ctrl|Mux0~0                                          ; 1       ;
; seg_595_dynamic:seg_595_dynamic_instance|seg_dynamic:seg_dynamic_inst|sel[4]                                   ; 1       ;
; seg_595_dynamic:seg_595_dynamic_instance|seg_dynamic:seg_dynamic_inst|seg[1]                                   ; 1       ;
; seg_595_dynamic:seg_595_dynamic_instance|seg_dynamic:seg_dynamic_inst|sel[5]                                   ; 1       ;
; ram_8x256_single:ram_8x256_single_inst|altsyncram:altsyncram_component|altsyncram_kmg1:auto_generated|q_a[1]   ; 1       ;
; ram_8x256_single:ram_8x256_single_inst|altsyncram:altsyncram_component|altsyncram_kmg1:auto_generated|q_a[2]   ; 1       ;
; ram_8x256_single:ram_8x256_single_inst|altsyncram:altsyncram_component|altsyncram_kmg1:auto_generated|q_a[3]   ; 1       ;
; ram_8x256_single:ram_8x256_single_inst|altsyncram:altsyncram_component|altsyncram_kmg1:auto_generated|q_a[4]   ; 1       ;
; ram_8x256_single:ram_8x256_single_inst|altsyncram:altsyncram_component|altsyncram_kmg1:auto_generated|q_a[5]   ; 1       ;
; ram_8x256_single:ram_8x256_single_inst|altsyncram:altsyncram_component|altsyncram_kmg1:auto_generated|q_a[6]   ; 1       ;
; ram_8x256_single:ram_8x256_single_inst|altsyncram:altsyncram_component|altsyncram_kmg1:auto_generated|q_a[7]   ; 1       ;
; ram_8x256_single:ram_8x256_single_inst|altsyncram:altsyncram_component|altsyncram_kmg1:auto_generated|q_a[0]   ; 1       ;
; Button_Debounce:Button_Debounce_Instance_Read|count_20ms[19]~59                                                ; 1       ;
; Button_Debounce:Button_Debounce_Instance_Read|count_20ms[18]~58                                                ; 1       ;
; Button_Debounce:Button_Debounce_Instance_Read|count_20ms[18]~57                                                ; 1       ;
; Button_Debounce:Button_Debounce_Instance_Read|count_20ms[17]~55                                                ; 1       ;
; Button_Debounce:Button_Debounce_Instance_Read|count_20ms[17]~54                                                ; 1       ;
; Button_Debounce:Button_Debounce_Instance_Read|count_20ms[16]~53                                                ; 1       ;
; Button_Debounce:Button_Debounce_Instance_Read|count_20ms[16]~52                                                ; 1       ;
; Button_Debounce:Button_Debounce_Instance_Read|count_20ms[15]~51                                                ; 1       ;
; Button_Debounce:Button_Debounce_Instance_Read|count_20ms[15]~50                                                ; 1       ;
; Button_Debounce:Button_Debounce_Instance_Read|count_20ms[14]~49                                                ; 1       ;
; Button_Debounce:Button_Debounce_Instance_Read|count_20ms[14]~48                                                ; 1       ;
; Button_Debounce:Button_Debounce_Instance_Read|count_20ms[13]~47                                                ; 1       ;
; Button_Debounce:Button_Debounce_Instance_Read|count_20ms[13]~46                                                ; 1       ;
; Button_Debounce:Button_Debounce_Instance_Read|count_20ms[12]~45                                                ; 1       ;
; Button_Debounce:Button_Debounce_Instance_Read|count_20ms[12]~44                                                ; 1       ;
; Button_Debounce:Button_Debounce_Instance_Read|count_20ms[11]~43                                                ; 1       ;
; Button_Debounce:Button_Debounce_Instance_Read|count_20ms[11]~42                                                ; 1       ;
; Button_Debounce:Button_Debounce_Instance_Read|count_20ms[10]~41                                                ; 1       ;
; Button_Debounce:Button_Debounce_Instance_Read|count_20ms[10]~40                                                ; 1       ;
; Button_Debounce:Button_Debounce_Instance_Read|count_20ms[9]~39                                                 ; 1       ;
; Button_Debounce:Button_Debounce_Instance_Read|count_20ms[9]~38                                                 ; 1       ;
; Button_Debounce:Button_Debounce_Instance_Read|count_20ms[8]~37                                                 ; 1       ;
; Button_Debounce:Button_Debounce_Instance_Read|count_20ms[8]~36                                                 ; 1       ;
; Button_Debounce:Button_Debounce_Instance_Read|count_20ms[7]~35                                                 ; 1       ;
; Button_Debounce:Button_Debounce_Instance_Read|count_20ms[7]~34                                                 ; 1       ;
; Button_Debounce:Button_Debounce_Instance_Read|count_20ms[6]~33                                                 ; 1       ;
; Button_Debounce:Button_Debounce_Instance_Read|count_20ms[6]~32                                                 ; 1       ;
; Button_Debounce:Button_Debounce_Instance_Read|count_20ms[5]~31                                                 ; 1       ;
; Button_Debounce:Button_Debounce_Instance_Read|count_20ms[5]~30                                                 ; 1       ;
; Button_Debounce:Button_Debounce_Instance_Read|count_20ms[4]~29                                                 ; 1       ;
; Button_Debounce:Button_Debounce_Instance_Read|count_20ms[4]~28                                                 ; 1       ;
; Button_Debounce:Button_Debounce_Instance_Read|count_20ms[3]~27                                                 ; 1       ;
; Button_Debounce:Button_Debounce_Instance_Read|count_20ms[3]~26                                                 ; 1       ;
; Button_Debounce:Button_Debounce_Instance_Read|count_20ms[2]~25                                                 ; 1       ;
; Button_Debounce:Button_Debounce_Instance_Read|count_20ms[2]~24                                                 ; 1       ;
; Button_Debounce:Button_Debounce_Instance_Read|count_20ms[1]~23                                                 ; 1       ;
; Button_Debounce:Button_Debounce_Instance_Read|count_20ms[1]~22                                                 ; 1       ;
; Button_Debounce:Button_Debounce_Instance_Read|count_20ms[0]~21                                                 ; 1       ;
; Button_Debounce:Button_Debounce_Instance_Read|count_20ms[0]~20                                                 ; 1       ;
; Button_Debounce:Button_Debounce_Instance_Write|count_20ms[19]~59                                               ; 1       ;
; Button_Debounce:Button_Debounce_Instance_Write|count_20ms[18]~58                                               ; 1       ;
; Button_Debounce:Button_Debounce_Instance_Write|count_20ms[18]~57                                               ; 1       ;
; Button_Debounce:Button_Debounce_Instance_Write|count_20ms[17]~55                                               ; 1       ;
; Button_Debounce:Button_Debounce_Instance_Write|count_20ms[17]~54                                               ; 1       ;
; Button_Debounce:Button_Debounce_Instance_Write|count_20ms[16]~53                                               ; 1       ;
; Button_Debounce:Button_Debounce_Instance_Write|count_20ms[16]~52                                               ; 1       ;
; Button_Debounce:Button_Debounce_Instance_Write|count_20ms[15]~51                                               ; 1       ;
; Button_Debounce:Button_Debounce_Instance_Write|count_20ms[15]~50                                               ; 1       ;
; Button_Debounce:Button_Debounce_Instance_Write|count_20ms[14]~49                                               ; 1       ;
; Button_Debounce:Button_Debounce_Instance_Write|count_20ms[14]~48                                               ; 1       ;
; Button_Debounce:Button_Debounce_Instance_Write|count_20ms[13]~47                                               ; 1       ;
; Button_Debounce:Button_Debounce_Instance_Write|count_20ms[13]~46                                               ; 1       ;
; Button_Debounce:Button_Debounce_Instance_Write|count_20ms[12]~45                                               ; 1       ;
; Button_Debounce:Button_Debounce_Instance_Write|count_20ms[12]~44                                               ; 1       ;
; Button_Debounce:Button_Debounce_Instance_Write|count_20ms[11]~43                                               ; 1       ;
; Button_Debounce:Button_Debounce_Instance_Write|count_20ms[11]~42                                               ; 1       ;
; Button_Debounce:Button_Debounce_Instance_Write|count_20ms[10]~41                                               ; 1       ;
; Button_Debounce:Button_Debounce_Instance_Write|count_20ms[10]~40                                               ; 1       ;
; Button_Debounce:Button_Debounce_Instance_Write|count_20ms[9]~39                                                ; 1       ;
; Button_Debounce:Button_Debounce_Instance_Write|count_20ms[9]~38                                                ; 1       ;
; Button_Debounce:Button_Debounce_Instance_Write|count_20ms[8]~37                                                ; 1       ;
; Button_Debounce:Button_Debounce_Instance_Write|count_20ms[8]~36                                                ; 1       ;
; Button_Debounce:Button_Debounce_Instance_Write|count_20ms[7]~35                                                ; 1       ;
; Button_Debounce:Button_Debounce_Instance_Write|count_20ms[7]~34                                                ; 1       ;
; Button_Debounce:Button_Debounce_Instance_Write|count_20ms[6]~33                                                ; 1       ;
; Button_Debounce:Button_Debounce_Instance_Write|count_20ms[6]~32                                                ; 1       ;
; Button_Debounce:Button_Debounce_Instance_Write|count_20ms[5]~31                                                ; 1       ;
; Button_Debounce:Button_Debounce_Instance_Write|count_20ms[5]~30                                                ; 1       ;
; Button_Debounce:Button_Debounce_Instance_Write|count_20ms[4]~29                                                ; 1       ;
; Button_Debounce:Button_Debounce_Instance_Write|count_20ms[4]~28                                                ; 1       ;
; Button_Debounce:Button_Debounce_Instance_Write|count_20ms[3]~27                                                ; 1       ;
; Button_Debounce:Button_Debounce_Instance_Write|count_20ms[3]~26                                                ; 1       ;
; Button_Debounce:Button_Debounce_Instance_Write|count_20ms[2]~25                                                ; 1       ;
; Button_Debounce:Button_Debounce_Instance_Write|count_20ms[2]~24                                                ; 1       ;
; Button_Debounce:Button_Debounce_Instance_Write|count_20ms[1]~23                                                ; 1       ;
; Button_Debounce:Button_Debounce_Instance_Write|count_20ms[1]~22                                                ; 1       ;
; Button_Debounce:Button_Debounce_Instance_Write|count_20ms[0]~21                                                ; 1       ;
; Button_Debounce:Button_Debounce_Instance_Write|count_20ms[0]~20                                                ; 1       ;
; RAM_Control:RAM_Control_Instance|count_200ms[23]~70                                                            ; 1       ;
; RAM_Control:RAM_Control_Instance|count_200ms[22]~69                                                            ; 1       ;
; RAM_Control:RAM_Control_Instance|count_200ms[22]~68                                                            ; 1       ;
; RAM_Control:RAM_Control_Instance|count_200ms[21]~67                                                            ; 1       ;
; RAM_Control:RAM_Control_Instance|count_200ms[21]~66                                                            ; 1       ;
; RAM_Control:RAM_Control_Instance|count_200ms[20]~65                                                            ; 1       ;
; RAM_Control:RAM_Control_Instance|count_200ms[20]~64                                                            ; 1       ;
; RAM_Control:RAM_Control_Instance|count_200ms[19]~63                                                            ; 1       ;
; RAM_Control:RAM_Control_Instance|count_200ms[19]~62                                                            ; 1       ;
; RAM_Control:RAM_Control_Instance|count_200ms[18]~61                                                            ; 1       ;
; RAM_Control:RAM_Control_Instance|count_200ms[18]~60                                                            ; 1       ;
; RAM_Control:RAM_Control_Instance|count_200ms[17]~59                                                            ; 1       ;
; RAM_Control:RAM_Control_Instance|count_200ms[17]~58                                                            ; 1       ;
; RAM_Control:RAM_Control_Instance|count_200ms[16]~57                                                            ; 1       ;
; RAM_Control:RAM_Control_Instance|count_200ms[16]~56                                                            ; 1       ;
; RAM_Control:RAM_Control_Instance|count_200ms[15]~55                                                            ; 1       ;
; RAM_Control:RAM_Control_Instance|count_200ms[15]~54                                                            ; 1       ;
; RAM_Control:RAM_Control_Instance|count_200ms[14]~53                                                            ; 1       ;
; RAM_Control:RAM_Control_Instance|count_200ms[14]~52                                                            ; 1       ;
; RAM_Control:RAM_Control_Instance|count_200ms[13]~51                                                            ; 1       ;
; RAM_Control:RAM_Control_Instance|count_200ms[13]~50                                                            ; 1       ;
; RAM_Control:RAM_Control_Instance|count_200ms[12]~49                                                            ; 1       ;
; RAM_Control:RAM_Control_Instance|count_200ms[12]~48                                                            ; 1       ;
; RAM_Control:RAM_Control_Instance|count_200ms[11]~47                                                            ; 1       ;
; RAM_Control:RAM_Control_Instance|count_200ms[11]~46                                                            ; 1       ;
; RAM_Control:RAM_Control_Instance|count_200ms[10]~45                                                            ; 1       ;
; RAM_Control:RAM_Control_Instance|count_200ms[10]~44                                                            ; 1       ;
; RAM_Control:RAM_Control_Instance|count_200ms[9]~43                                                             ; 1       ;
; RAM_Control:RAM_Control_Instance|count_200ms[9]~42                                                             ; 1       ;
; RAM_Control:RAM_Control_Instance|count_200ms[8]~41                                                             ; 1       ;
; RAM_Control:RAM_Control_Instance|count_200ms[8]~40                                                             ; 1       ;
; RAM_Control:RAM_Control_Instance|count_200ms[7]~39                                                             ; 1       ;
; RAM_Control:RAM_Control_Instance|count_200ms[7]~38                                                             ; 1       ;
; RAM_Control:RAM_Control_Instance|count_200ms[6]~37                                                             ; 1       ;
; RAM_Control:RAM_Control_Instance|count_200ms[6]~36                                                             ; 1       ;
; RAM_Control:RAM_Control_Instance|count_200ms[5]~35                                                             ; 1       ;
; RAM_Control:RAM_Control_Instance|count_200ms[5]~34                                                             ; 1       ;
; RAM_Control:RAM_Control_Instance|count_200ms[4]~33                                                             ; 1       ;
; RAM_Control:RAM_Control_Instance|count_200ms[4]~32                                                             ; 1       ;
; RAM_Control:RAM_Control_Instance|count_200ms[3]~31                                                             ; 1       ;
; RAM_Control:RAM_Control_Instance|count_200ms[3]~30                                                             ; 1       ;
; RAM_Control:RAM_Control_Instance|count_200ms[2]~29                                                             ; 1       ;
; RAM_Control:RAM_Control_Instance|count_200ms[2]~28                                                             ; 1       ;
; RAM_Control:RAM_Control_Instance|count_200ms[1]~27                                                             ; 1       ;
; RAM_Control:RAM_Control_Instance|count_200ms[1]~26                                                             ; 1       ;
; RAM_Control:RAM_Control_Instance|count_200ms[0]~25                                                             ; 1       ;
; RAM_Control:RAM_Control_Instance|count_200ms[0]~24                                                             ; 1       ;
; RAM_Control:RAM_Control_Instance|Add1~14                                                                       ; 1       ;
; RAM_Control:RAM_Control_Instance|Add1~13                                                                       ; 1       ;
; RAM_Control:RAM_Control_Instance|Add1~12                                                                       ; 1       ;
; RAM_Control:RAM_Control_Instance|Add1~11                                                                       ; 1       ;
; RAM_Control:RAM_Control_Instance|Add1~10                                                                       ; 1       ;
; RAM_Control:RAM_Control_Instance|Add1~9                                                                        ; 1       ;
; RAM_Control:RAM_Control_Instance|Add1~8                                                                        ; 1       ;
; RAM_Control:RAM_Control_Instance|Add1~7                                                                        ; 1       ;
; RAM_Control:RAM_Control_Instance|Add1~6                                                                        ; 1       ;
; RAM_Control:RAM_Control_Instance|Add1~5                                                                        ; 1       ;
; RAM_Control:RAM_Control_Instance|Add1~4                                                                        ; 1       ;
; RAM_Control:RAM_Control_Instance|Add1~3                                                                        ; 1       ;
; RAM_Control:RAM_Control_Instance|Add1~2                                                                        ; 1       ;
; RAM_Control:RAM_Control_Instance|Add1~1                                                                        ; 1       ;
; RAM_Control:RAM_Control_Instance|Add1~0                                                                        ; 1       ;
; seg_595_dynamic:seg_595_dynamic_instance|seg_dynamic:seg_dynamic_inst|bcd_8421:bcd_8421_inst|Add0~8            ; 1       ;
; seg_595_dynamic:seg_595_dynamic_instance|seg_dynamic:seg_dynamic_inst|bcd_8421:bcd_8421_inst|Add0~7            ; 1       ;
; seg_595_dynamic:seg_595_dynamic_instance|seg_dynamic:seg_dynamic_inst|bcd_8421:bcd_8421_inst|Add0~6            ; 1       ;
; seg_595_dynamic:seg_595_dynamic_instance|seg_dynamic:seg_dynamic_inst|bcd_8421:bcd_8421_inst|Add0~5            ; 1       ;
; seg_595_dynamic:seg_595_dynamic_instance|seg_dynamic:seg_dynamic_inst|bcd_8421:bcd_8421_inst|Add0~4            ; 1       ;
; seg_595_dynamic:seg_595_dynamic_instance|seg_dynamic:seg_dynamic_inst|bcd_8421:bcd_8421_inst|Add0~3            ; 1       ;
; seg_595_dynamic:seg_595_dynamic_instance|seg_dynamic:seg_dynamic_inst|bcd_8421:bcd_8421_inst|Add0~2            ; 1       ;
; seg_595_dynamic:seg_595_dynamic_instance|seg_dynamic:seg_dynamic_inst|Add0~28                                  ; 1       ;
; seg_595_dynamic:seg_595_dynamic_instance|seg_dynamic:seg_dynamic_inst|Add0~27                                  ; 1       ;
; seg_595_dynamic:seg_595_dynamic_instance|seg_dynamic:seg_dynamic_inst|Add0~26                                  ; 1       ;
; seg_595_dynamic:seg_595_dynamic_instance|seg_dynamic:seg_dynamic_inst|Add0~25                                  ; 1       ;
; seg_595_dynamic:seg_595_dynamic_instance|seg_dynamic:seg_dynamic_inst|Add0~24                                  ; 1       ;
; seg_595_dynamic:seg_595_dynamic_instance|seg_dynamic:seg_dynamic_inst|Add0~23                                  ; 1       ;
; seg_595_dynamic:seg_595_dynamic_instance|seg_dynamic:seg_dynamic_inst|Add0~22                                  ; 1       ;
; seg_595_dynamic:seg_595_dynamic_instance|seg_dynamic:seg_dynamic_inst|Add0~21                                  ; 1       ;
; seg_595_dynamic:seg_595_dynamic_instance|seg_dynamic:seg_dynamic_inst|Add0~20                                  ; 1       ;
; seg_595_dynamic:seg_595_dynamic_instance|seg_dynamic:seg_dynamic_inst|Add0~19                                  ; 1       ;
; seg_595_dynamic:seg_595_dynamic_instance|seg_dynamic:seg_dynamic_inst|Add0~18                                  ; 1       ;
; seg_595_dynamic:seg_595_dynamic_instance|seg_dynamic:seg_dynamic_inst|Add0~17                                  ; 1       ;
; seg_595_dynamic:seg_595_dynamic_instance|seg_dynamic:seg_dynamic_inst|Add0~16                                  ; 1       ;
; seg_595_dynamic:seg_595_dynamic_instance|seg_dynamic:seg_dynamic_inst|Add0~15                                  ; 1       ;
; seg_595_dynamic:seg_595_dynamic_instance|seg_dynamic:seg_dynamic_inst|Add0~14                                  ; 1       ;
; seg_595_dynamic:seg_595_dynamic_instance|seg_dynamic:seg_dynamic_inst|Add0~13                                  ; 1       ;
; seg_595_dynamic:seg_595_dynamic_instance|seg_dynamic:seg_dynamic_inst|Add0~12                                  ; 1       ;
; seg_595_dynamic:seg_595_dynamic_instance|seg_dynamic:seg_dynamic_inst|Add0~11                                  ; 1       ;
; seg_595_dynamic:seg_595_dynamic_instance|seg_dynamic:seg_dynamic_inst|Add0~10                                  ; 1       ;
; seg_595_dynamic:seg_595_dynamic_instance|seg_dynamic:seg_dynamic_inst|Add0~9                                   ; 1       ;
; seg_595_dynamic:seg_595_dynamic_instance|seg_dynamic:seg_dynamic_inst|Add0~8                                   ; 1       ;
; seg_595_dynamic:seg_595_dynamic_instance|seg_dynamic:seg_dynamic_inst|Add0~7                                   ; 1       ;
; seg_595_dynamic:seg_595_dynamic_instance|seg_dynamic:seg_dynamic_inst|Add0~6                                   ; 1       ;
; seg_595_dynamic:seg_595_dynamic_instance|seg_dynamic:seg_dynamic_inst|Add0~5                                   ; 1       ;
; seg_595_dynamic:seg_595_dynamic_instance|seg_dynamic:seg_dynamic_inst|Add0~4                                   ; 1       ;
; seg_595_dynamic:seg_595_dynamic_instance|seg_dynamic:seg_dynamic_inst|Add0~3                                   ; 1       ;
; seg_595_dynamic:seg_595_dynamic_instance|seg_dynamic:seg_dynamic_inst|Add0~2                                   ; 1       ;
; seg_595_dynamic:seg_595_dynamic_instance|seg_dynamic:seg_dynamic_inst|Add0~1                                   ; 1       ;
; seg_595_dynamic:seg_595_dynamic_instance|seg_dynamic:seg_dynamic_inst|bcd_8421:bcd_8421_inst|Add0~1            ; 1       ;
; seg_595_dynamic:seg_595_dynamic_instance|seg_dynamic:seg_dynamic_inst|bcd_8421:bcd_8421_inst|Add0~0            ; 1       ;
+----------------------------------------------------------------------------------------------------------------+---------+


+-----------------------------------------------------------------------------------------------------------------------------------------------------------------------------------------------------------------------------------------------------------------------------------------------------------------------------------------------------------------------------------------------------------------------------------------------------------------------------------------------------------------------------------------------------------------------+
; Fitter RAM Summary                                                                                                                                                                                                                                                                                                                                                                                                                                                                                                                                                    ;
+------------------------------------------------------------------------------------------------------------------+------+-------------+--------------+--------------+--------------+--------------+--------------+------------------------+-------------------------+------------------------+-------------------------+------+-----------------------------+-----------------------------+-----------------------------+-----------------------------+---------------------+------+------+----------------+----------------------+-----------------+-----------------+
; Name                                                                                                             ; Type ; Mode        ; Clock Mode   ; Port A Depth ; Port A Width ; Port B Depth ; Port B Width ; Port A Input Registers ; Port A Output Registers ; Port B Input Registers ; Port B Output Registers ; Size ; Implementation Port A Depth ; Implementation Port A Width ; Implementation Port B Depth ; Implementation Port B Width ; Implementation Bits ; M9Ks ; MIF  ; Location       ; Mixed Width RDW Mode ; Port A RDW Mode ; Port B RDW Mode ;
+------------------------------------------------------------------------------------------------------------------+------+-------------+--------------+--------------+--------------+--------------+--------------+------------------------+-------------------------+------------------------+-------------------------+------+-----------------------------+-----------------------------+-----------------------------+-----------------------------+---------------------+------+------+----------------+----------------------+-----------------+-----------------+
; ram_8x256_single:ram_8x256_single_inst|altsyncram:altsyncram_component|altsyncram_kmg1:auto_generated|ALTSYNCRAM ; AUTO ; Single Port ; Single Clock ; 256          ; 8            ; --           ; --           ; yes                    ; yes                     ; --                     ; --                      ; 2048 ; 256                         ; 8                           ; --                          ; --                          ; 2048                ; 1    ; None ; M9K_X15_Y21_N0 ; Don't care           ; Old data        ; Old data        ;
+------------------------------------------------------------------------------------------------------------------+------+-------------+--------------+--------------+--------------+--------------+--------------+------------------------+-------------------------+------------------------+-------------------------+------+-----------------------------+-----------------------------+-----------------------------+-----------------------------+---------------------+------+------+----------------+----------------------+-----------------+-----------------+
Note: Fitter may spread logical memories into multiple blocks to improve timing. The actual required RAM blocks can be found in the Fitter Resource Usage section.


+------------------------------------------------------+
; Other Routing Usage Summary                          ;
+-----------------------------+------------------------+
; Other Routing Resource Type ; Usage                  ;
+-----------------------------+------------------------+
; Block interconnects         ; 322 / 32,401 ( < 1 % ) ;
; C16 interconnects           ; 3 / 1,326 ( < 1 % )    ;
; C4 interconnects            ; 82 / 21,816 ( < 1 % )  ;
; Direct links                ; 141 / 32,401 ( < 1 % ) ;
; Global clocks               ; 2 / 10 ( 20 % )        ;
; Local interconnects         ; 246 / 10,320 ( 2 % )   ;
; R24 interconnects           ; 4 / 1,289 ( < 1 % )    ;
; R4 interconnects            ; 109 / 28,186 ( < 1 % ) ;
+-----------------------------+------------------------+


+----------------------------------------------------------------------------+
; LAB Logic Elements                                                         ;
+---------------------------------------------+------------------------------+
; Number of Logic Elements  (Average = 12.14) ; Number of LABs  (Total = 28) ;
+---------------------------------------------+------------------------------+
; 1                                           ; 2                            ;
; 2                                           ; 1                            ;
; 3                                           ; 1                            ;
; 4                                           ; 0                            ;
; 5                                           ; 1                            ;
; 6                                           ; 1                            ;
; 7                                           ; 0                            ;
; 8                                           ; 1                            ;
; 9                                           ; 0                            ;
; 10                                          ; 0                            ;
; 11                                          ; 0                            ;
; 12                                          ; 1                            ;
; 13                                          ; 3                            ;
; 14                                          ; 3                            ;
; 15                                          ; 3                            ;
; 16                                          ; 11                           ;
+---------------------------------------------+------------------------------+


+-------------------------------------------------------------------+
; LAB-wide Signals                                                  ;
+------------------------------------+------------------------------+
; LAB-wide Signals  (Average = 2.21) ; Number of LABs  (Total = 28) ;
+------------------------------------+------------------------------+
; 1 Async. clear                     ; 26                           ;
; 1 Clock                            ; 26                           ;
; 1 Clock enable                     ; 4                            ;
; 1 Sync. clear                      ; 1                            ;
; 1 Sync. load                       ; 3                            ;
; 2 Clock enables                    ; 2                            ;
+------------------------------------+------------------------------+


+-----------------------------------------------------------------------------+
; LAB Signals Sourced                                                         ;
+----------------------------------------------+------------------------------+
; Number of Signals Sourced  (Average = 20.04) ; Number of LABs  (Total = 28) ;
+----------------------------------------------+------------------------------+
; 0                                            ; 0                            ;
; 1                                            ; 1                            ;
; 2                                            ; 1                            ;
; 3                                            ; 0                            ;
; 4                                            ; 1                            ;
; 5                                            ; 0                            ;
; 6                                            ; 1                            ;
; 7                                            ; 0                            ;
; 8                                            ; 1                            ;
; 9                                            ; 0                            ;
; 10                                           ; 1                            ;
; 11                                           ; 0                            ;
; 12                                           ; 1                            ;
; 13                                           ; 0                            ;
; 14                                           ; 0                            ;
; 15                                           ; 0                            ;
; 16                                           ; 0                            ;
; 17                                           ; 1                            ;
; 18                                           ; 1                            ;
; 19                                           ; 0                            ;
; 20                                           ; 0                            ;
; 21                                           ; 2                            ;
; 22                                           ; 2                            ;
; 23                                           ; 1                            ;
; 24                                           ; 5                            ;
; 25                                           ; 0                            ;
; 26                                           ; 2                            ;
; 27                                           ; 2                            ;
; 28                                           ; 2                            ;
; 29                                           ; 0                            ;
; 30                                           ; 2                            ;
; 31                                           ; 0                            ;
; 32                                           ; 1                            ;
+----------------------------------------------+------------------------------+


+--------------------------------------------------------------------------------+
; LAB Signals Sourced Out                                                        ;
+-------------------------------------------------+------------------------------+
; Number of Signals Sourced Out  (Average = 6.43) ; Number of LABs  (Total = 28) ;
+-------------------------------------------------+------------------------------+
; 0                                               ; 0                            ;
; 1                                               ; 3                            ;
; 2                                               ; 2                            ;
; 3                                               ; 5                            ;
; 4                                               ; 1                            ;
; 5                                               ; 0                            ;
; 6                                               ; 3                            ;
; 7                                               ; 3                            ;
; 8                                               ; 2                            ;
; 9                                               ; 4                            ;
; 10                                              ; 1                            ;
; 11                                              ; 0                            ;
; 12                                              ; 1                            ;
; 13                                              ; 1                            ;
; 14                                              ; 2                            ;
+-------------------------------------------------+------------------------------+


+-----------------------------------------------------------------------------+
; LAB Distinct Inputs                                                         ;
+----------------------------------------------+------------------------------+
; Number of Distinct Inputs  (Average = 10.57) ; Number of LABs  (Total = 28) ;
+----------------------------------------------+------------------------------+
; 0                                            ; 0                            ;
; 1                                            ; 0                            ;
; 2                                            ; 0                            ;
; 3                                            ; 0                            ;
; 4                                            ; 5                            ;
; 5                                            ; 1                            ;
; 6                                            ; 3                            ;
; 7                                            ; 0                            ;
; 8                                            ; 2                            ;
; 9                                            ; 3                            ;
; 10                                           ; 2                            ;
; 11                                           ; 2                            ;
; 12                                           ; 1                            ;
; 13                                           ; 1                            ;
; 14                                           ; 1                            ;
; 15                                           ; 1                            ;
; 16                                           ; 1                            ;
; 17                                           ; 1                            ;
; 18                                           ; 1                            ;
; 19                                           ; 0                            ;
; 20                                           ; 1                            ;
; 21                                           ; 1                            ;
; 22                                           ; 1                            ;
+----------------------------------------------+------------------------------+


+------------------------------------------+
; I/O Rules Summary                        ;
+----------------------------------+-------+
; I/O Rules Statistic              ; Total ;
+----------------------------------+-------+
; Total I/O Rules                  ; 30    ;
; Number of I/O Rules Passed       ; 12    ;
; Number of I/O Rules Failed       ; 0     ;
; Number of I/O Rules Unchecked    ; 0     ;
; Number of I/O Rules Inapplicable ; 18    ;
+----------------------------------+-------+


+-----------------------------------------------------------------------------------------------------------------------------------------------------------------------------------------------------------------------------------------------------------------------------------------------------+
; I/O Rules Details                                                                                                                                                                                                                                                                                   ;
+--------------+-----------+-----------------------------------+------------------------------------------------------------------------------------------------------+----------+--------------------------------------------------------------------------+---------------------+-------------------+
; Status       ; ID        ; Category                          ; Rule Description                                                                                     ; Severity ; Information                                                              ; Area                ; Extra Information ;
+--------------+-----------+-----------------------------------+------------------------------------------------------------------------------------------------------+----------+--------------------------------------------------------------------------+---------------------+-------------------+
; Pass         ; IO_000001 ; Capacity Checks                   ; Number of pins in an I/O bank should not exceed the number of locations available.                   ; Critical ; 0 such failures found.                                                   ; I/O                 ;                   ;
; Inapplicable ; IO_000002 ; Capacity Checks                   ; Number of clocks in an I/O bank should not exceed the number of clocks available.                    ; Critical ; No Global Signal assignments found.                                      ; I/O                 ;                   ;
; Pass         ; IO_000003 ; Capacity Checks                   ; Number of pins in a Vrefgroup should not exceed the number of locations available.                   ; Critical ; 0 such failures found.                                                   ; I/O                 ;                   ;
; Inapplicable ; IO_000004 ; Voltage Compatibility Checks      ; The I/O bank should support the requested VCCIO.                                                     ; Critical ; No IOBANK_VCCIO assignments found.                                       ; I/O                 ;                   ;
; Inapplicable ; IO_000005 ; Voltage Compatibility Checks      ; The I/O bank should not have competing VREF values.                                                  ; Critical ; No VREF I/O Standard assignments found.                                  ; I/O                 ;                   ;
; Pass         ; IO_000006 ; Voltage Compatibility Checks      ; The I/O bank should not have competing VCCIO values.                                                 ; Critical ; 0 such failures found.                                                   ; I/O                 ;                   ;
; Pass         ; IO_000007 ; Valid Location Checks             ; Checks for unavailable locations.                                                                    ; Critical ; 0 such failures found.                                                   ; I/O                 ;                   ;
; Inapplicable ; IO_000008 ; Valid Location Checks             ; Checks for reserved locations.                                                                       ; Critical ; No reserved LogicLock region found.                                      ; I/O                 ;                   ;
; Pass         ; IO_000009 ; I/O Properties Checks for One I/O ; The location should support the requested I/O standard.                                              ; Critical ; 0 such failures found.                                                   ; I/O                 ;                   ;
; Pass         ; IO_000010 ; I/O Properties Checks for One I/O ; The location should support the requested I/O direction.                                             ; Critical ; 0 such failures found.                                                   ; I/O                 ;                   ;
; Inapplicable ; IO_000011 ; I/O Properties Checks for One I/O ; The location should support the requested Current Strength.                                          ; Critical ; No Current Strength assignments found.                                   ; I/O                 ;                   ;
; Pass         ; IO_000012 ; I/O Properties Checks for One I/O ; The location should support the requested On Chip Termination value.                                 ; Critical ; 0 such failures found.                                                   ; I/O                 ;                   ;
; Inapplicable ; IO_000013 ; I/O Properties Checks for One I/O ; The location should support the requested Bus Hold value.                                            ; Critical ; No Enable Bus-Hold Circuitry assignments found.                          ; I/O                 ;                   ;
; Inapplicable ; IO_000014 ; I/O Properties Checks for One I/O ; The location should support the requested Weak Pull Up value.                                        ; Critical ; No Weak Pull-Up Resistor assignments found.                              ; I/O                 ;                   ;
; Pass         ; IO_000015 ; I/O Properties Checks for One I/O ; The location should support the requested PCI Clamp Diode.                                           ; Critical ; 0 such failures found.                                                   ; I/O                 ;                   ;
; Inapplicable ; IO_000018 ; I/O Properties Checks for One I/O ; The I/O standard should support the requested Current Strength.                                      ; Critical ; No Current Strength assignments found.                                   ; I/O                 ;                   ;
; Pass         ; IO_000019 ; I/O Properties Checks for One I/O ; The I/O standard should support the requested On Chip Termination value.                             ; Critical ; 0 such failures found.                                                   ; I/O                 ;                   ;
; Pass         ; IO_000020 ; I/O Properties Checks for One I/O ; The I/O standard should support the requested PCI Clamp Diode.                                       ; Critical ; 0 such failures found.                                                   ; I/O                 ;                   ;
; Inapplicable ; IO_000021 ; I/O Properties Checks for One I/O ; The I/O standard should support the requested Weak Pull Up value.                                    ; Critical ; No Weak Pull-Up Resistor assignments found.                              ; I/O                 ;                   ;
; Inapplicable ; IO_000022 ; I/O Properties Checks for One I/O ; The I/O standard should support the requested Bus Hold value.                                        ; Critical ; No Enable Bus-Hold Circuitry assignments found.                          ; I/O                 ;                   ;
; Inapplicable ; IO_000023 ; I/O Properties Checks for One I/O ; The I/O standard should support the Open Drain value.                                                ; Critical ; No open drain assignments found.                                         ; I/O                 ;                   ;
; Pass         ; IO_000024 ; I/O Properties Checks for One I/O ; The I/O direction should support the On Chip Termination value.                                      ; Critical ; 0 such failures found.                                                   ; I/O                 ;                   ;
; Inapplicable ; IO_000026 ; I/O Properties Checks for One I/O ; On Chip Termination and Current Strength should not be used at the same time.                        ; Critical ; No Current Strength assignments found.                                   ; I/O                 ;                   ;
; Inapplicable ; IO_000027 ; I/O Properties Checks for One I/O ; Weak Pull Up and Bus Hold should not be used at the same time.                                       ; Critical ; No Enable Bus-Hold Circuitry or Weak Pull-Up Resistor assignments found. ; I/O                 ;                   ;
; Inapplicable ; IO_000045 ; I/O Properties Checks for One I/O ; The I/O standard should support the requested Slew Rate value.                                       ; Critical ; No Slew Rate assignments found.                                          ; I/O                 ;                   ;
; Inapplicable ; IO_000046 ; I/O Properties Checks for One I/O ; The location should support the requested Slew Rate value.                                           ; Critical ; No Slew Rate assignments found.                                          ; I/O                 ;                   ;
; Inapplicable ; IO_000047 ; I/O Properties Checks for One I/O ; On Chip Termination and Slew Rate should not be used at the same time.                               ; Critical ; No Slew Rate assignments found.                                          ; I/O                 ;                   ;
; Pass         ; IO_000033 ; Electromigration Checks           ; Current density for consecutive I/Os should not exceed 240mA for row I/Os and 240mA for column I/Os. ; Critical ; 0 such failures found.                                                   ; I/O                 ;                   ;
; Inapplicable ; IO_000034 ; SI Related Distance Checks        ; Single-ended outputs should be 5 LAB row(s) away from a differential I/O.                            ; High     ; No Differential I/O Standard assignments found.                          ; I/O                 ;                   ;
; Inapplicable ; IO_000042 ; SI Related SSO Limit Checks       ; No more than 20 outputs are allowed in a VREF group when VREF is being read from.                    ; High     ; No VREF I/O Standard assignments found.                                  ; I/O                 ;                   ;
; ----         ; ----      ; Disclaimer                        ; OCT rules are checked but not reported.                                                              ; None     ; ----                                                                     ; On Chip Termination ;                   ;
+--------------+-----------+-----------------------------------+------------------------------------------------------------------------------------------------------+----------+--------------------------------------------------------------------------+---------------------+-------------------+


+-----------------------------------------------------------------------------------------------------------------------------------------------------------------------------------------------------------------------------------------------------------------------------------------------------------------------------------------------------------------------------------------------------------------------------------------------------------------+
; I/O Rules Matrix                                                                                                                                                                                                                                                                                                                                                                                                                                                ;
+--------------------+-----------+--------------+-----------+--------------+--------------+-----------+-----------+--------------+-----------+-----------+--------------+--------------+--------------+--------------+--------------+--------------+--------------+--------------+--------------+--------------+--------------+--------------+--------------+--------------+--------------+--------------+--------------+-----------+--------------+--------------+
; Pin/Rules          ; IO_000001 ; IO_000002    ; IO_000003 ; IO_000004    ; IO_000005    ; IO_000006 ; IO_000007 ; IO_000008    ; IO_000009 ; IO_000010 ; IO_000011    ; IO_000012    ; IO_000013    ; IO_000014    ; IO_000015    ; IO_000018    ; IO_000019    ; IO_000020    ; IO_000021    ; IO_000022    ; IO_000023    ; IO_000024    ; IO_000026    ; IO_000027    ; IO_000045    ; IO_000046    ; IO_000047    ; IO_000033 ; IO_000034    ; IO_000042    ;
+--------------------+-----------+--------------+-----------+--------------+--------------+-----------+-----------+--------------+-----------+-----------+--------------+--------------+--------------+--------------+--------------+--------------+--------------+--------------+--------------+--------------+--------------+--------------+--------------+--------------+--------------+--------------+--------------+-----------+--------------+--------------+
; Total Pass         ; 8         ; 0            ; 8         ; 0            ; 0            ; 8         ; 8         ; 0            ; 8         ; 8         ; 0            ; 4            ; 0            ; 0            ; 4            ; 0            ; 4            ; 4            ; 0            ; 0            ; 0            ; 4            ; 0            ; 0            ; 0            ; 0            ; 0            ; 8         ; 0            ; 0            ;
; Total Unchecked    ; 0         ; 0            ; 0         ; 0            ; 0            ; 0         ; 0         ; 0            ; 0         ; 0         ; 0            ; 0            ; 0            ; 0            ; 0            ; 0            ; 0            ; 0            ; 0            ; 0            ; 0            ; 0            ; 0            ; 0            ; 0            ; 0            ; 0            ; 0         ; 0            ; 0            ;
; Total Inapplicable ; 0         ; 8            ; 0         ; 8            ; 8            ; 0         ; 0         ; 8            ; 0         ; 0         ; 8            ; 4            ; 8            ; 8            ; 4            ; 8            ; 4            ; 4            ; 8            ; 8            ; 8            ; 4            ; 8            ; 8            ; 8            ; 8            ; 8            ; 0         ; 8            ; 8            ;
; Total Fail         ; 0         ; 0            ; 0         ; 0            ; 0            ; 0         ; 0         ; 0            ; 0         ; 0         ; 0            ; 0            ; 0            ; 0            ; 0            ; 0            ; 0            ; 0            ; 0            ; 0            ; 0            ; 0            ; 0            ; 0            ; 0            ; 0            ; 0            ; 0         ; 0            ; 0            ;
; ds                 ; Pass      ; Inapplicable ; Pass      ; Inapplicable ; Inapplicable ; Pass      ; Pass      ; Inapplicable ; Pass      ; Pass      ; Inapplicable ; Pass         ; Inapplicable ; Inapplicable ; Inapplicable ; Inapplicable ; Pass         ; Inapplicable ; Inapplicable ; Inapplicable ; Inapplicable ; Pass         ; Inapplicable ; Inapplicable ; Inapplicable ; Inapplicable ; Inapplicable ; Pass      ; Inapplicable ; Inapplicable ;
; oe                 ; Pass      ; Inapplicable ; Pass      ; Inapplicable ; Inapplicable ; Pass      ; Pass      ; Inapplicable ; Pass      ; Pass      ; Inapplicable ; Pass         ; Inapplicable ; Inapplicable ; Inapplicable ; Inapplicable ; Pass         ; Inapplicable ; Inapplicable ; Inapplicable ; Inapplicable ; Pass         ; Inapplicable ; Inapplicable ; Inapplicable ; Inapplicable ; Inapplicable ; Pass      ; Inapplicable ; Inapplicable ;
; shcp               ; Pass      ; Inapplicable ; Pass      ; Inapplicable ; Inapplicable ; Pass      ; Pass      ; Inapplicable ; Pass      ; Pass      ; Inapplicable ; Pass         ; Inapplicable ; Inapplicable ; Inapplicable ; Inapplicable ; Pass         ; Inapplicable ; Inapplicable ; Inapplicable ; Inapplicable ; Pass         ; Inapplicable ; Inapplicable ; Inapplicable ; Inapplicable ; Inapplicable ; Pass      ; Inapplicable ; Inapplicable ;
; stcp               ; Pass      ; Inapplicable ; Pass      ; Inapplicable ; Inapplicable ; Pass      ; Pass      ; Inapplicable ; Pass      ; Pass      ; Inapplicable ; Pass         ; Inapplicable ; Inapplicable ; Inapplicable ; Inapplicable ; Pass         ; Inapplicable ; Inapplicable ; Inapplicable ; Inapplicable ; Pass         ; Inapplicable ; Inapplicable ; Inapplicable ; Inapplicable ; Inapplicable ; Pass      ; Inapplicable ; Inapplicable ;
; system_clock       ; Pass      ; Inapplicable ; Pass      ; Inapplicable ; Inapplicable ; Pass      ; Pass      ; Inapplicable ; Pass      ; Pass      ; Inapplicable ; Inapplicable ; Inapplicable ; Inapplicable ; Pass         ; Inapplicable ; Inapplicable ; Pass         ; Inapplicable ; Inapplicable ; Inapplicable ; Inapplicable ; Inapplicable ; Inapplicable ; Inapplicable ; Inapplicable ; Inapplicable ; Pass      ; Inapplicable ; Inapplicable ;
; system_reset_n     ; Pass      ; Inapplicable ; Pass      ; Inapplicable ; Inapplicable ; Pass      ; Pass      ; Inapplicable ; Pass      ; Pass      ; Inapplicable ; Inapplicable ; Inapplicable ; Inapplicable ; Pass         ; Inapplicable ; Inapplicable ; Pass         ; Inapplicable ; Inapplicable ; Inapplicable ; Inapplicable ; Inapplicable ; Inapplicable ; Inapplicable ; Inapplicable ; Inapplicable ; Pass      ; Inapplicable ; Inapplicable ;
; write_key          ; Pass      ; Inapplicable ; Pass      ; Inapplicable ; Inapplicable ; Pass      ; Pass      ; Inapplicable ; Pass      ; Pass      ; Inapplicable ; Inapplicable ; Inapplicable ; Inapplicable ; Pass         ; Inapplicable ; Inapplicable ; Pass         ; Inapplicable ; Inapplicable ; Inapplicable ; Inapplicable ; Inapplicable ; Inapplicable ; Inapplicable ; Inapplicable ; Inapplicable ; Pass      ; Inapplicable ; Inapplicable ;
; read_key           ; Pass      ; Inapplicable ; Pass      ; Inapplicable ; Inapplicable ; Pass      ; Pass      ; Inapplicable ; Pass      ; Pass      ; Inapplicable ; Inapplicable ; Inapplicable ; Inapplicable ; Pass         ; Inapplicable ; Inapplicable ; Pass         ; Inapplicable ; Inapplicable ; Inapplicable ; Inapplicable ; Inapplicable ; Inapplicable ; Inapplicable ; Inapplicable ; Inapplicable ; Pass      ; Inapplicable ; Inapplicable ;
+--------------------+-----------+--------------+-----------+--------------+--------------+-----------+-----------+--------------+-----------+-----------+--------------+--------------+--------------+--------------+--------------+--------------+--------------+--------------+--------------+--------------+--------------+--------------+--------------+--------------+--------------+--------------+--------------+-----------+--------------+--------------+


+---------------------------------------------------------------------------------------------+
; Fitter Device Options                                                                       ;
+------------------------------------------------------------------+--------------------------+
; Option                                                           ; Setting                  ;
+------------------------------------------------------------------+--------------------------+
; Enable user-supplied start-up clock (CLKUSR)                     ; Off                      ;
; Enable device-wide reset (DEV_CLRn)                              ; Off                      ;
; Enable device-wide output enable (DEV_OE)                        ; Off                      ;
; Enable INIT_DONE output                                          ; Off                      ;
; Configuration scheme                                             ; Active Serial            ;
; Error detection CRC                                              ; Off                      ;
; Enable open drain on CRC_ERROR pin                               ; Off                      ;
; Enable input tri-state on active configuration pins in user mode ; Off                      ;
; Configuration Voltage Level                                      ; Auto                     ;
; Force Configuration Voltage Level                                ; Off                      ;
; nCEO                                                             ; As output driving ground ;
; Data[0]                                                          ; As input tri-stated      ;
; Data[1]/ASDO                                                     ; As input tri-stated      ;
; Data[7..2]                                                       ; Unreserved               ;
; FLASH_nCE/nCSO                                                   ; As input tri-stated      ;
; Other Active Parallel pins                                       ; Unreserved               ;
; DCLK                                                             ; As output driving ground ;
; Base pin-out file on sameframe device                            ; Off                      ;
+------------------------------------------------------------------+--------------------------+


+------------------------------------+
; Operating Settings and Conditions  ;
+---------------------------+--------+
; Setting                   ; Value  ;
+---------------------------+--------+
; Nominal Core Voltage      ; 1.20 V ;
; Low Junction Temperature  ; 0 °C   ;
; High Junction Temperature ; 85 °C  ;
+---------------------------+--------+


+------------------------------------------------------------+
; Estimated Delay Added for Hold Timing Summary              ;
+-----------------+----------------------+-------------------+
; Source Clock(s) ; Destination Clock(s) ; Delay Added in ns ;
+-----------------+----------------------+-------------------+
Note: For more information on problematic transfers, consider running the Fitter again with the Optimize hold timing option (Settings Menu) turned off.
This will disable optimization of problematic paths and expose them for further analysis using either the TimeQuest Timing Analyzer or the Classic Timing Analyzer.


+-----------------------------------------------------------------------------------------------------------------------------------------------------------------------------------------------------------------------------------------------+
; Estimated Delay Added for Hold Timing Details                                                                                                                                                                                                 ;
+-------------------------------------------------------------------------------------------------------------+-------------------------------------------------------------------------------------------------------------+-------------------+
; Source Register                                                                                             ; Destination Register                                                                                        ; Delay Added in ns ;
+-------------------------------------------------------------------------------------------------------------+-------------------------------------------------------------------------------------------------------------+-------------------+
; seg_595_dynamic:seg_595_dynamic_instance|seg_dynamic:seg_dynamic_inst|bcd_8421:bcd_8421_inst|t_tho[1]       ; seg_595_dynamic:seg_595_dynamic_instance|seg_dynamic:seg_dynamic_inst|data_reg[17]                          ; 0.103             ;
; seg_595_dynamic:seg_595_dynamic_instance|seg_dynamic:seg_dynamic_inst|bcd_8421:bcd_8421_inst|t_tho[0]       ; seg_595_dynamic:seg_595_dynamic_instance|seg_dynamic:seg_dynamic_inst|data_reg[16]                          ; 0.103             ;
; seg_595_dynamic:seg_595_dynamic_instance|seg_dynamic:seg_dynamic_inst|bcd_8421:bcd_8421_inst|h_hun[1]       ; seg_595_dynamic:seg_595_dynamic_instance|seg_dynamic:seg_dynamic_inst|data_reg[21]                          ; 0.103             ;
; seg_595_dynamic:seg_595_dynamic_instance|seg_dynamic:seg_dynamic_inst|bcd_8421:bcd_8421_inst|h_hun[0]       ; seg_595_dynamic:seg_595_dynamic_instance|seg_dynamic:seg_dynamic_inst|data_reg[20]                          ; 0.103             ;
; seg_595_dynamic:seg_595_dynamic_instance|seg_dynamic:seg_dynamic_inst|bcd_8421:bcd_8421_inst|h_hun[3]       ; seg_595_dynamic:seg_595_dynamic_instance|seg_dynamic:seg_dynamic_inst|data_reg[23]                          ; 0.103             ;
; seg_595_dynamic:seg_595_dynamic_instance|seg_dynamic:seg_dynamic_inst|bcd_8421:bcd_8421_inst|data_shift[23] ; seg_595_dynamic:seg_595_dynamic_instance|seg_dynamic:seg_dynamic_inst|bcd_8421:bcd_8421_inst|data_shift[24] ; 0.045             ;
+-------------------------------------------------------------------------------------------------------------+-------------------------------------------------------------------------------------------------------------+-------------------+
Note: This table only shows the top 6 path(s) that have the largest delay added for hold.


+-----------------+
; Fitter Messages ;
+-----------------+
Info (11104): Parallel Compilation has detected 22 hyper-threaded processors. However, the extra hyper-threaded processors will not be used by default. Parallel Compilation will use 16 of the 16 physical processors detected instead.
Info (119006): Selected device EP4CE10F17C8 for design "RAM"
Info (21077): Core supply voltage is 1.2V
Info (21077): Low junction temperature is 0 degrees C
Info (21077): High junction temperature is 85 degrees C
Info (171003): Fitter is performing an Auto Fit compilation, which may decrease Fitter effort to reduce compilation time
Info (176444): Device migration not selected. If you intend to use device migration later, you may need to change the pin assignments as they may be incompatible with other devices
    Info (176445): Device EP4CE6F17C8 is compatible
    Info (176445): Device EP4CE15F17C8 is compatible
    Info (176445): Device EP4CE22F17C8 is compatible
Info (169124): Fitter converted 5 user pins into dedicated programming pins
    Info (169125): Pin ~ALTERA_ASDO_DATA1~ is reserved at location C1
    Info (169125): Pin ~ALTERA_FLASH_nCE_nCSO~ is reserved at location D2
    Info (169125): Pin ~ALTERA_DCLK~ is reserved at location H1
    Info (169125): Pin ~ALTERA_DATA0~ is reserved at location H2
    Info (169125): Pin ~ALTERA_nCEO~ is reserved at location F16
Warning (15714): Some pins have incomplete I/O assignments. Refer to the I/O Assignment Warnings report for details
Info (176045): Design uses memory blocks. Violating setup or hold times of memory block address registers for either read or write operations could cause memory contents to be corrupted. Make sure that all memory block address registers meet the setup and hold time requirements.
Critical Warning (332012): Synopsys Design Constraints File file not found: 'RAM.sdc'. A Synopsys Design Constraints File is required by the TimeQuest Timing Analyzer to get proper timing constraints. Without it, the Compiler will not properly optimize the design.
Info (332144): No user constrained base clocks found in the design
Info (332143): No user constrained clock uncertainty found in the design. Calling "derive_clock_uncertainty"
Info (332154): The derive_clock_uncertainty command did not apply clock uncertainty to any clock-to-clock transfers.
Info (332130): Timing requirements not specified -- quality metrics such as performance may be sacrificed to reduce compilation time.
Info (176353): Automatically promoted node system_clock~input (placed in PIN E1 (CLK1, DIFFCLK_0n))
    Info (176355): Automatically promoted destinations to use location or clock signal Global Clock CLKCTRL_G2
Info (176353): Automatically promoted node system_reset_n~input (placed in PIN M15 (CLK6, DIFFCLK_3p))
    Info (176355): Automatically promoted destinations to use location or clock signal Global Clock CLKCTRL_G9
Info (176233): Starting register packing
Info (176235): Finished register packing
    Extra Info (176219): No registers were packed into other blocks
Info (171121): Fitter preparation operations ending: elapsed time is 00:00:01
Info (170189): Fitter placement preparation operations beginning
Info (170190): Fitter placement preparation operations ending: elapsed time is 00:00:00
Info (170191): Fitter placement operations beginning
Info (170137): Fitter placement was successful
Info (170192): Fitter placement operations ending: elapsed time is 00:00:00
Info (170193): Fitter routing operations beginning
Info (170195): Router estimated average interconnect usage is 0% of the available device resources
    Info (170196): Router estimated peak interconnect usage is 1% of the available device resources in the region that extends from location X11_Y12 to location X22_Y24
Info (170194): Fitter routing operations ending: elapsed time is 00:00:01
Info (170199): The Fitter performed an Auto Fit compilation.  Optimizations were skipped to reduce compilation time.
    Info (170201): Optimizations that may affect the design's routability were skipped
Info (11888): Total time spent on timing analysis during the Fitter is 0.50 seconds.
Info (334003): Started post-fitting delay annotation
Info (334004): Delay annotation completed successfully
Info (334003): Started post-fitting delay annotation
Info (334004): Delay annotation completed successfully
Info (11218): Fitter post-fit operations ending: elapsed time is 00:00:01
Info (144001): Generated suppressed messages file D:/TylerHong/Development/Learn/Learning-FPGA/20250301-IP-RAM-Random-Access-Memory/Quartus-Project/output_files/RAM.fit.smsg
Info: Quartus II 64-Bit Fitter was successful. 0 errors, 2 warnings
    Info: Peak virtual memory: 5999 megabytes
    Info: Processing ended: Sun Mar 02 14:43:49 2025
    Info: Elapsed time: 00:00:04
    Info: Total CPU time (on all processors): 00:00:06


+----------------------------+
; Fitter Suppressed Messages ;
+----------------------------+
The suppressed messages can be found in D:/TylerHong/Development/Learn/Learning-FPGA/20250301-IP-RAM-Random-Access-Memory/Quartus-Project/output_files/RAM.fit.smsg.


