TimeQuest Timing Analyzer report for VGA
Sat Mar 08 14:27:16 2025
Quartus II 64-Bit Version 13.0.1 Build 232 06/12/2013 Service Pack 1 SJ Full Version


---------------------
; Table of Contents ;
---------------------
  1. Legal Notice
  2. TimeQuest Timing Analyzer Summary
  3. Parallel Compilation
  4. Clocks
  5. Slow 1200mV 85C Model Fmax Summary
  6. Timing Closure Recommendations
  7. Slow 1200mV 85C Model Setup Summary
  8. Slow 1200mV 85C Model Hold Summary
  9. Slow 1200mV 85C Model Recovery Summary
 10. Slow 1200mV 85C Model Removal Summary
 11. Slow 1200mV 85C Model Minimum Pulse Width Summary
 12. Slow 1200mV 85C Model Setup: 'pll_inst|altpll_component|auto_generated|pll1|clk[0]'
 13. Slow 1200mV 85C Model Hold: 'pll_inst|altpll_component|auto_generated|pll1|clk[0]'
 14. Slow 1200mV 85C Model Minimum Pulse Width: 'system_clock'
 15. Slow 1200mV 85C Model Minimum Pulse Width: 'pll_inst|altpll_component|auto_generated|pll1|clk[0]'
 16. Clock to Output Times
 17. Minimum Clock to Output Times
 18. Slow 1200mV 85C Model Metastability Report
 19. Slow 1200mV 0C Model Fmax Summary
 20. Slow 1200mV 0C Model Setup Summary
 21. Slow 1200mV 0C Model Hold Summary
 22. Slow 1200mV 0C Model Recovery Summary
 23. Slow 1200mV 0C Model Removal Summary
 24. Slow 1200mV 0C Model Minimum Pulse Width Summary
 25. Slow 1200mV 0C Model Setup: 'pll_inst|altpll_component|auto_generated|pll1|clk[0]'
 26. Slow 1200mV 0C Model Hold: 'pll_inst|altpll_component|auto_generated|pll1|clk[0]'
 27. Slow 1200mV 0C Model Minimum Pulse Width: 'system_clock'
 28. Slow 1200mV 0C Model Minimum Pulse Width: 'pll_inst|altpll_component|auto_generated|pll1|clk[0]'
 29. Clock to Output Times
 30. Minimum Clock to Output Times
 31. Slow 1200mV 0C Model Metastability Report
 32. Fast 1200mV 0C Model Setup Summary
 33. Fast 1200mV 0C Model Hold Summary
 34. Fast 1200mV 0C Model Recovery Summary
 35. Fast 1200mV 0C Model Removal Summary
 36. Fast 1200mV 0C Model Minimum Pulse Width Summary
 37. Fast 1200mV 0C Model Setup: 'pll_inst|altpll_component|auto_generated|pll1|clk[0]'
 38. Fast 1200mV 0C Model Hold: 'pll_inst|altpll_component|auto_generated|pll1|clk[0]'
 39. Fast 1200mV 0C Model Minimum Pulse Width: 'system_clock'
 40. Fast 1200mV 0C Model Minimum Pulse Width: 'pll_inst|altpll_component|auto_generated|pll1|clk[0]'
 41. Clock to Output Times
 42. Minimum Clock to Output Times
 43. Fast 1200mV 0C Model Metastability Report
 44. Multicorner Timing Analysis Summary
 45. Clock to Output Times
 46. Minimum Clock to Output Times
 47. Board Trace Model Assignments
 48. Input Transition Times
 49. Signal Integrity Metrics (Slow 1200mv 0c Model)
 50. Signal Integrity Metrics (Slow 1200mv 85c Model)
 51. Signal Integrity Metrics (Fast 1200mv 0c Model)
 52. Setup Transfers
 53. Hold Transfers
 54. Report TCCS
 55. Report RSKM
 56. Unconstrained Paths
 57. TimeQuest Timing Analyzer Messages



----------------
; Legal Notice ;
----------------
Copyright (C) 1991-2013 Altera Corporation
Your use of Altera Corporation's design tools, logic functions 
and other software and tools, and its AMPP partner logic 
functions, and any output files from any of the foregoing 
(including device programming or simulation files), and any 
associated documentation or information are expressly subject 
to the terms and conditions of the Altera Program License 
Subscription Agreement, Altera MegaCore Function License 
Agreement, or other applicable license agreement, including, 
without limitation, that your use is for the sole purpose of 
programming logic devices manufactured by Altera and sold by 
Altera or its authorized distributors.  Please refer to the 
applicable agreement for further details.



+-----------------------------------------------------------------------------------------+
; TimeQuest Timing Analyzer Summary                                                       ;
+--------------------+--------------------------------------------------------------------+
; Quartus II Version ; Version 13.0.1 Build 232 06/12/2013 Service Pack 1 SJ Full Version ;
; Revision Name      ; VGA                                                                ;
; Device Family      ; Cyclone IV E                                                       ;
; Device Name        ; EP4CE10F17C8                                                       ;
; Timing Models      ; Final                                                              ;
; Delay Model        ; Combined                                                           ;
; Rise/Fall Delays   ; Enabled                                                            ;
+--------------------+--------------------------------------------------------------------+


+------------------------------------------+
; Parallel Compilation                     ;
+----------------------------+-------------+
; Processors                 ; Number      ;
+----------------------------+-------------+
; Number detected on machine ; 22          ;
; Maximum allowed            ; 16          ;
;                            ;             ;
; Average used               ; 1.00        ;
; Maximum used               ; 16          ;
;                            ;             ;
; Usage by Processor         ; % Time Used ;
;     Processor 1            ; 100.0%      ;
;     Processors 2-16        ; < 0.1%      ;
;     Processors 17-22       ;   0.0%      ;
+----------------------------+-------------+


+---------------------------------------------------------------------------------------------------------------------------------------------------------------------------------------------------------------------------------------------------------------------------------------------------------------------------------------+
; Clocks                                                                                                                                                                                                                                                                                                                                ;
+------------------------------------------------------+-----------+--------+-----------+-------+--------+------------+-----------+-------------+-------+--------+-----------+------------+----------+--------------+--------------------------------------------------------+----------------------------------------------------------+
; Clock Name                                           ; Type      ; Period ; Frequency ; Rise  ; Fall   ; Duty Cycle ; Divide by ; Multiply by ; Phase ; Offset ; Edge List ; Edge Shift ; Inverted ; Master       ; Source                                                 ; Targets                                                  ;
+------------------------------------------------------+-----------+--------+-----------+-------+--------+------------+-----------+-------------+-------+--------+-----------+------------+----------+--------------+--------------------------------------------------------+----------------------------------------------------------+
; pll_inst|altpll_component|auto_generated|pll1|clk[0] ; Generated ; 40.000 ; 25.0 MHz  ; 0.000 ; 20.000 ; 50.00      ; 2         ; 1           ;       ;        ;           ;            ; false    ; system_clock ; pll_inst|altpll_component|auto_generated|pll1|inclk[0] ; { pll_inst|altpll_component|auto_generated|pll1|clk[0] } ;
; system_clock                                         ; Base      ; 20.000 ; 50.0 MHz  ; 0.000 ; 10.000 ;            ;           ;             ;       ;        ;           ;            ;          ;              ;                                                        ; { system_clock }                                         ;
+------------------------------------------------------+-----------+--------+-----------+-------+--------+------------+-----------+-------------+-------+--------+-----------+------------+----------+--------------+--------------------------------------------------------+----------------------------------------------------------+


+--------------------------------------------------------------------------------------------+
; Slow 1200mV 85C Model Fmax Summary                                                         ;
+------------+-----------------+------------------------------------------------------+------+
; Fmax       ; Restricted Fmax ; Clock Name                                           ; Note ;
+------------+-----------------+------------------------------------------------------+------+
; 153.02 MHz ; 153.02 MHz      ; pll_inst|altpll_component|auto_generated|pll1|clk[0] ;      ;
+------------+-----------------+------------------------------------------------------+------+
This panel reports FMAX for every clock in the design, regardless of the user-specified clock periods.  FMAX is only computed for paths where the source and destination registers or ports are driven by the same clock.  Paths of different clocks, including generated clocks, are ignored.  For paths between a clock and its inversion, FMAX is computed as if the rising and falling edges are scaled along with FMAX, such that the duty cycle (in terms of a percentage) is maintained. Altera recommends that you always use clock constraints and other slack reports for sign-off analysis.


----------------------------------
; Timing Closure Recommendations ;
----------------------------------
HTML report is unavailable in plain text report export.


+-------------------------------------------------------------------------------+
; Slow 1200mV 85C Model Setup Summary                                           ;
+------------------------------------------------------+--------+---------------+
; Clock                                                ; Slack  ; End Point TNS ;
+------------------------------------------------------+--------+---------------+
; pll_inst|altpll_component|auto_generated|pll1|clk[0] ; 33.465 ; 0.000         ;
+------------------------------------------------------+--------+---------------+


+------------------------------------------------------------------------------+
; Slow 1200mV 85C Model Hold Summary                                           ;
+------------------------------------------------------+-------+---------------+
; Clock                                                ; Slack ; End Point TNS ;
+------------------------------------------------------+-------+---------------+
; pll_inst|altpll_component|auto_generated|pll1|clk[0] ; 0.453 ; 0.000         ;
+------------------------------------------------------+-------+---------------+


------------------------------------------
; Slow 1200mV 85C Model Recovery Summary ;
------------------------------------------
No paths to report.


-----------------------------------------
; Slow 1200mV 85C Model Removal Summary ;
-----------------------------------------
No paths to report.


+-------------------------------------------------------------------------------+
; Slow 1200mV 85C Model Minimum Pulse Width Summary                             ;
+------------------------------------------------------+--------+---------------+
; Clock                                                ; Slack  ; End Point TNS ;
+------------------------------------------------------+--------+---------------+
; system_clock                                         ; 9.934  ; 0.000         ;
; pll_inst|altpll_component|auto_generated|pll1|clk[0] ; 19.718 ; 0.000         ;
+------------------------------------------------------+--------+---------------+


+-----------------------------------------------------------------------------------------------------------------------------------------------------------------------------------------------------------------------------------------------------------+
; Slow 1200mV 85C Model Setup: 'pll_inst|altpll_component|auto_generated|pll1|clk[0]'                                                                                                                                                                       ;
+--------+---------------------------------------------+---------------------------------------------+------------------------------------------------------+------------------------------------------------------+--------------+------------+------------+
; Slack  ; From Node                                   ; To Node                                     ; Launch Clock                                         ; Latch Clock                                          ; Relationship ; Clock Skew ; Data Delay ;
+--------+---------------------------------------------+---------------------------------------------+------------------------------------------------------+------------------------------------------------------+--------------+------------+------------+
; 33.465 ; VGA_Control:VGA_Control_Instance|count_h[4] ; VGA_Pixel:VGA_Pixel_Instance|pixel_data[0]  ; pll_inst|altpll_component|auto_generated|pll1|clk[0] ; pll_inst|altpll_component|auto_generated|pll1|clk[0] ; 40.000       ; -0.080     ; 6.456      ;
; 33.533 ; VGA_Control:VGA_Control_Instance|count_h[5] ; VGA_Pixel:VGA_Pixel_Instance|pixel_data[0]  ; pll_inst|altpll_component|auto_generated|pll1|clk[0] ; pll_inst|altpll_component|auto_generated|pll1|clk[0] ; 40.000       ; -0.080     ; 6.388      ;
; 33.578 ; VGA_Control:VGA_Control_Instance|count_h[6] ; VGA_Pixel:VGA_Pixel_Instance|pixel_data[0]  ; pll_inst|altpll_component|auto_generated|pll1|clk[0] ; pll_inst|altpll_component|auto_generated|pll1|clk[0] ; 40.000       ; -0.080     ; 6.343      ;
; 33.898 ; VGA_Control:VGA_Control_Instance|count_h[7] ; VGA_Pixel:VGA_Pixel_Instance|pixel_data[0]  ; pll_inst|altpll_component|auto_generated|pll1|clk[0] ; pll_inst|altpll_component|auto_generated|pll1|clk[0] ; 40.000       ; -0.080     ; 6.023      ;
; 34.487 ; VGA_Control:VGA_Control_Instance|count_h[0] ; VGA_Pixel:VGA_Pixel_Instance|pixel_data[0]  ; pll_inst|altpll_component|auto_generated|pll1|clk[0] ; pll_inst|altpll_component|auto_generated|pll1|clk[0] ; 40.000       ; -0.080     ; 5.434      ;
; 34.589 ; VGA_Control:VGA_Control_Instance|count_h[1] ; VGA_Pixel:VGA_Pixel_Instance|pixel_data[0]  ; pll_inst|altpll_component|auto_generated|pll1|clk[0] ; pll_inst|altpll_component|auto_generated|pll1|clk[0] ; 40.000       ; -0.080     ; 5.332      ;
; 34.665 ; VGA_Control:VGA_Control_Instance|count_h[3] ; VGA_Pixel:VGA_Pixel_Instance|pixel_data[0]  ; pll_inst|altpll_component|auto_generated|pll1|clk[0] ; pll_inst|altpll_component|auto_generated|pll1|clk[0] ; 40.000       ; -0.080     ; 5.256      ;
; 34.683 ; VGA_Control:VGA_Control_Instance|count_h[9] ; VGA_Control:VGA_Control_Instance|count_v[4] ; pll_inst|altpll_component|auto_generated|pll1|clk[0] ; pll_inst|altpll_component|auto_generated|pll1|clk[0] ; 40.000       ; -0.080     ; 5.238      ;
; 34.687 ; VGA_Control:VGA_Control_Instance|count_h[8] ; VGA_Pixel:VGA_Pixel_Instance|pixel_data[0]  ; pll_inst|altpll_component|auto_generated|pll1|clk[0] ; pll_inst|altpll_component|auto_generated|pll1|clk[0] ; 40.000       ; -0.080     ; 5.234      ;
; 34.722 ; VGA_Control:VGA_Control_Instance|count_h[8] ; VGA_Control:VGA_Control_Instance|count_v[4] ; pll_inst|altpll_component|auto_generated|pll1|clk[0] ; pll_inst|altpll_component|auto_generated|pll1|clk[0] ; 40.000       ; -0.080     ; 5.199      ;
; 34.746 ; VGA_Control:VGA_Control_Instance|count_h[2] ; VGA_Pixel:VGA_Pixel_Instance|pixel_data[0]  ; pll_inst|altpll_component|auto_generated|pll1|clk[0] ; pll_inst|altpll_component|auto_generated|pll1|clk[0] ; 40.000       ; -0.080     ; 5.175      ;
; 34.791 ; VGA_Control:VGA_Control_Instance|count_h[9] ; VGA_Control:VGA_Control_Instance|count_v[7] ; pll_inst|altpll_component|auto_generated|pll1|clk[0] ; pll_inst|altpll_component|auto_generated|pll1|clk[0] ; 40.000       ; -0.080     ; 5.130      ;
; 34.792 ; VGA_Control:VGA_Control_Instance|count_h[9] ; VGA_Control:VGA_Control_Instance|count_v[6] ; pll_inst|altpll_component|auto_generated|pll1|clk[0] ; pll_inst|altpll_component|auto_generated|pll1|clk[0] ; 40.000       ; -0.080     ; 5.129      ;
; 34.834 ; VGA_Control:VGA_Control_Instance|count_h[8] ; VGA_Control:VGA_Control_Instance|count_v[7] ; pll_inst|altpll_component|auto_generated|pll1|clk[0] ; pll_inst|altpll_component|auto_generated|pll1|clk[0] ; 40.000       ; -0.080     ; 5.087      ;
; 34.835 ; VGA_Control:VGA_Control_Instance|count_h[8] ; VGA_Control:VGA_Control_Instance|count_v[6] ; pll_inst|altpll_component|auto_generated|pll1|clk[0] ; pll_inst|altpll_component|auto_generated|pll1|clk[0] ; 40.000       ; -0.080     ; 5.086      ;
; 34.921 ; VGA_Control:VGA_Control_Instance|count_h[5] ; VGA_Control:VGA_Control_Instance|count_v[4] ; pll_inst|altpll_component|auto_generated|pll1|clk[0] ; pll_inst|altpll_component|auto_generated|pll1|clk[0] ; 40.000       ; -0.080     ; 5.000      ;
; 35.029 ; VGA_Control:VGA_Control_Instance|count_h[5] ; VGA_Control:VGA_Control_Instance|count_v[7] ; pll_inst|altpll_component|auto_generated|pll1|clk[0] ; pll_inst|altpll_component|auto_generated|pll1|clk[0] ; 40.000       ; -0.080     ; 4.892      ;
; 35.030 ; VGA_Control:VGA_Control_Instance|count_h[5] ; VGA_Control:VGA_Control_Instance|count_v[6] ; pll_inst|altpll_component|auto_generated|pll1|clk[0] ; pll_inst|altpll_component|auto_generated|pll1|clk[0] ; 40.000       ; -0.080     ; 4.891      ;
; 35.035 ; VGA_Control:VGA_Control_Instance|count_h[9] ; VGA_Control:VGA_Control_Instance|count_v[5] ; pll_inst|altpll_component|auto_generated|pll1|clk[0] ; pll_inst|altpll_component|auto_generated|pll1|clk[0] ; 40.000       ; -0.080     ; 4.886      ;
; 35.036 ; VGA_Control:VGA_Control_Instance|count_h[9] ; VGA_Control:VGA_Control_Instance|count_v[9] ; pll_inst|altpll_component|auto_generated|pll1|clk[0] ; pll_inst|altpll_component|auto_generated|pll1|clk[0] ; 40.000       ; -0.080     ; 4.885      ;
; 35.047 ; VGA_Control:VGA_Control_Instance|count_h[6] ; VGA_Control:VGA_Control_Instance|count_v[4] ; pll_inst|altpll_component|auto_generated|pll1|clk[0] ; pll_inst|altpll_component|auto_generated|pll1|clk[0] ; 40.000       ; -0.080     ; 4.874      ;
; 35.078 ; VGA_Control:VGA_Control_Instance|count_h[8] ; VGA_Control:VGA_Control_Instance|count_v[5] ; pll_inst|altpll_component|auto_generated|pll1|clk[0] ; pll_inst|altpll_component|auto_generated|pll1|clk[0] ; 40.000       ; -0.080     ; 4.843      ;
; 35.079 ; VGA_Control:VGA_Control_Instance|count_h[8] ; VGA_Control:VGA_Control_Instance|count_v[9] ; pll_inst|altpll_component|auto_generated|pll1|clk[0] ; pll_inst|altpll_component|auto_generated|pll1|clk[0] ; 40.000       ; -0.080     ; 4.842      ;
; 35.155 ; VGA_Control:VGA_Control_Instance|count_h[6] ; VGA_Control:VGA_Control_Instance|count_v[7] ; pll_inst|altpll_component|auto_generated|pll1|clk[0] ; pll_inst|altpll_component|auto_generated|pll1|clk[0] ; 40.000       ; -0.080     ; 4.766      ;
; 35.156 ; VGA_Control:VGA_Control_Instance|count_h[6] ; VGA_Control:VGA_Control_Instance|count_v[6] ; pll_inst|altpll_component|auto_generated|pll1|clk[0] ; pll_inst|altpll_component|auto_generated|pll1|clk[0] ; 40.000       ; -0.080     ; 4.765      ;
; 35.162 ; VGA_Control:VGA_Control_Instance|count_h[9] ; VGA_Control:VGA_Control_Instance|count_v[8] ; pll_inst|altpll_component|auto_generated|pll1|clk[0] ; pll_inst|altpll_component|auto_generated|pll1|clk[0] ; 40.000       ; -0.080     ; 4.759      ;
; 35.162 ; VGA_Control:VGA_Control_Instance|count_h[9] ; VGA_Control:VGA_Control_Instance|count_v[0] ; pll_inst|altpll_component|auto_generated|pll1|clk[0] ; pll_inst|altpll_component|auto_generated|pll1|clk[0] ; 40.000       ; -0.080     ; 4.759      ;
; 35.205 ; VGA_Control:VGA_Control_Instance|count_h[8] ; VGA_Control:VGA_Control_Instance|count_v[8] ; pll_inst|altpll_component|auto_generated|pll1|clk[0] ; pll_inst|altpll_component|auto_generated|pll1|clk[0] ; 40.000       ; -0.080     ; 4.716      ;
; 35.205 ; VGA_Control:VGA_Control_Instance|count_h[8] ; VGA_Control:VGA_Control_Instance|count_v[0] ; pll_inst|altpll_component|auto_generated|pll1|clk[0] ; pll_inst|altpll_component|auto_generated|pll1|clk[0] ; 40.000       ; -0.080     ; 4.716      ;
; 35.273 ; VGA_Control:VGA_Control_Instance|count_h[5] ; VGA_Control:VGA_Control_Instance|count_v[5] ; pll_inst|altpll_component|auto_generated|pll1|clk[0] ; pll_inst|altpll_component|auto_generated|pll1|clk[0] ; 40.000       ; -0.080     ; 4.648      ;
; 35.274 ; VGA_Control:VGA_Control_Instance|count_h[5] ; VGA_Control:VGA_Control_Instance|count_v[9] ; pll_inst|altpll_component|auto_generated|pll1|clk[0] ; pll_inst|altpll_component|auto_generated|pll1|clk[0] ; 40.000       ; -0.080     ; 4.647      ;
; 35.343 ; VGA_Control:VGA_Control_Instance|count_h[9] ; VGA_Control:VGA_Control_Instance|count_v[2] ; pll_inst|altpll_component|auto_generated|pll1|clk[0] ; pll_inst|altpll_component|auto_generated|pll1|clk[0] ; 40.000       ; -0.080     ; 4.578      ;
; 35.343 ; VGA_Control:VGA_Control_Instance|count_h[9] ; VGA_Control:VGA_Control_Instance|count_v[3] ; pll_inst|altpll_component|auto_generated|pll1|clk[0] ; pll_inst|altpll_component|auto_generated|pll1|clk[0] ; 40.000       ; -0.080     ; 4.578      ;
; 35.345 ; VGA_Control:VGA_Control_Instance|count_h[9] ; VGA_Control:VGA_Control_Instance|count_v[1] ; pll_inst|altpll_component|auto_generated|pll1|clk[0] ; pll_inst|altpll_component|auto_generated|pll1|clk[0] ; 40.000       ; -0.080     ; 4.576      ;
; 35.386 ; VGA_Control:VGA_Control_Instance|count_h[8] ; VGA_Control:VGA_Control_Instance|count_v[2] ; pll_inst|altpll_component|auto_generated|pll1|clk[0] ; pll_inst|altpll_component|auto_generated|pll1|clk[0] ; 40.000       ; -0.080     ; 4.535      ;
; 35.386 ; VGA_Control:VGA_Control_Instance|count_h[8] ; VGA_Control:VGA_Control_Instance|count_v[3] ; pll_inst|altpll_component|auto_generated|pll1|clk[0] ; pll_inst|altpll_component|auto_generated|pll1|clk[0] ; 40.000       ; -0.080     ; 4.535      ;
; 35.388 ; VGA_Control:VGA_Control_Instance|count_h[8] ; VGA_Control:VGA_Control_Instance|count_v[1] ; pll_inst|altpll_component|auto_generated|pll1|clk[0] ; pll_inst|altpll_component|auto_generated|pll1|clk[0] ; 40.000       ; -0.080     ; 4.533      ;
; 35.399 ; VGA_Control:VGA_Control_Instance|count_h[6] ; VGA_Control:VGA_Control_Instance|count_v[5] ; pll_inst|altpll_component|auto_generated|pll1|clk[0] ; pll_inst|altpll_component|auto_generated|pll1|clk[0] ; 40.000       ; -0.080     ; 4.522      ;
; 35.400 ; VGA_Control:VGA_Control_Instance|count_h[6] ; VGA_Control:VGA_Control_Instance|count_v[9] ; pll_inst|altpll_component|auto_generated|pll1|clk[0] ; pll_inst|altpll_component|auto_generated|pll1|clk[0] ; 40.000       ; -0.080     ; 4.521      ;
; 35.400 ; VGA_Control:VGA_Control_Instance|count_h[5] ; VGA_Control:VGA_Control_Instance|count_v[8] ; pll_inst|altpll_component|auto_generated|pll1|clk[0] ; pll_inst|altpll_component|auto_generated|pll1|clk[0] ; 40.000       ; -0.080     ; 4.521      ;
; 35.400 ; VGA_Control:VGA_Control_Instance|count_h[5] ; VGA_Control:VGA_Control_Instance|count_v[0] ; pll_inst|altpll_component|auto_generated|pll1|clk[0] ; pll_inst|altpll_component|auto_generated|pll1|clk[0] ; 40.000       ; -0.080     ; 4.521      ;
; 35.526 ; VGA_Control:VGA_Control_Instance|count_h[6] ; VGA_Control:VGA_Control_Instance|count_v[8] ; pll_inst|altpll_component|auto_generated|pll1|clk[0] ; pll_inst|altpll_component|auto_generated|pll1|clk[0] ; 40.000       ; -0.080     ; 4.395      ;
; 35.526 ; VGA_Control:VGA_Control_Instance|count_h[6] ; VGA_Control:VGA_Control_Instance|count_v[0] ; pll_inst|altpll_component|auto_generated|pll1|clk[0] ; pll_inst|altpll_component|auto_generated|pll1|clk[0] ; 40.000       ; -0.080     ; 4.395      ;
; 35.581 ; VGA_Control:VGA_Control_Instance|count_h[5] ; VGA_Control:VGA_Control_Instance|count_v[2] ; pll_inst|altpll_component|auto_generated|pll1|clk[0] ; pll_inst|altpll_component|auto_generated|pll1|clk[0] ; 40.000       ; -0.080     ; 4.340      ;
; 35.581 ; VGA_Control:VGA_Control_Instance|count_h[5] ; VGA_Control:VGA_Control_Instance|count_v[3] ; pll_inst|altpll_component|auto_generated|pll1|clk[0] ; pll_inst|altpll_component|auto_generated|pll1|clk[0] ; 40.000       ; -0.080     ; 4.340      ;
; 35.583 ; VGA_Control:VGA_Control_Instance|count_h[5] ; VGA_Control:VGA_Control_Instance|count_v[1] ; pll_inst|altpll_component|auto_generated|pll1|clk[0] ; pll_inst|altpll_component|auto_generated|pll1|clk[0] ; 40.000       ; -0.080     ; 4.338      ;
; 35.588 ; VGA_Control:VGA_Control_Instance|count_h[9] ; VGA_Pixel:VGA_Pixel_Instance|pixel_data[0]  ; pll_inst|altpll_component|auto_generated|pll1|clk[0] ; pll_inst|altpll_component|auto_generated|pll1|clk[0] ; 40.000       ; -0.080     ; 4.333      ;
; 35.621 ; VGA_Control:VGA_Control_Instance|count_h[4] ; VGA_Control:VGA_Control_Instance|count_v[4] ; pll_inst|altpll_component|auto_generated|pll1|clk[0] ; pll_inst|altpll_component|auto_generated|pll1|clk[0] ; 40.000       ; -0.080     ; 4.300      ;
; 35.707 ; VGA_Control:VGA_Control_Instance|count_h[6] ; VGA_Control:VGA_Control_Instance|count_v[2] ; pll_inst|altpll_component|auto_generated|pll1|clk[0] ; pll_inst|altpll_component|auto_generated|pll1|clk[0] ; 40.000       ; -0.080     ; 4.214      ;
; 35.707 ; VGA_Control:VGA_Control_Instance|count_h[6] ; VGA_Control:VGA_Control_Instance|count_v[3] ; pll_inst|altpll_component|auto_generated|pll1|clk[0] ; pll_inst|altpll_component|auto_generated|pll1|clk[0] ; 40.000       ; -0.080     ; 4.214      ;
; 35.709 ; VGA_Control:VGA_Control_Instance|count_h[6] ; VGA_Control:VGA_Control_Instance|count_v[1] ; pll_inst|altpll_component|auto_generated|pll1|clk[0] ; pll_inst|altpll_component|auto_generated|pll1|clk[0] ; 40.000       ; -0.080     ; 4.212      ;
; 35.772 ; VGA_Control:VGA_Control_Instance|count_h[4] ; VGA_Control:VGA_Control_Instance|count_v[6] ; pll_inst|altpll_component|auto_generated|pll1|clk[0] ; pll_inst|altpll_component|auto_generated|pll1|clk[0] ; 40.000       ; -0.080     ; 4.149      ;
; 35.772 ; VGA_Control:VGA_Control_Instance|count_h[4] ; VGA_Control:VGA_Control_Instance|count_v[7] ; pll_inst|altpll_component|auto_generated|pll1|clk[0] ; pll_inst|altpll_component|auto_generated|pll1|clk[0] ; 40.000       ; -0.080     ; 4.149      ;
; 35.772 ; VGA_Control:VGA_Control_Instance|count_h[7] ; VGA_Control:VGA_Control_Instance|count_v[4] ; pll_inst|altpll_component|auto_generated|pll1|clk[0] ; pll_inst|altpll_component|auto_generated|pll1|clk[0] ; 40.000       ; -0.080     ; 4.149      ;
; 35.861 ; VGA_Control:VGA_Control_Instance|count_h[2] ; VGA_Control:VGA_Control_Instance|count_v[4] ; pll_inst|altpll_component|auto_generated|pll1|clk[0] ; pll_inst|altpll_component|auto_generated|pll1|clk[0] ; 40.000       ; -0.080     ; 4.060      ;
; 35.880 ; VGA_Control:VGA_Control_Instance|count_h[7] ; VGA_Control:VGA_Control_Instance|count_v[7] ; pll_inst|altpll_component|auto_generated|pll1|clk[0] ; pll_inst|altpll_component|auto_generated|pll1|clk[0] ; 40.000       ; -0.080     ; 4.041      ;
; 35.881 ; VGA_Control:VGA_Control_Instance|count_h[7] ; VGA_Control:VGA_Control_Instance|count_v[6] ; pll_inst|altpll_component|auto_generated|pll1|clk[0] ; pll_inst|altpll_component|auto_generated|pll1|clk[0] ; 40.000       ; -0.080     ; 4.040      ;
; 36.012 ; VGA_Control:VGA_Control_Instance|count_h[2] ; VGA_Control:VGA_Control_Instance|count_v[6] ; pll_inst|altpll_component|auto_generated|pll1|clk[0] ; pll_inst|altpll_component|auto_generated|pll1|clk[0] ; 40.000       ; -0.080     ; 3.909      ;
; 36.012 ; VGA_Control:VGA_Control_Instance|count_h[2] ; VGA_Control:VGA_Control_Instance|count_v[7] ; pll_inst|altpll_component|auto_generated|pll1|clk[0] ; pll_inst|altpll_component|auto_generated|pll1|clk[0] ; 40.000       ; -0.080     ; 3.909      ;
; 36.022 ; VGA_Control:VGA_Control_Instance|count_h[4] ; VGA_Control:VGA_Control_Instance|count_v[5] ; pll_inst|altpll_component|auto_generated|pll1|clk[0] ; pll_inst|altpll_component|auto_generated|pll1|clk[0] ; 40.000       ; -0.080     ; 3.899      ;
; 36.023 ; VGA_Control:VGA_Control_Instance|count_h[4] ; VGA_Control:VGA_Control_Instance|count_v[9] ; pll_inst|altpll_component|auto_generated|pll1|clk[0] ; pll_inst|altpll_component|auto_generated|pll1|clk[0] ; 40.000       ; -0.080     ; 3.898      ;
; 36.044 ; VGA_Control:VGA_Control_Instance|count_h[3] ; VGA_Control:VGA_Control_Instance|count_v[4] ; pll_inst|altpll_component|auto_generated|pll1|clk[0] ; pll_inst|altpll_component|auto_generated|pll1|clk[0] ; 40.000       ; -0.080     ; 3.877      ;
; 36.093 ; VGA_Control:VGA_Control_Instance|count_h[9] ; VGA_Control:VGA_Control_Instance|count_h[8] ; pll_inst|altpll_component|auto_generated|pll1|clk[0] ; pll_inst|altpll_component|auto_generated|pll1|clk[0] ; 40.000       ; -0.081     ; 3.827      ;
; 36.124 ; VGA_Control:VGA_Control_Instance|count_h[7] ; VGA_Control:VGA_Control_Instance|count_v[5] ; pll_inst|altpll_component|auto_generated|pll1|clk[0] ; pll_inst|altpll_component|auto_generated|pll1|clk[0] ; 40.000       ; -0.080     ; 3.797      ;
; 36.125 ; VGA_Control:VGA_Control_Instance|count_h[7] ; VGA_Control:VGA_Control_Instance|count_v[9] ; pll_inst|altpll_component|auto_generated|pll1|clk[0] ; pll_inst|altpll_component|auto_generated|pll1|clk[0] ; 40.000       ; -0.080     ; 3.796      ;
; 36.136 ; VGA_Control:VGA_Control_Instance|count_h[8] ; VGA_Control:VGA_Control_Instance|count_h[8] ; pll_inst|altpll_component|auto_generated|pll1|clk[0] ; pll_inst|altpll_component|auto_generated|pll1|clk[0] ; 40.000       ; -0.081     ; 3.784      ;
; 36.149 ; VGA_Control:VGA_Control_Instance|count_h[4] ; VGA_Control:VGA_Control_Instance|count_v[8] ; pll_inst|altpll_component|auto_generated|pll1|clk[0] ; pll_inst|altpll_component|auto_generated|pll1|clk[0] ; 40.000       ; -0.080     ; 3.772      ;
; 36.149 ; VGA_Control:VGA_Control_Instance|count_h[4] ; VGA_Control:VGA_Control_Instance|count_v[0] ; pll_inst|altpll_component|auto_generated|pll1|clk[0] ; pll_inst|altpll_component|auto_generated|pll1|clk[0] ; 40.000       ; -0.080     ; 3.772      ;
; 36.157 ; VGA_Control:VGA_Control_Instance|count_v[4] ; VGA_Control:VGA_Control_Instance|count_v[4] ; pll_inst|altpll_component|auto_generated|pll1|clk[0] ; pll_inst|altpll_component|auto_generated|pll1|clk[0] ; 40.000       ; -0.081     ; 3.763      ;
; 36.195 ; VGA_Control:VGA_Control_Instance|count_h[3] ; VGA_Control:VGA_Control_Instance|count_v[6] ; pll_inst|altpll_component|auto_generated|pll1|clk[0] ; pll_inst|altpll_component|auto_generated|pll1|clk[0] ; 40.000       ; -0.080     ; 3.726      ;
; 36.195 ; VGA_Control:VGA_Control_Instance|count_h[3] ; VGA_Control:VGA_Control_Instance|count_v[7] ; pll_inst|altpll_component|auto_generated|pll1|clk[0] ; pll_inst|altpll_component|auto_generated|pll1|clk[0] ; 40.000       ; -0.080     ; 3.726      ;
; 36.251 ; VGA_Control:VGA_Control_Instance|count_h[7] ; VGA_Control:VGA_Control_Instance|count_v[8] ; pll_inst|altpll_component|auto_generated|pll1|clk[0] ; pll_inst|altpll_component|auto_generated|pll1|clk[0] ; 40.000       ; -0.080     ; 3.670      ;
; 36.251 ; VGA_Control:VGA_Control_Instance|count_h[7] ; VGA_Control:VGA_Control_Instance|count_v[0] ; pll_inst|altpll_component|auto_generated|pll1|clk[0] ; pll_inst|altpll_component|auto_generated|pll1|clk[0] ; 40.000       ; -0.080     ; 3.670      ;
; 36.282 ; VGA_Control:VGA_Control_Instance|count_v[2] ; VGA_Control:VGA_Control_Instance|count_v[4] ; pll_inst|altpll_component|auto_generated|pll1|clk[0] ; pll_inst|altpll_component|auto_generated|pll1|clk[0] ; 40.000       ; -0.081     ; 3.638      ;
; 36.288 ; VGA_Control:VGA_Control_Instance|count_v[3] ; VGA_Control:VGA_Control_Instance|count_v[4] ; pll_inst|altpll_component|auto_generated|pll1|clk[0] ; pll_inst|altpll_component|auto_generated|pll1|clk[0] ; 40.000       ; -0.081     ; 3.632      ;
; 36.308 ; VGA_Control:VGA_Control_Instance|count_v[4] ; VGA_Control:VGA_Control_Instance|count_v[6] ; pll_inst|altpll_component|auto_generated|pll1|clk[0] ; pll_inst|altpll_component|auto_generated|pll1|clk[0] ; 40.000       ; -0.081     ; 3.612      ;
; 36.308 ; VGA_Control:VGA_Control_Instance|count_v[4] ; VGA_Control:VGA_Control_Instance|count_v[7] ; pll_inst|altpll_component|auto_generated|pll1|clk[0] ; pll_inst|altpll_component|auto_generated|pll1|clk[0] ; 40.000       ; -0.081     ; 3.612      ;
; 36.312 ; VGA_Control:VGA_Control_Instance|count_h[9] ; VGA_Control:VGA_Control_Instance|count_h[9] ; pll_inst|altpll_component|auto_generated|pll1|clk[0] ; pll_inst|altpll_component|auto_generated|pll1|clk[0] ; 40.000       ; -0.081     ; 3.608      ;
; 36.313 ; VGA_Control:VGA_Control_Instance|count_h[9] ; VGA_Control:VGA_Control_Instance|count_h[5] ; pll_inst|altpll_component|auto_generated|pll1|clk[0] ; pll_inst|altpll_component|auto_generated|pll1|clk[0] ; 40.000       ; -0.081     ; 3.607      ;
; 36.328 ; VGA_Control:VGA_Control_Instance|count_h[2] ; VGA_Control:VGA_Control_Instance|count_v[5] ; pll_inst|altpll_component|auto_generated|pll1|clk[0] ; pll_inst|altpll_component|auto_generated|pll1|clk[0] ; 40.000       ; -0.080     ; 3.593      ;
; 36.329 ; VGA_Control:VGA_Control_Instance|count_h[2] ; VGA_Control:VGA_Control_Instance|count_v[9] ; pll_inst|altpll_component|auto_generated|pll1|clk[0] ; pll_inst|altpll_component|auto_generated|pll1|clk[0] ; 40.000       ; -0.080     ; 3.592      ;
; 36.330 ; VGA_Control:VGA_Control_Instance|count_h[4] ; VGA_Control:VGA_Control_Instance|count_v[2] ; pll_inst|altpll_component|auto_generated|pll1|clk[0] ; pll_inst|altpll_component|auto_generated|pll1|clk[0] ; 40.000       ; -0.080     ; 3.591      ;
; 36.330 ; VGA_Control:VGA_Control_Instance|count_h[4] ; VGA_Control:VGA_Control_Instance|count_v[3] ; pll_inst|altpll_component|auto_generated|pll1|clk[0] ; pll_inst|altpll_component|auto_generated|pll1|clk[0] ; 40.000       ; -0.080     ; 3.591      ;
; 36.331 ; VGA_Control:VGA_Control_Instance|count_h[5] ; VGA_Control:VGA_Control_Instance|count_h[8] ; pll_inst|altpll_component|auto_generated|pll1|clk[0] ; pll_inst|altpll_component|auto_generated|pll1|clk[0] ; 40.000       ; -0.081     ; 3.589      ;
; 36.332 ; VGA_Control:VGA_Control_Instance|count_h[4] ; VGA_Control:VGA_Control_Instance|count_v[1] ; pll_inst|altpll_component|auto_generated|pll1|clk[0] ; pll_inst|altpll_component|auto_generated|pll1|clk[0] ; 40.000       ; -0.080     ; 3.589      ;
; 36.355 ; VGA_Control:VGA_Control_Instance|count_h[8] ; VGA_Control:VGA_Control_Instance|count_h[9] ; pll_inst|altpll_component|auto_generated|pll1|clk[0] ; pll_inst|altpll_component|auto_generated|pll1|clk[0] ; 40.000       ; -0.081     ; 3.565      ;
; 36.356 ; VGA_Control:VGA_Control_Instance|count_h[8] ; VGA_Control:VGA_Control_Instance|count_h[5] ; pll_inst|altpll_component|auto_generated|pll1|clk[0] ; pll_inst|altpll_component|auto_generated|pll1|clk[0] ; 40.000       ; -0.081     ; 3.564      ;
; 36.390 ; VGA_Control:VGA_Control_Instance|count_v[2] ; VGA_Control:VGA_Control_Instance|count_v[7] ; pll_inst|altpll_component|auto_generated|pll1|clk[0] ; pll_inst|altpll_component|auto_generated|pll1|clk[0] ; 40.000       ; -0.081     ; 3.530      ;
; 36.391 ; VGA_Control:VGA_Control_Instance|count_v[2] ; VGA_Control:VGA_Control_Instance|count_v[6] ; pll_inst|altpll_component|auto_generated|pll1|clk[0] ; pll_inst|altpll_component|auto_generated|pll1|clk[0] ; 40.000       ; -0.081     ; 3.529      ;
; 36.396 ; VGA_Control:VGA_Control_Instance|count_v[3] ; VGA_Control:VGA_Control_Instance|count_v[7] ; pll_inst|altpll_component|auto_generated|pll1|clk[0] ; pll_inst|altpll_component|auto_generated|pll1|clk[0] ; 40.000       ; -0.081     ; 3.524      ;
; 36.397 ; VGA_Control:VGA_Control_Instance|count_v[3] ; VGA_Control:VGA_Control_Instance|count_v[6] ; pll_inst|altpll_component|auto_generated|pll1|clk[0] ; pll_inst|altpll_component|auto_generated|pll1|clk[0] ; 40.000       ; -0.081     ; 3.523      ;
; 36.410 ; VGA_Control:VGA_Control_Instance|count_h[2] ; VGA_Control:VGA_Control_Instance|count_v[8] ; pll_inst|altpll_component|auto_generated|pll1|clk[0] ; pll_inst|altpll_component|auto_generated|pll1|clk[0] ; 40.000       ; -0.080     ; 3.511      ;
; 36.410 ; VGA_Control:VGA_Control_Instance|count_h[2] ; VGA_Control:VGA_Control_Instance|count_v[0] ; pll_inst|altpll_component|auto_generated|pll1|clk[0] ; pll_inst|altpll_component|auto_generated|pll1|clk[0] ; 40.000       ; -0.080     ; 3.511      ;
; 36.427 ; VGA_Control:VGA_Control_Instance|count_h[1] ; VGA_Control:VGA_Control_Instance|count_v[4] ; pll_inst|altpll_component|auto_generated|pll1|clk[0] ; pll_inst|altpll_component|auto_generated|pll1|clk[0] ; 40.000       ; -0.080     ; 3.494      ;
; 36.432 ; VGA_Control:VGA_Control_Instance|count_h[7] ; VGA_Control:VGA_Control_Instance|count_v[2] ; pll_inst|altpll_component|auto_generated|pll1|clk[0] ; pll_inst|altpll_component|auto_generated|pll1|clk[0] ; 40.000       ; -0.080     ; 3.489      ;
; 36.432 ; VGA_Control:VGA_Control_Instance|count_h[7] ; VGA_Control:VGA_Control_Instance|count_v[3] ; pll_inst|altpll_component|auto_generated|pll1|clk[0] ; pll_inst|altpll_component|auto_generated|pll1|clk[0] ; 40.000       ; -0.080     ; 3.489      ;
; 36.434 ; VGA_Control:VGA_Control_Instance|count_h[7] ; VGA_Control:VGA_Control_Instance|count_v[1] ; pll_inst|altpll_component|auto_generated|pll1|clk[0] ; pll_inst|altpll_component|auto_generated|pll1|clk[0] ; 40.000       ; -0.080     ; 3.487      ;
; 36.441 ; VGA_Control:VGA_Control_Instance|count_v[1] ; VGA_Pixel:VGA_Pixel_Instance|pixel_data[0]  ; pll_inst|altpll_component|auto_generated|pll1|clk[0] ; pll_inst|altpll_component|auto_generated|pll1|clk[0] ; 40.000       ; -0.081     ; 3.479      ;
; 36.457 ; VGA_Control:VGA_Control_Instance|count_h[6] ; VGA_Control:VGA_Control_Instance|count_h[8] ; pll_inst|altpll_component|auto_generated|pll1|clk[0] ; pll_inst|altpll_component|auto_generated|pll1|clk[0] ; 40.000       ; -0.081     ; 3.463      ;
; 36.494 ; VGA_Control:VGA_Control_Instance|count_h[3] ; VGA_Control:VGA_Control_Instance|count_v[5] ; pll_inst|altpll_component|auto_generated|pll1|clk[0] ; pll_inst|altpll_component|auto_generated|pll1|clk[0] ; 40.000       ; -0.080     ; 3.427      ;
+--------+---------------------------------------------+---------------------------------------------+------------------------------------------------------+------------------------------------------------------+--------------+------------+------------+


+----------------------------------------------------------------------------------------------------------------------------------------------------------------------------------------------------------------------------------------------------------+
; Slow 1200mV 85C Model Hold: 'pll_inst|altpll_component|auto_generated|pll1|clk[0]'                                                                                                                                                                       ;
+-------+---------------------------------------------+---------------------------------------------+------------------------------------------------------+------------------------------------------------------+--------------+------------+------------+
; Slack ; From Node                                   ; To Node                                     ; Launch Clock                                         ; Latch Clock                                          ; Relationship ; Clock Skew ; Data Delay ;
+-------+---------------------------------------------+---------------------------------------------+------------------------------------------------------+------------------------------------------------------+--------------+------------+------------+
; 0.453 ; VGA_Control:VGA_Control_Instance|count_v[1] ; VGA_Control:VGA_Control_Instance|count_v[1] ; pll_inst|altpll_component|auto_generated|pll1|clk[0] ; pll_inst|altpll_component|auto_generated|pll1|clk[0] ; 0.000        ; 0.081      ; 0.746      ;
; 0.453 ; VGA_Control:VGA_Control_Instance|count_v[2] ; VGA_Control:VGA_Control_Instance|count_v[2] ; pll_inst|altpll_component|auto_generated|pll1|clk[0] ; pll_inst|altpll_component|auto_generated|pll1|clk[0] ; 0.000        ; 0.081      ; 0.746      ;
; 0.453 ; VGA_Control:VGA_Control_Instance|count_v[3] ; VGA_Control:VGA_Control_Instance|count_v[3] ; pll_inst|altpll_component|auto_generated|pll1|clk[0] ; pll_inst|altpll_component|auto_generated|pll1|clk[0] ; 0.000        ; 0.081      ; 0.746      ;
; 0.453 ; VGA_Control:VGA_Control_Instance|count_v[4] ; VGA_Control:VGA_Control_Instance|count_v[4] ; pll_inst|altpll_component|auto_generated|pll1|clk[0] ; pll_inst|altpll_component|auto_generated|pll1|clk[0] ; 0.000        ; 0.081      ; 0.746      ;
; 0.453 ; VGA_Control:VGA_Control_Instance|count_v[5] ; VGA_Control:VGA_Control_Instance|count_v[5] ; pll_inst|altpll_component|auto_generated|pll1|clk[0] ; pll_inst|altpll_component|auto_generated|pll1|clk[0] ; 0.000        ; 0.081      ; 0.746      ;
; 0.453 ; VGA_Control:VGA_Control_Instance|count_v[6] ; VGA_Control:VGA_Control_Instance|count_v[6] ; pll_inst|altpll_component|auto_generated|pll1|clk[0] ; pll_inst|altpll_component|auto_generated|pll1|clk[0] ; 0.000        ; 0.081      ; 0.746      ;
; 0.453 ; VGA_Control:VGA_Control_Instance|count_v[7] ; VGA_Control:VGA_Control_Instance|count_v[7] ; pll_inst|altpll_component|auto_generated|pll1|clk[0] ; pll_inst|altpll_component|auto_generated|pll1|clk[0] ; 0.000        ; 0.081      ; 0.746      ;
; 0.453 ; VGA_Control:VGA_Control_Instance|count_v[8] ; VGA_Control:VGA_Control_Instance|count_v[8] ; pll_inst|altpll_component|auto_generated|pll1|clk[0] ; pll_inst|altpll_component|auto_generated|pll1|clk[0] ; 0.000        ; 0.081      ; 0.746      ;
; 0.453 ; VGA_Control:VGA_Control_Instance|count_v[9] ; VGA_Control:VGA_Control_Instance|count_v[9] ; pll_inst|altpll_component|auto_generated|pll1|clk[0] ; pll_inst|altpll_component|auto_generated|pll1|clk[0] ; 0.000        ; 0.081      ; 0.746      ;
; 0.453 ; VGA_Control:VGA_Control_Instance|count_v[0] ; VGA_Control:VGA_Control_Instance|count_v[0] ; pll_inst|altpll_component|auto_generated|pll1|clk[0] ; pll_inst|altpll_component|auto_generated|pll1|clk[0] ; 0.000        ; 0.081      ; 0.746      ;
; 0.561 ; VGA_Control:VGA_Control_Instance|count_v[9] ; VGA_Pixel:VGA_Pixel_Instance|pixel_data[0]  ; pll_inst|altpll_component|auto_generated|pll1|clk[0] ; pll_inst|altpll_component|auto_generated|pll1|clk[0] ; 0.000        ; 0.081      ; 0.854      ;
; 0.764 ; VGA_Control:VGA_Control_Instance|count_h[6] ; VGA_Control:VGA_Control_Instance|count_h[6] ; pll_inst|altpll_component|auto_generated|pll1|clk[0] ; pll_inst|altpll_component|auto_generated|pll1|clk[0] ; 0.000        ; 0.081      ; 1.057      ;
; 0.770 ; VGA_Control:VGA_Control_Instance|count_h[7] ; VGA_Control:VGA_Control_Instance|count_h[7] ; pll_inst|altpll_component|auto_generated|pll1|clk[0] ; pll_inst|altpll_component|auto_generated|pll1|clk[0] ; 0.000        ; 0.081      ; 1.063      ;
; 0.773 ; VGA_Control:VGA_Control_Instance|count_h[4] ; VGA_Control:VGA_Control_Instance|count_h[4] ; pll_inst|altpll_component|auto_generated|pll1|clk[0] ; pll_inst|altpll_component|auto_generated|pll1|clk[0] ; 0.000        ; 0.081      ; 1.066      ;
; 0.777 ; VGA_Control:VGA_Control_Instance|count_h[1] ; VGA_Control:VGA_Control_Instance|count_h[1] ; pll_inst|altpll_component|auto_generated|pll1|clk[0] ; pll_inst|altpll_component|auto_generated|pll1|clk[0] ; 0.000        ; 0.081      ; 1.070      ;
; 0.780 ; VGA_Control:VGA_Control_Instance|count_h[3] ; VGA_Control:VGA_Control_Instance|count_h[3] ; pll_inst|altpll_component|auto_generated|pll1|clk[0] ; pll_inst|altpll_component|auto_generated|pll1|clk[0] ; 0.000        ; 0.081      ; 1.073      ;
; 0.782 ; VGA_Control:VGA_Control_Instance|count_h[2] ; VGA_Control:VGA_Control_Instance|count_h[2] ; pll_inst|altpll_component|auto_generated|pll1|clk[0] ; pll_inst|altpll_component|auto_generated|pll1|clk[0] ; 0.000        ; 0.081      ; 1.075      ;
; 0.788 ; VGA_Control:VGA_Control_Instance|count_h[0] ; VGA_Control:VGA_Control_Instance|count_h[0] ; pll_inst|altpll_component|auto_generated|pll1|clk[0] ; pll_inst|altpll_component|auto_generated|pll1|clk[0] ; 0.000        ; 0.081      ; 1.081      ;
; 1.099 ; VGA_Control:VGA_Control_Instance|count_h[0] ; VGA_Control:VGA_Control_Instance|count_h[5] ; pll_inst|altpll_component|auto_generated|pll1|clk[0] ; pll_inst|altpll_component|auto_generated|pll1|clk[0] ; 0.000        ; 0.081      ; 1.392      ;
; 1.100 ; VGA_Control:VGA_Control_Instance|count_h[0] ; VGA_Control:VGA_Control_Instance|count_h[9] ; pll_inst|altpll_component|auto_generated|pll1|clk[0] ; pll_inst|altpll_component|auto_generated|pll1|clk[0] ; 0.000        ; 0.081      ; 1.393      ;
; 1.101 ; VGA_Control:VGA_Control_Instance|count_v[5] ; VGA_Pixel:VGA_Pixel_Instance|pixel_data[0]  ; pll_inst|altpll_component|auto_generated|pll1|clk[0] ; pll_inst|altpll_component|auto_generated|pll1|clk[0] ; 0.000        ; 0.081      ; 1.394      ;
; 1.118 ; VGA_Control:VGA_Control_Instance|count_h[5] ; VGA_Control:VGA_Control_Instance|count_h[6] ; pll_inst|altpll_component|auto_generated|pll1|clk[0] ; pll_inst|altpll_component|auto_generated|pll1|clk[0] ; 0.000        ; 0.081      ; 1.411      ;
; 1.125 ; VGA_Control:VGA_Control_Instance|count_h[6] ; VGA_Control:VGA_Control_Instance|count_h[7] ; pll_inst|altpll_component|auto_generated|pll1|clk[0] ; pll_inst|altpll_component|auto_generated|pll1|clk[0] ; 0.000        ; 0.081      ; 1.418      ;
; 1.132 ; VGA_Control:VGA_Control_Instance|count_h[1] ; VGA_Control:VGA_Control_Instance|count_h[2] ; pll_inst|altpll_component|auto_generated|pll1|clk[0] ; pll_inst|altpll_component|auto_generated|pll1|clk[0] ; 0.000        ; 0.081      ; 1.425      ;
; 1.132 ; VGA_Control:VGA_Control_Instance|count_h[0] ; VGA_Control:VGA_Control_Instance|count_h[1] ; pll_inst|altpll_component|auto_generated|pll1|clk[0] ; pll_inst|altpll_component|auto_generated|pll1|clk[0] ; 0.000        ; 0.081      ; 1.425      ;
; 1.134 ; VGA_Control:VGA_Control_Instance|count_h[3] ; VGA_Control:VGA_Control_Instance|count_h[4] ; pll_inst|altpll_component|auto_generated|pll1|clk[0] ; pll_inst|altpll_component|auto_generated|pll1|clk[0] ; 0.000        ; 0.081      ; 1.427      ;
; 1.141 ; VGA_Control:VGA_Control_Instance|count_h[0] ; VGA_Control:VGA_Control_Instance|count_h[2] ; pll_inst|altpll_component|auto_generated|pll1|clk[0] ; pll_inst|altpll_component|auto_generated|pll1|clk[0] ; 0.000        ; 0.081      ; 1.434      ;
; 1.143 ; VGA_Control:VGA_Control_Instance|count_h[2] ; VGA_Control:VGA_Control_Instance|count_h[3] ; pll_inst|altpll_component|auto_generated|pll1|clk[0] ; pll_inst|altpll_component|auto_generated|pll1|clk[0] ; 0.000        ; 0.081      ; 1.436      ;
; 1.143 ; VGA_Control:VGA_Control_Instance|count_h[4] ; VGA_Control:VGA_Control_Instance|count_h[6] ; pll_inst|altpll_component|auto_generated|pll1|clk[0] ; pll_inst|altpll_component|auto_generated|pll1|clk[0] ; 0.000        ; 0.081      ; 1.436      ;
; 1.152 ; VGA_Control:VGA_Control_Instance|count_h[2] ; VGA_Control:VGA_Control_Instance|count_h[4] ; pll_inst|altpll_component|auto_generated|pll1|clk[0] ; pll_inst|altpll_component|auto_generated|pll1|clk[0] ; 0.000        ; 0.081      ; 1.445      ;
; 1.233 ; VGA_Control:VGA_Control_Instance|count_h[0] ; VGA_Control:VGA_Control_Instance|count_h[8] ; pll_inst|altpll_component|auto_generated|pll1|clk[0] ; pll_inst|altpll_component|auto_generated|pll1|clk[0] ; 0.000        ; 0.081      ; 1.526      ;
; 1.249 ; VGA_Control:VGA_Control_Instance|count_h[5] ; VGA_Control:VGA_Control_Instance|count_h[7] ; pll_inst|altpll_component|auto_generated|pll1|clk[0] ; pll_inst|altpll_component|auto_generated|pll1|clk[0] ; 0.000        ; 0.081      ; 1.542      ;
; 1.263 ; VGA_Control:VGA_Control_Instance|count_h[1] ; VGA_Control:VGA_Control_Instance|count_h[3] ; pll_inst|altpll_component|auto_generated|pll1|clk[0] ; pll_inst|altpll_component|auto_generated|pll1|clk[0] ; 0.000        ; 0.081      ; 1.556      ;
; 1.272 ; VGA_Control:VGA_Control_Instance|count_h[1] ; VGA_Control:VGA_Control_Instance|count_h[4] ; pll_inst|altpll_component|auto_generated|pll1|clk[0] ; pll_inst|altpll_component|auto_generated|pll1|clk[0] ; 0.000        ; 0.081      ; 1.565      ;
; 1.272 ; VGA_Control:VGA_Control_Instance|count_h[0] ; VGA_Control:VGA_Control_Instance|count_h[3] ; pll_inst|altpll_component|auto_generated|pll1|clk[0] ; pll_inst|altpll_component|auto_generated|pll1|clk[0] ; 0.000        ; 0.081      ; 1.565      ;
; 1.274 ; VGA_Control:VGA_Control_Instance|count_h[3] ; VGA_Control:VGA_Control_Instance|count_h[6] ; pll_inst|altpll_component|auto_generated|pll1|clk[0] ; pll_inst|altpll_component|auto_generated|pll1|clk[0] ; 0.000        ; 0.081      ; 1.567      ;
; 1.274 ; VGA_Control:VGA_Control_Instance|count_h[4] ; VGA_Control:VGA_Control_Instance|count_h[7] ; pll_inst|altpll_component|auto_generated|pll1|clk[0] ; pll_inst|altpll_component|auto_generated|pll1|clk[0] ; 0.000        ; 0.081      ; 1.567      ;
; 1.281 ; VGA_Control:VGA_Control_Instance|count_h[0] ; VGA_Control:VGA_Control_Instance|count_h[4] ; pll_inst|altpll_component|auto_generated|pll1|clk[0] ; pll_inst|altpll_component|auto_generated|pll1|clk[0] ; 0.000        ; 0.081      ; 1.574      ;
; 1.292 ; VGA_Control:VGA_Control_Instance|count_h[2] ; VGA_Control:VGA_Control_Instance|count_h[6] ; pll_inst|altpll_component|auto_generated|pll1|clk[0] ; pll_inst|altpll_component|auto_generated|pll1|clk[0] ; 0.000        ; 0.081      ; 1.585      ;
; 1.306 ; VGA_Control:VGA_Control_Instance|count_h[8] ; VGA_Control:VGA_Control_Instance|count_h[8] ; pll_inst|altpll_component|auto_generated|pll1|clk[0] ; pll_inst|altpll_component|auto_generated|pll1|clk[0] ; 0.000        ; 0.081      ; 1.599      ;
; 1.309 ; VGA_Control:VGA_Control_Instance|count_v[5] ; VGA_Control:VGA_Control_Instance|count_v[1] ; pll_inst|altpll_component|auto_generated|pll1|clk[0] ; pll_inst|altpll_component|auto_generated|pll1|clk[0] ; 0.000        ; 0.081      ; 1.602      ;
; 1.311 ; VGA_Control:VGA_Control_Instance|count_v[5] ; VGA_Control:VGA_Control_Instance|count_v[3] ; pll_inst|altpll_component|auto_generated|pll1|clk[0] ; pll_inst|altpll_component|auto_generated|pll1|clk[0] ; 0.000        ; 0.081      ; 1.604      ;
; 1.312 ; VGA_Control:VGA_Control_Instance|count_v[5] ; VGA_Control:VGA_Control_Instance|count_v[2] ; pll_inst|altpll_component|auto_generated|pll1|clk[0] ; pll_inst|altpll_component|auto_generated|pll1|clk[0] ; 0.000        ; 0.081      ; 1.605      ;
; 1.346 ; VGA_Control:VGA_Control_Instance|count_h[1] ; VGA_Control:VGA_Control_Instance|count_h[5] ; pll_inst|altpll_component|auto_generated|pll1|clk[0] ; pll_inst|altpll_component|auto_generated|pll1|clk[0] ; 0.000        ; 0.081      ; 1.639      ;
; 1.347 ; VGA_Control:VGA_Control_Instance|count_h[1] ; VGA_Control:VGA_Control_Instance|count_h[9] ; pll_inst|altpll_component|auto_generated|pll1|clk[0] ; pll_inst|altpll_component|auto_generated|pll1|clk[0] ; 0.000        ; 0.081      ; 1.640      ;
; 1.402 ; VGA_Control:VGA_Control_Instance|count_h[5] ; VGA_Control:VGA_Control_Instance|count_h[5] ; pll_inst|altpll_component|auto_generated|pll1|clk[0] ; pll_inst|altpll_component|auto_generated|pll1|clk[0] ; 0.000        ; 0.081      ; 1.695      ;
; 1.405 ; VGA_Control:VGA_Control_Instance|count_h[3] ; VGA_Control:VGA_Control_Instance|count_h[7] ; pll_inst|altpll_component|auto_generated|pll1|clk[0] ; pll_inst|altpll_component|auto_generated|pll1|clk[0] ; 0.000        ; 0.081      ; 1.698      ;
; 1.406 ; VGA_Control:VGA_Control_Instance|count_h[9] ; VGA_Control:VGA_Control_Instance|count_h[9] ; pll_inst|altpll_component|auto_generated|pll1|clk[0] ; pll_inst|altpll_component|auto_generated|pll1|clk[0] ; 0.000        ; 0.081      ; 1.699      ;
; 1.412 ; VGA_Control:VGA_Control_Instance|count_h[1] ; VGA_Control:VGA_Control_Instance|count_h[6] ; pll_inst|altpll_component|auto_generated|pll1|clk[0] ; pll_inst|altpll_component|auto_generated|pll1|clk[0] ; 0.000        ; 0.081      ; 1.705      ;
; 1.413 ; VGA_Control:VGA_Control_Instance|count_h[0] ; VGA_Control:VGA_Control_Instance|count_v[1] ; pll_inst|altpll_component|auto_generated|pll1|clk[0] ; pll_inst|altpll_component|auto_generated|pll1|clk[0] ; 0.000        ; 0.082      ; 1.707      ;
; 1.421 ; VGA_Control:VGA_Control_Instance|count_h[0] ; VGA_Control:VGA_Control_Instance|count_h[6] ; pll_inst|altpll_component|auto_generated|pll1|clk[0] ; pll_inst|altpll_component|auto_generated|pll1|clk[0] ; 0.000        ; 0.081      ; 1.714      ;
; 1.423 ; VGA_Control:VGA_Control_Instance|count_h[2] ; VGA_Control:VGA_Control_Instance|count_h[7] ; pll_inst|altpll_component|auto_generated|pll1|clk[0] ; pll_inst|altpll_component|auto_generated|pll1|clk[0] ; 0.000        ; 0.081      ; 1.716      ;
; 1.441 ; VGA_Control:VGA_Control_Instance|count_h[0] ; VGA_Control:VGA_Control_Instance|count_v[4] ; pll_inst|altpll_component|auto_generated|pll1|clk[0] ; pll_inst|altpll_component|auto_generated|pll1|clk[0] ; 0.000        ; 0.082      ; 1.735      ;
; 1.441 ; VGA_Control:VGA_Control_Instance|count_h[0] ; VGA_Control:VGA_Control_Instance|count_v[6] ; pll_inst|altpll_component|auto_generated|pll1|clk[0] ; pll_inst|altpll_component|auto_generated|pll1|clk[0] ; 0.000        ; 0.082      ; 1.735      ;
; 1.441 ; VGA_Control:VGA_Control_Instance|count_h[0] ; VGA_Control:VGA_Control_Instance|count_v[7] ; pll_inst|altpll_component|auto_generated|pll1|clk[0] ; pll_inst|altpll_component|auto_generated|pll1|clk[0] ; 0.000        ; 0.082      ; 1.735      ;
; 1.454 ; VGA_Control:VGA_Control_Instance|count_v[2] ; VGA_Pixel:VGA_Pixel_Instance|pixel_data[0]  ; pll_inst|altpll_component|auto_generated|pll1|clk[0] ; pll_inst|altpll_component|auto_generated|pll1|clk[0] ; 0.000        ; 0.081      ; 1.747      ;
; 1.480 ; VGA_Control:VGA_Control_Instance|count_h[1] ; VGA_Control:VGA_Control_Instance|count_h[8] ; pll_inst|altpll_component|auto_generated|pll1|clk[0] ; pll_inst|altpll_component|auto_generated|pll1|clk[0] ; 0.000        ; 0.081      ; 1.773      ;
; 1.485 ; VGA_Control:VGA_Control_Instance|count_v[5] ; VGA_Control:VGA_Control_Instance|count_v[0] ; pll_inst|altpll_component|auto_generated|pll1|clk[0] ; pll_inst|altpll_component|auto_generated|pll1|clk[0] ; 0.000        ; 0.081      ; 1.778      ;
; 1.486 ; VGA_Control:VGA_Control_Instance|count_v[5] ; VGA_Control:VGA_Control_Instance|count_v[8] ; pll_inst|altpll_component|auto_generated|pll1|clk[0] ; pll_inst|altpll_component|auto_generated|pll1|clk[0] ; 0.000        ; 0.081      ; 1.779      ;
; 1.539 ; VGA_Control:VGA_Control_Instance|count_v[8] ; VGA_Control:VGA_Control_Instance|count_v[1] ; pll_inst|altpll_component|auto_generated|pll1|clk[0] ; pll_inst|altpll_component|auto_generated|pll1|clk[0] ; 0.000        ; 0.081      ; 1.832      ;
; 1.541 ; VGA_Control:VGA_Control_Instance|count_v[8] ; VGA_Control:VGA_Control_Instance|count_v[3] ; pll_inst|altpll_component|auto_generated|pll1|clk[0] ; pll_inst|altpll_component|auto_generated|pll1|clk[0] ; 0.000        ; 0.081      ; 1.834      ;
; 1.542 ; VGA_Control:VGA_Control_Instance|count_v[8] ; VGA_Control:VGA_Control_Instance|count_v[2] ; pll_inst|altpll_component|auto_generated|pll1|clk[0] ; pll_inst|altpll_component|auto_generated|pll1|clk[0] ; 0.000        ; 0.081      ; 1.835      ;
; 1.543 ; VGA_Control:VGA_Control_Instance|count_h[1] ; VGA_Control:VGA_Control_Instance|count_h[7] ; pll_inst|altpll_component|auto_generated|pll1|clk[0] ; pll_inst|altpll_component|auto_generated|pll1|clk[0] ; 0.000        ; 0.081      ; 1.836      ;
; 1.552 ; VGA_Control:VGA_Control_Instance|count_h[0] ; VGA_Control:VGA_Control_Instance|count_h[7] ; pll_inst|altpll_component|auto_generated|pll1|clk[0] ; pll_inst|altpll_component|auto_generated|pll1|clk[0] ; 0.000        ; 0.081      ; 1.845      ;
; 1.565 ; VGA_Control:VGA_Control_Instance|count_v[5] ; VGA_Control:VGA_Control_Instance|count_v[9] ; pll_inst|altpll_component|auto_generated|pll1|clk[0] ; pll_inst|altpll_component|auto_generated|pll1|clk[0] ; 0.000        ; 0.081      ; 1.858      ;
; 1.660 ; VGA_Control:VGA_Control_Instance|count_h[1] ; VGA_Control:VGA_Control_Instance|count_v[1] ; pll_inst|altpll_component|auto_generated|pll1|clk[0] ; pll_inst|altpll_component|auto_generated|pll1|clk[0] ; 0.000        ; 0.082      ; 1.954      ;
; 1.660 ; VGA_Control:VGA_Control_Instance|count_v[4] ; VGA_Control:VGA_Control_Instance|count_v[5] ; pll_inst|altpll_component|auto_generated|pll1|clk[0] ; pll_inst|altpll_component|auto_generated|pll1|clk[0] ; 0.000        ; 0.081      ; 1.953      ;
; 1.664 ; VGA_Control:VGA_Control_Instance|count_h[7] ; VGA_Control:VGA_Control_Instance|count_h[8] ; pll_inst|altpll_component|auto_generated|pll1|clk[0] ; pll_inst|altpll_component|auto_generated|pll1|clk[0] ; 0.000        ; 0.081      ; 1.957      ;
; 1.674 ; VGA_Control:VGA_Control_Instance|count_v[8] ; VGA_Control:VGA_Control_Instance|count_v[9] ; pll_inst|altpll_component|auto_generated|pll1|clk[0] ; pll_inst|altpll_component|auto_generated|pll1|clk[0] ; 0.000        ; 0.081      ; 1.967      ;
; 1.674 ; VGA_Control:VGA_Control_Instance|count_h[6] ; VGA_Control:VGA_Control_Instance|count_h[8] ; pll_inst|altpll_component|auto_generated|pll1|clk[0] ; pll_inst|altpll_component|auto_generated|pll1|clk[0] ; 0.000        ; 0.081      ; 1.967      ;
; 1.682 ; VGA_Control:VGA_Control_Instance|count_h[0] ; VGA_Control:VGA_Control_Instance|count_v[3] ; pll_inst|altpll_component|auto_generated|pll1|clk[0] ; pll_inst|altpll_component|auto_generated|pll1|clk[0] ; 0.000        ; 0.082      ; 1.976      ;
; 1.683 ; VGA_Control:VGA_Control_Instance|count_v[7] ; VGA_Control:VGA_Control_Instance|count_v[1] ; pll_inst|altpll_component|auto_generated|pll1|clk[0] ; pll_inst|altpll_component|auto_generated|pll1|clk[0] ; 0.000        ; 0.081      ; 1.976      ;
; 1.685 ; VGA_Control:VGA_Control_Instance|count_h[0] ; VGA_Control:VGA_Control_Instance|count_v[2] ; pll_inst|altpll_component|auto_generated|pll1|clk[0] ; pll_inst|altpll_component|auto_generated|pll1|clk[0] ; 0.000        ; 0.082      ; 1.979      ;
; 1.685 ; VGA_Control:VGA_Control_Instance|count_v[7] ; VGA_Control:VGA_Control_Instance|count_v[3] ; pll_inst|altpll_component|auto_generated|pll1|clk[0] ; pll_inst|altpll_component|auto_generated|pll1|clk[0] ; 0.000        ; 0.081      ; 1.978      ;
; 1.686 ; VGA_Control:VGA_Control_Instance|count_v[7] ; VGA_Control:VGA_Control_Instance|count_v[2] ; pll_inst|altpll_component|auto_generated|pll1|clk[0] ; pll_inst|altpll_component|auto_generated|pll1|clk[0] ; 0.000        ; 0.081      ; 1.979      ;
; 1.696 ; VGA_Control:VGA_Control_Instance|count_h[1] ; VGA_Control:VGA_Control_Instance|count_v[4] ; pll_inst|altpll_component|auto_generated|pll1|clk[0] ; pll_inst|altpll_component|auto_generated|pll1|clk[0] ; 0.000        ; 0.082      ; 1.990      ;
; 1.696 ; VGA_Control:VGA_Control_Instance|count_h[1] ; VGA_Control:VGA_Control_Instance|count_v[6] ; pll_inst|altpll_component|auto_generated|pll1|clk[0] ; pll_inst|altpll_component|auto_generated|pll1|clk[0] ; 0.000        ; 0.082      ; 1.990      ;
; 1.697 ; VGA_Control:VGA_Control_Instance|count_h[1] ; VGA_Control:VGA_Control_Instance|count_v[7] ; pll_inst|altpll_component|auto_generated|pll1|clk[0] ; pll_inst|altpll_component|auto_generated|pll1|clk[0] ; 0.000        ; 0.082      ; 1.991      ;
; 1.704 ; VGA_Control:VGA_Control_Instance|count_h[0] ; VGA_Control:VGA_Control_Instance|count_v[9] ; pll_inst|altpll_component|auto_generated|pll1|clk[0] ; pll_inst|altpll_component|auto_generated|pll1|clk[0] ; 0.000        ; 0.082      ; 1.998      ;
; 1.706 ; VGA_Control:VGA_Control_Instance|count_h[0] ; VGA_Control:VGA_Control_Instance|count_v[5] ; pll_inst|altpll_component|auto_generated|pll1|clk[0] ; pll_inst|altpll_component|auto_generated|pll1|clk[0] ; 0.000        ; 0.082      ; 2.000      ;
; 1.708 ; VGA_Control:VGA_Control_Instance|count_h[0] ; VGA_Control:VGA_Control_Instance|count_v[0] ; pll_inst|altpll_component|auto_generated|pll1|clk[0] ; pll_inst|altpll_component|auto_generated|pll1|clk[0] ; 0.000        ; 0.082      ; 2.002      ;
; 1.709 ; VGA_Control:VGA_Control_Instance|count_h[0] ; VGA_Control:VGA_Control_Instance|count_v[8] ; pll_inst|altpll_component|auto_generated|pll1|clk[0] ; pll_inst|altpll_component|auto_generated|pll1|clk[0] ; 0.000        ; 0.082      ; 2.003      ;
; 1.715 ; VGA_Control:VGA_Control_Instance|count_v[8] ; VGA_Control:VGA_Control_Instance|count_v[0] ; pll_inst|altpll_component|auto_generated|pll1|clk[0] ; pll_inst|altpll_component|auto_generated|pll1|clk[0] ; 0.000        ; 0.081      ; 2.008      ;
; 1.736 ; VGA_Control:VGA_Control_Instance|count_v[8] ; VGA_Pixel:VGA_Pixel_Instance|pixel_data[0]  ; pll_inst|altpll_component|auto_generated|pll1|clk[0] ; pll_inst|altpll_component|auto_generated|pll1|clk[0] ; 0.000        ; 0.081      ; 2.029      ;
; 1.749 ; VGA_Control:VGA_Control_Instance|count_h[3] ; VGA_Control:VGA_Control_Instance|count_h[5] ; pll_inst|altpll_component|auto_generated|pll1|clk[0] ; pll_inst|altpll_component|auto_generated|pll1|clk[0] ; 0.000        ; 0.081      ; 2.042      ;
; 1.750 ; VGA_Control:VGA_Control_Instance|count_h[3] ; VGA_Control:VGA_Control_Instance|count_h[9] ; pll_inst|altpll_component|auto_generated|pll1|clk[0] ; pll_inst|altpll_component|auto_generated|pll1|clk[0] ; 0.000        ; 0.081      ; 2.043      ;
; 1.776 ; VGA_Control:VGA_Control_Instance|count_h[8] ; VGA_Control:VGA_Control_Instance|count_h[9] ; pll_inst|altpll_component|auto_generated|pll1|clk[0] ; pll_inst|altpll_component|auto_generated|pll1|clk[0] ; 0.000        ; 0.081      ; 2.069      ;
; 1.781 ; VGA_Control:VGA_Control_Instance|count_v[5] ; VGA_Control:VGA_Control_Instance|count_v[6] ; pll_inst|altpll_component|auto_generated|pll1|clk[0] ; pll_inst|altpll_component|auto_generated|pll1|clk[0] ; 0.000        ; 0.081      ; 2.074      ;
; 1.781 ; VGA_Control:VGA_Control_Instance|count_v[5] ; VGA_Control:VGA_Control_Instance|count_v[7] ; pll_inst|altpll_component|auto_generated|pll1|clk[0] ; pll_inst|altpll_component|auto_generated|pll1|clk[0] ; 0.000        ; 0.081      ; 2.074      ;
; 1.781 ; VGA_Control:VGA_Control_Instance|count_h[4] ; VGA_Control:VGA_Control_Instance|count_h[5] ; pll_inst|altpll_component|auto_generated|pll1|clk[0] ; pll_inst|altpll_component|auto_generated|pll1|clk[0] ; 0.000        ; 0.081      ; 2.074      ;
; 1.784 ; VGA_Control:VGA_Control_Instance|count_v[7] ; VGA_Control:VGA_Control_Instance|count_v[8] ; pll_inst|altpll_component|auto_generated|pll1|clk[0] ; pll_inst|altpll_component|auto_generated|pll1|clk[0] ; 0.000        ; 0.081      ; 2.077      ;
; 1.792 ; VGA_Control:VGA_Control_Instance|count_v[7] ; VGA_Control:VGA_Control_Instance|count_v[9] ; pll_inst|altpll_component|auto_generated|pll1|clk[0] ; pll_inst|altpll_component|auto_generated|pll1|clk[0] ; 0.000        ; 0.081      ; 2.085      ;
; 1.796 ; VGA_Control:VGA_Control_Instance|count_v[8] ; VGA_Control:VGA_Control_Instance|count_v[5] ; pll_inst|altpll_component|auto_generated|pll1|clk[0] ; pll_inst|altpll_component|auto_generated|pll1|clk[0] ; 0.000        ; 0.081      ; 2.089      ;
; 1.798 ; VGA_Control:VGA_Control_Instance|count_h[5] ; VGA_Control:VGA_Control_Instance|count_h[8] ; pll_inst|altpll_component|auto_generated|pll1|clk[0] ; pll_inst|altpll_component|auto_generated|pll1|clk[0] ; 0.000        ; 0.081      ; 2.091      ;
; 1.803 ; VGA_Control:VGA_Control_Instance|count_v[6] ; VGA_Control:VGA_Control_Instance|count_v[8] ; pll_inst|altpll_component|auto_generated|pll1|clk[0] ; pll_inst|altpll_component|auto_generated|pll1|clk[0] ; 0.000        ; 0.081      ; 2.096      ;
; 1.811 ; VGA_Control:VGA_Control_Instance|count_v[6] ; VGA_Control:VGA_Control_Instance|count_v[9] ; pll_inst|altpll_component|auto_generated|pll1|clk[0] ; pll_inst|altpll_component|auto_generated|pll1|clk[0] ; 0.000        ; 0.081      ; 2.104      ;
; 1.823 ; VGA_Control:VGA_Control_Instance|count_h[4] ; VGA_Control:VGA_Control_Instance|count_h[8] ; pll_inst|altpll_component|auto_generated|pll1|clk[0] ; pll_inst|altpll_component|auto_generated|pll1|clk[0] ; 0.000        ; 0.081      ; 2.116      ;
; 1.859 ; VGA_Control:VGA_Control_Instance|count_v[7] ; VGA_Control:VGA_Control_Instance|count_v[0] ; pll_inst|altpll_component|auto_generated|pll1|clk[0] ; pll_inst|altpll_component|auto_generated|pll1|clk[0] ; 0.000        ; 0.081      ; 2.152      ;
; 1.876 ; VGA_Control:VGA_Control_Instance|count_v[0] ; VGA_Control:VGA_Control_Instance|count_v[1] ; pll_inst|altpll_component|auto_generated|pll1|clk[0] ; pll_inst|altpll_component|auto_generated|pll1|clk[0] ; 0.000        ; 0.081      ; 2.169      ;
; 1.878 ; VGA_Control:VGA_Control_Instance|count_v[0] ; VGA_Control:VGA_Control_Instance|count_v[3] ; pll_inst|altpll_component|auto_generated|pll1|clk[0] ; pll_inst|altpll_component|auto_generated|pll1|clk[0] ; 0.000        ; 0.081      ; 2.171      ;
+-------+---------------------------------------------+---------------------------------------------+------------------------------------------------------+------------------------------------------------------+--------------+------------+------------+


+--------------------------------------------------------------------------------------------------------------------------------------------------------+
; Slow 1200mV 85C Model Minimum Pulse Width: 'system_clock'                                                                                              ;
+--------+--------------+----------------+------------------+--------------+------------+----------------------------------------------------------------+
; Slack  ; Actual Width ; Required Width ; Type             ; Clock        ; Clock Edge ; Target                                                         ;
+--------+--------------+----------------+------------------+--------------+------------+----------------------------------------------------------------+
; 9.934  ; 9.934        ; 0.000          ; Low Pulse Width  ; system_clock ; Rise       ; pll_inst|altpll_component|auto_generated|pll1|clk[0]           ;
; 9.934  ; 9.934        ; 0.000          ; Low Pulse Width  ; system_clock ; Rise       ; pll_inst|altpll_component|auto_generated|pll1|observablevcoout ;
; 9.954  ; 9.954        ; 0.000          ; Low Pulse Width  ; system_clock ; Rise       ; system_clock~input|o                                           ;
; 9.977  ; 9.977        ; 0.000          ; Low Pulse Width  ; system_clock ; Rise       ; pll_inst|altpll_component|auto_generated|pll1|inclk[0]         ;
; 10.000 ; 10.000       ; 0.000          ; High Pulse Width ; system_clock ; Rise       ; system_clock~input|i                                           ;
; 10.000 ; 10.000       ; 0.000          ; Low Pulse Width  ; system_clock ; Rise       ; system_clock~input|i                                           ;
; 10.022 ; 10.022       ; 0.000          ; High Pulse Width ; system_clock ; Rise       ; pll_inst|altpll_component|auto_generated|pll1|inclk[0]         ;
; 10.046 ; 10.046       ; 0.000          ; High Pulse Width ; system_clock ; Rise       ; system_clock~input|o                                           ;
; 10.066 ; 10.066       ; 0.000          ; High Pulse Width ; system_clock ; Rise       ; pll_inst|altpll_component|auto_generated|pll1|clk[0]           ;
; 10.066 ; 10.066       ; 0.000          ; High Pulse Width ; system_clock ; Rise       ; pll_inst|altpll_component|auto_generated|pll1|observablevcoout ;
; 16.000 ; 20.000       ; 4.000          ; Port Rate        ; system_clock ; Rise       ; system_clock                                                   ;
+--------+--------------+----------------+------------------+--------------+------------+----------------------------------------------------------------+


+------------------------------------------------------------------------------------------------------------------------------------------------------------------------------------------------------------+
; Slow 1200mV 85C Model Minimum Pulse Width: 'pll_inst|altpll_component|auto_generated|pll1|clk[0]'                                                                                                          ;
+--------+--------------+----------------+------------------+------------------------------------------------------+------------+----------------------------------------------------------------------------+
; Slack  ; Actual Width ; Required Width ; Type             ; Clock                                                ; Clock Edge ; Target                                                                     ;
+--------+--------------+----------------+------------------+------------------------------------------------------+------------+----------------------------------------------------------------------------+
; 19.718 ; 19.938       ; 0.220          ; High Pulse Width ; pll_inst|altpll_component|auto_generated|pll1|clk[0] ; Rise       ; VGA_Control:VGA_Control_Instance|count_h[0]                                ;
; 19.718 ; 19.938       ; 0.220          ; High Pulse Width ; pll_inst|altpll_component|auto_generated|pll1|clk[0] ; Rise       ; VGA_Control:VGA_Control_Instance|count_h[1]                                ;
; 19.718 ; 19.938       ; 0.220          ; High Pulse Width ; pll_inst|altpll_component|auto_generated|pll1|clk[0] ; Rise       ; VGA_Control:VGA_Control_Instance|count_h[2]                                ;
; 19.718 ; 19.938       ; 0.220          ; High Pulse Width ; pll_inst|altpll_component|auto_generated|pll1|clk[0] ; Rise       ; VGA_Control:VGA_Control_Instance|count_h[3]                                ;
; 19.718 ; 19.938       ; 0.220          ; High Pulse Width ; pll_inst|altpll_component|auto_generated|pll1|clk[0] ; Rise       ; VGA_Control:VGA_Control_Instance|count_h[4]                                ;
; 19.718 ; 19.938       ; 0.220          ; High Pulse Width ; pll_inst|altpll_component|auto_generated|pll1|clk[0] ; Rise       ; VGA_Control:VGA_Control_Instance|count_h[5]                                ;
; 19.718 ; 19.938       ; 0.220          ; High Pulse Width ; pll_inst|altpll_component|auto_generated|pll1|clk[0] ; Rise       ; VGA_Control:VGA_Control_Instance|count_h[6]                                ;
; 19.718 ; 19.938       ; 0.220          ; High Pulse Width ; pll_inst|altpll_component|auto_generated|pll1|clk[0] ; Rise       ; VGA_Control:VGA_Control_Instance|count_h[7]                                ;
; 19.718 ; 19.938       ; 0.220          ; High Pulse Width ; pll_inst|altpll_component|auto_generated|pll1|clk[0] ; Rise       ; VGA_Control:VGA_Control_Instance|count_h[8]                                ;
; 19.718 ; 19.938       ; 0.220          ; High Pulse Width ; pll_inst|altpll_component|auto_generated|pll1|clk[0] ; Rise       ; VGA_Control:VGA_Control_Instance|count_h[9]                                ;
; 19.718 ; 19.938       ; 0.220          ; High Pulse Width ; pll_inst|altpll_component|auto_generated|pll1|clk[0] ; Rise       ; VGA_Control:VGA_Control_Instance|count_v[0]                                ;
; 19.718 ; 19.938       ; 0.220          ; High Pulse Width ; pll_inst|altpll_component|auto_generated|pll1|clk[0] ; Rise       ; VGA_Control:VGA_Control_Instance|count_v[1]                                ;
; 19.718 ; 19.938       ; 0.220          ; High Pulse Width ; pll_inst|altpll_component|auto_generated|pll1|clk[0] ; Rise       ; VGA_Control:VGA_Control_Instance|count_v[2]                                ;
; 19.718 ; 19.938       ; 0.220          ; High Pulse Width ; pll_inst|altpll_component|auto_generated|pll1|clk[0] ; Rise       ; VGA_Control:VGA_Control_Instance|count_v[3]                                ;
; 19.718 ; 19.938       ; 0.220          ; High Pulse Width ; pll_inst|altpll_component|auto_generated|pll1|clk[0] ; Rise       ; VGA_Control:VGA_Control_Instance|count_v[4]                                ;
; 19.718 ; 19.938       ; 0.220          ; High Pulse Width ; pll_inst|altpll_component|auto_generated|pll1|clk[0] ; Rise       ; VGA_Control:VGA_Control_Instance|count_v[5]                                ;
; 19.718 ; 19.938       ; 0.220          ; High Pulse Width ; pll_inst|altpll_component|auto_generated|pll1|clk[0] ; Rise       ; VGA_Control:VGA_Control_Instance|count_v[6]                                ;
; 19.718 ; 19.938       ; 0.220          ; High Pulse Width ; pll_inst|altpll_component|auto_generated|pll1|clk[0] ; Rise       ; VGA_Control:VGA_Control_Instance|count_v[7]                                ;
; 19.718 ; 19.938       ; 0.220          ; High Pulse Width ; pll_inst|altpll_component|auto_generated|pll1|clk[0] ; Rise       ; VGA_Control:VGA_Control_Instance|count_v[8]                                ;
; 19.718 ; 19.938       ; 0.220          ; High Pulse Width ; pll_inst|altpll_component|auto_generated|pll1|clk[0] ; Rise       ; VGA_Control:VGA_Control_Instance|count_v[9]                                ;
; 19.718 ; 19.938       ; 0.220          ; High Pulse Width ; pll_inst|altpll_component|auto_generated|pll1|clk[0] ; Rise       ; VGA_Pixel:VGA_Pixel_Instance|pixel_data[0]                                 ;
; 19.871 ; 20.059       ; 0.188          ; Low Pulse Width  ; pll_inst|altpll_component|auto_generated|pll1|clk[0] ; Rise       ; VGA_Control:VGA_Control_Instance|count_h[0]                                ;
; 19.871 ; 20.059       ; 0.188          ; Low Pulse Width  ; pll_inst|altpll_component|auto_generated|pll1|clk[0] ; Rise       ; VGA_Control:VGA_Control_Instance|count_h[1]                                ;
; 19.871 ; 20.059       ; 0.188          ; Low Pulse Width  ; pll_inst|altpll_component|auto_generated|pll1|clk[0] ; Rise       ; VGA_Control:VGA_Control_Instance|count_h[2]                                ;
; 19.871 ; 20.059       ; 0.188          ; Low Pulse Width  ; pll_inst|altpll_component|auto_generated|pll1|clk[0] ; Rise       ; VGA_Control:VGA_Control_Instance|count_h[3]                                ;
; 19.871 ; 20.059       ; 0.188          ; Low Pulse Width  ; pll_inst|altpll_component|auto_generated|pll1|clk[0] ; Rise       ; VGA_Control:VGA_Control_Instance|count_h[4]                                ;
; 19.871 ; 20.059       ; 0.188          ; Low Pulse Width  ; pll_inst|altpll_component|auto_generated|pll1|clk[0] ; Rise       ; VGA_Control:VGA_Control_Instance|count_h[5]                                ;
; 19.871 ; 20.059       ; 0.188          ; Low Pulse Width  ; pll_inst|altpll_component|auto_generated|pll1|clk[0] ; Rise       ; VGA_Control:VGA_Control_Instance|count_h[6]                                ;
; 19.871 ; 20.059       ; 0.188          ; Low Pulse Width  ; pll_inst|altpll_component|auto_generated|pll1|clk[0] ; Rise       ; VGA_Control:VGA_Control_Instance|count_h[7]                                ;
; 19.871 ; 20.059       ; 0.188          ; Low Pulse Width  ; pll_inst|altpll_component|auto_generated|pll1|clk[0] ; Rise       ; VGA_Control:VGA_Control_Instance|count_h[8]                                ;
; 19.871 ; 20.059       ; 0.188          ; Low Pulse Width  ; pll_inst|altpll_component|auto_generated|pll1|clk[0] ; Rise       ; VGA_Control:VGA_Control_Instance|count_h[9]                                ;
; 19.872 ; 20.060       ; 0.188          ; Low Pulse Width  ; pll_inst|altpll_component|auto_generated|pll1|clk[0] ; Rise       ; VGA_Control:VGA_Control_Instance|count_v[0]                                ;
; 19.872 ; 20.060       ; 0.188          ; Low Pulse Width  ; pll_inst|altpll_component|auto_generated|pll1|clk[0] ; Rise       ; VGA_Control:VGA_Control_Instance|count_v[1]                                ;
; 19.872 ; 20.060       ; 0.188          ; Low Pulse Width  ; pll_inst|altpll_component|auto_generated|pll1|clk[0] ; Rise       ; VGA_Control:VGA_Control_Instance|count_v[2]                                ;
; 19.872 ; 20.060       ; 0.188          ; Low Pulse Width  ; pll_inst|altpll_component|auto_generated|pll1|clk[0] ; Rise       ; VGA_Control:VGA_Control_Instance|count_v[3]                                ;
; 19.872 ; 20.060       ; 0.188          ; Low Pulse Width  ; pll_inst|altpll_component|auto_generated|pll1|clk[0] ; Rise       ; VGA_Control:VGA_Control_Instance|count_v[4]                                ;
; 19.872 ; 20.060       ; 0.188          ; Low Pulse Width  ; pll_inst|altpll_component|auto_generated|pll1|clk[0] ; Rise       ; VGA_Control:VGA_Control_Instance|count_v[5]                                ;
; 19.872 ; 20.060       ; 0.188          ; Low Pulse Width  ; pll_inst|altpll_component|auto_generated|pll1|clk[0] ; Rise       ; VGA_Control:VGA_Control_Instance|count_v[6]                                ;
; 19.872 ; 20.060       ; 0.188          ; Low Pulse Width  ; pll_inst|altpll_component|auto_generated|pll1|clk[0] ; Rise       ; VGA_Control:VGA_Control_Instance|count_v[7]                                ;
; 19.872 ; 20.060       ; 0.188          ; Low Pulse Width  ; pll_inst|altpll_component|auto_generated|pll1|clk[0] ; Rise       ; VGA_Control:VGA_Control_Instance|count_v[8]                                ;
; 19.872 ; 20.060       ; 0.188          ; Low Pulse Width  ; pll_inst|altpll_component|auto_generated|pll1|clk[0] ; Rise       ; VGA_Control:VGA_Control_Instance|count_v[9]                                ;
; 19.872 ; 20.060       ; 0.188          ; Low Pulse Width  ; pll_inst|altpll_component|auto_generated|pll1|clk[0] ; Rise       ; VGA_Pixel:VGA_Pixel_Instance|pixel_data[0]                                 ;
; 19.967 ; 19.967       ; 0.000          ; High Pulse Width ; pll_inst|altpll_component|auto_generated|pll1|clk[0] ; Rise       ; pll_inst|altpll_component|auto_generated|wire_pll1_clk[0]~clkctrl|inclk[0] ;
; 19.967 ; 19.967       ; 0.000          ; High Pulse Width ; pll_inst|altpll_component|auto_generated|pll1|clk[0] ; Rise       ; pll_inst|altpll_component|auto_generated|wire_pll1_clk[0]~clkctrl|outclk   ;
; 19.987 ; 19.987       ; 0.000          ; High Pulse Width ; pll_inst|altpll_component|auto_generated|pll1|clk[0] ; Rise       ; VGA_Control_Instance|count_h[0]|clk                                        ;
; 19.987 ; 19.987       ; 0.000          ; High Pulse Width ; pll_inst|altpll_component|auto_generated|pll1|clk[0] ; Rise       ; VGA_Control_Instance|count_h[1]|clk                                        ;
; 19.987 ; 19.987       ; 0.000          ; High Pulse Width ; pll_inst|altpll_component|auto_generated|pll1|clk[0] ; Rise       ; VGA_Control_Instance|count_h[2]|clk                                        ;
; 19.987 ; 19.987       ; 0.000          ; High Pulse Width ; pll_inst|altpll_component|auto_generated|pll1|clk[0] ; Rise       ; VGA_Control_Instance|count_h[3]|clk                                        ;
; 19.987 ; 19.987       ; 0.000          ; High Pulse Width ; pll_inst|altpll_component|auto_generated|pll1|clk[0] ; Rise       ; VGA_Control_Instance|count_h[4]|clk                                        ;
; 19.987 ; 19.987       ; 0.000          ; High Pulse Width ; pll_inst|altpll_component|auto_generated|pll1|clk[0] ; Rise       ; VGA_Control_Instance|count_h[5]|clk                                        ;
; 19.987 ; 19.987       ; 0.000          ; High Pulse Width ; pll_inst|altpll_component|auto_generated|pll1|clk[0] ; Rise       ; VGA_Control_Instance|count_h[6]|clk                                        ;
; 19.987 ; 19.987       ; 0.000          ; High Pulse Width ; pll_inst|altpll_component|auto_generated|pll1|clk[0] ; Rise       ; VGA_Control_Instance|count_h[7]|clk                                        ;
; 19.987 ; 19.987       ; 0.000          ; High Pulse Width ; pll_inst|altpll_component|auto_generated|pll1|clk[0] ; Rise       ; VGA_Control_Instance|count_h[8]|clk                                        ;
; 19.987 ; 19.987       ; 0.000          ; High Pulse Width ; pll_inst|altpll_component|auto_generated|pll1|clk[0] ; Rise       ; VGA_Control_Instance|count_h[9]|clk                                        ;
; 19.987 ; 19.987       ; 0.000          ; High Pulse Width ; pll_inst|altpll_component|auto_generated|pll1|clk[0] ; Rise       ; VGA_Control_Instance|count_v[0]|clk                                        ;
; 19.987 ; 19.987       ; 0.000          ; High Pulse Width ; pll_inst|altpll_component|auto_generated|pll1|clk[0] ; Rise       ; VGA_Control_Instance|count_v[1]|clk                                        ;
; 19.987 ; 19.987       ; 0.000          ; High Pulse Width ; pll_inst|altpll_component|auto_generated|pll1|clk[0] ; Rise       ; VGA_Control_Instance|count_v[2]|clk                                        ;
; 19.987 ; 19.987       ; 0.000          ; High Pulse Width ; pll_inst|altpll_component|auto_generated|pll1|clk[0] ; Rise       ; VGA_Control_Instance|count_v[3]|clk                                        ;
; 19.987 ; 19.987       ; 0.000          ; High Pulse Width ; pll_inst|altpll_component|auto_generated|pll1|clk[0] ; Rise       ; VGA_Control_Instance|count_v[4]|clk                                        ;
; 19.987 ; 19.987       ; 0.000          ; High Pulse Width ; pll_inst|altpll_component|auto_generated|pll1|clk[0] ; Rise       ; VGA_Control_Instance|count_v[5]|clk                                        ;
; 19.987 ; 19.987       ; 0.000          ; High Pulse Width ; pll_inst|altpll_component|auto_generated|pll1|clk[0] ; Rise       ; VGA_Control_Instance|count_v[6]|clk                                        ;
; 19.987 ; 19.987       ; 0.000          ; High Pulse Width ; pll_inst|altpll_component|auto_generated|pll1|clk[0] ; Rise       ; VGA_Control_Instance|count_v[7]|clk                                        ;
; 19.987 ; 19.987       ; 0.000          ; High Pulse Width ; pll_inst|altpll_component|auto_generated|pll1|clk[0] ; Rise       ; VGA_Control_Instance|count_v[8]|clk                                        ;
; 19.987 ; 19.987       ; 0.000          ; High Pulse Width ; pll_inst|altpll_component|auto_generated|pll1|clk[0] ; Rise       ; VGA_Control_Instance|count_v[9]|clk                                        ;
; 19.987 ; 19.987       ; 0.000          ; High Pulse Width ; pll_inst|altpll_component|auto_generated|pll1|clk[0] ; Rise       ; VGA_Pixel_Instance|pixel_data[0]|clk                                       ;
; 20.011 ; 20.011       ; 0.000          ; Low Pulse Width  ; pll_inst|altpll_component|auto_generated|pll1|clk[0] ; Rise       ; VGA_Control_Instance|count_h[0]|clk                                        ;
; 20.011 ; 20.011       ; 0.000          ; Low Pulse Width  ; pll_inst|altpll_component|auto_generated|pll1|clk[0] ; Rise       ; VGA_Control_Instance|count_h[1]|clk                                        ;
; 20.011 ; 20.011       ; 0.000          ; Low Pulse Width  ; pll_inst|altpll_component|auto_generated|pll1|clk[0] ; Rise       ; VGA_Control_Instance|count_h[2]|clk                                        ;
; 20.011 ; 20.011       ; 0.000          ; Low Pulse Width  ; pll_inst|altpll_component|auto_generated|pll1|clk[0] ; Rise       ; VGA_Control_Instance|count_h[3]|clk                                        ;
; 20.011 ; 20.011       ; 0.000          ; Low Pulse Width  ; pll_inst|altpll_component|auto_generated|pll1|clk[0] ; Rise       ; VGA_Control_Instance|count_h[4]|clk                                        ;
; 20.011 ; 20.011       ; 0.000          ; Low Pulse Width  ; pll_inst|altpll_component|auto_generated|pll1|clk[0] ; Rise       ; VGA_Control_Instance|count_h[5]|clk                                        ;
; 20.011 ; 20.011       ; 0.000          ; Low Pulse Width  ; pll_inst|altpll_component|auto_generated|pll1|clk[0] ; Rise       ; VGA_Control_Instance|count_h[6]|clk                                        ;
; 20.011 ; 20.011       ; 0.000          ; Low Pulse Width  ; pll_inst|altpll_component|auto_generated|pll1|clk[0] ; Rise       ; VGA_Control_Instance|count_h[7]|clk                                        ;
; 20.011 ; 20.011       ; 0.000          ; Low Pulse Width  ; pll_inst|altpll_component|auto_generated|pll1|clk[0] ; Rise       ; VGA_Control_Instance|count_h[8]|clk                                        ;
; 20.011 ; 20.011       ; 0.000          ; Low Pulse Width  ; pll_inst|altpll_component|auto_generated|pll1|clk[0] ; Rise       ; VGA_Control_Instance|count_h[9]|clk                                        ;
; 20.012 ; 20.012       ; 0.000          ; Low Pulse Width  ; pll_inst|altpll_component|auto_generated|pll1|clk[0] ; Rise       ; VGA_Control_Instance|count_v[0]|clk                                        ;
; 20.012 ; 20.012       ; 0.000          ; Low Pulse Width  ; pll_inst|altpll_component|auto_generated|pll1|clk[0] ; Rise       ; VGA_Control_Instance|count_v[1]|clk                                        ;
; 20.012 ; 20.012       ; 0.000          ; Low Pulse Width  ; pll_inst|altpll_component|auto_generated|pll1|clk[0] ; Rise       ; VGA_Control_Instance|count_v[2]|clk                                        ;
; 20.012 ; 20.012       ; 0.000          ; Low Pulse Width  ; pll_inst|altpll_component|auto_generated|pll1|clk[0] ; Rise       ; VGA_Control_Instance|count_v[3]|clk                                        ;
; 20.012 ; 20.012       ; 0.000          ; Low Pulse Width  ; pll_inst|altpll_component|auto_generated|pll1|clk[0] ; Rise       ; VGA_Control_Instance|count_v[4]|clk                                        ;
; 20.012 ; 20.012       ; 0.000          ; Low Pulse Width  ; pll_inst|altpll_component|auto_generated|pll1|clk[0] ; Rise       ; VGA_Control_Instance|count_v[5]|clk                                        ;
; 20.012 ; 20.012       ; 0.000          ; Low Pulse Width  ; pll_inst|altpll_component|auto_generated|pll1|clk[0] ; Rise       ; VGA_Control_Instance|count_v[6]|clk                                        ;
; 20.012 ; 20.012       ; 0.000          ; Low Pulse Width  ; pll_inst|altpll_component|auto_generated|pll1|clk[0] ; Rise       ; VGA_Control_Instance|count_v[7]|clk                                        ;
; 20.012 ; 20.012       ; 0.000          ; Low Pulse Width  ; pll_inst|altpll_component|auto_generated|pll1|clk[0] ; Rise       ; VGA_Control_Instance|count_v[8]|clk                                        ;
; 20.012 ; 20.012       ; 0.000          ; Low Pulse Width  ; pll_inst|altpll_component|auto_generated|pll1|clk[0] ; Rise       ; VGA_Control_Instance|count_v[9]|clk                                        ;
; 20.012 ; 20.012       ; 0.000          ; Low Pulse Width  ; pll_inst|altpll_component|auto_generated|pll1|clk[0] ; Rise       ; VGA_Pixel_Instance|pixel_data[0]|clk                                       ;
; 20.031 ; 20.031       ; 0.000          ; Low Pulse Width  ; pll_inst|altpll_component|auto_generated|pll1|clk[0] ; Rise       ; pll_inst|altpll_component|auto_generated|wire_pll1_clk[0]~clkctrl|inclk[0] ;
; 20.031 ; 20.031       ; 0.000          ; Low Pulse Width  ; pll_inst|altpll_component|auto_generated|pll1|clk[0] ; Rise       ; pll_inst|altpll_component|auto_generated|wire_pll1_clk[0]~clkctrl|outclk   ;
; 37.513 ; 40.000       ; 2.487          ; Min Period       ; pll_inst|altpll_component|auto_generated|pll1|clk[0] ; Rise       ; VGA_Control:VGA_Control_Instance|count_h[0]                                ;
; 37.513 ; 40.000       ; 2.487          ; Min Period       ; pll_inst|altpll_component|auto_generated|pll1|clk[0] ; Rise       ; VGA_Control:VGA_Control_Instance|count_h[1]                                ;
; 37.513 ; 40.000       ; 2.487          ; Min Period       ; pll_inst|altpll_component|auto_generated|pll1|clk[0] ; Rise       ; VGA_Control:VGA_Control_Instance|count_h[2]                                ;
; 37.513 ; 40.000       ; 2.487          ; Min Period       ; pll_inst|altpll_component|auto_generated|pll1|clk[0] ; Rise       ; VGA_Control:VGA_Control_Instance|count_h[3]                                ;
; 37.513 ; 40.000       ; 2.487          ; Min Period       ; pll_inst|altpll_component|auto_generated|pll1|clk[0] ; Rise       ; VGA_Control:VGA_Control_Instance|count_h[4]                                ;
; 37.513 ; 40.000       ; 2.487          ; Min Period       ; pll_inst|altpll_component|auto_generated|pll1|clk[0] ; Rise       ; VGA_Control:VGA_Control_Instance|count_h[5]                                ;
; 37.513 ; 40.000       ; 2.487          ; Min Period       ; pll_inst|altpll_component|auto_generated|pll1|clk[0] ; Rise       ; VGA_Control:VGA_Control_Instance|count_h[6]                                ;
; 37.513 ; 40.000       ; 2.487          ; Min Period       ; pll_inst|altpll_component|auto_generated|pll1|clk[0] ; Rise       ; VGA_Control:VGA_Control_Instance|count_h[7]                                ;
; 37.513 ; 40.000       ; 2.487          ; Min Period       ; pll_inst|altpll_component|auto_generated|pll1|clk[0] ; Rise       ; VGA_Control:VGA_Control_Instance|count_h[8]                                ;
; 37.513 ; 40.000       ; 2.487          ; Min Period       ; pll_inst|altpll_component|auto_generated|pll1|clk[0] ; Rise       ; VGA_Control:VGA_Control_Instance|count_h[9]                                ;
; 37.513 ; 40.000       ; 2.487          ; Min Period       ; pll_inst|altpll_component|auto_generated|pll1|clk[0] ; Rise       ; VGA_Control:VGA_Control_Instance|count_v[0]                                ;
; 37.513 ; 40.000       ; 2.487          ; Min Period       ; pll_inst|altpll_component|auto_generated|pll1|clk[0] ; Rise       ; VGA_Control:VGA_Control_Instance|count_v[1]                                ;
+--------+--------------+----------------+------------------+------------------------------------------------------+------------+----------------------------------------------------------------------------+


+----------------------------------------------------------------------------------------------------------------+
; Clock to Output Times                                                                                          ;
+-------------+--------------+-------+-------+------------+------------------------------------------------------+
; Data Port   ; Clock Port   ; Rise  ; Fall  ; Clock Edge ; Clock Reference                                      ;
+-------------+--------------+-------+-------+------------+------------------------------------------------------+
; hsync       ; system_clock ; 7.387 ; 7.589 ; Rise       ; pll_inst|altpll_component|auto_generated|pll1|clk[0] ;
; vga_rgb[*]  ; system_clock ; 8.793 ; 8.652 ; Rise       ; pll_inst|altpll_component|auto_generated|pll1|clk[0] ;
;  vga_rgb[0] ; system_clock ; 8.793 ; 8.652 ; Rise       ; pll_inst|altpll_component|auto_generated|pll1|clk[0] ;
; vsync       ; system_clock ; 7.352 ; 7.453 ; Rise       ; pll_inst|altpll_component|auto_generated|pll1|clk[0] ;
+-------------+--------------+-------+-------+------------+------------------------------------------------------+


+----------------------------------------------------------------------------------------------------------------+
; Minimum Clock to Output Times                                                                                  ;
+-------------+--------------+-------+-------+------------+------------------------------------------------------+
; Data Port   ; Clock Port   ; Rise  ; Fall  ; Clock Edge ; Clock Reference                                      ;
+-------------+--------------+-------+-------+------------+------------------------------------------------------+
; hsync       ; system_clock ; 5.574 ; 5.737 ; Rise       ; pll_inst|altpll_component|auto_generated|pll1|clk[0] ;
; vga_rgb[*]  ; system_clock ; 4.998 ; 4.912 ; Rise       ; pll_inst|altpll_component|auto_generated|pll1|clk[0] ;
;  vga_rgb[0] ; system_clock ; 4.998 ; 4.912 ; Rise       ; pll_inst|altpll_component|auto_generated|pll1|clk[0] ;
; vsync       ; system_clock ; 4.907 ; 5.054 ; Rise       ; pll_inst|altpll_component|auto_generated|pll1|clk[0] ;
+-------------+--------------+-------+-------+------------+------------------------------------------------------+


----------------------------------------------
; Slow 1200mV 85C Model Metastability Report ;
----------------------------------------------
No synchronizer chains to report.


+--------------------------------------------------------------------------------------------+
; Slow 1200mV 0C Model Fmax Summary                                                          ;
+------------+-----------------+------------------------------------------------------+------+
; Fmax       ; Restricted Fmax ; Clock Name                                           ; Note ;
+------------+-----------------+------------------------------------------------------+------+
; 165.18 MHz ; 165.18 MHz      ; pll_inst|altpll_component|auto_generated|pll1|clk[0] ;      ;
+------------+-----------------+------------------------------------------------------+------+
This panel reports FMAX for every clock in the design, regardless of the user-specified clock periods.  FMAX is only computed for paths where the source and destination registers or ports are driven by the same clock.  Paths of different clocks, including generated clocks, are ignored.  For paths between a clock and its inversion, FMAX is computed as if the rising and falling edges are scaled along with FMAX, such that the duty cycle (in terms of a percentage) is maintained. Altera recommends that you always use clock constraints and other slack reports for sign-off analysis.


+-------------------------------------------------------------------------------+
; Slow 1200mV 0C Model Setup Summary                                            ;
+------------------------------------------------------+--------+---------------+
; Clock                                                ; Slack  ; End Point TNS ;
+------------------------------------------------------+--------+---------------+
; pll_inst|altpll_component|auto_generated|pll1|clk[0] ; 33.946 ; 0.000         ;
+------------------------------------------------------+--------+---------------+


+------------------------------------------------------------------------------+
; Slow 1200mV 0C Model Hold Summary                                            ;
+------------------------------------------------------+-------+---------------+
; Clock                                                ; Slack ; End Point TNS ;
+------------------------------------------------------+-------+---------------+
; pll_inst|altpll_component|auto_generated|pll1|clk[0] ; 0.402 ; 0.000         ;
+------------------------------------------------------+-------+---------------+


-----------------------------------------
; Slow 1200mV 0C Model Recovery Summary ;
-----------------------------------------
No paths to report.


----------------------------------------
; Slow 1200mV 0C Model Removal Summary ;
----------------------------------------
No paths to report.


+-------------------------------------------------------------------------------+
; Slow 1200mV 0C Model Minimum Pulse Width Summary                              ;
+------------------------------------------------------+--------+---------------+
; Clock                                                ; Slack  ; End Point TNS ;
+------------------------------------------------------+--------+---------------+
; system_clock                                         ; 9.943  ; 0.000         ;
; pll_inst|altpll_component|auto_generated|pll1|clk[0] ; 19.718 ; 0.000         ;
+------------------------------------------------------+--------+---------------+


+-----------------------------------------------------------------------------------------------------------------------------------------------------------------------------------------------------------------------------------------------------------+
; Slow 1200mV 0C Model Setup: 'pll_inst|altpll_component|auto_generated|pll1|clk[0]'                                                                                                                                                                        ;
+--------+---------------------------------------------+---------------------------------------------+------------------------------------------------------+------------------------------------------------------+--------------+------------+------------+
; Slack  ; From Node                                   ; To Node                                     ; Launch Clock                                         ; Latch Clock                                          ; Relationship ; Clock Skew ; Data Delay ;
+--------+---------------------------------------------+---------------------------------------------+------------------------------------------------------+------------------------------------------------------+--------------+------------+------------+
; 33.946 ; VGA_Control:VGA_Control_Instance|count_h[4] ; VGA_Pixel:VGA_Pixel_Instance|pixel_data[0]  ; pll_inst|altpll_component|auto_generated|pll1|clk[0] ; pll_inst|altpll_component|auto_generated|pll1|clk[0] ; 40.000       ; -0.072     ; 5.984      ;
; 34.037 ; VGA_Control:VGA_Control_Instance|count_h[6] ; VGA_Pixel:VGA_Pixel_Instance|pixel_data[0]  ; pll_inst|altpll_component|auto_generated|pll1|clk[0] ; pll_inst|altpll_component|auto_generated|pll1|clk[0] ; 40.000       ; -0.072     ; 5.893      ;
; 34.049 ; VGA_Control:VGA_Control_Instance|count_h[5] ; VGA_Pixel:VGA_Pixel_Instance|pixel_data[0]  ; pll_inst|altpll_component|auto_generated|pll1|clk[0] ; pll_inst|altpll_component|auto_generated|pll1|clk[0] ; 40.000       ; -0.072     ; 5.881      ;
; 34.418 ; VGA_Control:VGA_Control_Instance|count_h[7] ; VGA_Pixel:VGA_Pixel_Instance|pixel_data[0]  ; pll_inst|altpll_component|auto_generated|pll1|clk[0] ; pll_inst|altpll_component|auto_generated|pll1|clk[0] ; 40.000       ; -0.072     ; 5.512      ;
; 34.878 ; VGA_Control:VGA_Control_Instance|count_h[0] ; VGA_Pixel:VGA_Pixel_Instance|pixel_data[0]  ; pll_inst|altpll_component|auto_generated|pll1|clk[0] ; pll_inst|altpll_component|auto_generated|pll1|clk[0] ; 40.000       ; -0.072     ; 5.052      ;
; 35.010 ; VGA_Control:VGA_Control_Instance|count_h[9] ; VGA_Control:VGA_Control_Instance|count_v[4] ; pll_inst|altpll_component|auto_generated|pll1|clk[0] ; pll_inst|altpll_component|auto_generated|pll1|clk[0] ; 40.000       ; -0.072     ; 4.920      ;
; 35.029 ; VGA_Control:VGA_Control_Instance|count_h[1] ; VGA_Pixel:VGA_Pixel_Instance|pixel_data[0]  ; pll_inst|altpll_component|auto_generated|pll1|clk[0] ; pll_inst|altpll_component|auto_generated|pll1|clk[0] ; 40.000       ; -0.072     ; 4.901      ;
; 35.036 ; VGA_Control:VGA_Control_Instance|count_h[8] ; VGA_Pixel:VGA_Pixel_Instance|pixel_data[0]  ; pll_inst|altpll_component|auto_generated|pll1|clk[0] ; pll_inst|altpll_component|auto_generated|pll1|clk[0] ; 40.000       ; -0.072     ; 4.894      ;
; 35.054 ; VGA_Control:VGA_Control_Instance|count_h[8] ; VGA_Control:VGA_Control_Instance|count_v[4] ; pll_inst|altpll_component|auto_generated|pll1|clk[0] ; pll_inst|altpll_component|auto_generated|pll1|clk[0] ; 40.000       ; -0.072     ; 4.876      ;
; 35.099 ; VGA_Control:VGA_Control_Instance|count_h[3] ; VGA_Pixel:VGA_Pixel_Instance|pixel_data[0]  ; pll_inst|altpll_component|auto_generated|pll1|clk[0] ; pll_inst|altpll_component|auto_generated|pll1|clk[0] ; 40.000       ; -0.072     ; 4.831      ;
; 35.111 ; VGA_Control:VGA_Control_Instance|count_h[9] ; VGA_Control:VGA_Control_Instance|count_v[6] ; pll_inst|altpll_component|auto_generated|pll1|clk[0] ; pll_inst|altpll_component|auto_generated|pll1|clk[0] ; 40.000       ; -0.072     ; 4.819      ;
; 35.111 ; VGA_Control:VGA_Control_Instance|count_h[9] ; VGA_Control:VGA_Control_Instance|count_v[7] ; pll_inst|altpll_component|auto_generated|pll1|clk[0] ; pll_inst|altpll_component|auto_generated|pll1|clk[0] ; 40.000       ; -0.072     ; 4.819      ;
; 35.119 ; VGA_Control:VGA_Control_Instance|count_h[2] ; VGA_Pixel:VGA_Pixel_Instance|pixel_data[0]  ; pll_inst|altpll_component|auto_generated|pll1|clk[0] ; pll_inst|altpll_component|auto_generated|pll1|clk[0] ; 40.000       ; -0.072     ; 4.811      ;
; 35.155 ; VGA_Control:VGA_Control_Instance|count_h[8] ; VGA_Control:VGA_Control_Instance|count_v[6] ; pll_inst|altpll_component|auto_generated|pll1|clk[0] ; pll_inst|altpll_component|auto_generated|pll1|clk[0] ; 40.000       ; -0.072     ; 4.775      ;
; 35.155 ; VGA_Control:VGA_Control_Instance|count_h[8] ; VGA_Control:VGA_Control_Instance|count_v[7] ; pll_inst|altpll_component|auto_generated|pll1|clk[0] ; pll_inst|altpll_component|auto_generated|pll1|clk[0] ; 40.000       ; -0.072     ; 4.775      ;
; 35.297 ; VGA_Control:VGA_Control_Instance|count_h[5] ; VGA_Control:VGA_Control_Instance|count_v[4] ; pll_inst|altpll_component|auto_generated|pll1|clk[0] ; pll_inst|altpll_component|auto_generated|pll1|clk[0] ; 40.000       ; -0.072     ; 4.633      ;
; 35.320 ; VGA_Control:VGA_Control_Instance|count_h[9] ; VGA_Control:VGA_Control_Instance|count_v[5] ; pll_inst|altpll_component|auto_generated|pll1|clk[0] ; pll_inst|altpll_component|auto_generated|pll1|clk[0] ; 40.000       ; -0.072     ; 4.610      ;
; 35.321 ; VGA_Control:VGA_Control_Instance|count_h[9] ; VGA_Control:VGA_Control_Instance|count_v[9] ; pll_inst|altpll_component|auto_generated|pll1|clk[0] ; pll_inst|altpll_component|auto_generated|pll1|clk[0] ; 40.000       ; -0.072     ; 4.609      ;
; 35.364 ; VGA_Control:VGA_Control_Instance|count_h[8] ; VGA_Control:VGA_Control_Instance|count_v[5] ; pll_inst|altpll_component|auto_generated|pll1|clk[0] ; pll_inst|altpll_component|auto_generated|pll1|clk[0] ; 40.000       ; -0.072     ; 4.566      ;
; 35.365 ; VGA_Control:VGA_Control_Instance|count_h[8] ; VGA_Control:VGA_Control_Instance|count_v[9] ; pll_inst|altpll_component|auto_generated|pll1|clk[0] ; pll_inst|altpll_component|auto_generated|pll1|clk[0] ; 40.000       ; -0.072     ; 4.565      ;
; 35.398 ; VGA_Control:VGA_Control_Instance|count_h[5] ; VGA_Control:VGA_Control_Instance|count_v[6] ; pll_inst|altpll_component|auto_generated|pll1|clk[0] ; pll_inst|altpll_component|auto_generated|pll1|clk[0] ; 40.000       ; -0.072     ; 4.532      ;
; 35.398 ; VGA_Control:VGA_Control_Instance|count_h[5] ; VGA_Control:VGA_Control_Instance|count_v[7] ; pll_inst|altpll_component|auto_generated|pll1|clk[0] ; pll_inst|altpll_component|auto_generated|pll1|clk[0] ; 40.000       ; -0.072     ; 4.532      ;
; 35.416 ; VGA_Control:VGA_Control_Instance|count_h[6] ; VGA_Control:VGA_Control_Instance|count_v[4] ; pll_inst|altpll_component|auto_generated|pll1|clk[0] ; pll_inst|altpll_component|auto_generated|pll1|clk[0] ; 40.000       ; -0.072     ; 4.514      ;
; 35.435 ; VGA_Control:VGA_Control_Instance|count_h[9] ; VGA_Control:VGA_Control_Instance|count_v[8] ; pll_inst|altpll_component|auto_generated|pll1|clk[0] ; pll_inst|altpll_component|auto_generated|pll1|clk[0] ; 40.000       ; -0.072     ; 4.495      ;
; 35.435 ; VGA_Control:VGA_Control_Instance|count_h[9] ; VGA_Control:VGA_Control_Instance|count_v[0] ; pll_inst|altpll_component|auto_generated|pll1|clk[0] ; pll_inst|altpll_component|auto_generated|pll1|clk[0] ; 40.000       ; -0.072     ; 4.495      ;
; 35.479 ; VGA_Control:VGA_Control_Instance|count_h[8] ; VGA_Control:VGA_Control_Instance|count_v[8] ; pll_inst|altpll_component|auto_generated|pll1|clk[0] ; pll_inst|altpll_component|auto_generated|pll1|clk[0] ; 40.000       ; -0.072     ; 4.451      ;
; 35.479 ; VGA_Control:VGA_Control_Instance|count_h[8] ; VGA_Control:VGA_Control_Instance|count_v[0] ; pll_inst|altpll_component|auto_generated|pll1|clk[0] ; pll_inst|altpll_component|auto_generated|pll1|clk[0] ; 40.000       ; -0.072     ; 4.451      ;
; 35.517 ; VGA_Control:VGA_Control_Instance|count_h[6] ; VGA_Control:VGA_Control_Instance|count_v[6] ; pll_inst|altpll_component|auto_generated|pll1|clk[0] ; pll_inst|altpll_component|auto_generated|pll1|clk[0] ; 40.000       ; -0.072     ; 4.413      ;
; 35.517 ; VGA_Control:VGA_Control_Instance|count_h[6] ; VGA_Control:VGA_Control_Instance|count_v[7] ; pll_inst|altpll_component|auto_generated|pll1|clk[0] ; pll_inst|altpll_component|auto_generated|pll1|clk[0] ; 40.000       ; -0.072     ; 4.413      ;
; 35.589 ; VGA_Control:VGA_Control_Instance|count_h[9] ; VGA_Control:VGA_Control_Instance|count_v[2] ; pll_inst|altpll_component|auto_generated|pll1|clk[0] ; pll_inst|altpll_component|auto_generated|pll1|clk[0] ; 40.000       ; -0.072     ; 4.341      ;
; 35.590 ; VGA_Control:VGA_Control_Instance|count_h[9] ; VGA_Control:VGA_Control_Instance|count_v[3] ; pll_inst|altpll_component|auto_generated|pll1|clk[0] ; pll_inst|altpll_component|auto_generated|pll1|clk[0] ; 40.000       ; -0.072     ; 4.340      ;
; 35.592 ; VGA_Control:VGA_Control_Instance|count_h[9] ; VGA_Control:VGA_Control_Instance|count_v[1] ; pll_inst|altpll_component|auto_generated|pll1|clk[0] ; pll_inst|altpll_component|auto_generated|pll1|clk[0] ; 40.000       ; -0.072     ; 4.338      ;
; 35.607 ; VGA_Control:VGA_Control_Instance|count_h[5] ; VGA_Control:VGA_Control_Instance|count_v[5] ; pll_inst|altpll_component|auto_generated|pll1|clk[0] ; pll_inst|altpll_component|auto_generated|pll1|clk[0] ; 40.000       ; -0.072     ; 4.323      ;
; 35.608 ; VGA_Control:VGA_Control_Instance|count_h[5] ; VGA_Control:VGA_Control_Instance|count_v[9] ; pll_inst|altpll_component|auto_generated|pll1|clk[0] ; pll_inst|altpll_component|auto_generated|pll1|clk[0] ; 40.000       ; -0.072     ; 4.322      ;
; 35.633 ; VGA_Control:VGA_Control_Instance|count_h[8] ; VGA_Control:VGA_Control_Instance|count_v[2] ; pll_inst|altpll_component|auto_generated|pll1|clk[0] ; pll_inst|altpll_component|auto_generated|pll1|clk[0] ; 40.000       ; -0.072     ; 4.297      ;
; 35.634 ; VGA_Control:VGA_Control_Instance|count_h[8] ; VGA_Control:VGA_Control_Instance|count_v[3] ; pll_inst|altpll_component|auto_generated|pll1|clk[0] ; pll_inst|altpll_component|auto_generated|pll1|clk[0] ; 40.000       ; -0.072     ; 4.296      ;
; 35.636 ; VGA_Control:VGA_Control_Instance|count_h[8] ; VGA_Control:VGA_Control_Instance|count_v[1] ; pll_inst|altpll_component|auto_generated|pll1|clk[0] ; pll_inst|altpll_component|auto_generated|pll1|clk[0] ; 40.000       ; -0.072     ; 4.294      ;
; 35.722 ; VGA_Control:VGA_Control_Instance|count_h[5] ; VGA_Control:VGA_Control_Instance|count_v[8] ; pll_inst|altpll_component|auto_generated|pll1|clk[0] ; pll_inst|altpll_component|auto_generated|pll1|clk[0] ; 40.000       ; -0.072     ; 4.208      ;
; 35.722 ; VGA_Control:VGA_Control_Instance|count_h[5] ; VGA_Control:VGA_Control_Instance|count_v[0] ; pll_inst|altpll_component|auto_generated|pll1|clk[0] ; pll_inst|altpll_component|auto_generated|pll1|clk[0] ; 40.000       ; -0.072     ; 4.208      ;
; 35.726 ; VGA_Control:VGA_Control_Instance|count_h[6] ; VGA_Control:VGA_Control_Instance|count_v[5] ; pll_inst|altpll_component|auto_generated|pll1|clk[0] ; pll_inst|altpll_component|auto_generated|pll1|clk[0] ; 40.000       ; -0.072     ; 4.204      ;
; 35.727 ; VGA_Control:VGA_Control_Instance|count_h[6] ; VGA_Control:VGA_Control_Instance|count_v[9] ; pll_inst|altpll_component|auto_generated|pll1|clk[0] ; pll_inst|altpll_component|auto_generated|pll1|clk[0] ; 40.000       ; -0.072     ; 4.203      ;
; 35.841 ; VGA_Control:VGA_Control_Instance|count_h[6] ; VGA_Control:VGA_Control_Instance|count_v[8] ; pll_inst|altpll_component|auto_generated|pll1|clk[0] ; pll_inst|altpll_component|auto_generated|pll1|clk[0] ; 40.000       ; -0.072     ; 4.089      ;
; 35.841 ; VGA_Control:VGA_Control_Instance|count_h[6] ; VGA_Control:VGA_Control_Instance|count_v[0] ; pll_inst|altpll_component|auto_generated|pll1|clk[0] ; pll_inst|altpll_component|auto_generated|pll1|clk[0] ; 40.000       ; -0.072     ; 4.089      ;
; 35.863 ; VGA_Control:VGA_Control_Instance|count_h[9] ; VGA_Pixel:VGA_Pixel_Instance|pixel_data[0]  ; pll_inst|altpll_component|auto_generated|pll1|clk[0] ; pll_inst|altpll_component|auto_generated|pll1|clk[0] ; 40.000       ; -0.072     ; 4.067      ;
; 35.876 ; VGA_Control:VGA_Control_Instance|count_h[5] ; VGA_Control:VGA_Control_Instance|count_v[2] ; pll_inst|altpll_component|auto_generated|pll1|clk[0] ; pll_inst|altpll_component|auto_generated|pll1|clk[0] ; 40.000       ; -0.072     ; 4.054      ;
; 35.877 ; VGA_Control:VGA_Control_Instance|count_h[5] ; VGA_Control:VGA_Control_Instance|count_v[3] ; pll_inst|altpll_component|auto_generated|pll1|clk[0] ; pll_inst|altpll_component|auto_generated|pll1|clk[0] ; 40.000       ; -0.072     ; 4.053      ;
; 35.879 ; VGA_Control:VGA_Control_Instance|count_h[5] ; VGA_Control:VGA_Control_Instance|count_v[1] ; pll_inst|altpll_component|auto_generated|pll1|clk[0] ; pll_inst|altpll_component|auto_generated|pll1|clk[0] ; 40.000       ; -0.072     ; 4.051      ;
; 35.974 ; VGA_Control:VGA_Control_Instance|count_h[4] ; VGA_Control:VGA_Control_Instance|count_v[4] ; pll_inst|altpll_component|auto_generated|pll1|clk[0] ; pll_inst|altpll_component|auto_generated|pll1|clk[0] ; 40.000       ; -0.072     ; 3.956      ;
; 35.995 ; VGA_Control:VGA_Control_Instance|count_h[6] ; VGA_Control:VGA_Control_Instance|count_v[2] ; pll_inst|altpll_component|auto_generated|pll1|clk[0] ; pll_inst|altpll_component|auto_generated|pll1|clk[0] ; 40.000       ; -0.072     ; 3.935      ;
; 35.996 ; VGA_Control:VGA_Control_Instance|count_h[6] ; VGA_Control:VGA_Control_Instance|count_v[3] ; pll_inst|altpll_component|auto_generated|pll1|clk[0] ; pll_inst|altpll_component|auto_generated|pll1|clk[0] ; 40.000       ; -0.072     ; 3.934      ;
; 35.998 ; VGA_Control:VGA_Control_Instance|count_h[6] ; VGA_Control:VGA_Control_Instance|count_v[1] ; pll_inst|altpll_component|auto_generated|pll1|clk[0] ; pll_inst|altpll_component|auto_generated|pll1|clk[0] ; 40.000       ; -0.072     ; 3.932      ;
; 36.075 ; VGA_Control:VGA_Control_Instance|count_h[4] ; VGA_Control:VGA_Control_Instance|count_v[6] ; pll_inst|altpll_component|auto_generated|pll1|clk[0] ; pll_inst|altpll_component|auto_generated|pll1|clk[0] ; 40.000       ; -0.072     ; 3.855      ;
; 36.075 ; VGA_Control:VGA_Control_Instance|count_h[4] ; VGA_Control:VGA_Control_Instance|count_v[7] ; pll_inst|altpll_component|auto_generated|pll1|clk[0] ; pll_inst|altpll_component|auto_generated|pll1|clk[0] ; 40.000       ; -0.072     ; 3.855      ;
; 36.118 ; VGA_Control:VGA_Control_Instance|count_h[7] ; VGA_Control:VGA_Control_Instance|count_v[4] ; pll_inst|altpll_component|auto_generated|pll1|clk[0] ; pll_inst|altpll_component|auto_generated|pll1|clk[0] ; 40.000       ; -0.072     ; 3.812      ;
; 36.207 ; VGA_Control:VGA_Control_Instance|count_h[2] ; VGA_Control:VGA_Control_Instance|count_v[4] ; pll_inst|altpll_component|auto_generated|pll1|clk[0] ; pll_inst|altpll_component|auto_generated|pll1|clk[0] ; 40.000       ; -0.072     ; 3.723      ;
; 36.219 ; VGA_Control:VGA_Control_Instance|count_h[7] ; VGA_Control:VGA_Control_Instance|count_v[6] ; pll_inst|altpll_component|auto_generated|pll1|clk[0] ; pll_inst|altpll_component|auto_generated|pll1|clk[0] ; 40.000       ; -0.072     ; 3.711      ;
; 36.219 ; VGA_Control:VGA_Control_Instance|count_h[7] ; VGA_Control:VGA_Control_Instance|count_v[7] ; pll_inst|altpll_component|auto_generated|pll1|clk[0] ; pll_inst|altpll_component|auto_generated|pll1|clk[0] ; 40.000       ; -0.072     ; 3.711      ;
; 36.284 ; VGA_Control:VGA_Control_Instance|count_h[4] ; VGA_Control:VGA_Control_Instance|count_v[5] ; pll_inst|altpll_component|auto_generated|pll1|clk[0] ; pll_inst|altpll_component|auto_generated|pll1|clk[0] ; 40.000       ; -0.072     ; 3.646      ;
; 36.285 ; VGA_Control:VGA_Control_Instance|count_h[4] ; VGA_Control:VGA_Control_Instance|count_v[9] ; pll_inst|altpll_component|auto_generated|pll1|clk[0] ; pll_inst|altpll_component|auto_generated|pll1|clk[0] ; 40.000       ; -0.072     ; 3.645      ;
; 36.303 ; VGA_Control:VGA_Control_Instance|count_h[9] ; VGA_Control:VGA_Control_Instance|count_h[8] ; pll_inst|altpll_component|auto_generated|pll1|clk[0] ; pll_inst|altpll_component|auto_generated|pll1|clk[0] ; 40.000       ; -0.073     ; 3.626      ;
; 36.347 ; VGA_Control:VGA_Control_Instance|count_h[8] ; VGA_Control:VGA_Control_Instance|count_h[8] ; pll_inst|altpll_component|auto_generated|pll1|clk[0] ; pll_inst|altpll_component|auto_generated|pll1|clk[0] ; 40.000       ; -0.073     ; 3.582      ;
; 36.357 ; VGA_Control:VGA_Control_Instance|count_h[2] ; VGA_Control:VGA_Control_Instance|count_v[6] ; pll_inst|altpll_component|auto_generated|pll1|clk[0] ; pll_inst|altpll_component|auto_generated|pll1|clk[0] ; 40.000       ; -0.072     ; 3.573      ;
; 36.357 ; VGA_Control:VGA_Control_Instance|count_h[2] ; VGA_Control:VGA_Control_Instance|count_v[7] ; pll_inst|altpll_component|auto_generated|pll1|clk[0] ; pll_inst|altpll_component|auto_generated|pll1|clk[0] ; 40.000       ; -0.072     ; 3.573      ;
; 36.377 ; VGA_Control:VGA_Control_Instance|count_h[3] ; VGA_Control:VGA_Control_Instance|count_v[4] ; pll_inst|altpll_component|auto_generated|pll1|clk[0] ; pll_inst|altpll_component|auto_generated|pll1|clk[0] ; 40.000       ; -0.072     ; 3.553      ;
; 36.399 ; VGA_Control:VGA_Control_Instance|count_h[4] ; VGA_Control:VGA_Control_Instance|count_v[8] ; pll_inst|altpll_component|auto_generated|pll1|clk[0] ; pll_inst|altpll_component|auto_generated|pll1|clk[0] ; 40.000       ; -0.072     ; 3.531      ;
; 36.399 ; VGA_Control:VGA_Control_Instance|count_h[4] ; VGA_Control:VGA_Control_Instance|count_v[0] ; pll_inst|altpll_component|auto_generated|pll1|clk[0] ; pll_inst|altpll_component|auto_generated|pll1|clk[0] ; 40.000       ; -0.072     ; 3.531      ;
; 36.416 ; VGA_Control:VGA_Control_Instance|count_v[4] ; VGA_Control:VGA_Control_Instance|count_v[4] ; pll_inst|altpll_component|auto_generated|pll1|clk[0] ; pll_inst|altpll_component|auto_generated|pll1|clk[0] ; 40.000       ; -0.072     ; 3.514      ;
; 36.428 ; VGA_Control:VGA_Control_Instance|count_h[7] ; VGA_Control:VGA_Control_Instance|count_v[5] ; pll_inst|altpll_component|auto_generated|pll1|clk[0] ; pll_inst|altpll_component|auto_generated|pll1|clk[0] ; 40.000       ; -0.072     ; 3.502      ;
; 36.429 ; VGA_Control:VGA_Control_Instance|count_h[7] ; VGA_Control:VGA_Control_Instance|count_v[9] ; pll_inst|altpll_component|auto_generated|pll1|clk[0] ; pll_inst|altpll_component|auto_generated|pll1|clk[0] ; 40.000       ; -0.072     ; 3.501      ;
; 36.508 ; VGA_Control:VGA_Control_Instance|count_h[9] ; VGA_Control:VGA_Control_Instance|count_h[9] ; pll_inst|altpll_component|auto_generated|pll1|clk[0] ; pll_inst|altpll_component|auto_generated|pll1|clk[0] ; 40.000       ; -0.073     ; 3.421      ;
; 36.509 ; VGA_Control:VGA_Control_Instance|count_h[9] ; VGA_Control:VGA_Control_Instance|count_h[5] ; pll_inst|altpll_component|auto_generated|pll1|clk[0] ; pll_inst|altpll_component|auto_generated|pll1|clk[0] ; 40.000       ; -0.073     ; 3.420      ;
; 36.519 ; VGA_Control:VGA_Control_Instance|count_v[2] ; VGA_Control:VGA_Control_Instance|count_v[4] ; pll_inst|altpll_component|auto_generated|pll1|clk[0] ; pll_inst|altpll_component|auto_generated|pll1|clk[0] ; 40.000       ; -0.072     ; 3.411      ;
; 36.527 ; VGA_Control:VGA_Control_Instance|count_h[3] ; VGA_Control:VGA_Control_Instance|count_v[6] ; pll_inst|altpll_component|auto_generated|pll1|clk[0] ; pll_inst|altpll_component|auto_generated|pll1|clk[0] ; 40.000       ; -0.072     ; 3.403      ;
; 36.527 ; VGA_Control:VGA_Control_Instance|count_h[3] ; VGA_Control:VGA_Control_Instance|count_v[7] ; pll_inst|altpll_component|auto_generated|pll1|clk[0] ; pll_inst|altpll_component|auto_generated|pll1|clk[0] ; 40.000       ; -0.072     ; 3.403      ;
; 36.528 ; VGA_Control:VGA_Control_Instance|count_v[3] ; VGA_Control:VGA_Control_Instance|count_v[4] ; pll_inst|altpll_component|auto_generated|pll1|clk[0] ; pll_inst|altpll_component|auto_generated|pll1|clk[0] ; 40.000       ; -0.072     ; 3.402      ;
; 36.543 ; VGA_Control:VGA_Control_Instance|count_h[7] ; VGA_Control:VGA_Control_Instance|count_v[8] ; pll_inst|altpll_component|auto_generated|pll1|clk[0] ; pll_inst|altpll_component|auto_generated|pll1|clk[0] ; 40.000       ; -0.072     ; 3.387      ;
; 36.543 ; VGA_Control:VGA_Control_Instance|count_h[7] ; VGA_Control:VGA_Control_Instance|count_v[0] ; pll_inst|altpll_component|auto_generated|pll1|clk[0] ; pll_inst|altpll_component|auto_generated|pll1|clk[0] ; 40.000       ; -0.072     ; 3.387      ;
; 36.552 ; VGA_Control:VGA_Control_Instance|count_h[8] ; VGA_Control:VGA_Control_Instance|count_h[9] ; pll_inst|altpll_component|auto_generated|pll1|clk[0] ; pll_inst|altpll_component|auto_generated|pll1|clk[0] ; 40.000       ; -0.073     ; 3.377      ;
; 36.553 ; VGA_Control:VGA_Control_Instance|count_h[4] ; VGA_Control:VGA_Control_Instance|count_v[2] ; pll_inst|altpll_component|auto_generated|pll1|clk[0] ; pll_inst|altpll_component|auto_generated|pll1|clk[0] ; 40.000       ; -0.072     ; 3.377      ;
; 36.553 ; VGA_Control:VGA_Control_Instance|count_h[8] ; VGA_Control:VGA_Control_Instance|count_h[5] ; pll_inst|altpll_component|auto_generated|pll1|clk[0] ; pll_inst|altpll_component|auto_generated|pll1|clk[0] ; 40.000       ; -0.073     ; 3.376      ;
; 36.554 ; VGA_Control:VGA_Control_Instance|count_h[4] ; VGA_Control:VGA_Control_Instance|count_v[3] ; pll_inst|altpll_component|auto_generated|pll1|clk[0] ; pll_inst|altpll_component|auto_generated|pll1|clk[0] ; 40.000       ; -0.072     ; 3.376      ;
; 36.556 ; VGA_Control:VGA_Control_Instance|count_h[4] ; VGA_Control:VGA_Control_Instance|count_v[1] ; pll_inst|altpll_component|auto_generated|pll1|clk[0] ; pll_inst|altpll_component|auto_generated|pll1|clk[0] ; 40.000       ; -0.072     ; 3.374      ;
; 36.566 ; VGA_Control:VGA_Control_Instance|count_v[4] ; VGA_Control:VGA_Control_Instance|count_v[6] ; pll_inst|altpll_component|auto_generated|pll1|clk[0] ; pll_inst|altpll_component|auto_generated|pll1|clk[0] ; 40.000       ; -0.072     ; 3.364      ;
; 36.566 ; VGA_Control:VGA_Control_Instance|count_v[4] ; VGA_Control:VGA_Control_Instance|count_v[7] ; pll_inst|altpll_component|auto_generated|pll1|clk[0] ; pll_inst|altpll_component|auto_generated|pll1|clk[0] ; 40.000       ; -0.072     ; 3.364      ;
; 36.590 ; VGA_Control:VGA_Control_Instance|count_h[5] ; VGA_Control:VGA_Control_Instance|count_h[8] ; pll_inst|altpll_component|auto_generated|pll1|clk[0] ; pll_inst|altpll_component|auto_generated|pll1|clk[0] ; 40.000       ; -0.073     ; 3.339      ;
; 36.605 ; VGA_Control:VGA_Control_Instance|count_h[2] ; VGA_Control:VGA_Control_Instance|count_v[5] ; pll_inst|altpll_component|auto_generated|pll1|clk[0] ; pll_inst|altpll_component|auto_generated|pll1|clk[0] ; 40.000       ; -0.072     ; 3.325      ;
; 36.606 ; VGA_Control:VGA_Control_Instance|count_h[2] ; VGA_Control:VGA_Control_Instance|count_v[9] ; pll_inst|altpll_component|auto_generated|pll1|clk[0] ; pll_inst|altpll_component|auto_generated|pll1|clk[0] ; 40.000       ; -0.072     ; 3.324      ;
; 36.669 ; VGA_Control:VGA_Control_Instance|count_v[2] ; VGA_Control:VGA_Control_Instance|count_v[6] ; pll_inst|altpll_component|auto_generated|pll1|clk[0] ; pll_inst|altpll_component|auto_generated|pll1|clk[0] ; 40.000       ; -0.072     ; 3.261      ;
; 36.669 ; VGA_Control:VGA_Control_Instance|count_v[2] ; VGA_Control:VGA_Control_Instance|count_v[7] ; pll_inst|altpll_component|auto_generated|pll1|clk[0] ; pll_inst|altpll_component|auto_generated|pll1|clk[0] ; 40.000       ; -0.072     ; 3.261      ;
; 36.678 ; VGA_Control:VGA_Control_Instance|count_v[3] ; VGA_Control:VGA_Control_Instance|count_v[6] ; pll_inst|altpll_component|auto_generated|pll1|clk[0] ; pll_inst|altpll_component|auto_generated|pll1|clk[0] ; 40.000       ; -0.072     ; 3.252      ;
; 36.678 ; VGA_Control:VGA_Control_Instance|count_v[3] ; VGA_Control:VGA_Control_Instance|count_v[7] ; pll_inst|altpll_component|auto_generated|pll1|clk[0] ; pll_inst|altpll_component|auto_generated|pll1|clk[0] ; 40.000       ; -0.072     ; 3.252      ;
; 36.697 ; VGA_Control:VGA_Control_Instance|count_h[7] ; VGA_Control:VGA_Control_Instance|count_v[2] ; pll_inst|altpll_component|auto_generated|pll1|clk[0] ; pll_inst|altpll_component|auto_generated|pll1|clk[0] ; 40.000       ; -0.072     ; 3.233      ;
; 36.698 ; VGA_Control:VGA_Control_Instance|count_h[7] ; VGA_Control:VGA_Control_Instance|count_v[3] ; pll_inst|altpll_component|auto_generated|pll1|clk[0] ; pll_inst|altpll_component|auto_generated|pll1|clk[0] ; 40.000       ; -0.072     ; 3.232      ;
; 36.700 ; VGA_Control:VGA_Control_Instance|count_h[7] ; VGA_Control:VGA_Control_Instance|count_v[1] ; pll_inst|altpll_component|auto_generated|pll1|clk[0] ; pll_inst|altpll_component|auto_generated|pll1|clk[0] ; 40.000       ; -0.072     ; 3.230      ;
; 36.709 ; VGA_Control:VGA_Control_Instance|count_h[6] ; VGA_Control:VGA_Control_Instance|count_h[8] ; pll_inst|altpll_component|auto_generated|pll1|clk[0] ; pll_inst|altpll_component|auto_generated|pll1|clk[0] ; 40.000       ; -0.073     ; 3.220      ;
; 36.715 ; VGA_Control:VGA_Control_Instance|count_v[9] ; VGA_Control:VGA_Control_Instance|count_v[4] ; pll_inst|altpll_component|auto_generated|pll1|clk[0] ; pll_inst|altpll_component|auto_generated|pll1|clk[0] ; 40.000       ; -0.072     ; 3.215      ;
; 36.720 ; VGA_Control:VGA_Control_Instance|count_h[1] ; VGA_Control:VGA_Control_Instance|count_v[4] ; pll_inst|altpll_component|auto_generated|pll1|clk[0] ; pll_inst|altpll_component|auto_generated|pll1|clk[0] ; 40.000       ; -0.072     ; 3.210      ;
; 36.720 ; VGA_Control:VGA_Control_Instance|count_h[2] ; VGA_Control:VGA_Control_Instance|count_v[8] ; pll_inst|altpll_component|auto_generated|pll1|clk[0] ; pll_inst|altpll_component|auto_generated|pll1|clk[0] ; 40.000       ; -0.072     ; 3.210      ;
; 36.720 ; VGA_Control:VGA_Control_Instance|count_h[2] ; VGA_Control:VGA_Control_Instance|count_v[0] ; pll_inst|altpll_component|auto_generated|pll1|clk[0] ; pll_inst|altpll_component|auto_generated|pll1|clk[0] ; 40.000       ; -0.072     ; 3.210      ;
; 36.736 ; VGA_Control:VGA_Control_Instance|count_v[1] ; VGA_Pixel:VGA_Pixel_Instance|pixel_data[0]  ; pll_inst|altpll_component|auto_generated|pll1|clk[0] ; pll_inst|altpll_component|auto_generated|pll1|clk[0] ; 40.000       ; -0.072     ; 3.194      ;
+--------+---------------------------------------------+---------------------------------------------+------------------------------------------------------+------------------------------------------------------+--------------+------------+------------+


+----------------------------------------------------------------------------------------------------------------------------------------------------------------------------------------------------------------------------------------------------------+
; Slow 1200mV 0C Model Hold: 'pll_inst|altpll_component|auto_generated|pll1|clk[0]'                                                                                                                                                                        ;
+-------+---------------------------------------------+---------------------------------------------+------------------------------------------------------+------------------------------------------------------+--------------+------------+------------+
; Slack ; From Node                                   ; To Node                                     ; Launch Clock                                         ; Latch Clock                                          ; Relationship ; Clock Skew ; Data Delay ;
+-------+---------------------------------------------+---------------------------------------------+------------------------------------------------------+------------------------------------------------------+--------------+------------+------------+
; 0.402 ; VGA_Control:VGA_Control_Instance|count_v[1] ; VGA_Control:VGA_Control_Instance|count_v[1] ; pll_inst|altpll_component|auto_generated|pll1|clk[0] ; pll_inst|altpll_component|auto_generated|pll1|clk[0] ; 0.000        ; 0.072      ; 0.669      ;
; 0.402 ; VGA_Control:VGA_Control_Instance|count_v[2] ; VGA_Control:VGA_Control_Instance|count_v[2] ; pll_inst|altpll_component|auto_generated|pll1|clk[0] ; pll_inst|altpll_component|auto_generated|pll1|clk[0] ; 0.000        ; 0.072      ; 0.669      ;
; 0.402 ; VGA_Control:VGA_Control_Instance|count_v[3] ; VGA_Control:VGA_Control_Instance|count_v[3] ; pll_inst|altpll_component|auto_generated|pll1|clk[0] ; pll_inst|altpll_component|auto_generated|pll1|clk[0] ; 0.000        ; 0.072      ; 0.669      ;
; 0.402 ; VGA_Control:VGA_Control_Instance|count_v[4] ; VGA_Control:VGA_Control_Instance|count_v[4] ; pll_inst|altpll_component|auto_generated|pll1|clk[0] ; pll_inst|altpll_component|auto_generated|pll1|clk[0] ; 0.000        ; 0.072      ; 0.669      ;
; 0.402 ; VGA_Control:VGA_Control_Instance|count_v[5] ; VGA_Control:VGA_Control_Instance|count_v[5] ; pll_inst|altpll_component|auto_generated|pll1|clk[0] ; pll_inst|altpll_component|auto_generated|pll1|clk[0] ; 0.000        ; 0.072      ; 0.669      ;
; 0.402 ; VGA_Control:VGA_Control_Instance|count_v[6] ; VGA_Control:VGA_Control_Instance|count_v[6] ; pll_inst|altpll_component|auto_generated|pll1|clk[0] ; pll_inst|altpll_component|auto_generated|pll1|clk[0] ; 0.000        ; 0.072      ; 0.669      ;
; 0.402 ; VGA_Control:VGA_Control_Instance|count_v[7] ; VGA_Control:VGA_Control_Instance|count_v[7] ; pll_inst|altpll_component|auto_generated|pll1|clk[0] ; pll_inst|altpll_component|auto_generated|pll1|clk[0] ; 0.000        ; 0.072      ; 0.669      ;
; 0.402 ; VGA_Control:VGA_Control_Instance|count_v[8] ; VGA_Control:VGA_Control_Instance|count_v[8] ; pll_inst|altpll_component|auto_generated|pll1|clk[0] ; pll_inst|altpll_component|auto_generated|pll1|clk[0] ; 0.000        ; 0.072      ; 0.669      ;
; 0.402 ; VGA_Control:VGA_Control_Instance|count_v[9] ; VGA_Control:VGA_Control_Instance|count_v[9] ; pll_inst|altpll_component|auto_generated|pll1|clk[0] ; pll_inst|altpll_component|auto_generated|pll1|clk[0] ; 0.000        ; 0.072      ; 0.669      ;
; 0.402 ; VGA_Control:VGA_Control_Instance|count_v[0] ; VGA_Control:VGA_Control_Instance|count_v[0] ; pll_inst|altpll_component|auto_generated|pll1|clk[0] ; pll_inst|altpll_component|auto_generated|pll1|clk[0] ; 0.000        ; 0.072      ; 0.669      ;
; 0.517 ; VGA_Control:VGA_Control_Instance|count_v[9] ; VGA_Pixel:VGA_Pixel_Instance|pixel_data[0]  ; pll_inst|altpll_component|auto_generated|pll1|clk[0] ; pll_inst|altpll_component|auto_generated|pll1|clk[0] ; 0.000        ; 0.072      ; 0.784      ;
; 0.707 ; VGA_Control:VGA_Control_Instance|count_h[6] ; VGA_Control:VGA_Control_Instance|count_h[6] ; pll_inst|altpll_component|auto_generated|pll1|clk[0] ; pll_inst|altpll_component|auto_generated|pll1|clk[0] ; 0.000        ; 0.073      ; 0.975      ;
; 0.715 ; VGA_Control:VGA_Control_Instance|count_h[7] ; VGA_Control:VGA_Control_Instance|count_h[7] ; pll_inst|altpll_component|auto_generated|pll1|clk[0] ; pll_inst|altpll_component|auto_generated|pll1|clk[0] ; 0.000        ; 0.073      ; 0.983      ;
; 0.719 ; VGA_Control:VGA_Control_Instance|count_h[4] ; VGA_Control:VGA_Control_Instance|count_h[4] ; pll_inst|altpll_component|auto_generated|pll1|clk[0] ; pll_inst|altpll_component|auto_generated|pll1|clk[0] ; 0.000        ; 0.073      ; 0.987      ;
; 0.722 ; VGA_Control:VGA_Control_Instance|count_h[3] ; VGA_Control:VGA_Control_Instance|count_h[3] ; pll_inst|altpll_component|auto_generated|pll1|clk[0] ; pll_inst|altpll_component|auto_generated|pll1|clk[0] ; 0.000        ; 0.073      ; 0.990      ;
; 0.723 ; VGA_Control:VGA_Control_Instance|count_h[1] ; VGA_Control:VGA_Control_Instance|count_h[1] ; pll_inst|altpll_component|auto_generated|pll1|clk[0] ; pll_inst|altpll_component|auto_generated|pll1|clk[0] ; 0.000        ; 0.073      ; 0.991      ;
; 0.727 ; VGA_Control:VGA_Control_Instance|count_h[2] ; VGA_Control:VGA_Control_Instance|count_h[2] ; pll_inst|altpll_component|auto_generated|pll1|clk[0] ; pll_inst|altpll_component|auto_generated|pll1|clk[0] ; 0.000        ; 0.073      ; 0.995      ;
; 0.734 ; VGA_Control:VGA_Control_Instance|count_h[0] ; VGA_Control:VGA_Control_Instance|count_h[0] ; pll_inst|altpll_component|auto_generated|pll1|clk[0] ; pll_inst|altpll_component|auto_generated|pll1|clk[0] ; 0.000        ; 0.073      ; 1.002      ;
; 1.008 ; VGA_Control:VGA_Control_Instance|count_v[5] ; VGA_Pixel:VGA_Pixel_Instance|pixel_data[0]  ; pll_inst|altpll_component|auto_generated|pll1|clk[0] ; pll_inst|altpll_component|auto_generated|pll1|clk[0] ; 0.000        ; 0.072      ; 1.275      ;
; 1.026 ; VGA_Control:VGA_Control_Instance|count_h[6] ; VGA_Control:VGA_Control_Instance|count_h[7] ; pll_inst|altpll_component|auto_generated|pll1|clk[0] ; pll_inst|altpll_component|auto_generated|pll1|clk[0] ; 0.000        ; 0.073      ; 1.294      ;
; 1.028 ; VGA_Control:VGA_Control_Instance|count_h[0] ; VGA_Control:VGA_Control_Instance|count_h[5] ; pll_inst|altpll_component|auto_generated|pll1|clk[0] ; pll_inst|altpll_component|auto_generated|pll1|clk[0] ; 0.000        ; 0.073      ; 1.296      ;
; 1.029 ; VGA_Control:VGA_Control_Instance|count_h[0] ; VGA_Control:VGA_Control_Instance|count_h[9] ; pll_inst|altpll_component|auto_generated|pll1|clk[0] ; pll_inst|altpll_component|auto_generated|pll1|clk[0] ; 0.000        ; 0.073      ; 1.297      ;
; 1.032 ; VGA_Control:VGA_Control_Instance|count_h[0] ; VGA_Control:VGA_Control_Instance|count_h[1] ; pll_inst|altpll_component|auto_generated|pll1|clk[0] ; pll_inst|altpll_component|auto_generated|pll1|clk[0] ; 0.000        ; 0.073      ; 1.300      ;
; 1.033 ; VGA_Control:VGA_Control_Instance|count_h[5] ; VGA_Control:VGA_Control_Instance|count_h[6] ; pll_inst|altpll_component|auto_generated|pll1|clk[0] ; pll_inst|altpll_component|auto_generated|pll1|clk[0] ; 0.000        ; 0.073      ; 1.301      ;
; 1.045 ; VGA_Control:VGA_Control_Instance|count_h[1] ; VGA_Control:VGA_Control_Instance|count_h[2] ; pll_inst|altpll_component|auto_generated|pll1|clk[0] ; pll_inst|altpll_component|auto_generated|pll1|clk[0] ; 0.000        ; 0.073      ; 1.313      ;
; 1.046 ; VGA_Control:VGA_Control_Instance|count_h[3] ; VGA_Control:VGA_Control_Instance|count_h[4] ; pll_inst|altpll_component|auto_generated|pll1|clk[0] ; pll_inst|altpll_component|auto_generated|pll1|clk[0] ; 0.000        ; 0.073      ; 1.314      ;
; 1.046 ; VGA_Control:VGA_Control_Instance|count_h[2] ; VGA_Control:VGA_Control_Instance|count_h[3] ; pll_inst|altpll_component|auto_generated|pll1|clk[0] ; pll_inst|altpll_component|auto_generated|pll1|clk[0] ; 0.000        ; 0.073      ; 1.314      ;
; 1.047 ; VGA_Control:VGA_Control_Instance|count_h[0] ; VGA_Control:VGA_Control_Instance|count_h[2] ; pll_inst|altpll_component|auto_generated|pll1|clk[0] ; pll_inst|altpll_component|auto_generated|pll1|clk[0] ; 0.000        ; 0.073      ; 1.315      ;
; 1.053 ; VGA_Control:VGA_Control_Instance|count_h[4] ; VGA_Control:VGA_Control_Instance|count_h[6] ; pll_inst|altpll_component|auto_generated|pll1|clk[0] ; pll_inst|altpll_component|auto_generated|pll1|clk[0] ; 0.000        ; 0.073      ; 1.321      ;
; 1.061 ; VGA_Control:VGA_Control_Instance|count_h[2] ; VGA_Control:VGA_Control_Instance|count_h[4] ; pll_inst|altpll_component|auto_generated|pll1|clk[0] ; pll_inst|altpll_component|auto_generated|pll1|clk[0] ; 0.000        ; 0.073      ; 1.329      ;
; 1.128 ; VGA_Control:VGA_Control_Instance|count_h[5] ; VGA_Control:VGA_Control_Instance|count_h[7] ; pll_inst|altpll_component|auto_generated|pll1|clk[0] ; pll_inst|altpll_component|auto_generated|pll1|clk[0] ; 0.000        ; 0.073      ; 1.396      ;
; 1.146 ; VGA_Control:VGA_Control_Instance|count_h[1] ; VGA_Control:VGA_Control_Instance|count_h[3] ; pll_inst|altpll_component|auto_generated|pll1|clk[0] ; pll_inst|altpll_component|auto_generated|pll1|clk[0] ; 0.000        ; 0.073      ; 1.414      ;
; 1.154 ; VGA_Control:VGA_Control_Instance|count_h[0] ; VGA_Control:VGA_Control_Instance|count_h[3] ; pll_inst|altpll_component|auto_generated|pll1|clk[0] ; pll_inst|altpll_component|auto_generated|pll1|clk[0] ; 0.000        ; 0.073      ; 1.422      ;
; 1.158 ; VGA_Control:VGA_Control_Instance|count_h[0] ; VGA_Control:VGA_Control_Instance|count_h[8] ; pll_inst|altpll_component|auto_generated|pll1|clk[0] ; pll_inst|altpll_component|auto_generated|pll1|clk[0] ; 0.000        ; 0.073      ; 1.426      ;
; 1.160 ; VGA_Control:VGA_Control_Instance|count_h[4] ; VGA_Control:VGA_Control_Instance|count_h[7] ; pll_inst|altpll_component|auto_generated|pll1|clk[0] ; pll_inst|altpll_component|auto_generated|pll1|clk[0] ; 0.000        ; 0.073      ; 1.428      ;
; 1.167 ; VGA_Control:VGA_Control_Instance|count_h[1] ; VGA_Control:VGA_Control_Instance|count_h[4] ; pll_inst|altpll_component|auto_generated|pll1|clk[0] ; pll_inst|altpll_component|auto_generated|pll1|clk[0] ; 0.000        ; 0.073      ; 1.435      ;
; 1.168 ; VGA_Control:VGA_Control_Instance|count_h[3] ; VGA_Control:VGA_Control_Instance|count_h[6] ; pll_inst|altpll_component|auto_generated|pll1|clk[0] ; pll_inst|altpll_component|auto_generated|pll1|clk[0] ; 0.000        ; 0.073      ; 1.436      ;
; 1.169 ; VGA_Control:VGA_Control_Instance|count_h[0] ; VGA_Control:VGA_Control_Instance|count_h[4] ; pll_inst|altpll_component|auto_generated|pll1|clk[0] ; pll_inst|altpll_component|auto_generated|pll1|clk[0] ; 0.000        ; 0.073      ; 1.437      ;
; 1.183 ; VGA_Control:VGA_Control_Instance|count_h[2] ; VGA_Control:VGA_Control_Instance|count_h[6] ; pll_inst|altpll_component|auto_generated|pll1|clk[0] ; pll_inst|altpll_component|auto_generated|pll1|clk[0] ; 0.000        ; 0.073      ; 1.451      ;
; 1.200 ; VGA_Control:VGA_Control_Instance|count_v[5] ; VGA_Control:VGA_Control_Instance|count_v[1] ; pll_inst|altpll_component|auto_generated|pll1|clk[0] ; pll_inst|altpll_component|auto_generated|pll1|clk[0] ; 0.000        ; 0.072      ; 1.467      ;
; 1.202 ; VGA_Control:VGA_Control_Instance|count_v[5] ; VGA_Control:VGA_Control_Instance|count_v[3] ; pll_inst|altpll_component|auto_generated|pll1|clk[0] ; pll_inst|altpll_component|auto_generated|pll1|clk[0] ; 0.000        ; 0.072      ; 1.469      ;
; 1.203 ; VGA_Control:VGA_Control_Instance|count_v[5] ; VGA_Control:VGA_Control_Instance|count_v[2] ; pll_inst|altpll_component|auto_generated|pll1|clk[0] ; pll_inst|altpll_component|auto_generated|pll1|clk[0] ; 0.000        ; 0.072      ; 1.470      ;
; 1.217 ; VGA_Control:VGA_Control_Instance|count_h[8] ; VGA_Control:VGA_Control_Instance|count_h[8] ; pll_inst|altpll_component|auto_generated|pll1|clk[0] ; pll_inst|altpll_component|auto_generated|pll1|clk[0] ; 0.000        ; 0.073      ; 1.485      ;
; 1.254 ; VGA_Control:VGA_Control_Instance|count_h[1] ; VGA_Control:VGA_Control_Instance|count_h[5] ; pll_inst|altpll_component|auto_generated|pll1|clk[0] ; pll_inst|altpll_component|auto_generated|pll1|clk[0] ; 0.000        ; 0.073      ; 1.522      ;
; 1.255 ; VGA_Control:VGA_Control_Instance|count_h[1] ; VGA_Control:VGA_Control_Instance|count_h[9] ; pll_inst|altpll_component|auto_generated|pll1|clk[0] ; pll_inst|altpll_component|auto_generated|pll1|clk[0] ; 0.000        ; 0.073      ; 1.523      ;
; 1.265 ; VGA_Control:VGA_Control_Instance|count_h[0] ; VGA_Control:VGA_Control_Instance|count_v[1] ; pll_inst|altpll_component|auto_generated|pll1|clk[0] ; pll_inst|altpll_component|auto_generated|pll1|clk[0] ; 0.000        ; 0.073      ; 1.533      ;
; 1.268 ; VGA_Control:VGA_Control_Instance|count_h[3] ; VGA_Control:VGA_Control_Instance|count_h[7] ; pll_inst|altpll_component|auto_generated|pll1|clk[0] ; pll_inst|altpll_component|auto_generated|pll1|clk[0] ; 0.000        ; 0.073      ; 1.536      ;
; 1.287 ; VGA_Control:VGA_Control_Instance|count_h[0] ; VGA_Control:VGA_Control_Instance|count_v[4] ; pll_inst|altpll_component|auto_generated|pll1|clk[0] ; pll_inst|altpll_component|auto_generated|pll1|clk[0] ; 0.000        ; 0.073      ; 1.555      ;
; 1.287 ; VGA_Control:VGA_Control_Instance|count_h[0] ; VGA_Control:VGA_Control_Instance|count_v[6] ; pll_inst|altpll_component|auto_generated|pll1|clk[0] ; pll_inst|altpll_component|auto_generated|pll1|clk[0] ; 0.000        ; 0.073      ; 1.555      ;
; 1.287 ; VGA_Control:VGA_Control_Instance|count_h[0] ; VGA_Control:VGA_Control_Instance|count_v[7] ; pll_inst|altpll_component|auto_generated|pll1|clk[0] ; pll_inst|altpll_component|auto_generated|pll1|clk[0] ; 0.000        ; 0.073      ; 1.555      ;
; 1.289 ; VGA_Control:VGA_Control_Instance|count_h[1] ; VGA_Control:VGA_Control_Instance|count_h[6] ; pll_inst|altpll_component|auto_generated|pll1|clk[0] ; pll_inst|altpll_component|auto_generated|pll1|clk[0] ; 0.000        ; 0.073      ; 1.557      ;
; 1.290 ; VGA_Control:VGA_Control_Instance|count_h[2] ; VGA_Control:VGA_Control_Instance|count_h[7] ; pll_inst|altpll_component|auto_generated|pll1|clk[0] ; pll_inst|altpll_component|auto_generated|pll1|clk[0] ; 0.000        ; 0.073      ; 1.558      ;
; 1.291 ; VGA_Control:VGA_Control_Instance|count_h[0] ; VGA_Control:VGA_Control_Instance|count_h[6] ; pll_inst|altpll_component|auto_generated|pll1|clk[0] ; pll_inst|altpll_component|auto_generated|pll1|clk[0] ; 0.000        ; 0.073      ; 1.559      ;
; 1.308 ; VGA_Control:VGA_Control_Instance|count_h[5] ; VGA_Control:VGA_Control_Instance|count_h[5] ; pll_inst|altpll_component|auto_generated|pll1|clk[0] ; pll_inst|altpll_component|auto_generated|pll1|clk[0] ; 0.000        ; 0.073      ; 1.576      ;
; 1.311 ; VGA_Control:VGA_Control_Instance|count_h[9] ; VGA_Control:VGA_Control_Instance|count_h[9] ; pll_inst|altpll_component|auto_generated|pll1|clk[0] ; pll_inst|altpll_component|auto_generated|pll1|clk[0] ; 0.000        ; 0.073      ; 1.579      ;
; 1.342 ; VGA_Control:VGA_Control_Instance|count_v[2] ; VGA_Pixel:VGA_Pixel_Instance|pixel_data[0]  ; pll_inst|altpll_component|auto_generated|pll1|clk[0] ; pll_inst|altpll_component|auto_generated|pll1|clk[0] ; 0.000        ; 0.072      ; 1.609      ;
; 1.350 ; VGA_Control:VGA_Control_Instance|count_v[5] ; VGA_Control:VGA_Control_Instance|count_v[0] ; pll_inst|altpll_component|auto_generated|pll1|clk[0] ; pll_inst|altpll_component|auto_generated|pll1|clk[0] ; 0.000        ; 0.072      ; 1.617      ;
; 1.351 ; VGA_Control:VGA_Control_Instance|count_v[5] ; VGA_Control:VGA_Control_Instance|count_v[8] ; pll_inst|altpll_component|auto_generated|pll1|clk[0] ; pll_inst|altpll_component|auto_generated|pll1|clk[0] ; 0.000        ; 0.072      ; 1.618      ;
; 1.384 ; VGA_Control:VGA_Control_Instance|count_h[1] ; VGA_Control:VGA_Control_Instance|count_h[8] ; pll_inst|altpll_component|auto_generated|pll1|clk[0] ; pll_inst|altpll_component|auto_generated|pll1|clk[0] ; 0.000        ; 0.073      ; 1.652      ;
; 1.390 ; VGA_Control:VGA_Control_Instance|count_h[1] ; VGA_Control:VGA_Control_Instance|count_h[7] ; pll_inst|altpll_component|auto_generated|pll1|clk[0] ; pll_inst|altpll_component|auto_generated|pll1|clk[0] ; 0.000        ; 0.073      ; 1.658      ;
; 1.393 ; VGA_Control:VGA_Control_Instance|count_v[8] ; VGA_Control:VGA_Control_Instance|count_v[1] ; pll_inst|altpll_component|auto_generated|pll1|clk[0] ; pll_inst|altpll_component|auto_generated|pll1|clk[0] ; 0.000        ; 0.072      ; 1.660      ;
; 1.395 ; VGA_Control:VGA_Control_Instance|count_v[8] ; VGA_Control:VGA_Control_Instance|count_v[3] ; pll_inst|altpll_component|auto_generated|pll1|clk[0] ; pll_inst|altpll_component|auto_generated|pll1|clk[0] ; 0.000        ; 0.072      ; 1.662      ;
; 1.396 ; VGA_Control:VGA_Control_Instance|count_v[8] ; VGA_Control:VGA_Control_Instance|count_v[2] ; pll_inst|altpll_component|auto_generated|pll1|clk[0] ; pll_inst|altpll_component|auto_generated|pll1|clk[0] ; 0.000        ; 0.072      ; 1.663      ;
; 1.398 ; VGA_Control:VGA_Control_Instance|count_h[0] ; VGA_Control:VGA_Control_Instance|count_h[7] ; pll_inst|altpll_component|auto_generated|pll1|clk[0] ; pll_inst|altpll_component|auto_generated|pll1|clk[0] ; 0.000        ; 0.073      ; 1.666      ;
; 1.426 ; VGA_Control:VGA_Control_Instance|count_v[5] ; VGA_Control:VGA_Control_Instance|count_v[9] ; pll_inst|altpll_component|auto_generated|pll1|clk[0] ; pll_inst|altpll_component|auto_generated|pll1|clk[0] ; 0.000        ; 0.072      ; 1.693      ;
; 1.502 ; VGA_Control:VGA_Control_Instance|count_h[0] ; VGA_Control:VGA_Control_Instance|count_v[3] ; pll_inst|altpll_component|auto_generated|pll1|clk[0] ; pll_inst|altpll_component|auto_generated|pll1|clk[0] ; 0.000        ; 0.073      ; 1.770      ;
; 1.505 ; VGA_Control:VGA_Control_Instance|count_h[0] ; VGA_Control:VGA_Control_Instance|count_v[2] ; pll_inst|altpll_component|auto_generated|pll1|clk[0] ; pll_inst|altpll_component|auto_generated|pll1|clk[0] ; 0.000        ; 0.073      ; 1.773      ;
; 1.505 ; VGA_Control:VGA_Control_Instance|count_v[4] ; VGA_Control:VGA_Control_Instance|count_v[5] ; pll_inst|altpll_component|auto_generated|pll1|clk[0] ; pll_inst|altpll_component|auto_generated|pll1|clk[0] ; 0.000        ; 0.072      ; 1.772      ;
; 1.518 ; VGA_Control:VGA_Control_Instance|count_v[8] ; VGA_Control:VGA_Control_Instance|count_v[9] ; pll_inst|altpll_component|auto_generated|pll1|clk[0] ; pll_inst|altpll_component|auto_generated|pll1|clk[0] ; 0.000        ; 0.072      ; 1.785      ;
; 1.521 ; VGA_Control:VGA_Control_Instance|count_h[0] ; VGA_Control:VGA_Control_Instance|count_v[9] ; pll_inst|altpll_component|auto_generated|pll1|clk[0] ; pll_inst|altpll_component|auto_generated|pll1|clk[0] ; 0.000        ; 0.073      ; 1.789      ;
; 1.523 ; VGA_Control:VGA_Control_Instance|count_h[0] ; VGA_Control:VGA_Control_Instance|count_v[5] ; pll_inst|altpll_component|auto_generated|pll1|clk[0] ; pll_inst|altpll_component|auto_generated|pll1|clk[0] ; 0.000        ; 0.073      ; 1.791      ;
; 1.523 ; VGA_Control:VGA_Control_Instance|count_h[0] ; VGA_Control:VGA_Control_Instance|count_v[0] ; pll_inst|altpll_component|auto_generated|pll1|clk[0] ; pll_inst|altpll_component|auto_generated|pll1|clk[0] ; 0.000        ; 0.073      ; 1.791      ;
; 1.525 ; VGA_Control:VGA_Control_Instance|count_h[0] ; VGA_Control:VGA_Control_Instance|count_v[8] ; pll_inst|altpll_component|auto_generated|pll1|clk[0] ; pll_inst|altpll_component|auto_generated|pll1|clk[0] ; 0.000        ; 0.073      ; 1.793      ;
; 1.528 ; VGA_Control:VGA_Control_Instance|count_v[7] ; VGA_Control:VGA_Control_Instance|count_v[1] ; pll_inst|altpll_component|auto_generated|pll1|clk[0] ; pll_inst|altpll_component|auto_generated|pll1|clk[0] ; 0.000        ; 0.072      ; 1.795      ;
; 1.530 ; VGA_Control:VGA_Control_Instance|count_v[7] ; VGA_Control:VGA_Control_Instance|count_v[3] ; pll_inst|altpll_component|auto_generated|pll1|clk[0] ; pll_inst|altpll_component|auto_generated|pll1|clk[0] ; 0.000        ; 0.072      ; 1.797      ;
; 1.531 ; VGA_Control:VGA_Control_Instance|count_v[7] ; VGA_Control:VGA_Control_Instance|count_v[2] ; pll_inst|altpll_component|auto_generated|pll1|clk[0] ; pll_inst|altpll_component|auto_generated|pll1|clk[0] ; 0.000        ; 0.072      ; 1.798      ;
; 1.543 ; VGA_Control:VGA_Control_Instance|count_h[1] ; VGA_Control:VGA_Control_Instance|count_v[1] ; pll_inst|altpll_component|auto_generated|pll1|clk[0] ; pll_inst|altpll_component|auto_generated|pll1|clk[0] ; 0.000        ; 0.073      ; 1.811      ;
; 1.543 ; VGA_Control:VGA_Control_Instance|count_v[8] ; VGA_Control:VGA_Control_Instance|count_v[0] ; pll_inst|altpll_component|auto_generated|pll1|clk[0] ; pll_inst|altpll_component|auto_generated|pll1|clk[0] ; 0.000        ; 0.072      ; 1.810      ;
; 1.547 ; VGA_Control:VGA_Control_Instance|count_h[7] ; VGA_Control:VGA_Control_Instance|count_h[8] ; pll_inst|altpll_component|auto_generated|pll1|clk[0] ; pll_inst|altpll_component|auto_generated|pll1|clk[0] ; 0.000        ; 0.073      ; 1.815      ;
; 1.549 ; VGA_Control:VGA_Control_Instance|count_h[6] ; VGA_Control:VGA_Control_Instance|count_h[8] ; pll_inst|altpll_component|auto_generated|pll1|clk[0] ; pll_inst|altpll_component|auto_generated|pll1|clk[0] ; 0.000        ; 0.073      ; 1.817      ;
; 1.565 ; VGA_Control:VGA_Control_Instance|count_h[1] ; VGA_Control:VGA_Control_Instance|count_v[4] ; pll_inst|altpll_component|auto_generated|pll1|clk[0] ; pll_inst|altpll_component|auto_generated|pll1|clk[0] ; 0.000        ; 0.073      ; 1.833      ;
; 1.565 ; VGA_Control:VGA_Control_Instance|count_h[1] ; VGA_Control:VGA_Control_Instance|count_v[6] ; pll_inst|altpll_component|auto_generated|pll1|clk[0] ; pll_inst|altpll_component|auto_generated|pll1|clk[0] ; 0.000        ; 0.073      ; 1.833      ;
; 1.565 ; VGA_Control:VGA_Control_Instance|count_h[1] ; VGA_Control:VGA_Control_Instance|count_v[7] ; pll_inst|altpll_component|auto_generated|pll1|clk[0] ; pll_inst|altpll_component|auto_generated|pll1|clk[0] ; 0.000        ; 0.073      ; 1.833      ;
; 1.599 ; VGA_Control:VGA_Control_Instance|count_v[8] ; VGA_Pixel:VGA_Pixel_Instance|pixel_data[0]  ; pll_inst|altpll_component|auto_generated|pll1|clk[0] ; pll_inst|altpll_component|auto_generated|pll1|clk[0] ; 0.000        ; 0.072      ; 1.866      ;
; 1.610 ; VGA_Control:VGA_Control_Instance|count_v[5] ; VGA_Control:VGA_Control_Instance|count_v[6] ; pll_inst|altpll_component|auto_generated|pll1|clk[0] ; pll_inst|altpll_component|auto_generated|pll1|clk[0] ; 0.000        ; 0.072      ; 1.877      ;
; 1.611 ; VGA_Control:VGA_Control_Instance|count_v[5] ; VGA_Control:VGA_Control_Instance|count_v[7] ; pll_inst|altpll_component|auto_generated|pll1|clk[0] ; pll_inst|altpll_component|auto_generated|pll1|clk[0] ; 0.000        ; 0.072      ; 1.878      ;
; 1.611 ; VGA_Control:VGA_Control_Instance|count_h[8] ; VGA_Control:VGA_Control_Instance|count_h[9] ; pll_inst|altpll_component|auto_generated|pll1|clk[0] ; pll_inst|altpll_component|auto_generated|pll1|clk[0] ; 0.000        ; 0.073      ; 1.879      ;
; 1.620 ; VGA_Control:VGA_Control_Instance|count_h[4] ; VGA_Control:VGA_Control_Instance|count_h[5] ; pll_inst|altpll_component|auto_generated|pll1|clk[0] ; pll_inst|altpll_component|auto_generated|pll1|clk[0] ; 0.000        ; 0.073      ; 1.888      ;
; 1.620 ; VGA_Control:VGA_Control_Instance|count_v[8] ; VGA_Control:VGA_Control_Instance|count_v[5] ; pll_inst|altpll_component|auto_generated|pll1|clk[0] ; pll_inst|altpll_component|auto_generated|pll1|clk[0] ; 0.000        ; 0.072      ; 1.887      ;
; 1.621 ; VGA_Control:VGA_Control_Instance|count_v[7] ; VGA_Control:VGA_Control_Instance|count_v[9] ; pll_inst|altpll_component|auto_generated|pll1|clk[0] ; pll_inst|altpll_component|auto_generated|pll1|clk[0] ; 0.000        ; 0.072      ; 1.888      ;
; 1.638 ; VGA_Control:VGA_Control_Instance|count_h[3] ; VGA_Control:VGA_Control_Instance|count_h[5] ; pll_inst|altpll_component|auto_generated|pll1|clk[0] ; pll_inst|altpll_component|auto_generated|pll1|clk[0] ; 0.000        ; 0.073      ; 1.906      ;
; 1.639 ; VGA_Control:VGA_Control_Instance|count_h[3] ; VGA_Control:VGA_Control_Instance|count_h[9] ; pll_inst|altpll_component|auto_generated|pll1|clk[0] ; pll_inst|altpll_component|auto_generated|pll1|clk[0] ; 0.000        ; 0.073      ; 1.907      ;
; 1.639 ; VGA_Control:VGA_Control_Instance|count_v[6] ; VGA_Control:VGA_Control_Instance|count_v[9] ; pll_inst|altpll_component|auto_generated|pll1|clk[0] ; pll_inst|altpll_component|auto_generated|pll1|clk[0] ; 0.000        ; 0.072      ; 1.906      ;
; 1.655 ; VGA_Control:VGA_Control_Instance|count_v[7] ; VGA_Control:VGA_Control_Instance|count_v[8] ; pll_inst|altpll_component|auto_generated|pll1|clk[0] ; pll_inst|altpll_component|auto_generated|pll1|clk[0] ; 0.000        ; 0.072      ; 1.922      ;
; 1.663 ; VGA_Control:VGA_Control_Instance|count_h[5] ; VGA_Control:VGA_Control_Instance|count_h[8] ; pll_inst|altpll_component|auto_generated|pll1|clk[0] ; pll_inst|altpll_component|auto_generated|pll1|clk[0] ; 0.000        ; 0.073      ; 1.931      ;
; 1.673 ; VGA_Control:VGA_Control_Instance|count_v[6] ; VGA_Control:VGA_Control_Instance|count_v[8] ; pll_inst|altpll_component|auto_generated|pll1|clk[0] ; pll_inst|altpll_component|auto_generated|pll1|clk[0] ; 0.000        ; 0.072      ; 1.940      ;
; 1.678 ; VGA_Control:VGA_Control_Instance|count_v[7] ; VGA_Control:VGA_Control_Instance|count_v[0] ; pll_inst|altpll_component|auto_generated|pll1|clk[0] ; pll_inst|altpll_component|auto_generated|pll1|clk[0] ; 0.000        ; 0.072      ; 1.945      ;
; 1.683 ; VGA_Control:VGA_Control_Instance|count_h[4] ; VGA_Control:VGA_Control_Instance|count_h[8] ; pll_inst|altpll_component|auto_generated|pll1|clk[0] ; pll_inst|altpll_component|auto_generated|pll1|clk[0] ; 0.000        ; 0.073      ; 1.951      ;
; 1.705 ; VGA_Control:VGA_Control_Instance|count_v[5] ; VGA_Control:VGA_Control_Instance|count_v[4] ; pll_inst|altpll_component|auto_generated|pll1|clk[0] ; pll_inst|altpll_component|auto_generated|pll1|clk[0] ; 0.000        ; 0.072      ; 1.972      ;
; 1.724 ; VGA_Control:VGA_Control_Instance|count_v[6] ; VGA_Control:VGA_Control_Instance|count_v[7] ; pll_inst|altpll_component|auto_generated|pll1|clk[0] ; pll_inst|altpll_component|auto_generated|pll1|clk[0] ; 0.000        ; 0.072      ; 1.991      ;
+-------+---------------------------------------------+---------------------------------------------+------------------------------------------------------+------------------------------------------------------+--------------+------------+------------+


+--------------------------------------------------------------------------------------------------------------------------------------------------------+
; Slow 1200mV 0C Model Minimum Pulse Width: 'system_clock'                                                                                               ;
+--------+--------------+----------------+------------------+--------------+------------+----------------------------------------------------------------+
; Slack  ; Actual Width ; Required Width ; Type             ; Clock        ; Clock Edge ; Target                                                         ;
+--------+--------------+----------------+------------------+--------------+------------+----------------------------------------------------------------+
; 9.943  ; 9.943        ; 0.000          ; Low Pulse Width  ; system_clock ; Rise       ; pll_inst|altpll_component|auto_generated|pll1|clk[0]           ;
; 9.943  ; 9.943        ; 0.000          ; Low Pulse Width  ; system_clock ; Rise       ; pll_inst|altpll_component|auto_generated|pll1|observablevcoout ;
; 9.975  ; 9.975        ; 0.000          ; Low Pulse Width  ; system_clock ; Rise       ; system_clock~input|o                                           ;
; 9.992  ; 9.992        ; 0.000          ; Low Pulse Width  ; system_clock ; Rise       ; pll_inst|altpll_component|auto_generated|pll1|inclk[0]         ;
; 10.000 ; 10.000       ; 0.000          ; High Pulse Width ; system_clock ; Rise       ; system_clock~input|i                                           ;
; 10.000 ; 10.000       ; 0.000          ; Low Pulse Width  ; system_clock ; Rise       ; system_clock~input|i                                           ;
; 10.008 ; 10.008       ; 0.000          ; High Pulse Width ; system_clock ; Rise       ; pll_inst|altpll_component|auto_generated|pll1|inclk[0]         ;
; 10.025 ; 10.025       ; 0.000          ; High Pulse Width ; system_clock ; Rise       ; system_clock~input|o                                           ;
; 10.056 ; 10.056       ; 0.000          ; High Pulse Width ; system_clock ; Rise       ; pll_inst|altpll_component|auto_generated|pll1|clk[0]           ;
; 10.056 ; 10.056       ; 0.000          ; High Pulse Width ; system_clock ; Rise       ; pll_inst|altpll_component|auto_generated|pll1|observablevcoout ;
; 16.000 ; 20.000       ; 4.000          ; Port Rate        ; system_clock ; Rise       ; system_clock                                                   ;
+--------+--------------+----------------+------------------+--------------+------------+----------------------------------------------------------------+


+------------------------------------------------------------------------------------------------------------------------------------------------------------------------------------------------------------+
; Slow 1200mV 0C Model Minimum Pulse Width: 'pll_inst|altpll_component|auto_generated|pll1|clk[0]'                                                                                                           ;
+--------+--------------+----------------+------------------+------------------------------------------------------+------------+----------------------------------------------------------------------------+
; Slack  ; Actual Width ; Required Width ; Type             ; Clock                                                ; Clock Edge ; Target                                                                     ;
+--------+--------------+----------------+------------------+------------------------------------------------------+------------+----------------------------------------------------------------------------+
; 19.718 ; 19.934       ; 0.216          ; High Pulse Width ; pll_inst|altpll_component|auto_generated|pll1|clk[0] ; Rise       ; VGA_Control:VGA_Control_Instance|count_h[0]                                ;
; 19.718 ; 19.934       ; 0.216          ; High Pulse Width ; pll_inst|altpll_component|auto_generated|pll1|clk[0] ; Rise       ; VGA_Control:VGA_Control_Instance|count_h[1]                                ;
; 19.718 ; 19.934       ; 0.216          ; High Pulse Width ; pll_inst|altpll_component|auto_generated|pll1|clk[0] ; Rise       ; VGA_Control:VGA_Control_Instance|count_h[2]                                ;
; 19.718 ; 19.934       ; 0.216          ; High Pulse Width ; pll_inst|altpll_component|auto_generated|pll1|clk[0] ; Rise       ; VGA_Control:VGA_Control_Instance|count_h[3]                                ;
; 19.718 ; 19.934       ; 0.216          ; High Pulse Width ; pll_inst|altpll_component|auto_generated|pll1|clk[0] ; Rise       ; VGA_Control:VGA_Control_Instance|count_h[4]                                ;
; 19.718 ; 19.934       ; 0.216          ; High Pulse Width ; pll_inst|altpll_component|auto_generated|pll1|clk[0] ; Rise       ; VGA_Control:VGA_Control_Instance|count_h[5]                                ;
; 19.718 ; 19.934       ; 0.216          ; High Pulse Width ; pll_inst|altpll_component|auto_generated|pll1|clk[0] ; Rise       ; VGA_Control:VGA_Control_Instance|count_h[6]                                ;
; 19.718 ; 19.934       ; 0.216          ; High Pulse Width ; pll_inst|altpll_component|auto_generated|pll1|clk[0] ; Rise       ; VGA_Control:VGA_Control_Instance|count_h[7]                                ;
; 19.718 ; 19.934       ; 0.216          ; High Pulse Width ; pll_inst|altpll_component|auto_generated|pll1|clk[0] ; Rise       ; VGA_Control:VGA_Control_Instance|count_h[8]                                ;
; 19.718 ; 19.934       ; 0.216          ; High Pulse Width ; pll_inst|altpll_component|auto_generated|pll1|clk[0] ; Rise       ; VGA_Control:VGA_Control_Instance|count_h[9]                                ;
; 19.718 ; 19.934       ; 0.216          ; High Pulse Width ; pll_inst|altpll_component|auto_generated|pll1|clk[0] ; Rise       ; VGA_Control:VGA_Control_Instance|count_v[0]                                ;
; 19.718 ; 19.934       ; 0.216          ; High Pulse Width ; pll_inst|altpll_component|auto_generated|pll1|clk[0] ; Rise       ; VGA_Control:VGA_Control_Instance|count_v[1]                                ;
; 19.718 ; 19.934       ; 0.216          ; High Pulse Width ; pll_inst|altpll_component|auto_generated|pll1|clk[0] ; Rise       ; VGA_Control:VGA_Control_Instance|count_v[2]                                ;
; 19.718 ; 19.934       ; 0.216          ; High Pulse Width ; pll_inst|altpll_component|auto_generated|pll1|clk[0] ; Rise       ; VGA_Control:VGA_Control_Instance|count_v[3]                                ;
; 19.718 ; 19.934       ; 0.216          ; High Pulse Width ; pll_inst|altpll_component|auto_generated|pll1|clk[0] ; Rise       ; VGA_Control:VGA_Control_Instance|count_v[4]                                ;
; 19.718 ; 19.934       ; 0.216          ; High Pulse Width ; pll_inst|altpll_component|auto_generated|pll1|clk[0] ; Rise       ; VGA_Control:VGA_Control_Instance|count_v[5]                                ;
; 19.718 ; 19.934       ; 0.216          ; High Pulse Width ; pll_inst|altpll_component|auto_generated|pll1|clk[0] ; Rise       ; VGA_Control:VGA_Control_Instance|count_v[6]                                ;
; 19.718 ; 19.934       ; 0.216          ; High Pulse Width ; pll_inst|altpll_component|auto_generated|pll1|clk[0] ; Rise       ; VGA_Control:VGA_Control_Instance|count_v[7]                                ;
; 19.718 ; 19.934       ; 0.216          ; High Pulse Width ; pll_inst|altpll_component|auto_generated|pll1|clk[0] ; Rise       ; VGA_Control:VGA_Control_Instance|count_v[8]                                ;
; 19.718 ; 19.934       ; 0.216          ; High Pulse Width ; pll_inst|altpll_component|auto_generated|pll1|clk[0] ; Rise       ; VGA_Control:VGA_Control_Instance|count_v[9]                                ;
; 19.718 ; 19.934       ; 0.216          ; High Pulse Width ; pll_inst|altpll_component|auto_generated|pll1|clk[0] ; Rise       ; VGA_Pixel:VGA_Pixel_Instance|pixel_data[0]                                 ;
; 19.878 ; 20.062       ; 0.184          ; Low Pulse Width  ; pll_inst|altpll_component|auto_generated|pll1|clk[0] ; Rise       ; VGA_Control:VGA_Control_Instance|count_h[0]                                ;
; 19.878 ; 20.062       ; 0.184          ; Low Pulse Width  ; pll_inst|altpll_component|auto_generated|pll1|clk[0] ; Rise       ; VGA_Control:VGA_Control_Instance|count_h[1]                                ;
; 19.878 ; 20.062       ; 0.184          ; Low Pulse Width  ; pll_inst|altpll_component|auto_generated|pll1|clk[0] ; Rise       ; VGA_Control:VGA_Control_Instance|count_h[2]                                ;
; 19.878 ; 20.062       ; 0.184          ; Low Pulse Width  ; pll_inst|altpll_component|auto_generated|pll1|clk[0] ; Rise       ; VGA_Control:VGA_Control_Instance|count_h[3]                                ;
; 19.878 ; 20.062       ; 0.184          ; Low Pulse Width  ; pll_inst|altpll_component|auto_generated|pll1|clk[0] ; Rise       ; VGA_Control:VGA_Control_Instance|count_h[4]                                ;
; 19.878 ; 20.062       ; 0.184          ; Low Pulse Width  ; pll_inst|altpll_component|auto_generated|pll1|clk[0] ; Rise       ; VGA_Control:VGA_Control_Instance|count_h[5]                                ;
; 19.878 ; 20.062       ; 0.184          ; Low Pulse Width  ; pll_inst|altpll_component|auto_generated|pll1|clk[0] ; Rise       ; VGA_Control:VGA_Control_Instance|count_h[6]                                ;
; 19.878 ; 20.062       ; 0.184          ; Low Pulse Width  ; pll_inst|altpll_component|auto_generated|pll1|clk[0] ; Rise       ; VGA_Control:VGA_Control_Instance|count_h[7]                                ;
; 19.878 ; 20.062       ; 0.184          ; Low Pulse Width  ; pll_inst|altpll_component|auto_generated|pll1|clk[0] ; Rise       ; VGA_Control:VGA_Control_Instance|count_h[8]                                ;
; 19.878 ; 20.062       ; 0.184          ; Low Pulse Width  ; pll_inst|altpll_component|auto_generated|pll1|clk[0] ; Rise       ; VGA_Control:VGA_Control_Instance|count_h[9]                                ;
; 19.878 ; 20.062       ; 0.184          ; Low Pulse Width  ; pll_inst|altpll_component|auto_generated|pll1|clk[0] ; Rise       ; VGA_Control:VGA_Control_Instance|count_v[0]                                ;
; 19.878 ; 20.062       ; 0.184          ; Low Pulse Width  ; pll_inst|altpll_component|auto_generated|pll1|clk[0] ; Rise       ; VGA_Control:VGA_Control_Instance|count_v[4]                                ;
; 19.878 ; 20.062       ; 0.184          ; Low Pulse Width  ; pll_inst|altpll_component|auto_generated|pll1|clk[0] ; Rise       ; VGA_Control:VGA_Control_Instance|count_v[6]                                ;
; 19.878 ; 20.062       ; 0.184          ; Low Pulse Width  ; pll_inst|altpll_component|auto_generated|pll1|clk[0] ; Rise       ; VGA_Control:VGA_Control_Instance|count_v[7]                                ;
; 19.878 ; 20.062       ; 0.184          ; Low Pulse Width  ; pll_inst|altpll_component|auto_generated|pll1|clk[0] ; Rise       ; VGA_Control:VGA_Control_Instance|count_v[8]                                ;
; 19.879 ; 20.063       ; 0.184          ; Low Pulse Width  ; pll_inst|altpll_component|auto_generated|pll1|clk[0] ; Rise       ; VGA_Control:VGA_Control_Instance|count_v[1]                                ;
; 19.879 ; 20.063       ; 0.184          ; Low Pulse Width  ; pll_inst|altpll_component|auto_generated|pll1|clk[0] ; Rise       ; VGA_Control:VGA_Control_Instance|count_v[2]                                ;
; 19.879 ; 20.063       ; 0.184          ; Low Pulse Width  ; pll_inst|altpll_component|auto_generated|pll1|clk[0] ; Rise       ; VGA_Control:VGA_Control_Instance|count_v[3]                                ;
; 19.879 ; 20.063       ; 0.184          ; Low Pulse Width  ; pll_inst|altpll_component|auto_generated|pll1|clk[0] ; Rise       ; VGA_Control:VGA_Control_Instance|count_v[5]                                ;
; 19.879 ; 20.063       ; 0.184          ; Low Pulse Width  ; pll_inst|altpll_component|auto_generated|pll1|clk[0] ; Rise       ; VGA_Control:VGA_Control_Instance|count_v[9]                                ;
; 19.879 ; 20.063       ; 0.184          ; Low Pulse Width  ; pll_inst|altpll_component|auto_generated|pll1|clk[0] ; Rise       ; VGA_Pixel:VGA_Pixel_Instance|pixel_data[0]                                 ;
; 19.965 ; 19.965       ; 0.000          ; High Pulse Width ; pll_inst|altpll_component|auto_generated|pll1|clk[0] ; Rise       ; pll_inst|altpll_component|auto_generated|wire_pll1_clk[0]~clkctrl|inclk[0] ;
; 19.965 ; 19.965       ; 0.000          ; High Pulse Width ; pll_inst|altpll_component|auto_generated|pll1|clk[0] ; Rise       ; pll_inst|altpll_component|auto_generated|wire_pll1_clk[0]~clkctrl|outclk   ;
; 19.988 ; 19.988       ; 0.000          ; High Pulse Width ; pll_inst|altpll_component|auto_generated|pll1|clk[0] ; Rise       ; VGA_Control_Instance|count_h[0]|clk                                        ;
; 19.988 ; 19.988       ; 0.000          ; High Pulse Width ; pll_inst|altpll_component|auto_generated|pll1|clk[0] ; Rise       ; VGA_Control_Instance|count_h[1]|clk                                        ;
; 19.988 ; 19.988       ; 0.000          ; High Pulse Width ; pll_inst|altpll_component|auto_generated|pll1|clk[0] ; Rise       ; VGA_Control_Instance|count_h[2]|clk                                        ;
; 19.988 ; 19.988       ; 0.000          ; High Pulse Width ; pll_inst|altpll_component|auto_generated|pll1|clk[0] ; Rise       ; VGA_Control_Instance|count_h[3]|clk                                        ;
; 19.988 ; 19.988       ; 0.000          ; High Pulse Width ; pll_inst|altpll_component|auto_generated|pll1|clk[0] ; Rise       ; VGA_Control_Instance|count_h[4]|clk                                        ;
; 19.988 ; 19.988       ; 0.000          ; High Pulse Width ; pll_inst|altpll_component|auto_generated|pll1|clk[0] ; Rise       ; VGA_Control_Instance|count_h[5]|clk                                        ;
; 19.988 ; 19.988       ; 0.000          ; High Pulse Width ; pll_inst|altpll_component|auto_generated|pll1|clk[0] ; Rise       ; VGA_Control_Instance|count_h[6]|clk                                        ;
; 19.988 ; 19.988       ; 0.000          ; High Pulse Width ; pll_inst|altpll_component|auto_generated|pll1|clk[0] ; Rise       ; VGA_Control_Instance|count_h[7]|clk                                        ;
; 19.988 ; 19.988       ; 0.000          ; High Pulse Width ; pll_inst|altpll_component|auto_generated|pll1|clk[0] ; Rise       ; VGA_Control_Instance|count_h[8]|clk                                        ;
; 19.988 ; 19.988       ; 0.000          ; High Pulse Width ; pll_inst|altpll_component|auto_generated|pll1|clk[0] ; Rise       ; VGA_Control_Instance|count_h[9]|clk                                        ;
; 19.988 ; 19.988       ; 0.000          ; High Pulse Width ; pll_inst|altpll_component|auto_generated|pll1|clk[0] ; Rise       ; VGA_Control_Instance|count_v[0]|clk                                        ;
; 19.988 ; 19.988       ; 0.000          ; High Pulse Width ; pll_inst|altpll_component|auto_generated|pll1|clk[0] ; Rise       ; VGA_Control_Instance|count_v[1]|clk                                        ;
; 19.988 ; 19.988       ; 0.000          ; High Pulse Width ; pll_inst|altpll_component|auto_generated|pll1|clk[0] ; Rise       ; VGA_Control_Instance|count_v[2]|clk                                        ;
; 19.988 ; 19.988       ; 0.000          ; High Pulse Width ; pll_inst|altpll_component|auto_generated|pll1|clk[0] ; Rise       ; VGA_Control_Instance|count_v[3]|clk                                        ;
; 19.988 ; 19.988       ; 0.000          ; High Pulse Width ; pll_inst|altpll_component|auto_generated|pll1|clk[0] ; Rise       ; VGA_Control_Instance|count_v[4]|clk                                        ;
; 19.988 ; 19.988       ; 0.000          ; High Pulse Width ; pll_inst|altpll_component|auto_generated|pll1|clk[0] ; Rise       ; VGA_Control_Instance|count_v[5]|clk                                        ;
; 19.988 ; 19.988       ; 0.000          ; High Pulse Width ; pll_inst|altpll_component|auto_generated|pll1|clk[0] ; Rise       ; VGA_Control_Instance|count_v[6]|clk                                        ;
; 19.988 ; 19.988       ; 0.000          ; High Pulse Width ; pll_inst|altpll_component|auto_generated|pll1|clk[0] ; Rise       ; VGA_Control_Instance|count_v[7]|clk                                        ;
; 19.988 ; 19.988       ; 0.000          ; High Pulse Width ; pll_inst|altpll_component|auto_generated|pll1|clk[0] ; Rise       ; VGA_Control_Instance|count_v[8]|clk                                        ;
; 19.988 ; 19.988       ; 0.000          ; High Pulse Width ; pll_inst|altpll_component|auto_generated|pll1|clk[0] ; Rise       ; VGA_Control_Instance|count_v[9]|clk                                        ;
; 19.988 ; 19.988       ; 0.000          ; High Pulse Width ; pll_inst|altpll_component|auto_generated|pll1|clk[0] ; Rise       ; VGA_Pixel_Instance|pixel_data[0]|clk                                       ;
; 20.011 ; 20.011       ; 0.000          ; Low Pulse Width  ; pll_inst|altpll_component|auto_generated|pll1|clk[0] ; Rise       ; VGA_Control_Instance|count_h[0]|clk                                        ;
; 20.011 ; 20.011       ; 0.000          ; Low Pulse Width  ; pll_inst|altpll_component|auto_generated|pll1|clk[0] ; Rise       ; VGA_Control_Instance|count_h[1]|clk                                        ;
; 20.011 ; 20.011       ; 0.000          ; Low Pulse Width  ; pll_inst|altpll_component|auto_generated|pll1|clk[0] ; Rise       ; VGA_Control_Instance|count_h[2]|clk                                        ;
; 20.011 ; 20.011       ; 0.000          ; Low Pulse Width  ; pll_inst|altpll_component|auto_generated|pll1|clk[0] ; Rise       ; VGA_Control_Instance|count_h[3]|clk                                        ;
; 20.011 ; 20.011       ; 0.000          ; Low Pulse Width  ; pll_inst|altpll_component|auto_generated|pll1|clk[0] ; Rise       ; VGA_Control_Instance|count_h[4]|clk                                        ;
; 20.011 ; 20.011       ; 0.000          ; Low Pulse Width  ; pll_inst|altpll_component|auto_generated|pll1|clk[0] ; Rise       ; VGA_Control_Instance|count_h[5]|clk                                        ;
; 20.011 ; 20.011       ; 0.000          ; Low Pulse Width  ; pll_inst|altpll_component|auto_generated|pll1|clk[0] ; Rise       ; VGA_Control_Instance|count_h[6]|clk                                        ;
; 20.011 ; 20.011       ; 0.000          ; Low Pulse Width  ; pll_inst|altpll_component|auto_generated|pll1|clk[0] ; Rise       ; VGA_Control_Instance|count_h[7]|clk                                        ;
; 20.011 ; 20.011       ; 0.000          ; Low Pulse Width  ; pll_inst|altpll_component|auto_generated|pll1|clk[0] ; Rise       ; VGA_Control_Instance|count_h[8]|clk                                        ;
; 20.011 ; 20.011       ; 0.000          ; Low Pulse Width  ; pll_inst|altpll_component|auto_generated|pll1|clk[0] ; Rise       ; VGA_Control_Instance|count_h[9]|clk                                        ;
; 20.011 ; 20.011       ; 0.000          ; Low Pulse Width  ; pll_inst|altpll_component|auto_generated|pll1|clk[0] ; Rise       ; VGA_Control_Instance|count_v[0]|clk                                        ;
; 20.011 ; 20.011       ; 0.000          ; Low Pulse Width  ; pll_inst|altpll_component|auto_generated|pll1|clk[0] ; Rise       ; VGA_Control_Instance|count_v[4]|clk                                        ;
; 20.011 ; 20.011       ; 0.000          ; Low Pulse Width  ; pll_inst|altpll_component|auto_generated|pll1|clk[0] ; Rise       ; VGA_Control_Instance|count_v[6]|clk                                        ;
; 20.011 ; 20.011       ; 0.000          ; Low Pulse Width  ; pll_inst|altpll_component|auto_generated|pll1|clk[0] ; Rise       ; VGA_Control_Instance|count_v[7]|clk                                        ;
; 20.011 ; 20.011       ; 0.000          ; Low Pulse Width  ; pll_inst|altpll_component|auto_generated|pll1|clk[0] ; Rise       ; VGA_Control_Instance|count_v[8]|clk                                        ;
; 20.012 ; 20.012       ; 0.000          ; Low Pulse Width  ; pll_inst|altpll_component|auto_generated|pll1|clk[0] ; Rise       ; VGA_Control_Instance|count_v[1]|clk                                        ;
; 20.012 ; 20.012       ; 0.000          ; Low Pulse Width  ; pll_inst|altpll_component|auto_generated|pll1|clk[0] ; Rise       ; VGA_Control_Instance|count_v[2]|clk                                        ;
; 20.012 ; 20.012       ; 0.000          ; Low Pulse Width  ; pll_inst|altpll_component|auto_generated|pll1|clk[0] ; Rise       ; VGA_Control_Instance|count_v[3]|clk                                        ;
; 20.012 ; 20.012       ; 0.000          ; Low Pulse Width  ; pll_inst|altpll_component|auto_generated|pll1|clk[0] ; Rise       ; VGA_Control_Instance|count_v[5]|clk                                        ;
; 20.012 ; 20.012       ; 0.000          ; Low Pulse Width  ; pll_inst|altpll_component|auto_generated|pll1|clk[0] ; Rise       ; VGA_Control_Instance|count_v[9]|clk                                        ;
; 20.012 ; 20.012       ; 0.000          ; Low Pulse Width  ; pll_inst|altpll_component|auto_generated|pll1|clk[0] ; Rise       ; VGA_Pixel_Instance|pixel_data[0]|clk                                       ;
; 20.033 ; 20.033       ; 0.000          ; Low Pulse Width  ; pll_inst|altpll_component|auto_generated|pll1|clk[0] ; Rise       ; pll_inst|altpll_component|auto_generated|wire_pll1_clk[0]~clkctrl|inclk[0] ;
; 20.033 ; 20.033       ; 0.000          ; Low Pulse Width  ; pll_inst|altpll_component|auto_generated|pll1|clk[0] ; Rise       ; pll_inst|altpll_component|auto_generated|wire_pll1_clk[0]~clkctrl|outclk   ;
; 37.513 ; 40.000       ; 2.487          ; Min Period       ; pll_inst|altpll_component|auto_generated|pll1|clk[0] ; Rise       ; VGA_Control:VGA_Control_Instance|count_h[0]                                ;
; 37.513 ; 40.000       ; 2.487          ; Min Period       ; pll_inst|altpll_component|auto_generated|pll1|clk[0] ; Rise       ; VGA_Control:VGA_Control_Instance|count_h[1]                                ;
; 37.513 ; 40.000       ; 2.487          ; Min Period       ; pll_inst|altpll_component|auto_generated|pll1|clk[0] ; Rise       ; VGA_Control:VGA_Control_Instance|count_h[2]                                ;
; 37.513 ; 40.000       ; 2.487          ; Min Period       ; pll_inst|altpll_component|auto_generated|pll1|clk[0] ; Rise       ; VGA_Control:VGA_Control_Instance|count_h[3]                                ;
; 37.513 ; 40.000       ; 2.487          ; Min Period       ; pll_inst|altpll_component|auto_generated|pll1|clk[0] ; Rise       ; VGA_Control:VGA_Control_Instance|count_h[4]                                ;
; 37.513 ; 40.000       ; 2.487          ; Min Period       ; pll_inst|altpll_component|auto_generated|pll1|clk[0] ; Rise       ; VGA_Control:VGA_Control_Instance|count_h[5]                                ;
; 37.513 ; 40.000       ; 2.487          ; Min Period       ; pll_inst|altpll_component|auto_generated|pll1|clk[0] ; Rise       ; VGA_Control:VGA_Control_Instance|count_h[6]                                ;
; 37.513 ; 40.000       ; 2.487          ; Min Period       ; pll_inst|altpll_component|auto_generated|pll1|clk[0] ; Rise       ; VGA_Control:VGA_Control_Instance|count_h[7]                                ;
; 37.513 ; 40.000       ; 2.487          ; Min Period       ; pll_inst|altpll_component|auto_generated|pll1|clk[0] ; Rise       ; VGA_Control:VGA_Control_Instance|count_h[8]                                ;
; 37.513 ; 40.000       ; 2.487          ; Min Period       ; pll_inst|altpll_component|auto_generated|pll1|clk[0] ; Rise       ; VGA_Control:VGA_Control_Instance|count_h[9]                                ;
; 37.513 ; 40.000       ; 2.487          ; Min Period       ; pll_inst|altpll_component|auto_generated|pll1|clk[0] ; Rise       ; VGA_Control:VGA_Control_Instance|count_v[0]                                ;
; 37.513 ; 40.000       ; 2.487          ; Min Period       ; pll_inst|altpll_component|auto_generated|pll1|clk[0] ; Rise       ; VGA_Control:VGA_Control_Instance|count_v[1]                                ;
+--------+--------------+----------------+------------------+------------------------------------------------------+------------+----------------------------------------------------------------------------+


+----------------------------------------------------------------------------------------------------------------+
; Clock to Output Times                                                                                          ;
+-------------+--------------+-------+-------+------------+------------------------------------------------------+
; Data Port   ; Clock Port   ; Rise  ; Fall  ; Clock Edge ; Clock Reference                                      ;
+-------------+--------------+-------+-------+------------+------------------------------------------------------+
; hsync       ; system_clock ; 6.701 ; 7.169 ; Rise       ; pll_inst|altpll_component|auto_generated|pll1|clk[0] ;
; vga_rgb[*]  ; system_clock ; 8.257 ; 7.922 ; Rise       ; pll_inst|altpll_component|auto_generated|pll1|clk[0] ;
;  vga_rgb[0] ; system_clock ; 8.257 ; 7.922 ; Rise       ; pll_inst|altpll_component|auto_generated|pll1|clk[0] ;
; vsync       ; system_clock ; 6.771 ; 6.907 ; Rise       ; pll_inst|altpll_component|auto_generated|pll1|clk[0] ;
+-------------+--------------+-------+-------+------------+------------------------------------------------------+


+----------------------------------------------------------------------------------------------------------------+
; Minimum Clock to Output Times                                                                                  ;
+-------------+--------------+-------+-------+------------+------------------------------------------------------+
; Data Port   ; Clock Port   ; Rise  ; Fall  ; Clock Edge ; Clock Reference                                      ;
+-------------+--------------+-------+-------+------------+------------------------------------------------------+
; hsync       ; system_clock ; 5.070 ; 5.401 ; Rise       ; pll_inst|altpll_component|auto_generated|pll1|clk[0] ;
; vga_rgb[*]  ; system_clock ; 4.688 ; 4.483 ; Rise       ; pll_inst|altpll_component|auto_generated|pll1|clk[0] ;
;  vga_rgb[0] ; system_clock ; 4.688 ; 4.483 ; Rise       ; pll_inst|altpll_component|auto_generated|pll1|clk[0] ;
; vsync       ; system_clock ; 4.487 ; 4.727 ; Rise       ; pll_inst|altpll_component|auto_generated|pll1|clk[0] ;
+-------------+--------------+-------+-------+------------+------------------------------------------------------+


---------------------------------------------
; Slow 1200mV 0C Model Metastability Report ;
---------------------------------------------
No synchronizer chains to report.


+-------------------------------------------------------------------------------+
; Fast 1200mV 0C Model Setup Summary                                            ;
+------------------------------------------------------+--------+---------------+
; Clock                                                ; Slack  ; End Point TNS ;
+------------------------------------------------------+--------+---------------+
; pll_inst|altpll_component|auto_generated|pll1|clk[0] ; 37.124 ; 0.000         ;
+------------------------------------------------------+--------+---------------+


+------------------------------------------------------------------------------+
; Fast 1200mV 0C Model Hold Summary                                            ;
+------------------------------------------------------+-------+---------------+
; Clock                                                ; Slack ; End Point TNS ;
+------------------------------------------------------+-------+---------------+
; pll_inst|altpll_component|auto_generated|pll1|clk[0] ; 0.186 ; 0.000         ;
+------------------------------------------------------+-------+---------------+


-----------------------------------------
; Fast 1200mV 0C Model Recovery Summary ;
-----------------------------------------
No paths to report.


----------------------------------------
; Fast 1200mV 0C Model Removal Summary ;
----------------------------------------
No paths to report.


+-------------------------------------------------------------------------------+
; Fast 1200mV 0C Model Minimum Pulse Width Summary                              ;
+------------------------------------------------------+--------+---------------+
; Clock                                                ; Slack  ; End Point TNS ;
+------------------------------------------------------+--------+---------------+
; system_clock                                         ; 9.594  ; 0.000         ;
; pll_inst|altpll_component|auto_generated|pll1|clk[0] ; 19.796 ; 0.000         ;
+------------------------------------------------------+--------+---------------+


+-----------------------------------------------------------------------------------------------------------------------------------------------------------------------------------------------------------------------------------------------------------+
; Fast 1200mV 0C Model Setup: 'pll_inst|altpll_component|auto_generated|pll1|clk[0]'                                                                                                                                                                        ;
+--------+---------------------------------------------+---------------------------------------------+------------------------------------------------------+------------------------------------------------------+--------------+------------+------------+
; Slack  ; From Node                                   ; To Node                                     ; Launch Clock                                         ; Latch Clock                                          ; Relationship ; Clock Skew ; Data Delay ;
+--------+---------------------------------------------+---------------------------------------------+------------------------------------------------------+------------------------------------------------------+--------------+------------+------------+
; 37.124 ; VGA_Control:VGA_Control_Instance|count_h[5] ; VGA_Pixel:VGA_Pixel_Instance|pixel_data[0]  ; pll_inst|altpll_component|auto_generated|pll1|clk[0] ; pll_inst|altpll_component|auto_generated|pll1|clk[0] ; 40.000       ; -0.036     ; 2.827      ;
; 37.179 ; VGA_Control:VGA_Control_Instance|count_h[4] ; VGA_Pixel:VGA_Pixel_Instance|pixel_data[0]  ; pll_inst|altpll_component|auto_generated|pll1|clk[0] ; pll_inst|altpll_component|auto_generated|pll1|clk[0] ; 40.000       ; -0.036     ; 2.772      ;
; 37.237 ; VGA_Control:VGA_Control_Instance|count_h[6] ; VGA_Pixel:VGA_Pixel_Instance|pixel_data[0]  ; pll_inst|altpll_component|auto_generated|pll1|clk[0] ; pll_inst|altpll_component|auto_generated|pll1|clk[0] ; 40.000       ; -0.036     ; 2.714      ;
; 37.364 ; VGA_Control:VGA_Control_Instance|count_h[7] ; VGA_Pixel:VGA_Pixel_Instance|pixel_data[0]  ; pll_inst|altpll_component|auto_generated|pll1|clk[0] ; pll_inst|altpll_component|auto_generated|pll1|clk[0] ; 40.000       ; -0.036     ; 2.587      ;
; 37.567 ; VGA_Control:VGA_Control_Instance|count_h[1] ; VGA_Pixel:VGA_Pixel_Instance|pixel_data[0]  ; pll_inst|altpll_component|auto_generated|pll1|clk[0] ; pll_inst|altpll_component|auto_generated|pll1|clk[0] ; 40.000       ; -0.036     ; 2.384      ;
; 37.574 ; VGA_Control:VGA_Control_Instance|count_h[0] ; VGA_Pixel:VGA_Pixel_Instance|pixel_data[0]  ; pll_inst|altpll_component|auto_generated|pll1|clk[0] ; pll_inst|altpll_component|auto_generated|pll1|clk[0] ; 40.000       ; -0.036     ; 2.377      ;
; 37.605 ; VGA_Control:VGA_Control_Instance|count_h[3] ; VGA_Pixel:VGA_Pixel_Instance|pixel_data[0]  ; pll_inst|altpll_component|auto_generated|pll1|clk[0] ; pll_inst|altpll_component|auto_generated|pll1|clk[0] ; 40.000       ; -0.036     ; 2.346      ;
; 37.660 ; VGA_Control:VGA_Control_Instance|count_h[9] ; VGA_Control:VGA_Control_Instance|count_v[4] ; pll_inst|altpll_component|auto_generated|pll1|clk[0] ; pll_inst|altpll_component|auto_generated|pll1|clk[0] ; 40.000       ; -0.036     ; 2.291      ;
; 37.676 ; VGA_Control:VGA_Control_Instance|count_h[8] ; VGA_Control:VGA_Control_Instance|count_v[4] ; pll_inst|altpll_component|auto_generated|pll1|clk[0] ; pll_inst|altpll_component|auto_generated|pll1|clk[0] ; 40.000       ; -0.036     ; 2.275      ;
; 37.683 ; VGA_Control:VGA_Control_Instance|count_h[2] ; VGA_Pixel:VGA_Pixel_Instance|pixel_data[0]  ; pll_inst|altpll_component|auto_generated|pll1|clk[0] ; pll_inst|altpll_component|auto_generated|pll1|clk[0] ; 40.000       ; -0.036     ; 2.268      ;
; 37.708 ; VGA_Control:VGA_Control_Instance|count_h[8] ; VGA_Pixel:VGA_Pixel_Instance|pixel_data[0]  ; pll_inst|altpll_component|auto_generated|pll1|clk[0] ; pll_inst|altpll_component|auto_generated|pll1|clk[0] ; 40.000       ; -0.036     ; 2.243      ;
; 37.710 ; VGA_Control:VGA_Control_Instance|count_h[9] ; VGA_Control:VGA_Control_Instance|count_v[6] ; pll_inst|altpll_component|auto_generated|pll1|clk[0] ; pll_inst|altpll_component|auto_generated|pll1|clk[0] ; 40.000       ; -0.036     ; 2.241      ;
; 37.710 ; VGA_Control:VGA_Control_Instance|count_h[9] ; VGA_Control:VGA_Control_Instance|count_v[7] ; pll_inst|altpll_component|auto_generated|pll1|clk[0] ; pll_inst|altpll_component|auto_generated|pll1|clk[0] ; 40.000       ; -0.036     ; 2.241      ;
; 37.726 ; VGA_Control:VGA_Control_Instance|count_h[8] ; VGA_Control:VGA_Control_Instance|count_v[6] ; pll_inst|altpll_component|auto_generated|pll1|clk[0] ; pll_inst|altpll_component|auto_generated|pll1|clk[0] ; 40.000       ; -0.036     ; 2.225      ;
; 37.726 ; VGA_Control:VGA_Control_Instance|count_h[8] ; VGA_Control:VGA_Control_Instance|count_v[7] ; pll_inst|altpll_component|auto_generated|pll1|clk[0] ; pll_inst|altpll_component|auto_generated|pll1|clk[0] ; 40.000       ; -0.036     ; 2.225      ;
; 37.823 ; VGA_Control:VGA_Control_Instance|count_h[9] ; VGA_Control:VGA_Control_Instance|count_v[5] ; pll_inst|altpll_component|auto_generated|pll1|clk[0] ; pll_inst|altpll_component|auto_generated|pll1|clk[0] ; 40.000       ; -0.036     ; 2.128      ;
; 37.824 ; VGA_Control:VGA_Control_Instance|count_h[9] ; VGA_Control:VGA_Control_Instance|count_v[9] ; pll_inst|altpll_component|auto_generated|pll1|clk[0] ; pll_inst|altpll_component|auto_generated|pll1|clk[0] ; 40.000       ; -0.036     ; 2.127      ;
; 37.839 ; VGA_Control:VGA_Control_Instance|count_h[8] ; VGA_Control:VGA_Control_Instance|count_v[5] ; pll_inst|altpll_component|auto_generated|pll1|clk[0] ; pll_inst|altpll_component|auto_generated|pll1|clk[0] ; 40.000       ; -0.036     ; 2.112      ;
; 37.840 ; VGA_Control:VGA_Control_Instance|count_h[8] ; VGA_Control:VGA_Control_Instance|count_v[9] ; pll_inst|altpll_component|auto_generated|pll1|clk[0] ; pll_inst|altpll_component|auto_generated|pll1|clk[0] ; 40.000       ; -0.036     ; 2.111      ;
; 37.850 ; VGA_Control:VGA_Control_Instance|count_h[5] ; VGA_Control:VGA_Control_Instance|count_v[4] ; pll_inst|altpll_component|auto_generated|pll1|clk[0] ; pll_inst|altpll_component|auto_generated|pll1|clk[0] ; 40.000       ; -0.036     ; 2.101      ;
; 37.869 ; VGA_Control:VGA_Control_Instance|count_h[9] ; VGA_Control:VGA_Control_Instance|count_v[8] ; pll_inst|altpll_component|auto_generated|pll1|clk[0] ; pll_inst|altpll_component|auto_generated|pll1|clk[0] ; 40.000       ; -0.036     ; 2.082      ;
; 37.869 ; VGA_Control:VGA_Control_Instance|count_h[9] ; VGA_Control:VGA_Control_Instance|count_v[0] ; pll_inst|altpll_component|auto_generated|pll1|clk[0] ; pll_inst|altpll_component|auto_generated|pll1|clk[0] ; 40.000       ; -0.036     ; 2.082      ;
; 37.885 ; VGA_Control:VGA_Control_Instance|count_h[8] ; VGA_Control:VGA_Control_Instance|count_v[8] ; pll_inst|altpll_component|auto_generated|pll1|clk[0] ; pll_inst|altpll_component|auto_generated|pll1|clk[0] ; 40.000       ; -0.036     ; 2.066      ;
; 37.885 ; VGA_Control:VGA_Control_Instance|count_h[8] ; VGA_Control:VGA_Control_Instance|count_v[0] ; pll_inst|altpll_component|auto_generated|pll1|clk[0] ; pll_inst|altpll_component|auto_generated|pll1|clk[0] ; 40.000       ; -0.036     ; 2.066      ;
; 37.897 ; VGA_Control:VGA_Control_Instance|count_h[5] ; VGA_Control:VGA_Control_Instance|count_v[6] ; pll_inst|altpll_component|auto_generated|pll1|clk[0] ; pll_inst|altpll_component|auto_generated|pll1|clk[0] ; 40.000       ; -0.036     ; 2.054      ;
; 37.897 ; VGA_Control:VGA_Control_Instance|count_h[5] ; VGA_Control:VGA_Control_Instance|count_v[7] ; pll_inst|altpll_component|auto_generated|pll1|clk[0] ; pll_inst|altpll_component|auto_generated|pll1|clk[0] ; 40.000       ; -0.036     ; 2.054      ;
; 37.898 ; VGA_Control:VGA_Control_Instance|count_h[6] ; VGA_Control:VGA_Control_Instance|count_v[4] ; pll_inst|altpll_component|auto_generated|pll1|clk[0] ; pll_inst|altpll_component|auto_generated|pll1|clk[0] ; 40.000       ; -0.036     ; 2.053      ;
; 37.945 ; VGA_Control:VGA_Control_Instance|count_h[6] ; VGA_Control:VGA_Control_Instance|count_v[6] ; pll_inst|altpll_component|auto_generated|pll1|clk[0] ; pll_inst|altpll_component|auto_generated|pll1|clk[0] ; 40.000       ; -0.036     ; 2.006      ;
; 37.945 ; VGA_Control:VGA_Control_Instance|count_h[6] ; VGA_Control:VGA_Control_Instance|count_v[7] ; pll_inst|altpll_component|auto_generated|pll1|clk[0] ; pll_inst|altpll_component|auto_generated|pll1|clk[0] ; 40.000       ; -0.036     ; 2.006      ;
; 37.950 ; VGA_Control:VGA_Control_Instance|count_h[9] ; VGA_Control:VGA_Control_Instance|count_v[2] ; pll_inst|altpll_component|auto_generated|pll1|clk[0] ; pll_inst|altpll_component|auto_generated|pll1|clk[0] ; 40.000       ; -0.036     ; 2.001      ;
; 37.951 ; VGA_Control:VGA_Control_Instance|count_h[9] ; VGA_Control:VGA_Control_Instance|count_v[3] ; pll_inst|altpll_component|auto_generated|pll1|clk[0] ; pll_inst|altpll_component|auto_generated|pll1|clk[0] ; 40.000       ; -0.036     ; 2.000      ;
; 37.952 ; VGA_Control:VGA_Control_Instance|count_h[9] ; VGA_Control:VGA_Control_Instance|count_v[1] ; pll_inst|altpll_component|auto_generated|pll1|clk[0] ; pll_inst|altpll_component|auto_generated|pll1|clk[0] ; 40.000       ; -0.036     ; 1.999      ;
; 37.966 ; VGA_Control:VGA_Control_Instance|count_h[8] ; VGA_Control:VGA_Control_Instance|count_v[2] ; pll_inst|altpll_component|auto_generated|pll1|clk[0] ; pll_inst|altpll_component|auto_generated|pll1|clk[0] ; 40.000       ; -0.036     ; 1.985      ;
; 37.967 ; VGA_Control:VGA_Control_Instance|count_h[8] ; VGA_Control:VGA_Control_Instance|count_v[3] ; pll_inst|altpll_component|auto_generated|pll1|clk[0] ; pll_inst|altpll_component|auto_generated|pll1|clk[0] ; 40.000       ; -0.036     ; 1.984      ;
; 37.968 ; VGA_Control:VGA_Control_Instance|count_h[8] ; VGA_Control:VGA_Control_Instance|count_v[1] ; pll_inst|altpll_component|auto_generated|pll1|clk[0] ; pll_inst|altpll_component|auto_generated|pll1|clk[0] ; 40.000       ; -0.036     ; 1.983      ;
; 38.015 ; VGA_Control:VGA_Control_Instance|count_h[5] ; VGA_Control:VGA_Control_Instance|count_v[5] ; pll_inst|altpll_component|auto_generated|pll1|clk[0] ; pll_inst|altpll_component|auto_generated|pll1|clk[0] ; 40.000       ; -0.036     ; 1.936      ;
; 38.016 ; VGA_Control:VGA_Control_Instance|count_h[5] ; VGA_Control:VGA_Control_Instance|count_v[9] ; pll_inst|altpll_component|auto_generated|pll1|clk[0] ; pll_inst|altpll_component|auto_generated|pll1|clk[0] ; 40.000       ; -0.036     ; 1.935      ;
; 38.062 ; VGA_Control:VGA_Control_Instance|count_h[5] ; VGA_Control:VGA_Control_Instance|count_v[8] ; pll_inst|altpll_component|auto_generated|pll1|clk[0] ; pll_inst|altpll_component|auto_generated|pll1|clk[0] ; 40.000       ; -0.036     ; 1.889      ;
; 38.062 ; VGA_Control:VGA_Control_Instance|count_h[5] ; VGA_Control:VGA_Control_Instance|count_v[0] ; pll_inst|altpll_component|auto_generated|pll1|clk[0] ; pll_inst|altpll_component|auto_generated|pll1|clk[0] ; 40.000       ; -0.036     ; 1.889      ;
; 38.063 ; VGA_Control:VGA_Control_Instance|count_h[6] ; VGA_Control:VGA_Control_Instance|count_v[5] ; pll_inst|altpll_component|auto_generated|pll1|clk[0] ; pll_inst|altpll_component|auto_generated|pll1|clk[0] ; 40.000       ; -0.036     ; 1.888      ;
; 38.064 ; VGA_Control:VGA_Control_Instance|count_h[6] ; VGA_Control:VGA_Control_Instance|count_v[9] ; pll_inst|altpll_component|auto_generated|pll1|clk[0] ; pll_inst|altpll_component|auto_generated|pll1|clk[0] ; 40.000       ; -0.036     ; 1.887      ;
; 38.068 ; VGA_Control:VGA_Control_Instance|count_h[9] ; VGA_Pixel:VGA_Pixel_Instance|pixel_data[0]  ; pll_inst|altpll_component|auto_generated|pll1|clk[0] ; pll_inst|altpll_component|auto_generated|pll1|clk[0] ; 40.000       ; -0.036     ; 1.883      ;
; 38.113 ; VGA_Control:VGA_Control_Instance|count_h[6] ; VGA_Control:VGA_Control_Instance|count_v[8] ; pll_inst|altpll_component|auto_generated|pll1|clk[0] ; pll_inst|altpll_component|auto_generated|pll1|clk[0] ; 40.000       ; -0.036     ; 1.838      ;
; 38.114 ; VGA_Control:VGA_Control_Instance|count_h[6] ; VGA_Control:VGA_Control_Instance|count_v[0] ; pll_inst|altpll_component|auto_generated|pll1|clk[0] ; pll_inst|altpll_component|auto_generated|pll1|clk[0] ; 40.000       ; -0.036     ; 1.837      ;
; 38.119 ; VGA_Control:VGA_Control_Instance|count_h[4] ; VGA_Control:VGA_Control_Instance|count_v[4] ; pll_inst|altpll_component|auto_generated|pll1|clk[0] ; pll_inst|altpll_component|auto_generated|pll1|clk[0] ; 40.000       ; -0.036     ; 1.832      ;
; 38.143 ; VGA_Control:VGA_Control_Instance|count_h[5] ; VGA_Control:VGA_Control_Instance|count_v[2] ; pll_inst|altpll_component|auto_generated|pll1|clk[0] ; pll_inst|altpll_component|auto_generated|pll1|clk[0] ; 40.000       ; -0.036     ; 1.808      ;
; 38.144 ; VGA_Control:VGA_Control_Instance|count_h[5] ; VGA_Control:VGA_Control_Instance|count_v[3] ; pll_inst|altpll_component|auto_generated|pll1|clk[0] ; pll_inst|altpll_component|auto_generated|pll1|clk[0] ; 40.000       ; -0.036     ; 1.807      ;
; 38.145 ; VGA_Control:VGA_Control_Instance|count_h[5] ; VGA_Control:VGA_Control_Instance|count_v[1] ; pll_inst|altpll_component|auto_generated|pll1|clk[0] ; pll_inst|altpll_component|auto_generated|pll1|clk[0] ; 40.000       ; -0.036     ; 1.806      ;
; 38.169 ; VGA_Control:VGA_Control_Instance|count_h[4] ; VGA_Control:VGA_Control_Instance|count_v[6] ; pll_inst|altpll_component|auto_generated|pll1|clk[0] ; pll_inst|altpll_component|auto_generated|pll1|clk[0] ; 40.000       ; -0.036     ; 1.782      ;
; 38.169 ; VGA_Control:VGA_Control_Instance|count_h[4] ; VGA_Control:VGA_Control_Instance|count_v[7] ; pll_inst|altpll_component|auto_generated|pll1|clk[0] ; pll_inst|altpll_component|auto_generated|pll1|clk[0] ; 40.000       ; -0.036     ; 1.782      ;
; 38.201 ; VGA_Control:VGA_Control_Instance|count_h[6] ; VGA_Control:VGA_Control_Instance|count_v[2] ; pll_inst|altpll_component|auto_generated|pll1|clk[0] ; pll_inst|altpll_component|auto_generated|pll1|clk[0] ; 40.000       ; -0.036     ; 1.750      ;
; 38.202 ; VGA_Control:VGA_Control_Instance|count_h[6] ; VGA_Control:VGA_Control_Instance|count_v[3] ; pll_inst|altpll_component|auto_generated|pll1|clk[0] ; pll_inst|altpll_component|auto_generated|pll1|clk[0] ; 40.000       ; -0.036     ; 1.749      ;
; 38.203 ; VGA_Control:VGA_Control_Instance|count_h[6] ; VGA_Control:VGA_Control_Instance|count_v[1] ; pll_inst|altpll_component|auto_generated|pll1|clk[0] ; pll_inst|altpll_component|auto_generated|pll1|clk[0] ; 40.000       ; -0.036     ; 1.748      ;
; 38.214 ; VGA_Control:VGA_Control_Instance|count_h[7] ; VGA_Control:VGA_Control_Instance|count_v[4] ; pll_inst|altpll_component|auto_generated|pll1|clk[0] ; pll_inst|altpll_component|auto_generated|pll1|clk[0] ; 40.000       ; -0.036     ; 1.737      ;
; 38.228 ; VGA_Control:VGA_Control_Instance|count_h[9] ; VGA_Control:VGA_Control_Instance|count_h[8] ; pll_inst|altpll_component|auto_generated|pll1|clk[0] ; pll_inst|altpll_component|auto_generated|pll1|clk[0] ; 40.000       ; -0.036     ; 1.723      ;
; 38.240 ; VGA_Control:VGA_Control_Instance|count_h[2] ; VGA_Control:VGA_Control_Instance|count_v[4] ; pll_inst|altpll_component|auto_generated|pll1|clk[0] ; pll_inst|altpll_component|auto_generated|pll1|clk[0] ; 40.000       ; -0.036     ; 1.711      ;
; 38.244 ; VGA_Control:VGA_Control_Instance|count_h[8] ; VGA_Control:VGA_Control_Instance|count_h[8] ; pll_inst|altpll_component|auto_generated|pll1|clk[0] ; pll_inst|altpll_component|auto_generated|pll1|clk[0] ; 40.000       ; -0.036     ; 1.707      ;
; 38.261 ; VGA_Control:VGA_Control_Instance|count_h[7] ; VGA_Control:VGA_Control_Instance|count_v[6] ; pll_inst|altpll_component|auto_generated|pll1|clk[0] ; pll_inst|altpll_component|auto_generated|pll1|clk[0] ; 40.000       ; -0.036     ; 1.690      ;
; 38.261 ; VGA_Control:VGA_Control_Instance|count_h[7] ; VGA_Control:VGA_Control_Instance|count_v[7] ; pll_inst|altpll_component|auto_generated|pll1|clk[0] ; pll_inst|altpll_component|auto_generated|pll1|clk[0] ; 40.000       ; -0.036     ; 1.690      ;
; 38.282 ; VGA_Control:VGA_Control_Instance|count_h[4] ; VGA_Control:VGA_Control_Instance|count_v[5] ; pll_inst|altpll_component|auto_generated|pll1|clk[0] ; pll_inst|altpll_component|auto_generated|pll1|clk[0] ; 40.000       ; -0.036     ; 1.669      ;
; 38.283 ; VGA_Control:VGA_Control_Instance|count_h[4] ; VGA_Control:VGA_Control_Instance|count_v[9] ; pll_inst|altpll_component|auto_generated|pll1|clk[0] ; pll_inst|altpll_component|auto_generated|pll1|clk[0] ; 40.000       ; -0.036     ; 1.668      ;
; 38.290 ; VGA_Control:VGA_Control_Instance|count_h[2] ; VGA_Control:VGA_Control_Instance|count_v[6] ; pll_inst|altpll_component|auto_generated|pll1|clk[0] ; pll_inst|altpll_component|auto_generated|pll1|clk[0] ; 40.000       ; -0.036     ; 1.661      ;
; 38.290 ; VGA_Control:VGA_Control_Instance|count_h[2] ; VGA_Control:VGA_Control_Instance|count_v[7] ; pll_inst|altpll_component|auto_generated|pll1|clk[0] ; pll_inst|altpll_component|auto_generated|pll1|clk[0] ; 40.000       ; -0.036     ; 1.661      ;
; 38.313 ; VGA_Control:VGA_Control_Instance|count_h[3] ; VGA_Control:VGA_Control_Instance|count_v[4] ; pll_inst|altpll_component|auto_generated|pll1|clk[0] ; pll_inst|altpll_component|auto_generated|pll1|clk[0] ; 40.000       ; -0.036     ; 1.638      ;
; 38.328 ; VGA_Control:VGA_Control_Instance|count_h[4] ; VGA_Control:VGA_Control_Instance|count_v[8] ; pll_inst|altpll_component|auto_generated|pll1|clk[0] ; pll_inst|altpll_component|auto_generated|pll1|clk[0] ; 40.000       ; -0.036     ; 1.623      ;
; 38.328 ; VGA_Control:VGA_Control_Instance|count_h[4] ; VGA_Control:VGA_Control_Instance|count_v[0] ; pll_inst|altpll_component|auto_generated|pll1|clk[0] ; pll_inst|altpll_component|auto_generated|pll1|clk[0] ; 40.000       ; -0.036     ; 1.623      ;
; 38.337 ; VGA_Control:VGA_Control_Instance|count_h[9] ; VGA_Control:VGA_Control_Instance|count_h[9] ; pll_inst|altpll_component|auto_generated|pll1|clk[0] ; pll_inst|altpll_component|auto_generated|pll1|clk[0] ; 40.000       ; -0.036     ; 1.614      ;
; 38.338 ; VGA_Control:VGA_Control_Instance|count_h[9] ; VGA_Control:VGA_Control_Instance|count_h[5] ; pll_inst|altpll_component|auto_generated|pll1|clk[0] ; pll_inst|altpll_component|auto_generated|pll1|clk[0] ; 40.000       ; -0.036     ; 1.613      ;
; 38.353 ; VGA_Control:VGA_Control_Instance|count_h[8] ; VGA_Control:VGA_Control_Instance|count_h[9] ; pll_inst|altpll_component|auto_generated|pll1|clk[0] ; pll_inst|altpll_component|auto_generated|pll1|clk[0] ; 40.000       ; -0.036     ; 1.598      ;
; 38.354 ; VGA_Control:VGA_Control_Instance|count_h[8] ; VGA_Control:VGA_Control_Instance|count_h[5] ; pll_inst|altpll_component|auto_generated|pll1|clk[0] ; pll_inst|altpll_component|auto_generated|pll1|clk[0] ; 40.000       ; -0.036     ; 1.597      ;
; 38.363 ; VGA_Control:VGA_Control_Instance|count_h[3] ; VGA_Control:VGA_Control_Instance|count_v[6] ; pll_inst|altpll_component|auto_generated|pll1|clk[0] ; pll_inst|altpll_component|auto_generated|pll1|clk[0] ; 40.000       ; -0.036     ; 1.588      ;
; 38.363 ; VGA_Control:VGA_Control_Instance|count_h[3] ; VGA_Control:VGA_Control_Instance|count_v[7] ; pll_inst|altpll_component|auto_generated|pll1|clk[0] ; pll_inst|altpll_component|auto_generated|pll1|clk[0] ; 40.000       ; -0.036     ; 1.588      ;
; 38.366 ; VGA_Control:VGA_Control_Instance|count_v[2] ; VGA_Control:VGA_Control_Instance|count_v[4] ; pll_inst|altpll_component|auto_generated|pll1|clk[0] ; pll_inst|altpll_component|auto_generated|pll1|clk[0] ; 40.000       ; -0.036     ; 1.585      ;
; 38.373 ; VGA_Control:VGA_Control_Instance|count_v[3] ; VGA_Control:VGA_Control_Instance|count_v[4] ; pll_inst|altpll_component|auto_generated|pll1|clk[0] ; pll_inst|altpll_component|auto_generated|pll1|clk[0] ; 40.000       ; -0.036     ; 1.578      ;
; 38.379 ; VGA_Control:VGA_Control_Instance|count_h[7] ; VGA_Control:VGA_Control_Instance|count_v[5] ; pll_inst|altpll_component|auto_generated|pll1|clk[0] ; pll_inst|altpll_component|auto_generated|pll1|clk[0] ; 40.000       ; -0.036     ; 1.572      ;
; 38.380 ; VGA_Control:VGA_Control_Instance|count_h[7] ; VGA_Control:VGA_Control_Instance|count_v[9] ; pll_inst|altpll_component|auto_generated|pll1|clk[0] ; pll_inst|altpll_component|auto_generated|pll1|clk[0] ; 40.000       ; -0.036     ; 1.571      ;
; 38.401 ; VGA_Control:VGA_Control_Instance|count_v[4] ; VGA_Control:VGA_Control_Instance|count_v[4] ; pll_inst|altpll_component|auto_generated|pll1|clk[0] ; pll_inst|altpll_component|auto_generated|pll1|clk[0] ; 40.000       ; -0.037     ; 1.549      ;
; 38.403 ; VGA_Control:VGA_Control_Instance|count_h[2] ; VGA_Control:VGA_Control_Instance|count_v[5] ; pll_inst|altpll_component|auto_generated|pll1|clk[0] ; pll_inst|altpll_component|auto_generated|pll1|clk[0] ; 40.000       ; -0.036     ; 1.548      ;
; 38.404 ; VGA_Control:VGA_Control_Instance|count_h[2] ; VGA_Control:VGA_Control_Instance|count_v[9] ; pll_inst|altpll_component|auto_generated|pll1|clk[0] ; pll_inst|altpll_component|auto_generated|pll1|clk[0] ; 40.000       ; -0.036     ; 1.547      ;
; 38.409 ; VGA_Control:VGA_Control_Instance|count_h[4] ; VGA_Control:VGA_Control_Instance|count_v[2] ; pll_inst|altpll_component|auto_generated|pll1|clk[0] ; pll_inst|altpll_component|auto_generated|pll1|clk[0] ; 40.000       ; -0.036     ; 1.542      ;
; 38.410 ; VGA_Control:VGA_Control_Instance|count_h[4] ; VGA_Control:VGA_Control_Instance|count_v[3] ; pll_inst|altpll_component|auto_generated|pll1|clk[0] ; pll_inst|altpll_component|auto_generated|pll1|clk[0] ; 40.000       ; -0.036     ; 1.541      ;
; 38.411 ; VGA_Control:VGA_Control_Instance|count_h[4] ; VGA_Control:VGA_Control_Instance|count_v[1] ; pll_inst|altpll_component|auto_generated|pll1|clk[0] ; pll_inst|altpll_component|auto_generated|pll1|clk[0] ; 40.000       ; -0.036     ; 1.540      ;
; 38.413 ; VGA_Control:VGA_Control_Instance|count_v[2] ; VGA_Control:VGA_Control_Instance|count_v[6] ; pll_inst|altpll_component|auto_generated|pll1|clk[0] ; pll_inst|altpll_component|auto_generated|pll1|clk[0] ; 40.000       ; -0.036     ; 1.538      ;
; 38.413 ; VGA_Control:VGA_Control_Instance|count_v[2] ; VGA_Control:VGA_Control_Instance|count_v[7] ; pll_inst|altpll_component|auto_generated|pll1|clk[0] ; pll_inst|altpll_component|auto_generated|pll1|clk[0] ; 40.000       ; -0.036     ; 1.538      ;
; 38.420 ; VGA_Control:VGA_Control_Instance|count_v[3] ; VGA_Control:VGA_Control_Instance|count_v[6] ; pll_inst|altpll_component|auto_generated|pll1|clk[0] ; pll_inst|altpll_component|auto_generated|pll1|clk[0] ; 40.000       ; -0.036     ; 1.531      ;
; 38.420 ; VGA_Control:VGA_Control_Instance|count_v[3] ; VGA_Control:VGA_Control_Instance|count_v[7] ; pll_inst|altpll_component|auto_generated|pll1|clk[0] ; pll_inst|altpll_component|auto_generated|pll1|clk[0] ; 40.000       ; -0.036     ; 1.531      ;
; 38.421 ; VGA_Control:VGA_Control_Instance|count_h[5] ; VGA_Control:VGA_Control_Instance|count_h[8] ; pll_inst|altpll_component|auto_generated|pll1|clk[0] ; pll_inst|altpll_component|auto_generated|pll1|clk[0] ; 40.000       ; -0.036     ; 1.530      ;
; 38.429 ; VGA_Control:VGA_Control_Instance|count_h[7] ; VGA_Control:VGA_Control_Instance|count_v[8] ; pll_inst|altpll_component|auto_generated|pll1|clk[0] ; pll_inst|altpll_component|auto_generated|pll1|clk[0] ; 40.000       ; -0.036     ; 1.522      ;
; 38.430 ; VGA_Control:VGA_Control_Instance|count_h[7] ; VGA_Control:VGA_Control_Instance|count_v[0] ; pll_inst|altpll_component|auto_generated|pll1|clk[0] ; pll_inst|altpll_component|auto_generated|pll1|clk[0] ; 40.000       ; -0.036     ; 1.521      ;
; 38.448 ; VGA_Control:VGA_Control_Instance|count_v[4] ; VGA_Control:VGA_Control_Instance|count_v[6] ; pll_inst|altpll_component|auto_generated|pll1|clk[0] ; pll_inst|altpll_component|auto_generated|pll1|clk[0] ; 40.000       ; -0.037     ; 1.502      ;
; 38.448 ; VGA_Control:VGA_Control_Instance|count_v[4] ; VGA_Control:VGA_Control_Instance|count_v[7] ; pll_inst|altpll_component|auto_generated|pll1|clk[0] ; pll_inst|altpll_component|auto_generated|pll1|clk[0] ; 40.000       ; -0.037     ; 1.502      ;
; 38.449 ; VGA_Control:VGA_Control_Instance|count_h[2] ; VGA_Control:VGA_Control_Instance|count_v[8] ; pll_inst|altpll_component|auto_generated|pll1|clk[0] ; pll_inst|altpll_component|auto_generated|pll1|clk[0] ; 40.000       ; -0.036     ; 1.502      ;
; 38.449 ; VGA_Control:VGA_Control_Instance|count_h[2] ; VGA_Control:VGA_Control_Instance|count_v[0] ; pll_inst|altpll_component|auto_generated|pll1|clk[0] ; pll_inst|altpll_component|auto_generated|pll1|clk[0] ; 40.000       ; -0.036     ; 1.502      ;
; 38.476 ; VGA_Control:VGA_Control_Instance|count_v[1] ; VGA_Control:VGA_Control_Instance|count_v[8] ; pll_inst|altpll_component|auto_generated|pll1|clk[0] ; pll_inst|altpll_component|auto_generated|pll1|clk[0] ; 40.000       ; -0.036     ; 1.475      ;
; 38.476 ; VGA_Control:VGA_Control_Instance|count_h[3] ; VGA_Control:VGA_Control_Instance|count_v[5] ; pll_inst|altpll_component|auto_generated|pll1|clk[0] ; pll_inst|altpll_component|auto_generated|pll1|clk[0] ; 40.000       ; -0.036     ; 1.475      ;
; 38.477 ; VGA_Control:VGA_Control_Instance|count_v[1] ; VGA_Control:VGA_Control_Instance|count_v[6] ; pll_inst|altpll_component|auto_generated|pll1|clk[0] ; pll_inst|altpll_component|auto_generated|pll1|clk[0] ; 40.000       ; -0.036     ; 1.474      ;
; 38.477 ; VGA_Control:VGA_Control_Instance|count_h[3] ; VGA_Control:VGA_Control_Instance|count_v[9] ; pll_inst|altpll_component|auto_generated|pll1|clk[0] ; pll_inst|altpll_component|auto_generated|pll1|clk[0] ; 40.000       ; -0.036     ; 1.474      ;
; 38.478 ; VGA_Control:VGA_Control_Instance|count_v[1] ; VGA_Control:VGA_Control_Instance|count_v[7] ; pll_inst|altpll_component|auto_generated|pll1|clk[0] ; pll_inst|altpll_component|auto_generated|pll1|clk[0] ; 40.000       ; -0.036     ; 1.473      ;
; 38.479 ; VGA_Control:VGA_Control_Instance|count_h[6] ; VGA_Control:VGA_Control_Instance|count_h[8] ; pll_inst|altpll_component|auto_generated|pll1|clk[0] ; pll_inst|altpll_component|auto_generated|pll1|clk[0] ; 40.000       ; -0.036     ; 1.472      ;
; 38.484 ; VGA_Control:VGA_Control_Instance|count_h[1] ; VGA_Control:VGA_Control_Instance|count_v[4] ; pll_inst|altpll_component|auto_generated|pll1|clk[0] ; pll_inst|altpll_component|auto_generated|pll1|clk[0] ; 40.000       ; -0.036     ; 1.467      ;
+--------+---------------------------------------------+---------------------------------------------+------------------------------------------------------+------------------------------------------------------+--------------+------------+------------+


+----------------------------------------------------------------------------------------------------------------------------------------------------------------------------------------------------------------------------------------------------------+
; Fast 1200mV 0C Model Hold: 'pll_inst|altpll_component|auto_generated|pll1|clk[0]'                                                                                                                                                                        ;
+-------+---------------------------------------------+---------------------------------------------+------------------------------------------------------+------------------------------------------------------+--------------+------------+------------+
; Slack ; From Node                                   ; To Node                                     ; Launch Clock                                         ; Latch Clock                                          ; Relationship ; Clock Skew ; Data Delay ;
+-------+---------------------------------------------+---------------------------------------------+------------------------------------------------------+------------------------------------------------------+--------------+------------+------------+
; 0.186 ; VGA_Control:VGA_Control_Instance|count_v[4] ; VGA_Control:VGA_Control_Instance|count_v[4] ; pll_inst|altpll_component|auto_generated|pll1|clk[0] ; pll_inst|altpll_component|auto_generated|pll1|clk[0] ; 0.000        ; 0.037      ; 0.307      ;
; 0.186 ; VGA_Control:VGA_Control_Instance|count_v[6] ; VGA_Control:VGA_Control_Instance|count_v[6] ; pll_inst|altpll_component|auto_generated|pll1|clk[0] ; pll_inst|altpll_component|auto_generated|pll1|clk[0] ; 0.000        ; 0.037      ; 0.307      ;
; 0.186 ; VGA_Control:VGA_Control_Instance|count_v[7] ; VGA_Control:VGA_Control_Instance|count_v[7] ; pll_inst|altpll_component|auto_generated|pll1|clk[0] ; pll_inst|altpll_component|auto_generated|pll1|clk[0] ; 0.000        ; 0.037      ; 0.307      ;
; 0.186 ; VGA_Control:VGA_Control_Instance|count_v[8] ; VGA_Control:VGA_Control_Instance|count_v[8] ; pll_inst|altpll_component|auto_generated|pll1|clk[0] ; pll_inst|altpll_component|auto_generated|pll1|clk[0] ; 0.000        ; 0.037      ; 0.307      ;
; 0.186 ; VGA_Control:VGA_Control_Instance|count_v[0] ; VGA_Control:VGA_Control_Instance|count_v[0] ; pll_inst|altpll_component|auto_generated|pll1|clk[0] ; pll_inst|altpll_component|auto_generated|pll1|clk[0] ; 0.000        ; 0.037      ; 0.307      ;
; 0.187 ; VGA_Control:VGA_Control_Instance|count_v[1] ; VGA_Control:VGA_Control_Instance|count_v[1] ; pll_inst|altpll_component|auto_generated|pll1|clk[0] ; pll_inst|altpll_component|auto_generated|pll1|clk[0] ; 0.000        ; 0.036      ; 0.307      ;
; 0.187 ; VGA_Control:VGA_Control_Instance|count_v[2] ; VGA_Control:VGA_Control_Instance|count_v[2] ; pll_inst|altpll_component|auto_generated|pll1|clk[0] ; pll_inst|altpll_component|auto_generated|pll1|clk[0] ; 0.000        ; 0.036      ; 0.307      ;
; 0.187 ; VGA_Control:VGA_Control_Instance|count_v[3] ; VGA_Control:VGA_Control_Instance|count_v[3] ; pll_inst|altpll_component|auto_generated|pll1|clk[0] ; pll_inst|altpll_component|auto_generated|pll1|clk[0] ; 0.000        ; 0.036      ; 0.307      ;
; 0.187 ; VGA_Control:VGA_Control_Instance|count_v[5] ; VGA_Control:VGA_Control_Instance|count_v[5] ; pll_inst|altpll_component|auto_generated|pll1|clk[0] ; pll_inst|altpll_component|auto_generated|pll1|clk[0] ; 0.000        ; 0.036      ; 0.307      ;
; 0.187 ; VGA_Control:VGA_Control_Instance|count_v[9] ; VGA_Control:VGA_Control_Instance|count_v[9] ; pll_inst|altpll_component|auto_generated|pll1|clk[0] ; pll_inst|altpll_component|auto_generated|pll1|clk[0] ; 0.000        ; 0.036      ; 0.307      ;
; 0.236 ; VGA_Control:VGA_Control_Instance|count_v[9] ; VGA_Pixel:VGA_Pixel_Instance|pixel_data[0]  ; pll_inst|altpll_component|auto_generated|pll1|clk[0] ; pll_inst|altpll_component|auto_generated|pll1|clk[0] ; 0.000        ; 0.036      ; 0.356      ;
; 0.306 ; VGA_Control:VGA_Control_Instance|count_h[6] ; VGA_Control:VGA_Control_Instance|count_h[6] ; pll_inst|altpll_component|auto_generated|pll1|clk[0] ; pll_inst|altpll_component|auto_generated|pll1|clk[0] ; 0.000        ; 0.036      ; 0.426      ;
; 0.310 ; VGA_Control:VGA_Control_Instance|count_h[7] ; VGA_Control:VGA_Control_Instance|count_h[7] ; pll_inst|altpll_component|auto_generated|pll1|clk[0] ; pll_inst|altpll_component|auto_generated|pll1|clk[0] ; 0.000        ; 0.036      ; 0.430      ;
; 0.311 ; VGA_Control:VGA_Control_Instance|count_h[4] ; VGA_Control:VGA_Control_Instance|count_h[4] ; pll_inst|altpll_component|auto_generated|pll1|clk[0] ; pll_inst|altpll_component|auto_generated|pll1|clk[0] ; 0.000        ; 0.036      ; 0.431      ;
; 0.314 ; VGA_Control:VGA_Control_Instance|count_h[3] ; VGA_Control:VGA_Control_Instance|count_h[3] ; pll_inst|altpll_component|auto_generated|pll1|clk[0] ; pll_inst|altpll_component|auto_generated|pll1|clk[0] ; 0.000        ; 0.036      ; 0.434      ;
; 0.315 ; VGA_Control:VGA_Control_Instance|count_h[1] ; VGA_Control:VGA_Control_Instance|count_h[1] ; pll_inst|altpll_component|auto_generated|pll1|clk[0] ; pll_inst|altpll_component|auto_generated|pll1|clk[0] ; 0.000        ; 0.036      ; 0.435      ;
; 0.316 ; VGA_Control:VGA_Control_Instance|count_h[2] ; VGA_Control:VGA_Control_Instance|count_h[2] ; pll_inst|altpll_component|auto_generated|pll1|clk[0] ; pll_inst|altpll_component|auto_generated|pll1|clk[0] ; 0.000        ; 0.036      ; 0.436      ;
; 0.318 ; VGA_Control:VGA_Control_Instance|count_h[0] ; VGA_Control:VGA_Control_Instance|count_h[0] ; pll_inst|altpll_component|auto_generated|pll1|clk[0] ; pll_inst|altpll_component|auto_generated|pll1|clk[0] ; 0.000        ; 0.036      ; 0.438      ;
; 0.446 ; VGA_Control:VGA_Control_Instance|count_h[0] ; VGA_Control:VGA_Control_Instance|count_h[5] ; pll_inst|altpll_component|auto_generated|pll1|clk[0] ; pll_inst|altpll_component|auto_generated|pll1|clk[0] ; 0.000        ; 0.036      ; 0.566      ;
; 0.447 ; VGA_Control:VGA_Control_Instance|count_h[0] ; VGA_Control:VGA_Control_Instance|count_h[9] ; pll_inst|altpll_component|auto_generated|pll1|clk[0] ; pll_inst|altpll_component|auto_generated|pll1|clk[0] ; 0.000        ; 0.036      ; 0.567      ;
; 0.456 ; VGA_Control:VGA_Control_Instance|count_h[5] ; VGA_Control:VGA_Control_Instance|count_h[6] ; pll_inst|altpll_component|auto_generated|pll1|clk[0] ; pll_inst|altpll_component|auto_generated|pll1|clk[0] ; 0.000        ; 0.036      ; 0.576      ;
; 0.463 ; VGA_Control:VGA_Control_Instance|count_h[3] ; VGA_Control:VGA_Control_Instance|count_h[4] ; pll_inst|altpll_component|auto_generated|pll1|clk[0] ; pll_inst|altpll_component|auto_generated|pll1|clk[0] ; 0.000        ; 0.036      ; 0.583      ;
; 0.464 ; VGA_Control:VGA_Control_Instance|count_v[5] ; VGA_Pixel:VGA_Pixel_Instance|pixel_data[0]  ; pll_inst|altpll_component|auto_generated|pll1|clk[0] ; pll_inst|altpll_component|auto_generated|pll1|clk[0] ; 0.000        ; 0.036      ; 0.584      ;
; 0.464 ; VGA_Control:VGA_Control_Instance|count_h[6] ; VGA_Control:VGA_Control_Instance|count_h[7] ; pll_inst|altpll_component|auto_generated|pll1|clk[0] ; pll_inst|altpll_component|auto_generated|pll1|clk[0] ; 0.000        ; 0.036      ; 0.584      ;
; 0.464 ; VGA_Control:VGA_Control_Instance|count_h[1] ; VGA_Control:VGA_Control_Instance|count_h[2] ; pll_inst|altpll_component|auto_generated|pll1|clk[0] ; pll_inst|altpll_component|auto_generated|pll1|clk[0] ; 0.000        ; 0.036      ; 0.584      ;
; 0.467 ; VGA_Control:VGA_Control_Instance|count_h[0] ; VGA_Control:VGA_Control_Instance|count_h[1] ; pll_inst|altpll_component|auto_generated|pll1|clk[0] ; pll_inst|altpll_component|auto_generated|pll1|clk[0] ; 0.000        ; 0.036      ; 0.587      ;
; 0.470 ; VGA_Control:VGA_Control_Instance|count_h[0] ; VGA_Control:VGA_Control_Instance|count_h[2] ; pll_inst|altpll_component|auto_generated|pll1|clk[0] ; pll_inst|altpll_component|auto_generated|pll1|clk[0] ; 0.000        ; 0.036      ; 0.590      ;
; 0.472 ; VGA_Control:VGA_Control_Instance|count_h[4] ; VGA_Control:VGA_Control_Instance|count_h[6] ; pll_inst|altpll_component|auto_generated|pll1|clk[0] ; pll_inst|altpll_component|auto_generated|pll1|clk[0] ; 0.000        ; 0.036      ; 0.592      ;
; 0.474 ; VGA_Control:VGA_Control_Instance|count_h[2] ; VGA_Control:VGA_Control_Instance|count_h[3] ; pll_inst|altpll_component|auto_generated|pll1|clk[0] ; pll_inst|altpll_component|auto_generated|pll1|clk[0] ; 0.000        ; 0.036      ; 0.594      ;
; 0.477 ; VGA_Control:VGA_Control_Instance|count_h[2] ; VGA_Control:VGA_Control_Instance|count_h[4] ; pll_inst|altpll_component|auto_generated|pll1|clk[0] ; pll_inst|altpll_component|auto_generated|pll1|clk[0] ; 0.000        ; 0.036      ; 0.597      ;
; 0.499 ; VGA_Control:VGA_Control_Instance|count_h[0] ; VGA_Control:VGA_Control_Instance|count_h[8] ; pll_inst|altpll_component|auto_generated|pll1|clk[0] ; pll_inst|altpll_component|auto_generated|pll1|clk[0] ; 0.000        ; 0.036      ; 0.619      ;
; 0.519 ; VGA_Control:VGA_Control_Instance|count_h[5] ; VGA_Control:VGA_Control_Instance|count_h[7] ; pll_inst|altpll_component|auto_generated|pll1|clk[0] ; pll_inst|altpll_component|auto_generated|pll1|clk[0] ; 0.000        ; 0.036      ; 0.639      ;
; 0.521 ; VGA_Control:VGA_Control_Instance|count_h[8] ; VGA_Control:VGA_Control_Instance|count_h[8] ; pll_inst|altpll_component|auto_generated|pll1|clk[0] ; pll_inst|altpll_component|auto_generated|pll1|clk[0] ; 0.000        ; 0.036      ; 0.641      ;
; 0.527 ; VGA_Control:VGA_Control_Instance|count_h[1] ; VGA_Control:VGA_Control_Instance|count_h[3] ; pll_inst|altpll_component|auto_generated|pll1|clk[0] ; pll_inst|altpll_component|auto_generated|pll1|clk[0] ; 0.000        ; 0.036      ; 0.647      ;
; 0.529 ; VGA_Control:VGA_Control_Instance|count_h[3] ; VGA_Control:VGA_Control_Instance|count_h[6] ; pll_inst|altpll_component|auto_generated|pll1|clk[0] ; pll_inst|altpll_component|auto_generated|pll1|clk[0] ; 0.000        ; 0.036      ; 0.649      ;
; 0.530 ; VGA_Control:VGA_Control_Instance|count_h[1] ; VGA_Control:VGA_Control_Instance|count_h[4] ; pll_inst|altpll_component|auto_generated|pll1|clk[0] ; pll_inst|altpll_component|auto_generated|pll1|clk[0] ; 0.000        ; 0.036      ; 0.650      ;
; 0.533 ; VGA_Control:VGA_Control_Instance|count_h[0] ; VGA_Control:VGA_Control_Instance|count_h[3] ; pll_inst|altpll_component|auto_generated|pll1|clk[0] ; pll_inst|altpll_component|auto_generated|pll1|clk[0] ; 0.000        ; 0.036      ; 0.653      ;
; 0.535 ; VGA_Control:VGA_Control_Instance|count_h[4] ; VGA_Control:VGA_Control_Instance|count_h[7] ; pll_inst|altpll_component|auto_generated|pll1|clk[0] ; pll_inst|altpll_component|auto_generated|pll1|clk[0] ; 0.000        ; 0.036      ; 0.655      ;
; 0.536 ; VGA_Control:VGA_Control_Instance|count_h[0] ; VGA_Control:VGA_Control_Instance|count_h[4] ; pll_inst|altpll_component|auto_generated|pll1|clk[0] ; pll_inst|altpll_component|auto_generated|pll1|clk[0] ; 0.000        ; 0.036      ; 0.656      ;
; 0.541 ; VGA_Control:VGA_Control_Instance|count_v[5] ; VGA_Control:VGA_Control_Instance|count_v[1] ; pll_inst|altpll_component|auto_generated|pll1|clk[0] ; pll_inst|altpll_component|auto_generated|pll1|clk[0] ; 0.000        ; 0.036      ; 0.661      ;
; 0.543 ; VGA_Control:VGA_Control_Instance|count_v[5] ; VGA_Control:VGA_Control_Instance|count_v[3] ; pll_inst|altpll_component|auto_generated|pll1|clk[0] ; pll_inst|altpll_component|auto_generated|pll1|clk[0] ; 0.000        ; 0.036      ; 0.663      ;
; 0.543 ; VGA_Control:VGA_Control_Instance|count_h[2] ; VGA_Control:VGA_Control_Instance|count_h[6] ; pll_inst|altpll_component|auto_generated|pll1|clk[0] ; pll_inst|altpll_component|auto_generated|pll1|clk[0] ; 0.000        ; 0.036      ; 0.663      ;
; 0.545 ; VGA_Control:VGA_Control_Instance|count_v[5] ; VGA_Control:VGA_Control_Instance|count_v[2] ; pll_inst|altpll_component|auto_generated|pll1|clk[0] ; pll_inst|altpll_component|auto_generated|pll1|clk[0] ; 0.000        ; 0.036      ; 0.665      ;
; 0.552 ; VGA_Control:VGA_Control_Instance|count_h[1] ; VGA_Control:VGA_Control_Instance|count_h[5] ; pll_inst|altpll_component|auto_generated|pll1|clk[0] ; pll_inst|altpll_component|auto_generated|pll1|clk[0] ; 0.000        ; 0.036      ; 0.672      ;
; 0.553 ; VGA_Control:VGA_Control_Instance|count_h[1] ; VGA_Control:VGA_Control_Instance|count_h[9] ; pll_inst|altpll_component|auto_generated|pll1|clk[0] ; pll_inst|altpll_component|auto_generated|pll1|clk[0] ; 0.000        ; 0.036      ; 0.673      ;
; 0.555 ; VGA_Control:VGA_Control_Instance|count_h[0] ; VGA_Control:VGA_Control_Instance|count_v[1] ; pll_inst|altpll_component|auto_generated|pll1|clk[0] ; pll_inst|altpll_component|auto_generated|pll1|clk[0] ; 0.000        ; 0.036      ; 0.675      ;
; 0.561 ; VGA_Control:VGA_Control_Instance|count_h[5] ; VGA_Control:VGA_Control_Instance|count_h[5] ; pll_inst|altpll_component|auto_generated|pll1|clk[0] ; pll_inst|altpll_component|auto_generated|pll1|clk[0] ; 0.000        ; 0.036      ; 0.681      ;
; 0.565 ; VGA_Control:VGA_Control_Instance|count_h[9] ; VGA_Control:VGA_Control_Instance|count_h[9] ; pll_inst|altpll_component|auto_generated|pll1|clk[0] ; pll_inst|altpll_component|auto_generated|pll1|clk[0] ; 0.000        ; 0.036      ; 0.685      ;
; 0.567 ; VGA_Control:VGA_Control_Instance|count_h[0] ; VGA_Control:VGA_Control_Instance|count_v[4] ; pll_inst|altpll_component|auto_generated|pll1|clk[0] ; pll_inst|altpll_component|auto_generated|pll1|clk[0] ; 0.000        ; 0.037      ; 0.688      ;
; 0.567 ; VGA_Control:VGA_Control_Instance|count_h[0] ; VGA_Control:VGA_Control_Instance|count_v[6] ; pll_inst|altpll_component|auto_generated|pll1|clk[0] ; pll_inst|altpll_component|auto_generated|pll1|clk[0] ; 0.000        ; 0.037      ; 0.688      ;
; 0.568 ; VGA_Control:VGA_Control_Instance|count_h[0] ; VGA_Control:VGA_Control_Instance|count_v[7] ; pll_inst|altpll_component|auto_generated|pll1|clk[0] ; pll_inst|altpll_component|auto_generated|pll1|clk[0] ; 0.000        ; 0.037      ; 0.689      ;
; 0.592 ; VGA_Control:VGA_Control_Instance|count_h[3] ; VGA_Control:VGA_Control_Instance|count_h[7] ; pll_inst|altpll_component|auto_generated|pll1|clk[0] ; pll_inst|altpll_component|auto_generated|pll1|clk[0] ; 0.000        ; 0.036      ; 0.712      ;
; 0.596 ; VGA_Control:VGA_Control_Instance|count_h[1] ; VGA_Control:VGA_Control_Instance|count_h[6] ; pll_inst|altpll_component|auto_generated|pll1|clk[0] ; pll_inst|altpll_component|auto_generated|pll1|clk[0] ; 0.000        ; 0.036      ; 0.716      ;
; 0.602 ; VGA_Control:VGA_Control_Instance|count_h[0] ; VGA_Control:VGA_Control_Instance|count_h[6] ; pll_inst|altpll_component|auto_generated|pll1|clk[0] ; pll_inst|altpll_component|auto_generated|pll1|clk[0] ; 0.000        ; 0.036      ; 0.722      ;
; 0.605 ; VGA_Control:VGA_Control_Instance|count_h[1] ; VGA_Control:VGA_Control_Instance|count_h[8] ; pll_inst|altpll_component|auto_generated|pll1|clk[0] ; pll_inst|altpll_component|auto_generated|pll1|clk[0] ; 0.000        ; 0.036      ; 0.725      ;
; 0.606 ; VGA_Control:VGA_Control_Instance|count_h[2] ; VGA_Control:VGA_Control_Instance|count_h[7] ; pll_inst|altpll_component|auto_generated|pll1|clk[0] ; pll_inst|altpll_component|auto_generated|pll1|clk[0] ; 0.000        ; 0.036      ; 0.726      ;
; 0.608 ; VGA_Control:VGA_Control_Instance|count_v[2] ; VGA_Pixel:VGA_Pixel_Instance|pixel_data[0]  ; pll_inst|altpll_component|auto_generated|pll1|clk[0] ; pll_inst|altpll_component|auto_generated|pll1|clk[0] ; 0.000        ; 0.036      ; 0.728      ;
; 0.630 ; VGA_Control:VGA_Control_Instance|count_v[5] ; VGA_Control:VGA_Control_Instance|count_v[0] ; pll_inst|altpll_component|auto_generated|pll1|clk[0] ; pll_inst|altpll_component|auto_generated|pll1|clk[0] ; 0.000        ; 0.037      ; 0.751      ;
; 0.631 ; VGA_Control:VGA_Control_Instance|count_v[5] ; VGA_Control:VGA_Control_Instance|count_v[8] ; pll_inst|altpll_component|auto_generated|pll1|clk[0] ; pll_inst|altpll_component|auto_generated|pll1|clk[0] ; 0.000        ; 0.037      ; 0.752      ;
; 0.654 ; VGA_Control:VGA_Control_Instance|count_v[8] ; VGA_Control:VGA_Control_Instance|count_v[1] ; pll_inst|altpll_component|auto_generated|pll1|clk[0] ; pll_inst|altpll_component|auto_generated|pll1|clk[0] ; 0.000        ; 0.036      ; 0.774      ;
; 0.655 ; VGA_Control:VGA_Control_Instance|count_v[5] ; VGA_Control:VGA_Control_Instance|count_v[9] ; pll_inst|altpll_component|auto_generated|pll1|clk[0] ; pll_inst|altpll_component|auto_generated|pll1|clk[0] ; 0.000        ; 0.036      ; 0.775      ;
; 0.655 ; VGA_Control:VGA_Control_Instance|count_v[8] ; VGA_Control:VGA_Control_Instance|count_v[3] ; pll_inst|altpll_component|auto_generated|pll1|clk[0] ; pll_inst|altpll_component|auto_generated|pll1|clk[0] ; 0.000        ; 0.036      ; 0.775      ;
; 0.656 ; VGA_Control:VGA_Control_Instance|count_v[8] ; VGA_Control:VGA_Control_Instance|count_v[2] ; pll_inst|altpll_component|auto_generated|pll1|clk[0] ; pll_inst|altpll_component|auto_generated|pll1|clk[0] ; 0.000        ; 0.036      ; 0.776      ;
; 0.659 ; VGA_Control:VGA_Control_Instance|count_h[1] ; VGA_Control:VGA_Control_Instance|count_h[7] ; pll_inst|altpll_component|auto_generated|pll1|clk[0] ; pll_inst|altpll_component|auto_generated|pll1|clk[0] ; 0.000        ; 0.036      ; 0.779      ;
; 0.661 ; VGA_Control:VGA_Control_Instance|count_h[1] ; VGA_Control:VGA_Control_Instance|count_v[1] ; pll_inst|altpll_component|auto_generated|pll1|clk[0] ; pll_inst|altpll_component|auto_generated|pll1|clk[0] ; 0.000        ; 0.036      ; 0.781      ;
; 0.665 ; VGA_Control:VGA_Control_Instance|count_h[0] ; VGA_Control:VGA_Control_Instance|count_h[7] ; pll_inst|altpll_component|auto_generated|pll1|clk[0] ; pll_inst|altpll_component|auto_generated|pll1|clk[0] ; 0.000        ; 0.036      ; 0.785      ;
; 0.668 ; VGA_Control:VGA_Control_Instance|count_h[0] ; VGA_Control:VGA_Control_Instance|count_v[3] ; pll_inst|altpll_component|auto_generated|pll1|clk[0] ; pll_inst|altpll_component|auto_generated|pll1|clk[0] ; 0.000        ; 0.036      ; 0.788      ;
; 0.670 ; VGA_Control:VGA_Control_Instance|count_h[0] ; VGA_Control:VGA_Control_Instance|count_v[2] ; pll_inst|altpll_component|auto_generated|pll1|clk[0] ; pll_inst|altpll_component|auto_generated|pll1|clk[0] ; 0.000        ; 0.036      ; 0.790      ;
; 0.672 ; VGA_Control:VGA_Control_Instance|count_h[7] ; VGA_Control:VGA_Control_Instance|count_h[8] ; pll_inst|altpll_component|auto_generated|pll1|clk[0] ; pll_inst|altpll_component|auto_generated|pll1|clk[0] ; 0.000        ; 0.036      ; 0.792      ;
; 0.673 ; VGA_Control:VGA_Control_Instance|count_h[1] ; VGA_Control:VGA_Control_Instance|count_v[4] ; pll_inst|altpll_component|auto_generated|pll1|clk[0] ; pll_inst|altpll_component|auto_generated|pll1|clk[0] ; 0.000        ; 0.037      ; 0.794      ;
; 0.673 ; VGA_Control:VGA_Control_Instance|count_h[1] ; VGA_Control:VGA_Control_Instance|count_v[6] ; pll_inst|altpll_component|auto_generated|pll1|clk[0] ; pll_inst|altpll_component|auto_generated|pll1|clk[0] ; 0.000        ; 0.037      ; 0.794      ;
; 0.674 ; VGA_Control:VGA_Control_Instance|count_h[1] ; VGA_Control:VGA_Control_Instance|count_v[7] ; pll_inst|altpll_component|auto_generated|pll1|clk[0] ; pll_inst|altpll_component|auto_generated|pll1|clk[0] ; 0.000        ; 0.037      ; 0.795      ;
; 0.680 ; VGA_Control:VGA_Control_Instance|count_h[0] ; VGA_Control:VGA_Control_Instance|count_v[9] ; pll_inst|altpll_component|auto_generated|pll1|clk[0] ; pll_inst|altpll_component|auto_generated|pll1|clk[0] ; 0.000        ; 0.036      ; 0.800      ;
; 0.680 ; VGA_Control:VGA_Control_Instance|count_h[6] ; VGA_Control:VGA_Control_Instance|count_h[8] ; pll_inst|altpll_component|auto_generated|pll1|clk[0] ; pll_inst|altpll_component|auto_generated|pll1|clk[0] ; 0.000        ; 0.036      ; 0.800      ;
; 0.682 ; VGA_Control:VGA_Control_Instance|count_h[0] ; VGA_Control:VGA_Control_Instance|count_v[5] ; pll_inst|altpll_component|auto_generated|pll1|clk[0] ; pll_inst|altpll_component|auto_generated|pll1|clk[0] ; 0.000        ; 0.036      ; 0.802      ;
; 0.686 ; VGA_Control:VGA_Control_Instance|count_v[4] ; VGA_Control:VGA_Control_Instance|count_v[5] ; pll_inst|altpll_component|auto_generated|pll1|clk[0] ; pll_inst|altpll_component|auto_generated|pll1|clk[0] ; 0.000        ; 0.036      ; 0.806      ;
; 0.688 ; VGA_Control:VGA_Control_Instance|count_h[0] ; VGA_Control:VGA_Control_Instance|count_v[0] ; pll_inst|altpll_component|auto_generated|pll1|clk[0] ; pll_inst|altpll_component|auto_generated|pll1|clk[0] ; 0.000        ; 0.037      ; 0.809      ;
; 0.689 ; VGA_Control:VGA_Control_Instance|count_h[0] ; VGA_Control:VGA_Control_Instance|count_v[8] ; pll_inst|altpll_component|auto_generated|pll1|clk[0] ; pll_inst|altpll_component|auto_generated|pll1|clk[0] ; 0.000        ; 0.037      ; 0.810      ;
; 0.690 ; VGA_Control:VGA_Control_Instance|count_v[8] ; VGA_Control:VGA_Control_Instance|count_v[9] ; pll_inst|altpll_component|auto_generated|pll1|clk[0] ; pll_inst|altpll_component|auto_generated|pll1|clk[0] ; 0.000        ; 0.036      ; 0.810      ;
; 0.707 ; VGA_Control:VGA_Control_Instance|count_h[3] ; VGA_Control:VGA_Control_Instance|count_h[5] ; pll_inst|altpll_component|auto_generated|pll1|clk[0] ; pll_inst|altpll_component|auto_generated|pll1|clk[0] ; 0.000        ; 0.036      ; 0.827      ;
; 0.708 ; VGA_Control:VGA_Control_Instance|count_h[3] ; VGA_Control:VGA_Control_Instance|count_h[9] ; pll_inst|altpll_component|auto_generated|pll1|clk[0] ; pll_inst|altpll_component|auto_generated|pll1|clk[0] ; 0.000        ; 0.036      ; 0.828      ;
; 0.708 ; VGA_Control:VGA_Control_Instance|count_v[7] ; VGA_Control:VGA_Control_Instance|count_v[1] ; pll_inst|altpll_component|auto_generated|pll1|clk[0] ; pll_inst|altpll_component|auto_generated|pll1|clk[0] ; 0.000        ; 0.036      ; 0.828      ;
; 0.709 ; VGA_Control:VGA_Control_Instance|count_v[7] ; VGA_Control:VGA_Control_Instance|count_v[3] ; pll_inst|altpll_component|auto_generated|pll1|clk[0] ; pll_inst|altpll_component|auto_generated|pll1|clk[0] ; 0.000        ; 0.036      ; 0.829      ;
; 0.710 ; VGA_Control:VGA_Control_Instance|count_v[7] ; VGA_Control:VGA_Control_Instance|count_v[2] ; pll_inst|altpll_component|auto_generated|pll1|clk[0] ; pll_inst|altpll_component|auto_generated|pll1|clk[0] ; 0.000        ; 0.036      ; 0.830      ;
; 0.722 ; VGA_Control:VGA_Control_Instance|count_h[8] ; VGA_Control:VGA_Control_Instance|count_h[9] ; pll_inst|altpll_component|auto_generated|pll1|clk[0] ; pll_inst|altpll_component|auto_generated|pll1|clk[0] ; 0.000        ; 0.036      ; 0.842      ;
; 0.722 ; VGA_Control:VGA_Control_Instance|count_v[7] ; VGA_Control:VGA_Control_Instance|count_v[8] ; pll_inst|altpll_component|auto_generated|pll1|clk[0] ; pll_inst|altpll_component|auto_generated|pll1|clk[0] ; 0.000        ; 0.037      ; 0.843      ;
; 0.723 ; VGA_Control:VGA_Control_Instance|count_h[4] ; VGA_Control:VGA_Control_Instance|count_h[5] ; pll_inst|altpll_component|auto_generated|pll1|clk[0] ; pll_inst|altpll_component|auto_generated|pll1|clk[0] ; 0.000        ; 0.036      ; 0.843      ;
; 0.725 ; VGA_Control:VGA_Control_Instance|count_v[8] ; VGA_Pixel:VGA_Pixel_Instance|pixel_data[0]  ; pll_inst|altpll_component|auto_generated|pll1|clk[0] ; pll_inst|altpll_component|auto_generated|pll1|clk[0] ; 0.000        ; 0.036      ; 0.845      ;
; 0.732 ; VGA_Control:VGA_Control_Instance|count_v[8] ; VGA_Control:VGA_Control_Instance|count_v[0] ; pll_inst|altpll_component|auto_generated|pll1|clk[0] ; pll_inst|altpll_component|auto_generated|pll1|clk[0] ; 0.000        ; 0.037      ; 0.853      ;
; 0.735 ; VGA_Control:VGA_Control_Instance|count_h[5] ; VGA_Control:VGA_Control_Instance|count_h[8] ; pll_inst|altpll_component|auto_generated|pll1|clk[0] ; pll_inst|altpll_component|auto_generated|pll1|clk[0] ; 0.000        ; 0.036      ; 0.855      ;
; 0.737 ; VGA_Control:VGA_Control_Instance|count_v[6] ; VGA_Control:VGA_Control_Instance|count_v[8] ; pll_inst|altpll_component|auto_generated|pll1|clk[0] ; pll_inst|altpll_component|auto_generated|pll1|clk[0] ; 0.000        ; 0.037      ; 0.858      ;
; 0.739 ; VGA_Control:VGA_Control_Instance|count_v[7] ; VGA_Control:VGA_Control_Instance|count_v[9] ; pll_inst|altpll_component|auto_generated|pll1|clk[0] ; pll_inst|altpll_component|auto_generated|pll1|clk[0] ; 0.000        ; 0.036      ; 0.859      ;
; 0.751 ; VGA_Control:VGA_Control_Instance|count_h[4] ; VGA_Control:VGA_Control_Instance|count_h[8] ; pll_inst|altpll_component|auto_generated|pll1|clk[0] ; pll_inst|altpll_component|auto_generated|pll1|clk[0] ; 0.000        ; 0.036      ; 0.871      ;
; 0.754 ; VGA_Control:VGA_Control_Instance|count_v[6] ; VGA_Control:VGA_Control_Instance|count_v[9] ; pll_inst|altpll_component|auto_generated|pll1|clk[0] ; pll_inst|altpll_component|auto_generated|pll1|clk[0] ; 0.000        ; 0.036      ; 0.874      ;
; 0.760 ; VGA_Control:VGA_Control_Instance|count_h[3] ; VGA_Control:VGA_Control_Instance|count_h[8] ; pll_inst|altpll_component|auto_generated|pll1|clk[0] ; pll_inst|altpll_component|auto_generated|pll1|clk[0] ; 0.000        ; 0.036      ; 0.880      ;
; 0.764 ; VGA_Control:VGA_Control_Instance|count_v[8] ; VGA_Control:VGA_Control_Instance|count_v[5] ; pll_inst|altpll_component|auto_generated|pll1|clk[0] ; pll_inst|altpll_component|auto_generated|pll1|clk[0] ; 0.000        ; 0.036      ; 0.884      ;
; 0.765 ; VGA_Control:VGA_Control_Instance|count_v[5] ; VGA_Control:VGA_Control_Instance|count_v[6] ; pll_inst|altpll_component|auto_generated|pll1|clk[0] ; pll_inst|altpll_component|auto_generated|pll1|clk[0] ; 0.000        ; 0.037      ; 0.886      ;
; 0.766 ; VGA_Control:VGA_Control_Instance|count_v[5] ; VGA_Control:VGA_Control_Instance|count_v[7] ; pll_inst|altpll_component|auto_generated|pll1|clk[0] ; pll_inst|altpll_component|auto_generated|pll1|clk[0] ; 0.000        ; 0.037      ; 0.887      ;
; 0.766 ; VGA_Control:VGA_Control_Instance|count_h[2] ; VGA_Control:VGA_Control_Instance|count_h[5] ; pll_inst|altpll_component|auto_generated|pll1|clk[0] ; pll_inst|altpll_component|auto_generated|pll1|clk[0] ; 0.000        ; 0.036      ; 0.886      ;
; 0.767 ; VGA_Control:VGA_Control_Instance|count_h[2] ; VGA_Control:VGA_Control_Instance|count_h[9] ; pll_inst|altpll_component|auto_generated|pll1|clk[0] ; pll_inst|altpll_component|auto_generated|pll1|clk[0] ; 0.000        ; 0.036      ; 0.887      ;
+-------+---------------------------------------------+---------------------------------------------+------------------------------------------------------+------------------------------------------------------+--------------+------------+------------+


+--------------------------------------------------------------------------------------------------------------------------------------------------------+
; Fast 1200mV 0C Model Minimum Pulse Width: 'system_clock'                                                                                               ;
+--------+--------------+----------------+------------------+--------------+------------+----------------------------------------------------------------+
; Slack  ; Actual Width ; Required Width ; Type             ; Clock        ; Clock Edge ; Target                                                         ;
+--------+--------------+----------------+------------------+--------------+------------+----------------------------------------------------------------+
; 9.594  ; 9.594        ; 0.000          ; Low Pulse Width  ; system_clock ; Rise       ; pll_inst|altpll_component|auto_generated|pll1|clk[0]           ;
; 9.594  ; 9.594        ; 0.000          ; Low Pulse Width  ; system_clock ; Rise       ; pll_inst|altpll_component|auto_generated|pll1|observablevcoout ;
; 9.620  ; 9.620        ; 0.000          ; Low Pulse Width  ; system_clock ; Rise       ; system_clock~input|o                                           ;
; 9.622  ; 9.622        ; 0.000          ; Low Pulse Width  ; system_clock ; Rise       ; pll_inst|altpll_component|auto_generated|pll1|inclk[0]         ;
; 10.000 ; 10.000       ; 0.000          ; High Pulse Width ; system_clock ; Rise       ; system_clock~input|i                                           ;
; 10.000 ; 10.000       ; 0.000          ; Low Pulse Width  ; system_clock ; Rise       ; system_clock~input|i                                           ;
; 10.377 ; 10.377       ; 0.000          ; High Pulse Width ; system_clock ; Rise       ; pll_inst|altpll_component|auto_generated|pll1|inclk[0]         ;
; 10.380 ; 10.380       ; 0.000          ; High Pulse Width ; system_clock ; Rise       ; system_clock~input|o                                           ;
; 10.404 ; 10.404       ; 0.000          ; High Pulse Width ; system_clock ; Rise       ; pll_inst|altpll_component|auto_generated|pll1|clk[0]           ;
; 10.404 ; 10.404       ; 0.000          ; High Pulse Width ; system_clock ; Rise       ; pll_inst|altpll_component|auto_generated|pll1|observablevcoout ;
; 16.000 ; 20.000       ; 4.000          ; Port Rate        ; system_clock ; Rise       ; system_clock                                                   ;
+--------+--------------+----------------+------------------+--------------+------------+----------------------------------------------------------------+


+------------------------------------------------------------------------------------------------------------------------------------------------------------------------------------------------------------+
; Fast 1200mV 0C Model Minimum Pulse Width: 'pll_inst|altpll_component|auto_generated|pll1|clk[0]'                                                                                                           ;
+--------+--------------+----------------+------------------+------------------------------------------------------+------------+----------------------------------------------------------------------------+
; Slack  ; Actual Width ; Required Width ; Type             ; Clock                                                ; Clock Edge ; Target                                                                     ;
+--------+--------------+----------------+------------------+------------------------------------------------------+------------+----------------------------------------------------------------------------+
; 19.796 ; 19.980       ; 0.184          ; Low Pulse Width  ; pll_inst|altpll_component|auto_generated|pll1|clk[0] ; Rise       ; VGA_Control:VGA_Control_Instance|count_h[0]                                ;
; 19.796 ; 19.980       ; 0.184          ; Low Pulse Width  ; pll_inst|altpll_component|auto_generated|pll1|clk[0] ; Rise       ; VGA_Control:VGA_Control_Instance|count_h[1]                                ;
; 19.796 ; 19.980       ; 0.184          ; Low Pulse Width  ; pll_inst|altpll_component|auto_generated|pll1|clk[0] ; Rise       ; VGA_Control:VGA_Control_Instance|count_h[2]                                ;
; 19.796 ; 19.980       ; 0.184          ; Low Pulse Width  ; pll_inst|altpll_component|auto_generated|pll1|clk[0] ; Rise       ; VGA_Control:VGA_Control_Instance|count_h[3]                                ;
; 19.796 ; 19.980       ; 0.184          ; Low Pulse Width  ; pll_inst|altpll_component|auto_generated|pll1|clk[0] ; Rise       ; VGA_Control:VGA_Control_Instance|count_h[4]                                ;
; 19.796 ; 19.980       ; 0.184          ; Low Pulse Width  ; pll_inst|altpll_component|auto_generated|pll1|clk[0] ; Rise       ; VGA_Control:VGA_Control_Instance|count_h[5]                                ;
; 19.796 ; 19.980       ; 0.184          ; Low Pulse Width  ; pll_inst|altpll_component|auto_generated|pll1|clk[0] ; Rise       ; VGA_Control:VGA_Control_Instance|count_h[6]                                ;
; 19.796 ; 19.980       ; 0.184          ; Low Pulse Width  ; pll_inst|altpll_component|auto_generated|pll1|clk[0] ; Rise       ; VGA_Control:VGA_Control_Instance|count_h[7]                                ;
; 19.796 ; 19.980       ; 0.184          ; Low Pulse Width  ; pll_inst|altpll_component|auto_generated|pll1|clk[0] ; Rise       ; VGA_Control:VGA_Control_Instance|count_h[8]                                ;
; 19.796 ; 19.980       ; 0.184          ; Low Pulse Width  ; pll_inst|altpll_component|auto_generated|pll1|clk[0] ; Rise       ; VGA_Control:VGA_Control_Instance|count_h[9]                                ;
; 19.796 ; 19.980       ; 0.184          ; Low Pulse Width  ; pll_inst|altpll_component|auto_generated|pll1|clk[0] ; Rise       ; VGA_Control:VGA_Control_Instance|count_v[1]                                ;
; 19.796 ; 19.980       ; 0.184          ; Low Pulse Width  ; pll_inst|altpll_component|auto_generated|pll1|clk[0] ; Rise       ; VGA_Control:VGA_Control_Instance|count_v[2]                                ;
; 19.796 ; 19.980       ; 0.184          ; Low Pulse Width  ; pll_inst|altpll_component|auto_generated|pll1|clk[0] ; Rise       ; VGA_Control:VGA_Control_Instance|count_v[3]                                ;
; 19.796 ; 19.980       ; 0.184          ; Low Pulse Width  ; pll_inst|altpll_component|auto_generated|pll1|clk[0] ; Rise       ; VGA_Control:VGA_Control_Instance|count_v[5]                                ;
; 19.796 ; 19.980       ; 0.184          ; Low Pulse Width  ; pll_inst|altpll_component|auto_generated|pll1|clk[0] ; Rise       ; VGA_Control:VGA_Control_Instance|count_v[9]                                ;
; 19.796 ; 19.980       ; 0.184          ; Low Pulse Width  ; pll_inst|altpll_component|auto_generated|pll1|clk[0] ; Rise       ; VGA_Pixel:VGA_Pixel_Instance|pixel_data[0]                                 ;
; 19.797 ; 19.981       ; 0.184          ; Low Pulse Width  ; pll_inst|altpll_component|auto_generated|pll1|clk[0] ; Rise       ; VGA_Control:VGA_Control_Instance|count_v[0]                                ;
; 19.797 ; 19.981       ; 0.184          ; Low Pulse Width  ; pll_inst|altpll_component|auto_generated|pll1|clk[0] ; Rise       ; VGA_Control:VGA_Control_Instance|count_v[4]                                ;
; 19.797 ; 19.981       ; 0.184          ; Low Pulse Width  ; pll_inst|altpll_component|auto_generated|pll1|clk[0] ; Rise       ; VGA_Control:VGA_Control_Instance|count_v[6]                                ;
; 19.797 ; 19.981       ; 0.184          ; Low Pulse Width  ; pll_inst|altpll_component|auto_generated|pll1|clk[0] ; Rise       ; VGA_Control:VGA_Control_Instance|count_v[7]                                ;
; 19.797 ; 19.981       ; 0.184          ; Low Pulse Width  ; pll_inst|altpll_component|auto_generated|pll1|clk[0] ; Rise       ; VGA_Control:VGA_Control_Instance|count_v[8]                                ;
; 19.800 ; 20.016       ; 0.216          ; High Pulse Width ; pll_inst|altpll_component|auto_generated|pll1|clk[0] ; Rise       ; VGA_Control:VGA_Control_Instance|count_h[0]                                ;
; 19.800 ; 20.016       ; 0.216          ; High Pulse Width ; pll_inst|altpll_component|auto_generated|pll1|clk[0] ; Rise       ; VGA_Control:VGA_Control_Instance|count_h[1]                                ;
; 19.800 ; 20.016       ; 0.216          ; High Pulse Width ; pll_inst|altpll_component|auto_generated|pll1|clk[0] ; Rise       ; VGA_Control:VGA_Control_Instance|count_h[2]                                ;
; 19.800 ; 20.016       ; 0.216          ; High Pulse Width ; pll_inst|altpll_component|auto_generated|pll1|clk[0] ; Rise       ; VGA_Control:VGA_Control_Instance|count_h[3]                                ;
; 19.800 ; 20.016       ; 0.216          ; High Pulse Width ; pll_inst|altpll_component|auto_generated|pll1|clk[0] ; Rise       ; VGA_Control:VGA_Control_Instance|count_h[4]                                ;
; 19.800 ; 20.016       ; 0.216          ; High Pulse Width ; pll_inst|altpll_component|auto_generated|pll1|clk[0] ; Rise       ; VGA_Control:VGA_Control_Instance|count_h[5]                                ;
; 19.800 ; 20.016       ; 0.216          ; High Pulse Width ; pll_inst|altpll_component|auto_generated|pll1|clk[0] ; Rise       ; VGA_Control:VGA_Control_Instance|count_h[6]                                ;
; 19.800 ; 20.016       ; 0.216          ; High Pulse Width ; pll_inst|altpll_component|auto_generated|pll1|clk[0] ; Rise       ; VGA_Control:VGA_Control_Instance|count_h[7]                                ;
; 19.800 ; 20.016       ; 0.216          ; High Pulse Width ; pll_inst|altpll_component|auto_generated|pll1|clk[0] ; Rise       ; VGA_Control:VGA_Control_Instance|count_h[8]                                ;
; 19.800 ; 20.016       ; 0.216          ; High Pulse Width ; pll_inst|altpll_component|auto_generated|pll1|clk[0] ; Rise       ; VGA_Control:VGA_Control_Instance|count_h[9]                                ;
; 19.801 ; 20.017       ; 0.216          ; High Pulse Width ; pll_inst|altpll_component|auto_generated|pll1|clk[0] ; Rise       ; VGA_Control:VGA_Control_Instance|count_v[0]                                ;
; 19.801 ; 20.017       ; 0.216          ; High Pulse Width ; pll_inst|altpll_component|auto_generated|pll1|clk[0] ; Rise       ; VGA_Control:VGA_Control_Instance|count_v[1]                                ;
; 19.801 ; 20.017       ; 0.216          ; High Pulse Width ; pll_inst|altpll_component|auto_generated|pll1|clk[0] ; Rise       ; VGA_Control:VGA_Control_Instance|count_v[2]                                ;
; 19.801 ; 20.017       ; 0.216          ; High Pulse Width ; pll_inst|altpll_component|auto_generated|pll1|clk[0] ; Rise       ; VGA_Control:VGA_Control_Instance|count_v[3]                                ;
; 19.801 ; 20.017       ; 0.216          ; High Pulse Width ; pll_inst|altpll_component|auto_generated|pll1|clk[0] ; Rise       ; VGA_Control:VGA_Control_Instance|count_v[4]                                ;
; 19.801 ; 20.017       ; 0.216          ; High Pulse Width ; pll_inst|altpll_component|auto_generated|pll1|clk[0] ; Rise       ; VGA_Control:VGA_Control_Instance|count_v[5]                                ;
; 19.801 ; 20.017       ; 0.216          ; High Pulse Width ; pll_inst|altpll_component|auto_generated|pll1|clk[0] ; Rise       ; VGA_Control:VGA_Control_Instance|count_v[6]                                ;
; 19.801 ; 20.017       ; 0.216          ; High Pulse Width ; pll_inst|altpll_component|auto_generated|pll1|clk[0] ; Rise       ; VGA_Control:VGA_Control_Instance|count_v[7]                                ;
; 19.801 ; 20.017       ; 0.216          ; High Pulse Width ; pll_inst|altpll_component|auto_generated|pll1|clk[0] ; Rise       ; VGA_Control:VGA_Control_Instance|count_v[8]                                ;
; 19.801 ; 20.017       ; 0.216          ; High Pulse Width ; pll_inst|altpll_component|auto_generated|pll1|clk[0] ; Rise       ; VGA_Control:VGA_Control_Instance|count_v[9]                                ;
; 19.801 ; 20.017       ; 0.216          ; High Pulse Width ; pll_inst|altpll_component|auto_generated|pll1|clk[0] ; Rise       ; VGA_Pixel:VGA_Pixel_Instance|pixel_data[0]                                 ;
; 19.976 ; 19.976       ; 0.000          ; Low Pulse Width  ; pll_inst|altpll_component|auto_generated|pll1|clk[0] ; Rise       ; VGA_Control_Instance|count_h[0]|clk                                        ;
; 19.976 ; 19.976       ; 0.000          ; Low Pulse Width  ; pll_inst|altpll_component|auto_generated|pll1|clk[0] ; Rise       ; VGA_Control_Instance|count_h[1]|clk                                        ;
; 19.976 ; 19.976       ; 0.000          ; Low Pulse Width  ; pll_inst|altpll_component|auto_generated|pll1|clk[0] ; Rise       ; VGA_Control_Instance|count_h[2]|clk                                        ;
; 19.976 ; 19.976       ; 0.000          ; Low Pulse Width  ; pll_inst|altpll_component|auto_generated|pll1|clk[0] ; Rise       ; VGA_Control_Instance|count_h[3]|clk                                        ;
; 19.976 ; 19.976       ; 0.000          ; Low Pulse Width  ; pll_inst|altpll_component|auto_generated|pll1|clk[0] ; Rise       ; VGA_Control_Instance|count_h[4]|clk                                        ;
; 19.976 ; 19.976       ; 0.000          ; Low Pulse Width  ; pll_inst|altpll_component|auto_generated|pll1|clk[0] ; Rise       ; VGA_Control_Instance|count_h[5]|clk                                        ;
; 19.976 ; 19.976       ; 0.000          ; Low Pulse Width  ; pll_inst|altpll_component|auto_generated|pll1|clk[0] ; Rise       ; VGA_Control_Instance|count_h[6]|clk                                        ;
; 19.976 ; 19.976       ; 0.000          ; Low Pulse Width  ; pll_inst|altpll_component|auto_generated|pll1|clk[0] ; Rise       ; VGA_Control_Instance|count_h[7]|clk                                        ;
; 19.976 ; 19.976       ; 0.000          ; Low Pulse Width  ; pll_inst|altpll_component|auto_generated|pll1|clk[0] ; Rise       ; VGA_Control_Instance|count_h[8]|clk                                        ;
; 19.976 ; 19.976       ; 0.000          ; Low Pulse Width  ; pll_inst|altpll_component|auto_generated|pll1|clk[0] ; Rise       ; VGA_Control_Instance|count_h[9]|clk                                        ;
; 19.976 ; 19.976       ; 0.000          ; Low Pulse Width  ; pll_inst|altpll_component|auto_generated|pll1|clk[0] ; Rise       ; VGA_Control_Instance|count_v[1]|clk                                        ;
; 19.976 ; 19.976       ; 0.000          ; Low Pulse Width  ; pll_inst|altpll_component|auto_generated|pll1|clk[0] ; Rise       ; VGA_Control_Instance|count_v[2]|clk                                        ;
; 19.976 ; 19.976       ; 0.000          ; Low Pulse Width  ; pll_inst|altpll_component|auto_generated|pll1|clk[0] ; Rise       ; VGA_Control_Instance|count_v[3]|clk                                        ;
; 19.976 ; 19.976       ; 0.000          ; Low Pulse Width  ; pll_inst|altpll_component|auto_generated|pll1|clk[0] ; Rise       ; VGA_Control_Instance|count_v[5]|clk                                        ;
; 19.976 ; 19.976       ; 0.000          ; Low Pulse Width  ; pll_inst|altpll_component|auto_generated|pll1|clk[0] ; Rise       ; VGA_Control_Instance|count_v[9]|clk                                        ;
; 19.976 ; 19.976       ; 0.000          ; Low Pulse Width  ; pll_inst|altpll_component|auto_generated|pll1|clk[0] ; Rise       ; VGA_Pixel_Instance|pixel_data[0]|clk                                       ;
; 19.977 ; 19.977       ; 0.000          ; Low Pulse Width  ; pll_inst|altpll_component|auto_generated|pll1|clk[0] ; Rise       ; VGA_Control_Instance|count_v[0]|clk                                        ;
; 19.977 ; 19.977       ; 0.000          ; Low Pulse Width  ; pll_inst|altpll_component|auto_generated|pll1|clk[0] ; Rise       ; VGA_Control_Instance|count_v[4]|clk                                        ;
; 19.977 ; 19.977       ; 0.000          ; Low Pulse Width  ; pll_inst|altpll_component|auto_generated|pll1|clk[0] ; Rise       ; VGA_Control_Instance|count_v[6]|clk                                        ;
; 19.977 ; 19.977       ; 0.000          ; Low Pulse Width  ; pll_inst|altpll_component|auto_generated|pll1|clk[0] ; Rise       ; VGA_Control_Instance|count_v[7]|clk                                        ;
; 19.977 ; 19.977       ; 0.000          ; Low Pulse Width  ; pll_inst|altpll_component|auto_generated|pll1|clk[0] ; Rise       ; VGA_Control_Instance|count_v[8]|clk                                        ;
; 19.999 ; 19.999       ; 0.000          ; High Pulse Width ; pll_inst|altpll_component|auto_generated|pll1|clk[0] ; Rise       ; pll_inst|altpll_component|auto_generated|wire_pll1_clk[0]~clkctrl|inclk[0] ;
; 19.999 ; 19.999       ; 0.000          ; High Pulse Width ; pll_inst|altpll_component|auto_generated|pll1|clk[0] ; Rise       ; pll_inst|altpll_component|auto_generated|wire_pll1_clk[0]~clkctrl|outclk   ;
; 20.001 ; 20.001       ; 0.000          ; Low Pulse Width  ; pll_inst|altpll_component|auto_generated|pll1|clk[0] ; Rise       ; pll_inst|altpll_component|auto_generated|wire_pll1_clk[0]~clkctrl|inclk[0] ;
; 20.001 ; 20.001       ; 0.000          ; Low Pulse Width  ; pll_inst|altpll_component|auto_generated|pll1|clk[0] ; Rise       ; pll_inst|altpll_component|auto_generated|wire_pll1_clk[0]~clkctrl|outclk   ;
; 20.022 ; 20.022       ; 0.000          ; High Pulse Width ; pll_inst|altpll_component|auto_generated|pll1|clk[0] ; Rise       ; VGA_Control_Instance|count_h[0]|clk                                        ;
; 20.022 ; 20.022       ; 0.000          ; High Pulse Width ; pll_inst|altpll_component|auto_generated|pll1|clk[0] ; Rise       ; VGA_Control_Instance|count_h[1]|clk                                        ;
; 20.022 ; 20.022       ; 0.000          ; High Pulse Width ; pll_inst|altpll_component|auto_generated|pll1|clk[0] ; Rise       ; VGA_Control_Instance|count_h[2]|clk                                        ;
; 20.022 ; 20.022       ; 0.000          ; High Pulse Width ; pll_inst|altpll_component|auto_generated|pll1|clk[0] ; Rise       ; VGA_Control_Instance|count_h[3]|clk                                        ;
; 20.022 ; 20.022       ; 0.000          ; High Pulse Width ; pll_inst|altpll_component|auto_generated|pll1|clk[0] ; Rise       ; VGA_Control_Instance|count_h[4]|clk                                        ;
; 20.022 ; 20.022       ; 0.000          ; High Pulse Width ; pll_inst|altpll_component|auto_generated|pll1|clk[0] ; Rise       ; VGA_Control_Instance|count_h[5]|clk                                        ;
; 20.022 ; 20.022       ; 0.000          ; High Pulse Width ; pll_inst|altpll_component|auto_generated|pll1|clk[0] ; Rise       ; VGA_Control_Instance|count_h[6]|clk                                        ;
; 20.022 ; 20.022       ; 0.000          ; High Pulse Width ; pll_inst|altpll_component|auto_generated|pll1|clk[0] ; Rise       ; VGA_Control_Instance|count_h[7]|clk                                        ;
; 20.022 ; 20.022       ; 0.000          ; High Pulse Width ; pll_inst|altpll_component|auto_generated|pll1|clk[0] ; Rise       ; VGA_Control_Instance|count_h[8]|clk                                        ;
; 20.022 ; 20.022       ; 0.000          ; High Pulse Width ; pll_inst|altpll_component|auto_generated|pll1|clk[0] ; Rise       ; VGA_Control_Instance|count_h[9]|clk                                        ;
; 20.023 ; 20.023       ; 0.000          ; High Pulse Width ; pll_inst|altpll_component|auto_generated|pll1|clk[0] ; Rise       ; VGA_Control_Instance|count_v[0]|clk                                        ;
; 20.023 ; 20.023       ; 0.000          ; High Pulse Width ; pll_inst|altpll_component|auto_generated|pll1|clk[0] ; Rise       ; VGA_Control_Instance|count_v[1]|clk                                        ;
; 20.023 ; 20.023       ; 0.000          ; High Pulse Width ; pll_inst|altpll_component|auto_generated|pll1|clk[0] ; Rise       ; VGA_Control_Instance|count_v[2]|clk                                        ;
; 20.023 ; 20.023       ; 0.000          ; High Pulse Width ; pll_inst|altpll_component|auto_generated|pll1|clk[0] ; Rise       ; VGA_Control_Instance|count_v[3]|clk                                        ;
; 20.023 ; 20.023       ; 0.000          ; High Pulse Width ; pll_inst|altpll_component|auto_generated|pll1|clk[0] ; Rise       ; VGA_Control_Instance|count_v[4]|clk                                        ;
; 20.023 ; 20.023       ; 0.000          ; High Pulse Width ; pll_inst|altpll_component|auto_generated|pll1|clk[0] ; Rise       ; VGA_Control_Instance|count_v[5]|clk                                        ;
; 20.023 ; 20.023       ; 0.000          ; High Pulse Width ; pll_inst|altpll_component|auto_generated|pll1|clk[0] ; Rise       ; VGA_Control_Instance|count_v[6]|clk                                        ;
; 20.023 ; 20.023       ; 0.000          ; High Pulse Width ; pll_inst|altpll_component|auto_generated|pll1|clk[0] ; Rise       ; VGA_Control_Instance|count_v[7]|clk                                        ;
; 20.023 ; 20.023       ; 0.000          ; High Pulse Width ; pll_inst|altpll_component|auto_generated|pll1|clk[0] ; Rise       ; VGA_Control_Instance|count_v[8]|clk                                        ;
; 20.023 ; 20.023       ; 0.000          ; High Pulse Width ; pll_inst|altpll_component|auto_generated|pll1|clk[0] ; Rise       ; VGA_Control_Instance|count_v[9]|clk                                        ;
; 20.023 ; 20.023       ; 0.000          ; High Pulse Width ; pll_inst|altpll_component|auto_generated|pll1|clk[0] ; Rise       ; VGA_Pixel_Instance|pixel_data[0]|clk                                       ;
; 38.000 ; 40.000       ; 2.000          ; Min Period       ; pll_inst|altpll_component|auto_generated|pll1|clk[0] ; Rise       ; VGA_Control:VGA_Control_Instance|count_h[0]                                ;
; 38.000 ; 40.000       ; 2.000          ; Min Period       ; pll_inst|altpll_component|auto_generated|pll1|clk[0] ; Rise       ; VGA_Control:VGA_Control_Instance|count_h[1]                                ;
; 38.000 ; 40.000       ; 2.000          ; Min Period       ; pll_inst|altpll_component|auto_generated|pll1|clk[0] ; Rise       ; VGA_Control:VGA_Control_Instance|count_h[2]                                ;
; 38.000 ; 40.000       ; 2.000          ; Min Period       ; pll_inst|altpll_component|auto_generated|pll1|clk[0] ; Rise       ; VGA_Control:VGA_Control_Instance|count_h[3]                                ;
; 38.000 ; 40.000       ; 2.000          ; Min Period       ; pll_inst|altpll_component|auto_generated|pll1|clk[0] ; Rise       ; VGA_Control:VGA_Control_Instance|count_h[4]                                ;
; 38.000 ; 40.000       ; 2.000          ; Min Period       ; pll_inst|altpll_component|auto_generated|pll1|clk[0] ; Rise       ; VGA_Control:VGA_Control_Instance|count_h[5]                                ;
; 38.000 ; 40.000       ; 2.000          ; Min Period       ; pll_inst|altpll_component|auto_generated|pll1|clk[0] ; Rise       ; VGA_Control:VGA_Control_Instance|count_h[6]                                ;
; 38.000 ; 40.000       ; 2.000          ; Min Period       ; pll_inst|altpll_component|auto_generated|pll1|clk[0] ; Rise       ; VGA_Control:VGA_Control_Instance|count_h[7]                                ;
; 38.000 ; 40.000       ; 2.000          ; Min Period       ; pll_inst|altpll_component|auto_generated|pll1|clk[0] ; Rise       ; VGA_Control:VGA_Control_Instance|count_h[8]                                ;
; 38.000 ; 40.000       ; 2.000          ; Min Period       ; pll_inst|altpll_component|auto_generated|pll1|clk[0] ; Rise       ; VGA_Control:VGA_Control_Instance|count_h[9]                                ;
; 38.000 ; 40.000       ; 2.000          ; Min Period       ; pll_inst|altpll_component|auto_generated|pll1|clk[0] ; Rise       ; VGA_Control:VGA_Control_Instance|count_v[0]                                ;
; 38.000 ; 40.000       ; 2.000          ; Min Period       ; pll_inst|altpll_component|auto_generated|pll1|clk[0] ; Rise       ; VGA_Control:VGA_Control_Instance|count_v[1]                                ;
+--------+--------------+----------------+------------------+------------------------------------------------------+------------+----------------------------------------------------------------------------+


+----------------------------------------------------------------------------------------------------------------+
; Clock to Output Times                                                                                          ;
+-------------+--------------+-------+-------+------------+------------------------------------------------------+
; Data Port   ; Clock Port   ; Rise  ; Fall  ; Clock Edge ; Clock Reference                                      ;
+-------------+--------------+-------+-------+------------+------------------------------------------------------+
; hsync       ; system_clock ; 3.450 ; 3.237 ; Rise       ; pll_inst|altpll_component|auto_generated|pll1|clk[0] ;
; vga_rgb[*]  ; system_clock ; 3.821 ; 3.966 ; Rise       ; pll_inst|altpll_component|auto_generated|pll1|clk[0] ;
;  vga_rgb[0] ; system_clock ; 3.821 ; 3.966 ; Rise       ; pll_inst|altpll_component|auto_generated|pll1|clk[0] ;
; vsync       ; system_clock ; 3.332 ; 3.261 ; Rise       ; pll_inst|altpll_component|auto_generated|pll1|clk[0] ;
+-------------+--------------+-------+-------+------------+------------------------------------------------------+


+----------------------------------------------------------------------------------------------------------------+
; Minimum Clock to Output Times                                                                                  ;
+-------------+--------------+-------+-------+------------+------------------------------------------------------+
; Data Port   ; Clock Port   ; Rise  ; Fall  ; Clock Edge ; Clock Reference                                      ;
+-------------+--------------+-------+-------+------------+------------------------------------------------------+
; hsync       ; system_clock ; 2.644 ; 2.495 ; Rise       ; pll_inst|altpll_component|auto_generated|pll1|clk[0] ;
; vga_rgb[*]  ; system_clock ; 2.201 ; 2.311 ; Rise       ; pll_inst|altpll_component|auto_generated|pll1|clk[0] ;
;  vga_rgb[0] ; system_clock ; 2.201 ; 2.311 ; Rise       ; pll_inst|altpll_component|auto_generated|pll1|clk[0] ;
; vsync       ; system_clock ; 2.311 ; 2.209 ; Rise       ; pll_inst|altpll_component|auto_generated|pll1|clk[0] ;
+-------------+--------------+-------+-------+------------+------------------------------------------------------+


---------------------------------------------
; Fast 1200mV 0C Model Metastability Report ;
---------------------------------------------
No synchronizer chains to report.


+-------------------------------------------------------------------------------------------------------------------+
; Multicorner Timing Analysis Summary                                                                               ;
+-------------------------------------------------------+--------+-------+----------+---------+---------------------+
; Clock                                                 ; Setup  ; Hold  ; Recovery ; Removal ; Minimum Pulse Width ;
+-------------------------------------------------------+--------+-------+----------+---------+---------------------+
; Worst-case Slack                                      ; 33.465 ; 0.186 ; N/A      ; N/A     ; 9.594               ;
;  pll_inst|altpll_component|auto_generated|pll1|clk[0] ; 33.465 ; 0.186 ; N/A      ; N/A     ; 19.718              ;
;  system_clock                                         ; N/A    ; N/A   ; N/A      ; N/A     ; 9.594               ;
; Design-wide TNS                                       ; 0.0    ; 0.0   ; 0.0      ; 0.0     ; 0.0                 ;
;  pll_inst|altpll_component|auto_generated|pll1|clk[0] ; 0.000  ; 0.000 ; N/A      ; N/A     ; 0.000               ;
;  system_clock                                         ; N/A    ; N/A   ; N/A      ; N/A     ; 0.000               ;
+-------------------------------------------------------+--------+-------+----------+---------+---------------------+


+----------------------------------------------------------------------------------------------------------------+
; Clock to Output Times                                                                                          ;
+-------------+--------------+-------+-------+------------+------------------------------------------------------+
; Data Port   ; Clock Port   ; Rise  ; Fall  ; Clock Edge ; Clock Reference                                      ;
+-------------+--------------+-------+-------+------------+------------------------------------------------------+
; hsync       ; system_clock ; 7.387 ; 7.589 ; Rise       ; pll_inst|altpll_component|auto_generated|pll1|clk[0] ;
; vga_rgb[*]  ; system_clock ; 8.793 ; 8.652 ; Rise       ; pll_inst|altpll_component|auto_generated|pll1|clk[0] ;
;  vga_rgb[0] ; system_clock ; 8.793 ; 8.652 ; Rise       ; pll_inst|altpll_component|auto_generated|pll1|clk[0] ;
; vsync       ; system_clock ; 7.352 ; 7.453 ; Rise       ; pll_inst|altpll_component|auto_generated|pll1|clk[0] ;
+-------------+--------------+-------+-------+------------+------------------------------------------------------+


+----------------------------------------------------------------------------------------------------------------+
; Minimum Clock to Output Times                                                                                  ;
+-------------+--------------+-------+-------+------------+------------------------------------------------------+
; Data Port   ; Clock Port   ; Rise  ; Fall  ; Clock Edge ; Clock Reference                                      ;
+-------------+--------------+-------+-------+------------+------------------------------------------------------+
; hsync       ; system_clock ; 2.644 ; 2.495 ; Rise       ; pll_inst|altpll_component|auto_generated|pll1|clk[0] ;
; vga_rgb[*]  ; system_clock ; 2.201 ; 2.311 ; Rise       ; pll_inst|altpll_component|auto_generated|pll1|clk[0] ;
;  vga_rgb[0] ; system_clock ; 2.201 ; 2.311 ; Rise       ; pll_inst|altpll_component|auto_generated|pll1|clk[0] ;
; vsync       ; system_clock ; 2.311 ; 2.209 ; Rise       ; pll_inst|altpll_component|auto_generated|pll1|clk[0] ;
+-------------+--------------+-------+-------+------------+------------------------------------------------------+


+------------------------------------------------------------------------------------------------------------------------------------------------------------------------------------------------------------------------------------------------------------------------------------------------------------------------------------------------------------------------------------------------------------------+
; Board Trace Model Assignments                                                                                                                                                                                                                                                                                                                                                                                    ;
+---------------+--------------+-------------------+-------------------------+-------------------------+---------------+---------------------+----------------+------------------+--------+------------------+------------------------+------------------------+--------------+---------------+-----------------+-------+---------------------+--------------------+---------------+-----------------+-------------+
; Pin           ; I/O Standard ; Near Tline Length ; Near Tline L per Length ; Near Tline C per Length ; Near Series R ; Near Differential R ; Near Pull-up R ; Near Pull-down R ; Near C ; Far Tline Length ; Far Tline L per Length ; Far Tline C per Length ; Far Series R ; Far Pull-up R ; Far Pull-down R ; Far C ; Termination Voltage ; Far Differential R ; EBD File Name ; EBD Signal Name ; EBD Far-end ;
+---------------+--------------+-------------------+-------------------------+-------------------------+---------------+---------------------+----------------+------------------+--------+------------------+------------------------+------------------------+--------------+---------------+-----------------+-------+---------------------+--------------------+---------------+-----------------+-------------+
; hsync         ; 2.5 V        ; 0 in              ; 0 H/in                  ; 0 F/in                  ; short         ; -                   ; open           ; open             ; open   ; 0 in             ; 0 H/in                 ; 0 F/in                 ; short        ; open          ; open            ; open  ; 0 V                 ; -                  ; n/a           ; n/a             ; n/a         ;
; vsync         ; 2.5 V        ; 0 in              ; 0 H/in                  ; 0 F/in                  ; short         ; -                   ; open           ; open             ; open   ; 0 in             ; 0 H/in                 ; 0 F/in                 ; short        ; open          ; open            ; open  ; 0 V                 ; -                  ; n/a           ; n/a             ; n/a         ;
; vga_rgb[0]    ; 2.5 V        ; 0 in              ; 0 H/in                  ; 0 F/in                  ; short         ; -                   ; open           ; open             ; open   ; 0 in             ; 0 H/in                 ; 0 F/in                 ; short        ; open          ; open            ; open  ; 0 V                 ; -                  ; n/a           ; n/a             ; n/a         ;
; vga_rgb[1]    ; 2.5 V        ; 0 in              ; 0 H/in                  ; 0 F/in                  ; short         ; -                   ; open           ; open             ; open   ; 0 in             ; 0 H/in                 ; 0 F/in                 ; short        ; open          ; open            ; open  ; 0 V                 ; -                  ; n/a           ; n/a             ; n/a         ;
; vga_rgb[2]    ; 2.5 V        ; 0 in              ; 0 H/in                  ; 0 F/in                  ; short         ; -                   ; open           ; open             ; open   ; 0 in             ; 0 H/in                 ; 0 F/in                 ; short        ; open          ; open            ; open  ; 0 V                 ; -                  ; n/a           ; n/a             ; n/a         ;
; vga_rgb[3]    ; 2.5 V        ; 0 in              ; 0 H/in                  ; 0 F/in                  ; short         ; -                   ; open           ; open             ; open   ; 0 in             ; 0 H/in                 ; 0 F/in                 ; short        ; open          ; open            ; open  ; 0 V                 ; -                  ; n/a           ; n/a             ; n/a         ;
; vga_rgb[4]    ; 2.5 V        ; 0 in              ; 0 H/in                  ; 0 F/in                  ; short         ; -                   ; open           ; open             ; open   ; 0 in             ; 0 H/in                 ; 0 F/in                 ; short        ; open          ; open            ; open  ; 0 V                 ; -                  ; n/a           ; n/a             ; n/a         ;
; vga_rgb[5]    ; 2.5 V        ; 0 in              ; 0 H/in                  ; 0 F/in                  ; short         ; -                   ; open           ; open             ; open   ; 0 in             ; 0 H/in                 ; 0 F/in                 ; short        ; open          ; open            ; open  ; 0 V                 ; -                  ; n/a           ; n/a             ; n/a         ;
; vga_rgb[6]    ; 2.5 V        ; 0 in              ; 0 H/in                  ; 0 F/in                  ; short         ; -                   ; open           ; open             ; open   ; 0 in             ; 0 H/in                 ; 0 F/in                 ; short        ; open          ; open            ; open  ; 0 V                 ; -                  ; n/a           ; n/a             ; n/a         ;
; vga_rgb[7]    ; 2.5 V        ; 0 in              ; 0 H/in                  ; 0 F/in                  ; short         ; -                   ; open           ; open             ; open   ; 0 in             ; 0 H/in                 ; 0 F/in                 ; short        ; open          ; open            ; open  ; 0 V                 ; -                  ; n/a           ; n/a             ; n/a         ;
; vga_rgb[8]    ; 2.5 V        ; 0 in              ; 0 H/in                  ; 0 F/in                  ; short         ; -                   ; open           ; open             ; open   ; 0 in             ; 0 H/in                 ; 0 F/in                 ; short        ; open          ; open            ; open  ; 0 V                 ; -                  ; n/a           ; n/a             ; n/a         ;
; vga_rgb[9]    ; 2.5 V        ; 0 in              ; 0 H/in                  ; 0 F/in                  ; short         ; -                   ; open           ; open             ; open   ; 0 in             ; 0 H/in                 ; 0 F/in                 ; short        ; open          ; open            ; open  ; 0 V                 ; -                  ; n/a           ; n/a             ; n/a         ;
; vga_rgb[10]   ; 2.5 V        ; 0 in              ; 0 H/in                  ; 0 F/in                  ; short         ; -                   ; open           ; open             ; open   ; 0 in             ; 0 H/in                 ; 0 F/in                 ; short        ; open          ; open            ; open  ; 0 V                 ; -                  ; n/a           ; n/a             ; n/a         ;
; vga_rgb[11]   ; 2.5 V        ; 0 in              ; 0 H/in                  ; 0 F/in                  ; short         ; -                   ; open           ; open             ; open   ; 0 in             ; 0 H/in                 ; 0 F/in                 ; short        ; open          ; open            ; open  ; 0 V                 ; -                  ; n/a           ; n/a             ; n/a         ;
; vga_rgb[12]   ; 2.5 V        ; 0 in              ; 0 H/in                  ; 0 F/in                  ; short         ; -                   ; open           ; open             ; open   ; 0 in             ; 0 H/in                 ; 0 F/in                 ; short        ; open          ; open            ; open  ; 0 V                 ; -                  ; n/a           ; n/a             ; n/a         ;
; vga_rgb[13]   ; 2.5 V        ; 0 in              ; 0 H/in                  ; 0 F/in                  ; short         ; -                   ; open           ; open             ; open   ; 0 in             ; 0 H/in                 ; 0 F/in                 ; short        ; open          ; open            ; open  ; 0 V                 ; -                  ; n/a           ; n/a             ; n/a         ;
; vga_rgb[14]   ; 2.5 V        ; 0 in              ; 0 H/in                  ; 0 F/in                  ; short         ; -                   ; open           ; open             ; open   ; 0 in             ; 0 H/in                 ; 0 F/in                 ; short        ; open          ; open            ; open  ; 0 V                 ; -                  ; n/a           ; n/a             ; n/a         ;
; vga_rgb[15]   ; 2.5 V        ; 0 in              ; 0 H/in                  ; 0 F/in                  ; short         ; -                   ; open           ; open             ; open   ; 0 in             ; 0 H/in                 ; 0 F/in                 ; short        ; open          ; open            ; open  ; 0 V                 ; -                  ; n/a           ; n/a             ; n/a         ;
; ~ALTERA_DCLK~ ; 2.5 V        ; 0 in              ; 0 H/in                  ; 0 F/in                  ; short         ; -                   ; open           ; open             ; open   ; 0 in             ; 0 H/in                 ; 0 F/in                 ; short        ; open          ; open            ; open  ; 0 V                 ; -                  ; n/a           ; n/a             ; n/a         ;
; ~ALTERA_nCEO~ ; 2.5 V        ; 0 in              ; 0 H/in                  ; 0 F/in                  ; short         ; -                   ; open           ; open             ; open   ; 0 in             ; 0 H/in                 ; 0 F/in                 ; short        ; open          ; open            ; open  ; 0 V                 ; -                  ; n/a           ; n/a             ; n/a         ;
+---------------+--------------+-------------------+-------------------------+-------------------------+---------------+---------------------+----------------+------------------+--------+------------------+------------------------+------------------------+--------------+---------------+-----------------+-------+---------------------+--------------------+---------------+-----------------+-------------+


+----------------------------------------------------------------------------+
; Input Transition Times                                                     ;
+-------------------------+--------------+-----------------+-----------------+
; Pin                     ; I/O Standard ; 10-90 Rise Time ; 90-10 Fall Time ;
+-------------------------+--------------+-----------------+-----------------+
; system_reset_n          ; 2.5 V        ; 2000 ps         ; 2000 ps         ;
; system_clock            ; 2.5 V        ; 2000 ps         ; 2000 ps         ;
; ~ALTERA_ASDO_DATA1~     ; 2.5 V        ; 2000 ps         ; 2000 ps         ;
; ~ALTERA_FLASH_nCE_nCSO~ ; 2.5 V        ; 2000 ps         ; 2000 ps         ;
; ~ALTERA_DATA0~          ; 2.5 V        ; 2000 ps         ; 2000 ps         ;
+-------------------------+--------------+-----------------+-----------------+


+--------------------------------------------------------------------------------------------------------------------------------------------------------------------------------------------------------------------------------------------------------------------------------------------------------------------------------------------------------------------------------------------------------------------------------------------------------------------------------------------------------------------------------------------------------------------------------------------------------------------------------------------------------------------------------------------+
; Signal Integrity Metrics (Slow 1200mv 0c Model)                                                                                                                                                                                                                                                                                                                                                                                                                                                                                                                                                                                                                                            ;
+---------------+--------------+---------------------+---------------------+------------------------------+------------------------------+---------------------+---------------------+--------------------------------------+--------------------------------------+-----------------------------+-----------------------------+----------------------------+----------------------------+-----------------------------+-----------------------------+--------------------+--------------------+-------------------------------------+-------------------------------------+----------------------------+----------------------------+---------------------------+---------------------------+
; Pin           ; I/O Standard ; Board Delay on Rise ; Board Delay on Fall ; Steady State Voh at FPGA Pin ; Steady State Vol at FPGA Pin ; Voh Max at FPGA Pin ; Vol Min at FPGA Pin ; Ringback Voltage on Rise at FPGA Pin ; Ringback Voltage on Fall at FPGA Pin ; 10-90 Rise Time at FPGA Pin ; 90-10 Fall Time at FPGA Pin ; Monotonic Rise at FPGA Pin ; Monotonic Fall at FPGA Pin ; Steady State Voh at Far-end ; Steady State Vol at Far-end ; Voh Max at Far-end ; Vol Min at Far-end ; Ringback Voltage on Rise at Far-end ; Ringback Voltage on Fall at Far-end ; 10-90 Rise Time at Far-end ; 90-10 Fall Time at Far-end ; Monotonic Rise at Far-end ; Monotonic Fall at Far-end ;
+---------------+--------------+---------------------+---------------------+------------------------------+------------------------------+---------------------+---------------------+--------------------------------------+--------------------------------------+-----------------------------+-----------------------------+----------------------------+----------------------------+-----------------------------+-----------------------------+--------------------+--------------------+-------------------------------------+-------------------------------------+----------------------------+----------------------------+---------------------------+---------------------------+
; hsync         ; 2.5 V        ; 0 s                 ; 0 s                 ; 2.32 V                       ; 2.07e-09 V                   ; 2.36 V              ; -0.00737 V          ; 0.209 V                              ; 0.012 V                              ; 5.22e-10 s                  ; 5.33e-10 s                  ; Yes                        ; Yes                        ; 2.32 V                      ; 2.07e-09 V                  ; 2.36 V             ; -0.00737 V         ; 0.209 V                             ; 0.012 V                             ; 5.22e-10 s                 ; 5.33e-10 s                 ; Yes                       ; Yes                       ;
; vsync         ; 2.5 V        ; 0 s                 ; 0 s                 ; 2.32 V                       ; 2.07e-09 V                   ; 2.38 V              ; -0.0073 V           ; 0.097 V                              ; 0.018 V                              ; 4.24e-10 s                  ; 3.65e-10 s                  ; No                         ; Yes                        ; 2.32 V                      ; 2.07e-09 V                  ; 2.38 V             ; -0.0073 V          ; 0.097 V                             ; 0.018 V                             ; 4.24e-10 s                 ; 3.65e-10 s                 ; No                        ; Yes                       ;
; vga_rgb[0]    ; 2.5 V        ; 0 s                 ; 0 s                 ; 2.32 V                       ; 2.07e-09 V                   ; 2.36 V              ; -0.00737 V          ; 0.209 V                              ; 0.012 V                              ; 5.22e-10 s                  ; 5.33e-10 s                  ; Yes                        ; Yes                        ; 2.32 V                      ; 2.07e-09 V                  ; 2.36 V             ; -0.00737 V         ; 0.209 V                             ; 0.012 V                             ; 5.22e-10 s                 ; 5.33e-10 s                 ; Yes                       ; Yes                       ;
; vga_rgb[1]    ; 2.5 V        ; 0 s                 ; 0 s                 ; 2.32 V                       ; 2.8e-09 V                    ; 2.37 V              ; -0.00373 V          ; 0.104 V                              ; 0.011 V                              ; 4.34e-10 s                  ; 3.82e-10 s                  ; Yes                        ; Yes                        ; 2.32 V                      ; 2.8e-09 V                   ; 2.37 V             ; -0.00373 V         ; 0.104 V                             ; 0.011 V                             ; 4.34e-10 s                 ; 3.82e-10 s                 ; Yes                       ; Yes                       ;
; vga_rgb[2]    ; 2.5 V        ; 0 s                 ; 0 s                 ; 2.32 V                       ; 2.07e-09 V                   ; 2.36 V              ; -0.00737 V          ; 0.209 V                              ; 0.012 V                              ; 5.22e-10 s                  ; 5.33e-10 s                  ; Yes                        ; Yes                        ; 2.32 V                      ; 2.07e-09 V                  ; 2.36 V             ; -0.00737 V         ; 0.209 V                             ; 0.012 V                             ; 5.22e-10 s                 ; 5.33e-10 s                 ; Yes                       ; Yes                       ;
; vga_rgb[3]    ; 2.5 V        ; 0 s                 ; 0 s                 ; 2.32 V                       ; 2.8e-09 V                    ; 2.37 V              ; -0.00373 V          ; 0.104 V                              ; 0.011 V                              ; 4.34e-10 s                  ; 3.82e-10 s                  ; Yes                        ; Yes                        ; 2.32 V                      ; 2.8e-09 V                   ; 2.37 V             ; -0.00373 V         ; 0.104 V                             ; 0.011 V                             ; 4.34e-10 s                 ; 3.82e-10 s                 ; Yes                       ; Yes                       ;
; vga_rgb[4]    ; 2.5 V        ; 0 s                 ; 0 s                 ; 2.32 V                       ; 2.07e-09 V                   ; 2.36 V              ; -0.00737 V          ; 0.209 V                              ; 0.012 V                              ; 5.22e-10 s                  ; 5.33e-10 s                  ; Yes                        ; Yes                        ; 2.32 V                      ; 2.07e-09 V                  ; 2.36 V             ; -0.00737 V         ; 0.209 V                             ; 0.012 V                             ; 5.22e-10 s                 ; 5.33e-10 s                 ; Yes                       ; Yes                       ;
; vga_rgb[5]    ; 2.5 V        ; 0 s                 ; 0 s                 ; 2.32 V                       ; 2.8e-09 V                    ; 2.37 V              ; -0.00373 V          ; 0.104 V                              ; 0.011 V                              ; 4.34e-10 s                  ; 3.82e-10 s                  ; Yes                        ; Yes                        ; 2.32 V                      ; 2.8e-09 V                   ; 2.37 V             ; -0.00373 V         ; 0.104 V                             ; 0.011 V                             ; 4.34e-10 s                 ; 3.82e-10 s                 ; Yes                       ; Yes                       ;
; vga_rgb[6]    ; 2.5 V        ; 0 s                 ; 0 s                 ; 2.32 V                       ; 2.8e-09 V                    ; 2.37 V              ; -0.00373 V          ; 0.104 V                              ; 0.011 V                              ; 4.34e-10 s                  ; 3.82e-10 s                  ; Yes                        ; Yes                        ; 2.32 V                      ; 2.8e-09 V                   ; 2.37 V             ; -0.00373 V         ; 0.104 V                             ; 0.011 V                             ; 4.34e-10 s                 ; 3.82e-10 s                 ; Yes                       ; Yes                       ;
; vga_rgb[7]    ; 2.5 V        ; 0 s                 ; 0 s                 ; 2.32 V                       ; 2.07e-09 V                   ; 2.38 V              ; -0.0073 V           ; 0.097 V                              ; 0.018 V                              ; 4.24e-10 s                  ; 3.65e-10 s                  ; No                         ; Yes                        ; 2.32 V                      ; 2.07e-09 V                  ; 2.38 V             ; -0.0073 V          ; 0.097 V                             ; 0.018 V                             ; 4.24e-10 s                 ; 3.65e-10 s                 ; No                        ; Yes                       ;
; vga_rgb[8]    ; 2.5 V        ; 0 s                 ; 0 s                 ; 2.32 V                       ; 2.8e-09 V                    ; 2.37 V              ; -0.00373 V          ; 0.104 V                              ; 0.011 V                              ; 4.34e-10 s                  ; 3.82e-10 s                  ; Yes                        ; Yes                        ; 2.32 V                      ; 2.8e-09 V                   ; 2.37 V             ; -0.00373 V         ; 0.104 V                             ; 0.011 V                             ; 4.34e-10 s                 ; 3.82e-10 s                 ; Yes                       ; Yes                       ;
; vga_rgb[9]    ; 2.5 V        ; 0 s                 ; 0 s                 ; 2.32 V                       ; 2.8e-09 V                    ; 2.37 V              ; -0.00373 V          ; 0.104 V                              ; 0.011 V                              ; 4.34e-10 s                  ; 3.82e-10 s                  ; Yes                        ; Yes                        ; 2.32 V                      ; 2.8e-09 V                   ; 2.37 V             ; -0.00373 V         ; 0.104 V                             ; 0.011 V                             ; 4.34e-10 s                 ; 3.82e-10 s                 ; Yes                       ; Yes                       ;
; vga_rgb[10]   ; 2.5 V        ; 0 s                 ; 0 s                 ; 2.32 V                       ; 2.8e-09 V                    ; 2.37 V              ; -0.00373 V          ; 0.104 V                              ; 0.011 V                              ; 4.34e-10 s                  ; 3.82e-10 s                  ; Yes                        ; Yes                        ; 2.32 V                      ; 2.8e-09 V                   ; 2.37 V             ; -0.00373 V         ; 0.104 V                             ; 0.011 V                             ; 4.34e-10 s                 ; 3.82e-10 s                 ; Yes                       ; Yes                       ;
; vga_rgb[11]   ; 2.5 V        ; 0 s                 ; 0 s                 ; 2.32 V                       ; 2.8e-09 V                    ; 2.37 V              ; -0.00373 V          ; 0.104 V                              ; 0.011 V                              ; 4.34e-10 s                  ; 3.82e-10 s                  ; Yes                        ; Yes                        ; 2.32 V                      ; 2.8e-09 V                   ; 2.37 V             ; -0.00373 V         ; 0.104 V                             ; 0.011 V                             ; 4.34e-10 s                 ; 3.82e-10 s                 ; Yes                       ; Yes                       ;
; vga_rgb[12]   ; 2.5 V        ; 0 s                 ; 0 s                 ; 2.32 V                       ; 2.8e-09 V                    ; 2.37 V              ; -0.00373 V          ; 0.104 V                              ; 0.011 V                              ; 4.34e-10 s                  ; 3.82e-10 s                  ; Yes                        ; Yes                        ; 2.32 V                      ; 2.8e-09 V                   ; 2.37 V             ; -0.00373 V         ; 0.104 V                             ; 0.011 V                             ; 4.34e-10 s                 ; 3.82e-10 s                 ; Yes                       ; Yes                       ;
; vga_rgb[13]   ; 2.5 V        ; 0 s                 ; 0 s                 ; 2.32 V                       ; 2.8e-09 V                    ; 2.37 V              ; -0.00373 V          ; 0.104 V                              ; 0.011 V                              ; 4.34e-10 s                  ; 3.82e-10 s                  ; Yes                        ; Yes                        ; 2.32 V                      ; 2.8e-09 V                   ; 2.37 V             ; -0.00373 V         ; 0.104 V                             ; 0.011 V                             ; 4.34e-10 s                 ; 3.82e-10 s                 ; Yes                       ; Yes                       ;
; vga_rgb[14]   ; 2.5 V        ; 0 s                 ; 0 s                 ; 2.32 V                       ; 2.8e-09 V                    ; 2.37 V              ; -0.00373 V          ; 0.104 V                              ; 0.011 V                              ; 4.34e-10 s                  ; 3.82e-10 s                  ; Yes                        ; Yes                        ; 2.32 V                      ; 2.8e-09 V                   ; 2.37 V             ; -0.00373 V         ; 0.104 V                             ; 0.011 V                             ; 4.34e-10 s                 ; 3.82e-10 s                 ; Yes                       ; Yes                       ;
; vga_rgb[15]   ; 2.5 V        ; 0 s                 ; 0 s                 ; 2.32 V                       ; 2.07e-09 V                   ; 2.36 V              ; -0.00737 V          ; 0.209 V                              ; 0.012 V                              ; 5.22e-10 s                  ; 5.33e-10 s                  ; Yes                        ; Yes                        ; 2.32 V                      ; 2.07e-09 V                  ; 2.36 V             ; -0.00737 V         ; 0.209 V                             ; 0.012 V                             ; 5.22e-10 s                 ; 5.33e-10 s                 ; Yes                       ; Yes                       ;
; ~ALTERA_DCLK~ ; 2.5 V        ; 0 s                 ; 0 s                 ; 2.32 V                       ; 1.74e-09 V                   ; 2.37 V              ; -0.0346 V           ; 0.198 V                              ; 0.094 V                              ; 3.14e-10 s                  ; 2.92e-10 s                  ; Yes                        ; Yes                        ; 2.32 V                      ; 1.74e-09 V                  ; 2.37 V             ; -0.0346 V          ; 0.198 V                             ; 0.094 V                             ; 3.14e-10 s                 ; 2.92e-10 s                 ; Yes                       ; Yes                       ;
; ~ALTERA_nCEO~ ; 2.5 V        ; 0 s                 ; 0 s                 ; 2.32 V                       ; 2.57e-09 V                   ; 2.37 V              ; -0.00683 V          ; 0.171 V                              ; 0.018 V                              ; 4.97e-10 s                  ; 6.66e-10 s                  ; Yes                        ; Yes                        ; 2.32 V                      ; 2.57e-09 V                  ; 2.37 V             ; -0.00683 V         ; 0.171 V                             ; 0.018 V                             ; 4.97e-10 s                 ; 6.66e-10 s                 ; Yes                       ; Yes                       ;
+---------------+--------------+---------------------+---------------------+------------------------------+------------------------------+---------------------+---------------------+--------------------------------------+--------------------------------------+-----------------------------+-----------------------------+----------------------------+----------------------------+-----------------------------+-----------------------------+--------------------+--------------------+-------------------------------------+-------------------------------------+----------------------------+----------------------------+---------------------------+---------------------------+


+--------------------------------------------------------------------------------------------------------------------------------------------------------------------------------------------------------------------------------------------------------------------------------------------------------------------------------------------------------------------------------------------------------------------------------------------------------------------------------------------------------------------------------------------------------------------------------------------------------------------------------------------------------------------------------------------+
; Signal Integrity Metrics (Slow 1200mv 85c Model)                                                                                                                                                                                                                                                                                                                                                                                                                                                                                                                                                                                                                                           ;
+---------------+--------------+---------------------+---------------------+------------------------------+------------------------------+---------------------+---------------------+--------------------------------------+--------------------------------------+-----------------------------+-----------------------------+----------------------------+----------------------------+-----------------------------+-----------------------------+--------------------+--------------------+-------------------------------------+-------------------------------------+----------------------------+----------------------------+---------------------------+---------------------------+
; Pin           ; I/O Standard ; Board Delay on Rise ; Board Delay on Fall ; Steady State Voh at FPGA Pin ; Steady State Vol at FPGA Pin ; Voh Max at FPGA Pin ; Vol Min at FPGA Pin ; Ringback Voltage on Rise at FPGA Pin ; Ringback Voltage on Fall at FPGA Pin ; 10-90 Rise Time at FPGA Pin ; 90-10 Fall Time at FPGA Pin ; Monotonic Rise at FPGA Pin ; Monotonic Fall at FPGA Pin ; Steady State Voh at Far-end ; Steady State Vol at Far-end ; Voh Max at Far-end ; Vol Min at Far-end ; Ringback Voltage on Rise at Far-end ; Ringback Voltage on Fall at Far-end ; 10-90 Rise Time at Far-end ; 90-10 Fall Time at Far-end ; Monotonic Rise at Far-end ; Monotonic Fall at Far-end ;
+---------------+--------------+---------------------+---------------------+------------------------------+------------------------------+---------------------+---------------------+--------------------------------------+--------------------------------------+-----------------------------+-----------------------------+----------------------------+----------------------------+-----------------------------+-----------------------------+--------------------+--------------------+-------------------------------------+-------------------------------------+----------------------------+----------------------------+---------------------------+---------------------------+
; hsync         ; 2.5 V        ; 0 s                 ; 0 s                 ; 2.32 V                       ; 1.93e-07 V                   ; 2.34 V              ; -0.00869 V          ; 0.14 V                               ; 0.046 V                              ; 6.89e-10 s                  ; 6.56e-10 s                  ; Yes                        ; Yes                        ; 2.32 V                      ; 1.93e-07 V                  ; 2.34 V             ; -0.00869 V         ; 0.14 V                              ; 0.046 V                             ; 6.89e-10 s                 ; 6.56e-10 s                 ; Yes                       ; Yes                       ;
; vsync         ; 2.5 V        ; 0 s                 ; 0 s                 ; 2.32 V                       ; 1.93e-07 V                   ; 2.35 V              ; -0.00834 V          ; 0.127 V                              ; 0.035 V                              ; 4.7e-10 s                   ; 4.64e-10 s                  ; Yes                        ; Yes                        ; 2.32 V                      ; 1.93e-07 V                  ; 2.35 V             ; -0.00834 V         ; 0.127 V                             ; 0.035 V                             ; 4.7e-10 s                  ; 4.64e-10 s                 ; Yes                       ; Yes                       ;
; vga_rgb[0]    ; 2.5 V        ; 0 s                 ; 0 s                 ; 2.32 V                       ; 1.93e-07 V                   ; 2.34 V              ; -0.00869 V          ; 0.14 V                               ; 0.046 V                              ; 6.89e-10 s                  ; 6.56e-10 s                  ; Yes                        ; Yes                        ; 2.32 V                      ; 1.93e-07 V                  ; 2.34 V             ; -0.00869 V         ; 0.14 V                              ; 0.046 V                             ; 6.89e-10 s                 ; 6.56e-10 s                 ; Yes                       ; Yes                       ;
; vga_rgb[1]    ; 2.5 V        ; 0 s                 ; 0 s                 ; 2.32 V                       ; 2.85e-07 V                   ; 2.35 V              ; -0.0123 V           ; 0.144 V                              ; 0.042 V                              ; 4.81e-10 s                  ; 4.81e-10 s                  ; Yes                        ; Yes                        ; 2.32 V                      ; 2.85e-07 V                  ; 2.35 V             ; -0.0123 V          ; 0.144 V                             ; 0.042 V                             ; 4.81e-10 s                 ; 4.81e-10 s                 ; Yes                       ; Yes                       ;
; vga_rgb[2]    ; 2.5 V        ; 0 s                 ; 0 s                 ; 2.32 V                       ; 1.93e-07 V                   ; 2.34 V              ; -0.00869 V          ; 0.14 V                               ; 0.046 V                              ; 6.89e-10 s                  ; 6.56e-10 s                  ; Yes                        ; Yes                        ; 2.32 V                      ; 1.93e-07 V                  ; 2.34 V             ; -0.00869 V         ; 0.14 V                              ; 0.046 V                             ; 6.89e-10 s                 ; 6.56e-10 s                 ; Yes                       ; Yes                       ;
; vga_rgb[3]    ; 2.5 V        ; 0 s                 ; 0 s                 ; 2.32 V                       ; 2.85e-07 V                   ; 2.35 V              ; -0.0123 V           ; 0.144 V                              ; 0.042 V                              ; 4.81e-10 s                  ; 4.81e-10 s                  ; Yes                        ; Yes                        ; 2.32 V                      ; 2.85e-07 V                  ; 2.35 V             ; -0.0123 V          ; 0.144 V                             ; 0.042 V                             ; 4.81e-10 s                 ; 4.81e-10 s                 ; Yes                       ; Yes                       ;
; vga_rgb[4]    ; 2.5 V        ; 0 s                 ; 0 s                 ; 2.32 V                       ; 1.93e-07 V                   ; 2.34 V              ; -0.00869 V          ; 0.14 V                               ; 0.046 V                              ; 6.89e-10 s                  ; 6.56e-10 s                  ; Yes                        ; Yes                        ; 2.32 V                      ; 1.93e-07 V                  ; 2.34 V             ; -0.00869 V         ; 0.14 V                              ; 0.046 V                             ; 6.89e-10 s                 ; 6.56e-10 s                 ; Yes                       ; Yes                       ;
; vga_rgb[5]    ; 2.5 V        ; 0 s                 ; 0 s                 ; 2.32 V                       ; 2.85e-07 V                   ; 2.35 V              ; -0.0123 V           ; 0.144 V                              ; 0.042 V                              ; 4.81e-10 s                  ; 4.81e-10 s                  ; Yes                        ; Yes                        ; 2.32 V                      ; 2.85e-07 V                  ; 2.35 V             ; -0.0123 V          ; 0.144 V                             ; 0.042 V                             ; 4.81e-10 s                 ; 4.81e-10 s                 ; Yes                       ; Yes                       ;
; vga_rgb[6]    ; 2.5 V        ; 0 s                 ; 0 s                 ; 2.32 V                       ; 2.85e-07 V                   ; 2.35 V              ; -0.0123 V           ; 0.144 V                              ; 0.042 V                              ; 4.81e-10 s                  ; 4.81e-10 s                  ; Yes                        ; Yes                        ; 2.32 V                      ; 2.85e-07 V                  ; 2.35 V             ; -0.0123 V          ; 0.144 V                             ; 0.042 V                             ; 4.81e-10 s                 ; 4.81e-10 s                 ; Yes                       ; Yes                       ;
; vga_rgb[7]    ; 2.5 V        ; 0 s                 ; 0 s                 ; 2.32 V                       ; 1.93e-07 V                   ; 2.35 V              ; -0.00834 V          ; 0.127 V                              ; 0.035 V                              ; 4.7e-10 s                   ; 4.64e-10 s                  ; Yes                        ; Yes                        ; 2.32 V                      ; 1.93e-07 V                  ; 2.35 V             ; -0.00834 V         ; 0.127 V                             ; 0.035 V                             ; 4.7e-10 s                  ; 4.64e-10 s                 ; Yes                       ; Yes                       ;
; vga_rgb[8]    ; 2.5 V        ; 0 s                 ; 0 s                 ; 2.32 V                       ; 2.85e-07 V                   ; 2.35 V              ; -0.0123 V           ; 0.144 V                              ; 0.042 V                              ; 4.81e-10 s                  ; 4.81e-10 s                  ; Yes                        ; Yes                        ; 2.32 V                      ; 2.85e-07 V                  ; 2.35 V             ; -0.0123 V          ; 0.144 V                             ; 0.042 V                             ; 4.81e-10 s                 ; 4.81e-10 s                 ; Yes                       ; Yes                       ;
; vga_rgb[9]    ; 2.5 V        ; 0 s                 ; 0 s                 ; 2.32 V                       ; 2.85e-07 V                   ; 2.35 V              ; -0.0123 V           ; 0.144 V                              ; 0.042 V                              ; 4.81e-10 s                  ; 4.81e-10 s                  ; Yes                        ; Yes                        ; 2.32 V                      ; 2.85e-07 V                  ; 2.35 V             ; -0.0123 V          ; 0.144 V                             ; 0.042 V                             ; 4.81e-10 s                 ; 4.81e-10 s                 ; Yes                       ; Yes                       ;
; vga_rgb[10]   ; 2.5 V        ; 0 s                 ; 0 s                 ; 2.32 V                       ; 2.85e-07 V                   ; 2.35 V              ; -0.0123 V           ; 0.144 V                              ; 0.042 V                              ; 4.81e-10 s                  ; 4.81e-10 s                  ; Yes                        ; Yes                        ; 2.32 V                      ; 2.85e-07 V                  ; 2.35 V             ; -0.0123 V          ; 0.144 V                             ; 0.042 V                             ; 4.81e-10 s                 ; 4.81e-10 s                 ; Yes                       ; Yes                       ;
; vga_rgb[11]   ; 2.5 V        ; 0 s                 ; 0 s                 ; 2.32 V                       ; 2.85e-07 V                   ; 2.35 V              ; -0.0123 V           ; 0.144 V                              ; 0.042 V                              ; 4.81e-10 s                  ; 4.81e-10 s                  ; Yes                        ; Yes                        ; 2.32 V                      ; 2.85e-07 V                  ; 2.35 V             ; -0.0123 V          ; 0.144 V                             ; 0.042 V                             ; 4.81e-10 s                 ; 4.81e-10 s                 ; Yes                       ; Yes                       ;
; vga_rgb[12]   ; 2.5 V        ; 0 s                 ; 0 s                 ; 2.32 V                       ; 2.85e-07 V                   ; 2.35 V              ; -0.0123 V           ; 0.144 V                              ; 0.042 V                              ; 4.81e-10 s                  ; 4.81e-10 s                  ; Yes                        ; Yes                        ; 2.32 V                      ; 2.85e-07 V                  ; 2.35 V             ; -0.0123 V          ; 0.144 V                             ; 0.042 V                             ; 4.81e-10 s                 ; 4.81e-10 s                 ; Yes                       ; Yes                       ;
; vga_rgb[13]   ; 2.5 V        ; 0 s                 ; 0 s                 ; 2.32 V                       ; 2.85e-07 V                   ; 2.35 V              ; -0.0123 V           ; 0.144 V                              ; 0.042 V                              ; 4.81e-10 s                  ; 4.81e-10 s                  ; Yes                        ; Yes                        ; 2.32 V                      ; 2.85e-07 V                  ; 2.35 V             ; -0.0123 V          ; 0.144 V                             ; 0.042 V                             ; 4.81e-10 s                 ; 4.81e-10 s                 ; Yes                       ; Yes                       ;
; vga_rgb[14]   ; 2.5 V        ; 0 s                 ; 0 s                 ; 2.32 V                       ; 2.85e-07 V                   ; 2.35 V              ; -0.0123 V           ; 0.144 V                              ; 0.042 V                              ; 4.81e-10 s                  ; 4.81e-10 s                  ; Yes                        ; Yes                        ; 2.32 V                      ; 2.85e-07 V                  ; 2.35 V             ; -0.0123 V          ; 0.144 V                             ; 0.042 V                             ; 4.81e-10 s                 ; 4.81e-10 s                 ; Yes                       ; Yes                       ;
; vga_rgb[15]   ; 2.5 V        ; 0 s                 ; 0 s                 ; 2.32 V                       ; 1.93e-07 V                   ; 2.34 V              ; -0.00869 V          ; 0.14 V                               ; 0.046 V                              ; 6.89e-10 s                  ; 6.56e-10 s                  ; Yes                        ; Yes                        ; 2.32 V                      ; 1.93e-07 V                  ; 2.34 V             ; -0.00869 V         ; 0.14 V                              ; 0.046 V                             ; 6.89e-10 s                 ; 6.56e-10 s                 ; Yes                       ; Yes                       ;
; ~ALTERA_DCLK~ ; 2.5 V        ; 0 s                 ; 0 s                 ; 2.32 V                       ; 1.55e-07 V                   ; 2.35 V              ; -0.00221 V          ; 0.097 V                              ; 0.005 V                              ; 4.49e-10 s                  ; 3.85e-10 s                  ; Yes                        ; Yes                        ; 2.32 V                      ; 1.55e-07 V                  ; 2.35 V             ; -0.00221 V         ; 0.097 V                             ; 0.005 V                             ; 4.49e-10 s                 ; 3.85e-10 s                 ; Yes                       ; Yes                       ;
; ~ALTERA_nCEO~ ; 2.5 V        ; 0 s                 ; 0 s                 ; 2.32 V                       ; 2.54e-07 V                   ; 2.34 V              ; -0.00774 V          ; 0.109 V                              ; 0.026 V                              ; 6.58e-10 s                  ; 8.24e-10 s                  ; Yes                        ; Yes                        ; 2.32 V                      ; 2.54e-07 V                  ; 2.34 V             ; -0.00774 V         ; 0.109 V                             ; 0.026 V                             ; 6.58e-10 s                 ; 8.24e-10 s                 ; Yes                       ; Yes                       ;
+---------------+--------------+---------------------+---------------------+------------------------------+------------------------------+---------------------+---------------------+--------------------------------------+--------------------------------------+-----------------------------+-----------------------------+----------------------------+----------------------------+-----------------------------+-----------------------------+--------------------+--------------------+-------------------------------------+-------------------------------------+----------------------------+----------------------------+---------------------------+---------------------------+


+--------------------------------------------------------------------------------------------------------------------------------------------------------------------------------------------------------------------------------------------------------------------------------------------------------------------------------------------------------------------------------------------------------------------------------------------------------------------------------------------------------------------------------------------------------------------------------------------------------------------------------------------------------------------------------------------+
; Signal Integrity Metrics (Fast 1200mv 0c Model)                                                                                                                                                                                                                                                                                                                                                                                                                                                                                                                                                                                                                                            ;
+---------------+--------------+---------------------+---------------------+------------------------------+------------------------------+---------------------+---------------------+--------------------------------------+--------------------------------------+-----------------------------+-----------------------------+----------------------------+----------------------------+-----------------------------+-----------------------------+--------------------+--------------------+-------------------------------------+-------------------------------------+----------------------------+----------------------------+---------------------------+---------------------------+
; Pin           ; I/O Standard ; Board Delay on Rise ; Board Delay on Fall ; Steady State Voh at FPGA Pin ; Steady State Vol at FPGA Pin ; Voh Max at FPGA Pin ; Vol Min at FPGA Pin ; Ringback Voltage on Rise at FPGA Pin ; Ringback Voltage on Fall at FPGA Pin ; 10-90 Rise Time at FPGA Pin ; 90-10 Fall Time at FPGA Pin ; Monotonic Rise at FPGA Pin ; Monotonic Fall at FPGA Pin ; Steady State Voh at Far-end ; Steady State Vol at Far-end ; Voh Max at Far-end ; Vol Min at Far-end ; Ringback Voltage on Rise at Far-end ; Ringback Voltage on Fall at Far-end ; 10-90 Rise Time at Far-end ; 90-10 Fall Time at Far-end ; Monotonic Rise at Far-end ; Monotonic Fall at Far-end ;
+---------------+--------------+---------------------+---------------------+------------------------------+------------------------------+---------------------+---------------------+--------------------------------------+--------------------------------------+-----------------------------+-----------------------------+----------------------------+----------------------------+-----------------------------+-----------------------------+--------------------+--------------------+-------------------------------------+-------------------------------------+----------------------------+----------------------------+---------------------------+---------------------------+
; hsync         ; 2.5 V        ; 0 s                 ; 0 s                 ; 2.62 V                       ; 2.74e-08 V                   ; 2.71 V              ; -0.0317 V           ; 0.148 V                              ; 0.064 V                              ; 4.51e-10 s                  ; 4.15e-10 s                  ; No                         ; Yes                        ; 2.62 V                      ; 2.74e-08 V                  ; 2.71 V             ; -0.0317 V          ; 0.148 V                             ; 0.064 V                             ; 4.51e-10 s                 ; 4.15e-10 s                 ; No                        ; Yes                       ;
; vsync         ; 2.5 V        ; 0 s                 ; 0 s                 ; 2.62 V                       ; 2.74e-08 V                   ; 2.73 V              ; -0.0384 V           ; 0.169 V                              ; 0.089 V                              ; 2.7e-10 s                   ; 2.62e-10 s                  ; Yes                        ; Yes                        ; 2.62 V                      ; 2.74e-08 V                  ; 2.73 V             ; -0.0384 V          ; 0.169 V                             ; 0.089 V                             ; 2.7e-10 s                  ; 2.62e-10 s                 ; Yes                       ; Yes                       ;
; vga_rgb[0]    ; 2.5 V        ; 0 s                 ; 0 s                 ; 2.62 V                       ; 2.74e-08 V                   ; 2.71 V              ; -0.0317 V           ; 0.148 V                              ; 0.064 V                              ; 4.51e-10 s                  ; 4.15e-10 s                  ; No                         ; Yes                        ; 2.62 V                      ; 2.74e-08 V                  ; 2.71 V             ; -0.0317 V          ; 0.148 V                             ; 0.064 V                             ; 4.51e-10 s                 ; 4.15e-10 s                 ; No                        ; Yes                       ;
; vga_rgb[1]    ; 2.5 V        ; 0 s                 ; 0 s                 ; 2.62 V                       ; 4.05e-08 V                   ; 2.72 V              ; -0.0349 V           ; 0.173 V                              ; 0.1 V                                ; 2.72e-10 s                  ; 2.69e-10 s                  ; Yes                        ; Yes                        ; 2.62 V                      ; 4.05e-08 V                  ; 2.72 V             ; -0.0349 V          ; 0.173 V                             ; 0.1 V                               ; 2.72e-10 s                 ; 2.69e-10 s                 ; Yes                       ; Yes                       ;
; vga_rgb[2]    ; 2.5 V        ; 0 s                 ; 0 s                 ; 2.62 V                       ; 2.74e-08 V                   ; 2.71 V              ; -0.0317 V           ; 0.148 V                              ; 0.064 V                              ; 4.51e-10 s                  ; 4.15e-10 s                  ; No                         ; Yes                        ; 2.62 V                      ; 2.74e-08 V                  ; 2.71 V             ; -0.0317 V          ; 0.148 V                             ; 0.064 V                             ; 4.51e-10 s                 ; 4.15e-10 s                 ; No                        ; Yes                       ;
; vga_rgb[3]    ; 2.5 V        ; 0 s                 ; 0 s                 ; 2.62 V                       ; 4.05e-08 V                   ; 2.72 V              ; -0.0349 V           ; 0.173 V                              ; 0.1 V                                ; 2.72e-10 s                  ; 2.69e-10 s                  ; Yes                        ; Yes                        ; 2.62 V                      ; 4.05e-08 V                  ; 2.72 V             ; -0.0349 V          ; 0.173 V                             ; 0.1 V                               ; 2.72e-10 s                 ; 2.69e-10 s                 ; Yes                       ; Yes                       ;
; vga_rgb[4]    ; 2.5 V        ; 0 s                 ; 0 s                 ; 2.62 V                       ; 2.74e-08 V                   ; 2.71 V              ; -0.0317 V           ; 0.148 V                              ; 0.064 V                              ; 4.51e-10 s                  ; 4.15e-10 s                  ; No                         ; Yes                        ; 2.62 V                      ; 2.74e-08 V                  ; 2.71 V             ; -0.0317 V          ; 0.148 V                             ; 0.064 V                             ; 4.51e-10 s                 ; 4.15e-10 s                 ; No                        ; Yes                       ;
; vga_rgb[5]    ; 2.5 V        ; 0 s                 ; 0 s                 ; 2.62 V                       ; 4.05e-08 V                   ; 2.72 V              ; -0.0349 V           ; 0.173 V                              ; 0.1 V                                ; 2.72e-10 s                  ; 2.69e-10 s                  ; Yes                        ; Yes                        ; 2.62 V                      ; 4.05e-08 V                  ; 2.72 V             ; -0.0349 V          ; 0.173 V                             ; 0.1 V                               ; 2.72e-10 s                 ; 2.69e-10 s                 ; Yes                       ; Yes                       ;
; vga_rgb[6]    ; 2.5 V        ; 0 s                 ; 0 s                 ; 2.62 V                       ; 4.05e-08 V                   ; 2.72 V              ; -0.0349 V           ; 0.173 V                              ; 0.1 V                                ; 2.72e-10 s                  ; 2.69e-10 s                  ; Yes                        ; Yes                        ; 2.62 V                      ; 4.05e-08 V                  ; 2.72 V             ; -0.0349 V          ; 0.173 V                             ; 0.1 V                               ; 2.72e-10 s                 ; 2.69e-10 s                 ; Yes                       ; Yes                       ;
; vga_rgb[7]    ; 2.5 V        ; 0 s                 ; 0 s                 ; 2.62 V                       ; 2.74e-08 V                   ; 2.73 V              ; -0.0384 V           ; 0.169 V                              ; 0.089 V                              ; 2.7e-10 s                   ; 2.62e-10 s                  ; Yes                        ; Yes                        ; 2.62 V                      ; 2.74e-08 V                  ; 2.73 V             ; -0.0384 V          ; 0.169 V                             ; 0.089 V                             ; 2.7e-10 s                  ; 2.62e-10 s                 ; Yes                       ; Yes                       ;
; vga_rgb[8]    ; 2.5 V        ; 0 s                 ; 0 s                 ; 2.62 V                       ; 4.05e-08 V                   ; 2.72 V              ; -0.0349 V           ; 0.173 V                              ; 0.1 V                                ; 2.72e-10 s                  ; 2.69e-10 s                  ; Yes                        ; Yes                        ; 2.62 V                      ; 4.05e-08 V                  ; 2.72 V             ; -0.0349 V          ; 0.173 V                             ; 0.1 V                               ; 2.72e-10 s                 ; 2.69e-10 s                 ; Yes                       ; Yes                       ;
; vga_rgb[9]    ; 2.5 V        ; 0 s                 ; 0 s                 ; 2.62 V                       ; 4.05e-08 V                   ; 2.72 V              ; -0.0349 V           ; 0.173 V                              ; 0.1 V                                ; 2.72e-10 s                  ; 2.69e-10 s                  ; Yes                        ; Yes                        ; 2.62 V                      ; 4.05e-08 V                  ; 2.72 V             ; -0.0349 V          ; 0.173 V                             ; 0.1 V                               ; 2.72e-10 s                 ; 2.69e-10 s                 ; Yes                       ; Yes                       ;
; vga_rgb[10]   ; 2.5 V        ; 0 s                 ; 0 s                 ; 2.62 V                       ; 4.05e-08 V                   ; 2.72 V              ; -0.0349 V           ; 0.173 V                              ; 0.1 V                                ; 2.72e-10 s                  ; 2.69e-10 s                  ; Yes                        ; Yes                        ; 2.62 V                      ; 4.05e-08 V                  ; 2.72 V             ; -0.0349 V          ; 0.173 V                             ; 0.1 V                               ; 2.72e-10 s                 ; 2.69e-10 s                 ; Yes                       ; Yes                       ;
; vga_rgb[11]   ; 2.5 V        ; 0 s                 ; 0 s                 ; 2.62 V                       ; 4.05e-08 V                   ; 2.72 V              ; -0.0349 V           ; 0.173 V                              ; 0.1 V                                ; 2.72e-10 s                  ; 2.69e-10 s                  ; Yes                        ; Yes                        ; 2.62 V                      ; 4.05e-08 V                  ; 2.72 V             ; -0.0349 V          ; 0.173 V                             ; 0.1 V                               ; 2.72e-10 s                 ; 2.69e-10 s                 ; Yes                       ; Yes                       ;
; vga_rgb[12]   ; 2.5 V        ; 0 s                 ; 0 s                 ; 2.62 V                       ; 4.05e-08 V                   ; 2.72 V              ; -0.0349 V           ; 0.173 V                              ; 0.1 V                                ; 2.72e-10 s                  ; 2.69e-10 s                  ; Yes                        ; Yes                        ; 2.62 V                      ; 4.05e-08 V                  ; 2.72 V             ; -0.0349 V          ; 0.173 V                             ; 0.1 V                               ; 2.72e-10 s                 ; 2.69e-10 s                 ; Yes                       ; Yes                       ;
; vga_rgb[13]   ; 2.5 V        ; 0 s                 ; 0 s                 ; 2.62 V                       ; 4.05e-08 V                   ; 2.72 V              ; -0.0349 V           ; 0.173 V                              ; 0.1 V                                ; 2.72e-10 s                  ; 2.69e-10 s                  ; Yes                        ; Yes                        ; 2.62 V                      ; 4.05e-08 V                  ; 2.72 V             ; -0.0349 V          ; 0.173 V                             ; 0.1 V                               ; 2.72e-10 s                 ; 2.69e-10 s                 ; Yes                       ; Yes                       ;
; vga_rgb[14]   ; 2.5 V        ; 0 s                 ; 0 s                 ; 2.62 V                       ; 4.05e-08 V                   ; 2.72 V              ; -0.0349 V           ; 0.173 V                              ; 0.1 V                                ; 2.72e-10 s                  ; 2.69e-10 s                  ; Yes                        ; Yes                        ; 2.62 V                      ; 4.05e-08 V                  ; 2.72 V             ; -0.0349 V          ; 0.173 V                             ; 0.1 V                               ; 2.72e-10 s                 ; 2.69e-10 s                 ; Yes                       ; Yes                       ;
; vga_rgb[15]   ; 2.5 V        ; 0 s                 ; 0 s                 ; 2.62 V                       ; 2.74e-08 V                   ; 2.71 V              ; -0.0317 V           ; 0.148 V                              ; 0.064 V                              ; 4.51e-10 s                  ; 4.15e-10 s                  ; No                         ; Yes                        ; 2.62 V                      ; 2.74e-08 V                  ; 2.71 V             ; -0.0317 V          ; 0.148 V                             ; 0.064 V                             ; 4.51e-10 s                 ; 4.15e-10 s                 ; No                        ; Yes                       ;
; ~ALTERA_DCLK~ ; 2.5 V        ; 0 s                 ; 0 s                 ; 2.62 V                       ; 2.22e-08 V                   ; 2.74 V              ; -0.06 V             ; 0.158 V                              ; 0.08 V                               ; 2.68e-10 s                  ; 2.19e-10 s                  ; Yes                        ; Yes                        ; 2.62 V                      ; 2.22e-08 V                  ; 2.74 V             ; -0.06 V            ; 0.158 V                             ; 0.08 V                              ; 2.68e-10 s                 ; 2.19e-10 s                 ; Yes                       ; Yes                       ;
; ~ALTERA_nCEO~ ; 2.5 V        ; 0 s                 ; 0 s                 ; 2.62 V                       ; 3.54e-08 V                   ; 2.7 V               ; -0.00943 V          ; 0.276 V                              ; 0.035 V                              ; 3.19e-10 s                  ; 4.99e-10 s                  ; No                         ; Yes                        ; 2.62 V                      ; 3.54e-08 V                  ; 2.7 V              ; -0.00943 V         ; 0.276 V                             ; 0.035 V                             ; 3.19e-10 s                 ; 4.99e-10 s                 ; No                        ; Yes                       ;
+---------------+--------------+---------------------+---------------------+------------------------------+------------------------------+---------------------+---------------------+--------------------------------------+--------------------------------------+-----------------------------+-----------------------------+----------------------------+----------------------------+-----------------------------+-----------------------------+--------------------+--------------------+-------------------------------------+-------------------------------------+----------------------------+----------------------------+---------------------------+---------------------------+


+---------------------------------------------------------------------------------------------------------------------------------------------------------+
; Setup Transfers                                                                                                                                         ;
+------------------------------------------------------+------------------------------------------------------+----------+----------+----------+----------+
; From Clock                                           ; To Clock                                             ; RR Paths ; FR Paths ; RF Paths ; FF Paths ;
+------------------------------------------------------+------------------------------------------------------+----------+----------+----------+----------+
; pll_inst|altpll_component|auto_generated|pll1|clk[0] ; pll_inst|altpll_component|auto_generated|pll1|clk[0] ; 544      ; 0        ; 0        ; 0        ;
+------------------------------------------------------+------------------------------------------------------+----------+----------+----------+----------+
Entries labeled "false path" only account for clock-to-clock false paths and not path-based false paths. As a result, actual path counts may be lower than reported.


+---------------------------------------------------------------------------------------------------------------------------------------------------------+
; Hold Transfers                                                                                                                                          ;
+------------------------------------------------------+------------------------------------------------------+----------+----------+----------+----------+
; From Clock                                           ; To Clock                                             ; RR Paths ; FR Paths ; RF Paths ; FF Paths ;
+------------------------------------------------------+------------------------------------------------------+----------+----------+----------+----------+
; pll_inst|altpll_component|auto_generated|pll1|clk[0] ; pll_inst|altpll_component|auto_generated|pll1|clk[0] ; 544      ; 0        ; 0        ; 0        ;
+------------------------------------------------------+------------------------------------------------------+----------+----------+----------+----------+
Entries labeled "false path" only account for clock-to-clock false paths and not path-based false paths. As a result, actual path counts may be lower than reported.


---------------
; Report TCCS ;
---------------
No dedicated SERDES Transmitter circuitry present in device or used in design


---------------
; Report RSKM ;
---------------
No dedicated SERDES Receiver circuitry present in device or used in design


+------------------------------------------------+
; Unconstrained Paths                            ;
+---------------------------------+-------+------+
; Property                        ; Setup ; Hold ;
+---------------------------------+-------+------+
; Illegal Clocks                  ; 0     ; 0    ;
; Unconstrained Clocks            ; 0     ; 0    ;
; Unconstrained Input Ports       ; 1     ; 1    ;
; Unconstrained Input Port Paths  ; 22    ; 22   ;
; Unconstrained Output Ports      ; 3     ; 3    ;
; Unconstrained Output Port Paths ; 37    ; 37   ;
+---------------------------------+-------+------+


+------------------------------------+
; TimeQuest Timing Analyzer Messages ;
+------------------------------------+
Info: *******************************************************************
Info: Running Quartus II 64-Bit TimeQuest Timing Analyzer
    Info: Version 13.0.1 Build 232 06/12/2013 Service Pack 1 SJ Full Version
    Info: Processing started: Sat Mar 08 14:27:15 2025
Info: Command: quartus_sta VGA -c VGA
Info: qsta_default_script.tcl version: #1
Info (11104): Parallel Compilation has detected 22 hyper-threaded processors. However, the extra hyper-threaded processors will not be used by default. Parallel Compilation will use 16 of the 16 physical processors detected instead.
Info (21077): Core supply voltage is 1.2V
Info (21077): Low junction temperature is 0 degrees C
Info (21077): High junction temperature is 85 degrees C
Critical Warning (332012): Synopsys Design Constraints File file not found: 'VGA.sdc'. A Synopsys Design Constraints File is required by the TimeQuest Timing Analyzer to get proper timing constraints. Without it, the Compiler will not properly optimize the design.
Info (332142): No user constrained generated clocks found in the design. Calling "derive_pll_clocks -create_base_clocks"
Info (332110): Deriving PLL clocks
    Info (332110): create_clock -period 20.000 -waveform {0.000 10.000} -name system_clock system_clock
    Info (332110): create_generated_clock -source {pll_inst|altpll_component|auto_generated|pll1|inclk[0]} -divide_by 2 -duty_cycle 50.00 -name {pll_inst|altpll_component|auto_generated|pll1|clk[0]} {pll_inst|altpll_component|auto_generated|pll1|clk[0]}
Info (332142): No user constrained base clocks found in the design. Calling "derive_clocks -period 1.0"
Info (332096): The command derive_clocks did not find any clocks to derive.  No clocks were created or changed.
Info (332143): No user constrained clock uncertainty found in the design. Calling "derive_clock_uncertainty"
Info (332123): Deriving Clock Uncertainty. Please refer to report_sdc in TimeQuest to see clock uncertainties.
Info: Found TIMEQUEST_REPORT_SCRIPT_INCLUDE_DEFAULT_ANALYSIS = ON
Info: Analyzing Slow 1200mV 85C Model
Info (332146): Worst-case setup slack is 33.465
    Info (332119):     Slack End Point TNS Clock 
    Info (332119): ========= ============= =====================
    Info (332119):    33.465         0.000 pll_inst|altpll_component|auto_generated|pll1|clk[0] 
Info (332146): Worst-case hold slack is 0.453
    Info (332119):     Slack End Point TNS Clock 
    Info (332119): ========= ============= =====================
    Info (332119):     0.453         0.000 pll_inst|altpll_component|auto_generated|pll1|clk[0] 
Info (332140): No Recovery paths to report
Info (332140): No Removal paths to report
Info (332146): Worst-case minimum pulse width slack is 9.934
    Info (332119):     Slack End Point TNS Clock 
    Info (332119): ========= ============= =====================
    Info (332119):     9.934         0.000 system_clock 
    Info (332119):    19.718         0.000 pll_inst|altpll_component|auto_generated|pll1|clk[0] 
Info: Analyzing Slow 1200mV 0C Model
Info (334003): Started post-fitting delay annotation
Info (334004): Delay annotation completed successfully
Info (332123): Deriving Clock Uncertainty. Please refer to report_sdc in TimeQuest to see clock uncertainties.
Info (332146): Worst-case setup slack is 33.946
    Info (332119):     Slack End Point TNS Clock 
    Info (332119): ========= ============= =====================
    Info (332119):    33.946         0.000 pll_inst|altpll_component|auto_generated|pll1|clk[0] 
Info (332146): Worst-case hold slack is 0.402
    Info (332119):     Slack End Point TNS Clock 
    Info (332119): ========= ============= =====================
    Info (332119):     0.402         0.000 pll_inst|altpll_component|auto_generated|pll1|clk[0] 
Info (332140): No Recovery paths to report
Info (332140): No Removal paths to report
Info (332146): Worst-case minimum pulse width slack is 9.943
    Info (332119):     Slack End Point TNS Clock 
    Info (332119): ========= ============= =====================
    Info (332119):     9.943         0.000 system_clock 
    Info (332119):    19.718         0.000 pll_inst|altpll_component|auto_generated|pll1|clk[0] 
Info: Analyzing Fast 1200mV 0C Model
Info (332123): Deriving Clock Uncertainty. Please refer to report_sdc in TimeQuest to see clock uncertainties.
Info (332146): Worst-case setup slack is 37.124
    Info (332119):     Slack End Point TNS Clock 
    Info (332119): ========= ============= =====================
    Info (332119):    37.124         0.000 pll_inst|altpll_component|auto_generated|pll1|clk[0] 
Info (332146): Worst-case hold slack is 0.186
    Info (332119):     Slack End Point TNS Clock 
    Info (332119): ========= ============= =====================
    Info (332119):     0.186         0.000 pll_inst|altpll_component|auto_generated|pll1|clk[0] 
Info (332140): No Recovery paths to report
Info (332140): No Removal paths to report
Info (332146): Worst-case minimum pulse width slack is 9.594
    Info (332119):     Slack End Point TNS Clock 
    Info (332119): ========= ============= =====================
    Info (332119):     9.594         0.000 system_clock 
    Info (332119):    19.796         0.000 pll_inst|altpll_component|auto_generated|pll1|clk[0] 
Info (332102): Design is not fully constrained for setup requirements
Info (332102): Design is not fully constrained for hold requirements
Info: Quartus II 64-Bit TimeQuest Timing Analyzer was successful. 0 errors, 1 warning
    Info: Peak virtual memory: 4729 megabytes
    Info: Processing ended: Sat Mar 08 14:27:16 2025
    Info: Elapsed time: 00:00:01
    Info: Total CPU time (on all processors): 00:00:02


