Fitter report for FIFO
Mon Mar 03 15:10:39 2025
Quartus II 64-Bit Version 13.0.1 Build 232 06/12/2013 Service Pack 1 SJ Full Version


---------------------
; Table of Contents ;
---------------------
  1. Legal Notice
  2. Fitter Summary
  3. Fitter Settings
  4. Parallel Compilation
  5. I/O Assignment Warnings
  6. Incremental Compilation Preservation Summary
  7. Incremental Compilation Partition Settings
  8. Incremental Compilation Placement Preservation
  9. Pin-Out File
 10. Fitter Resource Usage Summary
 11. Fitter Partition Statistics
 12. Input Pins
 13. Output Pins
 14. Dual Purpose and Dedicated Pins
 15. I/O Bank Usage
 16. All Package Pins
 17. Fitter Resource Utilization by Entity
 18. Delay Chain Summary
 19. Pad To Core Delay Chain Fanout
 20. Control Signals
 21. Global & Other Fast Signals
 22. Non-Global High Fan-Out Signals
 23. Fitter RAM Summary
 24. Other Routing Usage Summary
 25. LAB Logic Elements
 26. LAB-wide Signals
 27. LAB Signals Sourced
 28. LAB Signals Sourced Out
 29. LAB Distinct Inputs
 30. I/O Rules Summary
 31. I/O Rules Details
 32. I/O Rules Matrix
 33. Fitter Device Options
 34. Operating Settings and Conditions
 35. Estimated Delay Added for Hold Timing Summary
 36. Estimated Delay Added for Hold Timing Details
 37. Fitter Messages
 38. Fitter Suppressed Messages



----------------
; Legal Notice ;
----------------
Copyright (C) 1991-2013 Altera Corporation
Your use of Altera Corporation's design tools, logic functions 
and other software and tools, and its AMPP partner logic 
functions, and any output files from any of the foregoing 
(including device programming or simulation files), and any 
associated documentation or information are expressly subject 
to the terms and conditions of the Altera Program License 
Subscription Agreement, Altera MegaCore Function License 
Agreement, or other applicable license agreement, including, 
without limitation, that your use is for the sole purpose of 
programming logic devices manufactured by Altera and sold by 
Altera or its authorized distributors.  Please refer to the 
applicable agreement for further details.



+---------------------------------------------------------------------------------------+
; Fitter Summary                                                                        ;
+------------------------------------+--------------------------------------------------+
; Fitter Status                      ; Successful - Mon Mar 03 15:10:39 2025            ;
; Quartus II 64-Bit Version          ; 13.0.1 Build 232 06/12/2013 SP 1 SJ Full Version ;
; Revision Name                      ; FIFO                                             ;
; Top-level Entity Name              ; FIFO_as                                          ;
; Family                             ; Cyclone IV E                                     ;
; Device                             ; EP4CE10F17C8                                     ;
; Timing Models                      ; Final                                            ;
; Total logic elements               ; 137 / 10,320 ( 1 % )                             ;
;     Total combinational functions  ; 99 / 10,320 ( < 1 % )                            ;
;     Dedicated logic registers      ; 111 / 10,320 ( 1 % )                             ;
; Total registers                    ; 111                                              ;
; Total pins                         ; 49 / 180 ( 27 % )                                ;
; Total virtual pins                 ; 0                                                ;
; Total memory bits                  ; 2,048 / 423,936 ( < 1 % )                        ;
; Embedded Multiplier 9-bit elements ; 0 / 46 ( 0 % )                                   ;
; Total PLLs                         ; 0 / 2 ( 0 % )                                    ;
+------------------------------------+--------------------------------------------------+


+------------------------------------------------------------------------------------------------------------------------------------------------------------+
; Fitter Settings                                                                                                                                            ;
+----------------------------------------------------------------------------+---------------------------------------+---------------------------------------+
; Option                                                                     ; Setting                               ; Default Value                         ;
+----------------------------------------------------------------------------+---------------------------------------+---------------------------------------+
; Device                                                                     ; EP4CE10F17C8                          ;                                       ;
; Nominal Core Supply Voltage                                                ; 1.2V                                  ;                                       ;
; Minimum Core Junction Temperature                                          ; 0                                     ;                                       ;
; Maximum Core Junction Temperature                                          ; 85                                    ;                                       ;
; Fit Attempts to Skip                                                       ; 0                                     ; 0.0                                   ;
; Use smart compilation                                                      ; Off                                   ; Off                                   ;
; Enable parallel Assembler and TimeQuest Timing Analyzer during compilation ; On                                    ; On                                    ;
; Enable compact report table                                                ; Off                                   ; Off                                   ;
; Auto Merge PLLs                                                            ; On                                    ; On                                    ;
; Router Timing Optimization Level                                           ; Normal                                ; Normal                                ;
; Perform Clocking Topology Analysis During Routing                          ; Off                                   ; Off                                   ;
; Placement Effort Multiplier                                                ; 1.0                                   ; 1.0                                   ;
; Router Effort Multiplier                                                   ; 1.0                                   ; 1.0                                   ;
; Optimize Hold Timing                                                       ; All Paths                             ; All Paths                             ;
; Optimize Multi-Corner Timing                                               ; On                                    ; On                                    ;
; PowerPlay Power Optimization                                               ; Normal compilation                    ; Normal compilation                    ;
; SSN Optimization                                                           ; Off                                   ; Off                                   ;
; Optimize Timing                                                            ; Normal compilation                    ; Normal compilation                    ;
; Optimize Timing for ECOs                                                   ; Off                                   ; Off                                   ;
; Regenerate full fit report during ECO compiles                             ; Off                                   ; Off                                   ;
; Optimize IOC Register Placement for Timing                                 ; Normal                                ; Normal                                ;
; Limit to One Fitting Attempt                                               ; Off                                   ; Off                                   ;
; Final Placement Optimizations                                              ; Automatically                         ; Automatically                         ;
; Fitter Aggressive Routability Optimizations                                ; Automatically                         ; Automatically                         ;
; Fitter Initial Placement Seed                                              ; 1                                     ; 1                                     ;
; PCI I/O                                                                    ; Off                                   ; Off                                   ;
; Weak Pull-Up Resistor                                                      ; Off                                   ; Off                                   ;
; Enable Bus-Hold Circuitry                                                  ; Off                                   ; Off                                   ;
; Auto Packed Registers                                                      ; Auto                                  ; Auto                                  ;
; Auto Delay Chains                                                          ; On                                    ; On                                    ;
; Auto Delay Chains for High Fanout Input Pins                               ; Off                                   ; Off                                   ;
; Allow Single-ended Buffer for Differential-XSTL Input                      ; Off                                   ; Off                                   ;
; Treat Bidirectional Pin as Output Pin                                      ; Off                                   ; Off                                   ;
; Perform Physical Synthesis for Combinational Logic for Fitting             ; Off                                   ; Off                                   ;
; Perform Physical Synthesis for Combinational Logic for Performance         ; Off                                   ; Off                                   ;
; Perform Register Duplication for Performance                               ; Off                                   ; Off                                   ;
; Perform Logic to Memory Mapping for Fitting                                ; Off                                   ; Off                                   ;
; Perform Register Retiming for Performance                                  ; Off                                   ; Off                                   ;
; Perform Asynchronous Signal Pipelining                                     ; Off                                   ; Off                                   ;
; Fitter Effort                                                              ; Auto Fit                              ; Auto Fit                              ;
; Physical Synthesis Effort Level                                            ; Normal                                ; Normal                                ;
; Logic Cell Insertion - Logic Duplication                                   ; Auto                                  ; Auto                                  ;
; Auto Register Duplication                                                  ; Auto                                  ; Auto                                  ;
; Auto Global Clock                                                          ; On                                    ; On                                    ;
; Auto Global Register Control Signals                                       ; On                                    ; On                                    ;
; Reserve all unused pins                                                    ; As input tri-stated with weak pull-up ; As input tri-stated with weak pull-up ;
; Synchronizer Identification                                                ; Off                                   ; Off                                   ;
; Enable Beneficial Skew Optimization                                        ; On                                    ; On                                    ;
; Optimize Design for Metastability                                          ; On                                    ; On                                    ;
; Force Fitter to Avoid Periphery Placement Warnings                         ; Off                                   ; Off                                   ;
; Enable input tri-state on active configuration pins in user mode           ; Off                                   ; Off                                   ;
+----------------------------------------------------------------------------+---------------------------------------+---------------------------------------+


+------------------------------------------+
; Parallel Compilation                     ;
+----------------------------+-------------+
; Processors                 ; Number      ;
+----------------------------+-------------+
; Number detected on machine ; 22          ;
; Maximum allowed            ; 16          ;
;                            ;             ;
; Average used               ; 1.00        ;
; Maximum used               ; 16          ;
;                            ;             ;
; Usage by Processor         ; % Time Used ;
;     Processor 1            ; 100.0%      ;
;     Processors 2-16        ; < 0.1%      ;
;     Processors 17-22       ;   0.0%      ;
+----------------------------+-------------+


+------------------------------------------------+
; I/O Assignment Warnings                        ;
+----------------+-------------------------------+
; Pin Name       ; Reason                        ;
+----------------+-------------------------------+
; read_data[0]   ; Incomplete set of assignments ;
; read_data[1]   ; Incomplete set of assignments ;
; read_data[2]   ; Incomplete set of assignments ;
; read_data[3]   ; Incomplete set of assignments ;
; read_data[4]   ; Incomplete set of assignments ;
; read_data[5]   ; Incomplete set of assignments ;
; read_data[6]   ; Incomplete set of assignments ;
; read_data[7]   ; Incomplete set of assignments ;
; read_data[8]   ; Incomplete set of assignments ;
; read_data[9]   ; Incomplete set of assignments ;
; read_data[10]  ; Incomplete set of assignments ;
; read_data[11]  ; Incomplete set of assignments ;
; read_data[12]  ; Incomplete set of assignments ;
; read_data[13]  ; Incomplete set of assignments ;
; read_data[14]  ; Incomplete set of assignments ;
; read_data[15]  ; Incomplete set of assignments ;
; write_empty    ; Incomplete set of assignments ;
; write_full     ; Incomplete set of assignments ;
; write_usedw[0] ; Incomplete set of assignments ;
; write_usedw[1] ; Incomplete set of assignments ;
; write_usedw[2] ; Incomplete set of assignments ;
; write_usedw[3] ; Incomplete set of assignments ;
; write_usedw[4] ; Incomplete set of assignments ;
; write_usedw[5] ; Incomplete set of assignments ;
; write_usedw[6] ; Incomplete set of assignments ;
; write_usedw[7] ; Incomplete set of assignments ;
; write_usedw[8] ; Incomplete set of assignments ;
; read_empty     ; Incomplete set of assignments ;
; read_full      ; Incomplete set of assignments ;
; read_usedw[0]  ; Incomplete set of assignments ;
; read_usedw[1]  ; Incomplete set of assignments ;
; read_usedw[2]  ; Incomplete set of assignments ;
; read_usedw[3]  ; Incomplete set of assignments ;
; read_usedw[4]  ; Incomplete set of assignments ;
; read_usedw[5]  ; Incomplete set of assignments ;
; read_usedw[6]  ; Incomplete set of assignments ;
; read_usedw[7]  ; Incomplete set of assignments ;
; write_request  ; Incomplete set of assignments ;
; read_request   ; Incomplete set of assignments ;
; write_clock    ; Incomplete set of assignments ;
; read_clock     ; Incomplete set of assignments ;
; write_data[0]  ; Incomplete set of assignments ;
; write_data[1]  ; Incomplete set of assignments ;
; write_data[2]  ; Incomplete set of assignments ;
; write_data[3]  ; Incomplete set of assignments ;
; write_data[4]  ; Incomplete set of assignments ;
; write_data[5]  ; Incomplete set of assignments ;
; write_data[6]  ; Incomplete set of assignments ;
; write_data[7]  ; Incomplete set of assignments ;
+----------------+-------------------------------+


+----------------------------------------------+
; Incremental Compilation Preservation Summary ;
+---------------------+------------------------+
; Type                ; Value                  ;
+---------------------+------------------------+
; Placement (by node) ;                        ;
;     -- Requested    ; 0 / 328 ( 0.00 % )     ;
;     -- Achieved     ; 0 / 328 ( 0.00 % )     ;
;                     ;                        ;
; Routing (by net)    ;                        ;
;     -- Requested    ; 0 / 0 ( 0.00 % )       ;
;     -- Achieved     ; 0 / 0 ( 0.00 % )       ;
+---------------------+------------------------+


+----------------------------------------------------------------------------------------------------------------------------------------------------------------------------------------+
; Incremental Compilation Partition Settings                                                                                                                                             ;
+--------------------------------+----------------+-------------------+-------------------------+------------------------+------------------------------+--------------------------------+
; Partition Name                 ; Partition Type ; Netlist Type Used ; Preservation Level Used ; Netlist Type Requested ; Preservation Level Requested ; Contents                       ;
+--------------------------------+----------------+-------------------+-------------------------+------------------------+------------------------------+--------------------------------+
; Top                            ; User-created   ; Source File       ; N/A                     ; Source File            ; N/A                          ;                                ;
; hard_block:auto_generated_inst ; Auto-generated ; Source File       ; N/A                     ; Source File            ; N/A                          ; hard_block:auto_generated_inst ;
+--------------------------------+----------------+-------------------+-------------------------+------------------------+------------------------------+--------------------------------+


+------------------------------------------------------------------------------------------------------------+
; Incremental Compilation Placement Preservation                                                             ;
+--------------------------------+---------+-------------------+-------------------------+-------------------+
; Partition Name                 ; # Nodes ; # Preserved Nodes ; Preservation Level Used ; Netlist Type Used ;
+--------------------------------+---------+-------------------+-------------------------+-------------------+
; Top                            ; 318     ; 0                 ; N/A                     ; Source File       ;
; hard_block:auto_generated_inst ; 10      ; 0                 ; N/A                     ; Source File       ;
+--------------------------------+---------+-------------------+-------------------------+-------------------+


+--------------+
; Pin-Out File ;
+--------------+
The pin-out file can be found in D:/TylerHong/Development/Learn/Learning-FPGA/20250302-IP-FIFO-First-In-First-Out/Quartus Project/output_files/FIFO.pin.


+-------------------------------------------------------------------------+
; Fitter Resource Usage Summary                                           ;
+---------------------------------------------+---------------------------+
; Resource                                    ; Usage                     ;
+---------------------------------------------+---------------------------+
; Total logic elements                        ; 137 / 10,320 ( 1 % )      ;
;     -- Combinational with no register       ; 26                        ;
;     -- Register only                        ; 38                        ;
;     -- Combinational with a register        ; 73                        ;
;                                             ;                           ;
; Logic element usage by number of LUT inputs ;                           ;
;     -- 4 input functions                    ; 39                        ;
;     -- 3 input functions                    ; 27                        ;
;     -- <=2 input functions                  ; 33                        ;
;     -- Register only                        ; 38                        ;
;                                             ;                           ;
; Logic elements by mode                      ;                           ;
;     -- normal mode                          ; 86                        ;
;     -- arithmetic mode                      ; 13                        ;
;                                             ;                           ;
; Total registers*                            ; 111 / 11,172 ( < 1 % )    ;
;     -- Dedicated logic registers            ; 111 / 10,320 ( 1 % )      ;
;     -- I/O registers                        ; 0 / 852 ( 0 % )           ;
;                                             ;                           ;
; Total LABs:  partially or completely used   ; 14 / 645 ( 2 % )          ;
; Virtual pins                                ; 0                         ;
; I/O pins                                    ; 49 / 180 ( 27 % )         ;
;     -- Clock pins                           ; 2 / 3 ( 67 % )            ;
;     -- Dedicated input pins                 ; 0 / 9 ( 0 % )             ;
;                                             ;                           ;
; Global signals                              ; 2                         ;
; M9Ks                                        ; 1 / 46 ( 2 % )            ;
; Total block memory bits                     ; 2,048 / 423,936 ( < 1 % ) ;
; Total block memory implementation bits      ; 9,216 / 423,936 ( 2 % )   ;
; Embedded Multiplier 9-bit elements          ; 0 / 46 ( 0 % )            ;
; PLLs                                        ; 0 / 2 ( 0 % )             ;
; Global clocks                               ; 2 / 10 ( 20 % )           ;
; JTAGs                                       ; 0 / 1 ( 0 % )             ;
; CRC blocks                                  ; 0 / 1 ( 0 % )             ;
; ASMI blocks                                 ; 0 / 1 ( 0 % )             ;
; Impedance control blocks                    ; 0 / 4 ( 0 % )             ;
; Average interconnect usage (total/H/V)      ; 0% / 0% / 0%              ;
; Peak interconnect usage (total/H/V)         ; 2% / 2% / 1%              ;
; Maximum fan-out                             ; 62                        ;
; Highest non-global fan-out                  ; 15                        ;
; Total fan-out                               ; 697                       ;
; Average fan-out                             ; 1.96                      ;
+---------------------------------------------+---------------------------+
*  Register count does not include registers inside RAM blocks or DSP blocks.



+----------------------------------------------------------------------------------------------------+
; Fitter Partition Statistics                                                                        ;
+---------------------------------------------+---------------------+--------------------------------+
; Statistic                                   ; Top                 ; hard_block:auto_generated_inst ;
+---------------------------------------------+---------------------+--------------------------------+
; Difficulty Clustering Region                ; Low                 ; Low                            ;
;                                             ;                     ;                                ;
; Total logic elements                        ; 137 / 10320 ( 1 % ) ; 0 / 10320 ( 0 % )              ;
;     -- Combinational with no register       ; 26                  ; 0                              ;
;     -- Register only                        ; 38                  ; 0                              ;
;     -- Combinational with a register        ; 73                  ; 0                              ;
;                                             ;                     ;                                ;
; Logic element usage by number of LUT inputs ;                     ;                                ;
;     -- 4 input functions                    ; 39                  ; 0                              ;
;     -- 3 input functions                    ; 27                  ; 0                              ;
;     -- <=2 input functions                  ; 33                  ; 0                              ;
;     -- Register only                        ; 38                  ; 0                              ;
;                                             ;                     ;                                ;
; Logic elements by mode                      ;                     ;                                ;
;     -- normal mode                          ; 86                  ; 0                              ;
;     -- arithmetic mode                      ; 13                  ; 0                              ;
;                                             ;                     ;                                ;
; Total registers                             ; 111                 ; 0                              ;
;     -- Dedicated logic registers            ; 111 / 10320 ( 1 % ) ; 0 / 10320 ( 0 % )              ;
;                                             ;                     ;                                ;
; Total LABs:  partially or completely used   ; 14 / 645 ( 2 % )    ; 0 / 645 ( 0 % )                ;
;                                             ;                     ;                                ;
; Virtual pins                                ; 0                   ; 0                              ;
; I/O pins                                    ; 49                  ; 0                              ;
; Embedded Multiplier 9-bit elements          ; 0 / 46 ( 0 % )      ; 0 / 46 ( 0 % )                 ;
; Total memory bits                           ; 2048                ; 0                              ;
; Total RAM block bits                        ; 9216                ; 0                              ;
; M9K                                         ; 1 / 46 ( 2 % )      ; 0 / 46 ( 0 % )                 ;
; Clock control block                         ; 2 / 12 ( 16 % )     ; 0 / 12 ( 0 % )                 ;
;                                             ;                     ;                                ;
; Connections                                 ;                     ;                                ;
;     -- Input Connections                    ; 0                   ; 0                              ;
;     -- Registered Input Connections         ; 0                   ; 0                              ;
;     -- Output Connections                   ; 0                   ; 0                              ;
;     -- Registered Output Connections        ; 0                   ; 0                              ;
;                                             ;                     ;                                ;
; Internal Connections                        ;                     ;                                ;
;     -- Total Connections                    ; 695                 ; 5                              ;
;     -- Registered Connections               ; 300                 ; 0                              ;
;                                             ;                     ;                                ;
; External Connections                        ;                     ;                                ;
;     -- Top                                  ; 0                   ; 0                              ;
;     -- hard_block:auto_generated_inst       ; 0                   ; 0                              ;
;                                             ;                     ;                                ;
; Partition Interface                         ;                     ;                                ;
;     -- Input Ports                          ; 12                  ; 0                              ;
;     -- Output Ports                         ; 37                  ; 0                              ;
;     -- Bidir Ports                          ; 0                   ; 0                              ;
;                                             ;                     ;                                ;
; Registered Ports                            ;                     ;                                ;
;     -- Registered Input Ports               ; 0                   ; 0                              ;
;     -- Registered Output Ports              ; 0                   ; 0                              ;
;                                             ;                     ;                                ;
; Port Connectivity                           ;                     ;                                ;
;     -- Input Ports driven by GND            ; 0                   ; 0                              ;
;     -- Output Ports driven by GND           ; 0                   ; 0                              ;
;     -- Input Ports driven by VCC            ; 0                   ; 0                              ;
;     -- Output Ports driven by VCC           ; 0                   ; 0                              ;
;     -- Input Ports with no Source           ; 0                   ; 0                              ;
;     -- Output Ports with no Source          ; 0                   ; 0                              ;
;     -- Input Ports with no Fanout           ; 0                   ; 0                              ;
;     -- Output Ports with no Fanout          ; 0                   ; 0                              ;
+---------------------------------------------+---------------------+--------------------------------+


+------------------------------------------------------------------------------------------------------------------------------------------------------------------------------------------------------------------------------------------------------------------------------------+
; Input Pins                                                                                                                                                                                                                                                                         ;
+---------------+-------+----------+--------------+--------------+--------------+-----------------------+--------------------+--------+----------------+---------------+-----------------+----------+--------------+--------------+---------------------------+----------------------+
; Name          ; Pin # ; I/O Bank ; X coordinate ; Y coordinate ; Z coordinate ; Combinational Fan-Out ; Registered Fan-Out ; Global ; Input Register ; Power Up High ; PCI I/O Enabled ; Bus Hold ; Weak Pull Up ; I/O Standard ; Termination Control Block ; Location assigned by ;
+---------------+-------+----------+--------------+--------------+--------------+-----------------------+--------------------+--------+----------------+---------------+-----------------+----------+--------------+--------------+---------------------------+----------------------+
; read_clock    ; M2    ; 2        ; 0            ; 11           ; 14           ; 51                    ; 0                  ; yes    ; no             ; no            ; yes             ; no       ; Off          ; 2.5 V        ; --                        ; Fitter               ;
; read_request  ; A8    ; 8        ; 16           ; 24           ; 14           ; 2                     ; 0                  ; no     ; no             ; no            ; yes             ; no       ; Off          ; 2.5 V        ; --                        ; Fitter               ;
; write_clock   ; E1    ; 1        ; 0            ; 11           ; 7            ; 62                    ; 0                  ; yes    ; no             ; no            ; yes             ; no       ; Off          ; 2.5 V        ; --                        ; Fitter               ;
; write_data[0] ; A4    ; 8        ; 5            ; 24           ; 14           ; 1                     ; 0                  ; no     ; no             ; no            ; yes             ; no       ; Off          ; 2.5 V        ; --                        ; Fitter               ;
; write_data[1] ; A14   ; 7        ; 28           ; 24           ; 0            ; 1                     ; 0                  ; no     ; no             ; no            ; yes             ; no       ; Off          ; 2.5 V        ; --                        ; Fitter               ;
; write_data[2] ; B8    ; 8        ; 16           ; 24           ; 21           ; 1                     ; 0                  ; no     ; no             ; no            ; yes             ; no       ; Off          ; 2.5 V        ; --                        ; Fitter               ;
; write_data[3] ; C11   ; 7        ; 23           ; 24           ; 0            ; 1                     ; 0                  ; no     ; no             ; no            ; yes             ; no       ; Off          ; 2.5 V        ; --                        ; Fitter               ;
; write_data[4] ; B9    ; 7        ; 16           ; 24           ; 7            ; 1                     ; 0                  ; no     ; no             ; no            ; yes             ; no       ; Off          ; 2.5 V        ; --                        ; Fitter               ;
; write_data[5] ; E8    ; 8        ; 13           ; 24           ; 14           ; 1                     ; 0                  ; no     ; no             ; no            ; yes             ; no       ; Off          ; 2.5 V        ; --                        ; Fitter               ;
; write_data[6] ; A9    ; 7        ; 16           ; 24           ; 0            ; 1                     ; 0                  ; no     ; no             ; no            ; yes             ; no       ; Off          ; 2.5 V        ; --                        ; Fitter               ;
; write_data[7] ; F10   ; 7        ; 23           ; 24           ; 7            ; 1                     ; 0                  ; no     ; no             ; no            ; yes             ; no       ; Off          ; 2.5 V        ; --                        ; Fitter               ;
; write_request ; B14   ; 7        ; 28           ; 24           ; 7            ; 3                     ; 0                  ; no     ; no             ; no            ; yes             ; no       ; Off          ; 2.5 V        ; --                        ; Fitter               ;
+---------------+-------+----------+--------------+--------------+--------------+-----------------------+--------------------+--------+----------------+---------------+-----------------+----------+--------------+--------------+---------------------------+----------------------+


+-----------------------------------------------------------------------------------------------------------------------------------------------------------------------------------------------------------------------------------------------------------------------------------------------------------------------------------------------------------------------------------------------------------------------------------------------------------------+
; Output Pins                                                                                                                                                                                                                                                                                                                                                                                                                                                     ;
+----------------+-------+----------+--------------+--------------+--------------+-----------------+------------------------+---------------+-----------+-----------------+------------+---------------+----------+--------------+--------------+------------------+-----------------------------------+---------------------------+----------------------------+-----------------------------+----------------------+----------------------+---------------------+
; Name           ; Pin # ; I/O Bank ; X coordinate ; Y coordinate ; Z coordinate ; Output Register ; Output Enable Register ; Power Up High ; Slew Rate ; PCI I/O Enabled ; Open Drain ; TRI Primitive ; Bus Hold ; Weak Pull Up ; I/O Standard ; Current Strength ; Termination                       ; Termination Control Block ; Output Buffer Pre-emphasis ; Voltage Output Differential ; Location assigned by ; Output Enable Source ; Output Enable Group ;
+----------------+-------+----------+--------------+--------------+--------------+-----------------+------------------------+---------------+-----------+-----------------+------------+---------------+----------+--------------+--------------+------------------+-----------------------------------+---------------------------+----------------------------+-----------------------------+----------------------+----------------------+---------------------+
; read_data[0]   ; D8    ; 8        ; 13           ; 24           ; 7            ; no              ; no                     ; no            ; 2         ; no              ; no         ; no            ; no       ; Off          ; 2.5 V        ; Default          ; Series 50 Ohm without Calibration ; --                        ; no                         ; no                          ; Fitter               ; -                    ; -                   ;
; read_data[10]  ; A15   ; 7        ; 21           ; 24           ; 0            ; no              ; no                     ; no            ; 2         ; no              ; no         ; no            ; no       ; Off          ; 2.5 V        ; Default          ; Series 50 Ohm without Calibration ; --                        ; no                         ; no                          ; Fitter               ; -                    ; -                   ;
; read_data[11]  ; F9    ; 7        ; 23           ; 24           ; 14           ; no              ; no                     ; no            ; 2         ; no              ; no         ; no            ; no       ; Off          ; 2.5 V        ; Default          ; Series 50 Ohm without Calibration ; --                        ; no                         ; no                          ; Fitter               ; -                    ; -                   ;
; read_data[12]  ; E6    ; 8        ; 7            ; 24           ; 7            ; no              ; no                     ; no            ; 2         ; no              ; no         ; no            ; no       ; Off          ; 2.5 V        ; Default          ; Series 50 Ohm without Calibration ; --                        ; no                         ; no                          ; Fitter               ; -                    ; -                   ;
; read_data[13]  ; A12   ; 7        ; 25           ; 24           ; 0            ; no              ; no                     ; no            ; 2         ; no              ; no         ; no            ; no       ; Off          ; 2.5 V        ; Default          ; Series 50 Ohm without Calibration ; --                        ; no                         ; no                          ; Fitter               ; -                    ; -                   ;
; read_data[14]  ; N8    ; 3        ; 16           ; 0            ; 21           ; no              ; no                     ; no            ; 2         ; no              ; no         ; no            ; no       ; Off          ; 2.5 V        ; Default          ; Series 50 Ohm without Calibration ; --                        ; no                         ; no                          ; Fitter               ; -                    ; -                   ;
; read_data[15]  ; D12   ; 7        ; 30           ; 24           ; 0            ; no              ; no                     ; no            ; 2         ; no              ; no         ; no            ; no       ; Off          ; 2.5 V        ; Default          ; Series 50 Ohm without Calibration ; --                        ; no                         ; no                          ; Fitter               ; -                    ; -                   ;
; read_data[1]   ; F7    ; 8        ; 11           ; 24           ; 21           ; no              ; no                     ; no            ; 2         ; no              ; no         ; no            ; no       ; Off          ; 2.5 V        ; Default          ; Series 50 Ohm without Calibration ; --                        ; no                         ; no                          ; Fitter               ; -                    ; -                   ;
; read_data[2]   ; A10   ; 7        ; 21           ; 24           ; 7            ; no              ; no                     ; no            ; 2         ; no              ; no         ; no            ; no       ; Off          ; 2.5 V        ; Default          ; Series 50 Ohm without Calibration ; --                        ; no                         ; no                          ; Fitter               ; -                    ; -                   ;
; read_data[3]   ; B13   ; 7        ; 30           ; 24           ; 21           ; no              ; no                     ; no            ; 2         ; no              ; no         ; no            ; no       ; Off          ; 2.5 V        ; Default          ; Series 50 Ohm without Calibration ; --                        ; no                         ; no                          ; Fitter               ; -                    ; -                   ;
; read_data[4]   ; F11   ; 7        ; 23           ; 24           ; 21           ; no              ; no                     ; no            ; 2         ; no              ; no         ; no            ; no       ; Off          ; 2.5 V        ; Default          ; Series 50 Ohm without Calibration ; --                        ; no                         ; no                          ; Fitter               ; -                    ; -                   ;
; read_data[5]   ; F6    ; 8        ; 11           ; 24           ; 14           ; no              ; no                     ; no            ; 2         ; no              ; no         ; no            ; no       ; Off          ; 2.5 V        ; Default          ; Series 50 Ohm without Calibration ; --                        ; no                         ; no                          ; Fitter               ; -                    ; -                   ;
; read_data[6]   ; E10   ; 7        ; 28           ; 24           ; 21           ; no              ; no                     ; no            ; 2         ; no              ; no         ; no            ; no       ; Off          ; 2.5 V        ; Default          ; Series 50 Ohm without Calibration ; --                        ; no                         ; no                          ; Fitter               ; -                    ; -                   ;
; read_data[7]   ; T7    ; 3        ; 13           ; 0            ; 21           ; no              ; no                     ; no            ; 2         ; no              ; no         ; no            ; no       ; Off          ; 2.5 V        ; Default          ; Series 50 Ohm without Calibration ; --                        ; no                         ; no                          ; Fitter               ; -                    ; -                   ;
; read_data[8]   ; B12   ; 7        ; 25           ; 24           ; 7            ; no              ; no                     ; no            ; 2         ; no              ; no         ; no            ; no       ; Off          ; 2.5 V        ; Default          ; Series 50 Ohm without Calibration ; --                        ; no                         ; no                          ; Fitter               ; -                    ; -                   ;
; read_data[9]   ; R8    ; 3        ; 16           ; 0            ; 7            ; no              ; no                     ; no            ; 2         ; no              ; no         ; no            ; no       ; Off          ; 2.5 V        ; Default          ; Series 50 Ohm without Calibration ; --                        ; no                         ; no                          ; Fitter               ; -                    ; -                   ;
; read_empty     ; A7    ; 8        ; 11           ; 24           ; 0            ; no              ; no                     ; no            ; 2         ; no              ; no         ; no            ; no       ; Off          ; 2.5 V        ; Default          ; Series 50 Ohm without Calibration ; --                        ; no                         ; no                          ; Fitter               ; -                    ; -                   ;
; read_full      ; B6    ; 8        ; 9            ; 24           ; 21           ; no              ; no                     ; no            ; 2         ; no              ; no         ; no            ; no       ; Off          ; 2.5 V        ; Default          ; Series 50 Ohm without Calibration ; --                        ; no                         ; no                          ; Fitter               ; -                    ; -                   ;
; read_usedw[0]  ; M8    ; 3        ; 13           ; 0            ; 0            ; no              ; no                     ; no            ; 2         ; no              ; no         ; no            ; no       ; Off          ; 2.5 V        ; Default          ; Series 50 Ohm without Calibration ; --                        ; no                         ; no                          ; Fitter               ; -                    ; -                   ;
; read_usedw[1]  ; C9    ; 7        ; 18           ; 24           ; 7            ; no              ; no                     ; no            ; 2         ; no              ; no         ; no            ; no       ; Off          ; 2.5 V        ; Default          ; Series 50 Ohm without Calibration ; --                        ; no                         ; no                          ; Fitter               ; -                    ; -                   ;
; read_usedw[2]  ; E9    ; 7        ; 18           ; 24           ; 21           ; no              ; no                     ; no            ; 2         ; no              ; no         ; no            ; no       ; Off          ; 2.5 V        ; Default          ; Series 50 Ohm without Calibration ; --                        ; no                         ; no                          ; Fitter               ; -                    ; -                   ;
; read_usedw[3]  ; A11   ; 7        ; 25           ; 24           ; 14           ; no              ; no                     ; no            ; 2         ; no              ; no         ; no            ; no       ; Off          ; 2.5 V        ; Default          ; Series 50 Ohm without Calibration ; --                        ; no                         ; no                          ; Fitter               ; -                    ; -                   ;
; read_usedw[4]  ; C8    ; 8        ; 13           ; 24           ; 0            ; no              ; no                     ; no            ; 2         ; no              ; no         ; no            ; no       ; Off          ; 2.5 V        ; Default          ; Series 50 Ohm without Calibration ; --                        ; no                         ; no                          ; Fitter               ; -                    ; -                   ;
; read_usedw[5]  ; D9    ; 7        ; 18           ; 24           ; 14           ; no              ; no                     ; no            ; 2         ; no              ; no         ; no            ; no       ; Off          ; 2.5 V        ; Default          ; Series 50 Ohm without Calibration ; --                        ; no                         ; no                          ; Fitter               ; -                    ; -                   ;
; read_usedw[6]  ; B10   ; 7        ; 21           ; 24           ; 14           ; no              ; no                     ; no            ; 2         ; no              ; no         ; no            ; no       ; Off          ; 2.5 V        ; Default          ; Series 50 Ohm without Calibration ; --                        ; no                         ; no                          ; Fitter               ; -                    ; -                   ;
; read_usedw[7]  ; B7    ; 8        ; 11           ; 24           ; 7            ; no              ; no                     ; no            ; 2         ; no              ; no         ; no            ; no       ; Off          ; 2.5 V        ; Default          ; Series 50 Ohm without Calibration ; --                        ; no                         ; no                          ; Fitter               ; -                    ; -                   ;
; write_empty    ; B11   ; 7        ; 25           ; 24           ; 21           ; no              ; no                     ; no            ; 2         ; no              ; no         ; no            ; no       ; Off          ; 2.5 V        ; Default          ; Series 50 Ohm without Calibration ; --                        ; no                         ; no                          ; Fitter               ; -                    ; -                   ;
; write_full     ; A13   ; 7        ; 30           ; 24           ; 7            ; no              ; no                     ; no            ; 2         ; no              ; no         ; no            ; no       ; Off          ; 2.5 V        ; Default          ; Series 50 Ohm without Calibration ; --                        ; no                         ; no                          ; Fitter               ; -                    ; -                   ;
; write_usedw[0] ; D11   ; 7        ; 32           ; 24           ; 21           ; no              ; no                     ; no            ; 2         ; no              ; no         ; no            ; no       ; Off          ; 2.5 V        ; Default          ; Series 50 Ohm without Calibration ; --                        ; no                         ; no                          ; Fitter               ; -                    ; -                   ;
; write_usedw[1] ; C6    ; 8        ; 9            ; 24           ; 7            ; no              ; no                     ; no            ; 2         ; no              ; no         ; no            ; no       ; Off          ; 2.5 V        ; Default          ; Series 50 Ohm without Calibration ; --                        ; no                         ; no                          ; Fitter               ; -                    ; -                   ;
; write_usedw[2] ; C2    ; 1        ; 0            ; 22           ; 14           ; no              ; no                     ; no            ; 2         ; no              ; no         ; no            ; no       ; Off          ; 2.5 V        ; Default          ; Series 50 Ohm without Calibration ; --                        ; no                         ; no                          ; Fitter               ; -                    ; -                   ;
; write_usedw[3] ; F8    ; 8        ; 13           ; 24           ; 21           ; no              ; no                     ; no            ; 2         ; no              ; no         ; no            ; no       ; Off          ; 2.5 V        ; Default          ; Series 50 Ohm without Calibration ; --                        ; no                         ; no                          ; Fitter               ; -                    ; -                   ;
; write_usedw[4] ; B4    ; 8        ; 5            ; 24           ; 21           ; no              ; no                     ; no            ; 2         ; no              ; no         ; no            ; no       ; Off          ; 2.5 V        ; Default          ; Series 50 Ohm without Calibration ; --                        ; no                         ; no                          ; Fitter               ; -                    ; -                   ;
; write_usedw[5] ; A3    ; 8        ; 3            ; 24           ; 14           ; no              ; no                     ; no            ; 2         ; no              ; no         ; no            ; no       ; Off          ; 2.5 V        ; Default          ; Series 50 Ohm without Calibration ; --                        ; no                         ; no                          ; Fitter               ; -                    ; -                   ;
; write_usedw[6] ; A6    ; 8        ; 9            ; 24           ; 14           ; no              ; no                     ; no            ; 2         ; no              ; no         ; no            ; no       ; Off          ; 2.5 V        ; Default          ; Series 50 Ohm without Calibration ; --                        ; no                         ; no                          ; Fitter               ; -                    ; -                   ;
; write_usedw[7] ; E11   ; 7        ; 28           ; 24           ; 14           ; no              ; no                     ; no            ; 2         ; no              ; no         ; no            ; no       ; Off          ; 2.5 V        ; Default          ; Series 50 Ohm without Calibration ; --                        ; no                         ; no                          ; Fitter               ; -                    ; -                   ;
; write_usedw[8] ; E7    ; 8        ; 7            ; 24           ; 0            ; no              ; no                     ; no            ; 2         ; no              ; no         ; no            ; no       ; Off          ; 2.5 V        ; Default          ; Series 50 Ohm without Calibration ; --                        ; no                         ; no                          ; Fitter               ; -                    ; -                   ;
+----------------+-------+----------+--------------+--------------+--------------+-----------------+------------------------+---------------+-----------+-----------------+------------+---------------+----------+--------------+--------------+------------------+-----------------------------------+---------------------------+----------------------------+-----------------------------+----------------------+----------------------+---------------------+


+-------------------------------------------------------------------------------------------------------------------------+
; Dual Purpose and Dedicated Pins                                                                                         ;
+----------+-----------------------------+--------------------------+-------------------------+---------------------------+
; Location ; Pin Name                    ; Reserved As              ; User Signal Name        ; Pin Type                  ;
+----------+-----------------------------+--------------------------+-------------------------+---------------------------+
; C1       ; DIFFIO_L1n, DATA1, ASDO     ; As input tri-stated      ; ~ALTERA_ASDO_DATA1~     ; Dual Purpose Pin          ;
; D2       ; DIFFIO_L2p, FLASH_nCE, nCSO ; As input tri-stated      ; ~ALTERA_FLASH_nCE_nCSO~ ; Dual Purpose Pin          ;
; F4       ; nSTATUS                     ; -                        ; -                       ; Dedicated Programming Pin ;
; H1       ; DCLK                        ; As output driving ground ; ~ALTERA_DCLK~           ; Dual Purpose Pin          ;
; H2       ; DATA0                       ; As input tri-stated      ; ~ALTERA_DATA0~          ; Dual Purpose Pin          ;
; H5       ; nCONFIG                     ; -                        ; -                       ; Dedicated Programming Pin ;
; J3       ; nCE                         ; -                        ; -                       ; Dedicated Programming Pin ;
; H14      ; CONF_DONE                   ; -                        ; -                       ; Dedicated Programming Pin ;
; H13      ; MSEL0                       ; -                        ; -                       ; Dedicated Programming Pin ;
; H12      ; MSEL1                       ; -                        ; -                       ; Dedicated Programming Pin ;
; G12      ; MSEL2                       ; -                        ; -                       ; Dedicated Programming Pin ;
; G12      ; MSEL3                       ; -                        ; -                       ; Dedicated Programming Pin ;
; F16      ; DIFFIO_R3n, nCEO            ; Use as programming pin   ; ~ALTERA_nCEO~           ; Dual Purpose Pin          ;
; E8       ; DIFFIO_T10n, DATA2          ; Use as regular IO        ; write_data[5]           ; Dual Purpose Pin          ;
; F8       ; DIFFIO_T10p, DATA3          ; Use as regular IO        ; write_usedw[3]          ; Dual Purpose Pin          ;
; B7       ; DIFFIO_T9p, DATA4           ; Use as regular IO        ; read_usedw[7]           ; Dual Purpose Pin          ;
; E7       ; DATA5                       ; Use as regular IO        ; write_usedw[8]          ; Dual Purpose Pin          ;
; E6       ; DATA6                       ; Use as regular IO        ; read_data[12]           ; Dual Purpose Pin          ;
+----------+-----------------------------+--------------------------+-------------------------+---------------------------+


+------------------------------------------------------------+
; I/O Bank Usage                                             ;
+----------+------------------+---------------+--------------+
; I/O Bank ; Usage            ; VCCIO Voltage ; VREF Voltage ;
+----------+------------------+---------------+--------------+
; 1        ; 6 / 17 ( 35 % )  ; 2.5V          ; --           ;
; 2        ; 1 / 19 ( 5 % )   ; 2.5V          ; --           ;
; 3        ; 4 / 26 ( 15 % )  ; 2.5V          ; --           ;
; 4        ; 0 / 27 ( 0 % )   ; 2.5V          ; --           ;
; 5        ; 0 / 25 ( 0 % )   ; 2.5V          ; --           ;
; 6        ; 1 / 14 ( 7 % )   ; 2.5V          ; --           ;
; 7        ; 24 / 26 ( 92 % ) ; 2.5V          ; --           ;
; 8        ; 18 / 26 ( 69 % ) ; 2.5V          ; --           ;
+----------+------------------+---------------+--------------+


+-----------------------------------------------------------------------------------------------------------------------------------------------------------------------------------------+
; All Package Pins                                                                                                                                                                        ;
+----------+------------+----------+-----------------------------------------------------------+--------+--------------+---------+------------+-----------------+----------+--------------+
; Location ; Pad Number ; I/O Bank ; Pin Name/Usage                                            ; Dir.   ; I/O Standard ; Voltage ; I/O Type   ; User Assignment ; Bus Hold ; Weak Pull Up ;
+----------+------------+----------+-----------------------------------------------------------+--------+--------------+---------+------------+-----------------+----------+--------------+
; A1       ;            ; 8        ; VCCIO8                                                    ; power  ;              ; 2.5V    ; --         ;                 ; --       ; --           ;
; A2       ; 194        ; 8        ; RESERVED_INPUT_WITH_WEAK_PULLUP                           ;        ;              ;         ; Column I/O ;                 ; no       ; On           ;
; A3       ; 200        ; 8        ; write_usedw[5]                                            ; output ; 2.5 V        ;         ; Column I/O ; N               ; no       ; Off          ;
; A4       ; 196        ; 8        ; write_data[0]                                             ; input  ; 2.5 V        ;         ; Column I/O ; N               ; no       ; Off          ;
; A5       ; 192        ; 8        ; RESERVED_INPUT_WITH_WEAK_PULLUP                           ;        ;              ;         ; Column I/O ;                 ; no       ; On           ;
; A6       ; 188        ; 8        ; write_usedw[6]                                            ; output ; 2.5 V        ;         ; Column I/O ; N               ; no       ; Off          ;
; A7       ; 183        ; 8        ; read_empty                                                ; output ; 2.5 V        ;         ; Column I/O ; N               ; no       ; Off          ;
; A8       ; 177        ; 8        ; read_request                                              ; input  ; 2.5 V        ;         ; Column I/O ; N               ; no       ; Off          ;
; A9       ; 175        ; 7        ; write_data[6]                                             ; input  ; 2.5 V        ;         ; Column I/O ; N               ; no       ; Off          ;
; A10      ; 168        ; 7        ; read_data[2]                                              ; output ; 2.5 V        ;         ; Column I/O ; N               ; no       ; Off          ;
; A11      ; 161        ; 7        ; read_usedw[3]                                             ; output ; 2.5 V        ;         ; Column I/O ; N               ; no       ; Off          ;
; A12      ; 159        ; 7        ; read_data[13]                                             ; output ; 2.5 V        ;         ; Column I/O ; N               ; no       ; Off          ;
; A13      ; 153        ; 7        ; write_full                                                ; output ; 2.5 V        ;         ; Column I/O ; N               ; no       ; Off          ;
; A14      ; 155        ; 7        ; write_data[1]                                             ; input  ; 2.5 V        ;         ; Column I/O ; N               ; no       ; Off          ;
; A15      ; 167        ; 7        ; read_data[10]                                             ; output ; 2.5 V        ;         ; Column I/O ; N               ; no       ; Off          ;
; A16      ;            ; 7        ; VCCIO7                                                    ; power  ;              ; 2.5V    ; --         ;                 ; --       ; --           ;
; B1       ; 3          ; 1        ; RESERVED_INPUT_WITH_WEAK_PULLUP                           ;        ;              ;         ; Row I/O    ;                 ; no       ; On           ;
; B2       ;            ;          ; GND                                                       ; gnd    ;              ;         ; --         ;                 ; --       ; --           ;
; B3       ; 201        ; 8        ; RESERVED_INPUT_WITH_WEAK_PULLUP                           ;        ;              ;         ; Column I/O ;                 ; no       ; On           ;
; B4       ; 197        ; 8        ; write_usedw[4]                                            ; output ; 2.5 V        ;         ; Column I/O ; N               ; no       ; Off          ;
; B5       ; 195        ; 8        ; RESERVED_INPUT_WITH_WEAK_PULLUP                           ;        ;              ;         ; Column I/O ;                 ; no       ; On           ;
; B6       ; 189        ; 8        ; read_full                                                 ; output ; 2.5 V        ;         ; Column I/O ; N               ; no       ; Off          ;
; B7       ; 184        ; 8        ; read_usedw[7]                                             ; output ; 2.5 V        ;         ; Column I/O ; N               ; no       ; Off          ;
; B8       ; 178        ; 8        ; write_data[2]                                             ; input  ; 2.5 V        ;         ; Column I/O ; N               ; no       ; Off          ;
; B9       ; 176        ; 7        ; write_data[4]                                             ; input  ; 2.5 V        ;         ; Column I/O ; N               ; no       ; Off          ;
; B10      ; 169        ; 7        ; read_usedw[6]                                             ; output ; 2.5 V        ;         ; Column I/O ; N               ; no       ; Off          ;
; B11      ; 162        ; 7        ; write_empty                                               ; output ; 2.5 V        ;         ; Column I/O ; N               ; no       ; Off          ;
; B12      ; 160        ; 7        ; read_data[8]                                              ; output ; 2.5 V        ;         ; Column I/O ; N               ; no       ; Off          ;
; B13      ; 154        ; 7        ; read_data[3]                                              ; output ; 2.5 V        ;         ; Column I/O ; N               ; no       ; Off          ;
; B14      ; 156        ; 7        ; write_request                                             ; input  ; 2.5 V        ;         ; Column I/O ; N               ; no       ; Off          ;
; B15      ;            ;          ; GND                                                       ; gnd    ;              ;         ; --         ;                 ; --       ; --           ;
; B16      ; 141        ; 6        ; RESERVED_INPUT_WITH_WEAK_PULLUP                           ;        ;              ;         ; Row I/O    ;                 ; no       ; On           ;
; C1       ; 5          ; 1        ; ~ALTERA_ASDO_DATA1~ / RESERVED_INPUT_WITH_WEAK_PULLUP     ; input  ; 2.5 V        ;         ; Row I/O    ; N               ; no       ; On           ;
; C2       ; 4          ; 1        ; write_usedw[2]                                            ; output ; 2.5 V        ;         ; Row I/O    ; N               ; no       ; Off          ;
; C3       ; 202        ; 8        ; RESERVED_INPUT_WITH_WEAK_PULLUP                           ;        ;              ;         ; Column I/O ;                 ; no       ; On           ;
; C4       ;            ; 8        ; VCCIO8                                                    ; power  ;              ; 2.5V    ; --         ;                 ; --       ; --           ;
; C5       ;            ;          ; GND                                                       ; gnd    ;              ;         ; --         ;                 ; --       ; --           ;
; C6       ; 187        ; 8        ; write_usedw[1]                                            ; output ; 2.5 V        ;         ; Column I/O ; N               ; no       ; Off          ;
; C7       ;            ; 8        ; VCCIO8                                                    ; power  ;              ; 2.5V    ; --         ;                 ; --       ; --           ;
; C8       ; 179        ; 8        ; read_usedw[4]                                             ; output ; 2.5 V        ;         ; Column I/O ; N               ; no       ; Off          ;
; C9       ; 172        ; 7        ; read_usedw[1]                                             ; output ; 2.5 V        ;         ; Column I/O ; N               ; no       ; Off          ;
; C10      ;            ; 7        ; VCCIO7                                                    ; power  ;              ; 2.5V    ; --         ;                 ; --       ; --           ;
; C11      ; 163        ; 7        ; write_data[3]                                             ; input  ; 2.5 V        ;         ; Column I/O ; N               ; no       ; Off          ;
; C12      ;            ;          ; GND                                                       ; gnd    ;              ;         ; --         ;                 ; --       ; --           ;
; C13      ;            ; 7        ; VCCIO7                                                    ; power  ;              ; 2.5V    ; --         ;                 ; --       ; --           ;
; C14      ; 149        ; 7        ; RESERVED_INPUT_WITH_WEAK_PULLUP                           ;        ;              ;         ; Column I/O ;                 ; no       ; On           ;
; C15      ; 147        ; 6        ; RESERVED_INPUT_WITH_WEAK_PULLUP                           ;        ;              ;         ; Row I/O    ;                 ; no       ; On           ;
; C16      ; 146        ; 6        ; RESERVED_INPUT_WITH_WEAK_PULLUP                           ;        ;              ;         ; Row I/O    ;                 ; no       ; On           ;
; D1       ; 8          ; 1        ; RESERVED_INPUT_WITH_WEAK_PULLUP                           ;        ;              ;         ; Row I/O    ;                 ; no       ; On           ;
; D2       ; 7          ; 1        ; ~ALTERA_FLASH_nCE_nCSO~ / RESERVED_INPUT_WITH_WEAK_PULLUP ; input  ; 2.5 V        ;         ; Row I/O    ; N               ; no       ; On           ;
; D3       ; 203        ; 8        ; RESERVED_INPUT_WITH_WEAK_PULLUP                           ;        ;              ;         ; Column I/O ;                 ; no       ; On           ;
; D4       ; 0          ; 1        ; RESERVED_INPUT_WITH_WEAK_PULLUP                           ;        ;              ;         ; Row I/O    ;                 ; no       ; On           ;
; D5       ; 198        ; 8        ; RESERVED_INPUT_WITH_WEAK_PULLUP                           ;        ;              ;         ; Column I/O ;                 ; no       ; On           ;
; D6       ; 199        ; 8        ; RESERVED_INPUT_WITH_WEAK_PULLUP                           ;        ;              ;         ; Column I/O ;                 ; no       ; On           ;
; D7       ;            ;          ; GND                                                       ; gnd    ;              ;         ; --         ;                 ; --       ; --           ;
; D8       ; 180        ; 8        ; read_data[0]                                              ; output ; 2.5 V        ;         ; Column I/O ; N               ; no       ; Off          ;
; D9       ; 173        ; 7        ; read_usedw[5]                                             ; output ; 2.5 V        ;         ; Column I/O ; N               ; no       ; Off          ;
; D10      ;            ;          ; GND                                                       ; gnd    ;              ;         ; --         ;                 ; --       ; --           ;
; D11      ; 151        ; 7        ; write_usedw[0]                                            ; output ; 2.5 V        ;         ; Column I/O ; N               ; no       ; Off          ;
; D12      ; 152        ; 7        ; read_data[15]                                             ; output ; 2.5 V        ;         ; Column I/O ; N               ; no       ; Off          ;
; D13      ;            ;          ; VCCD_PLL2                                                 ; power  ;              ; 1.2V    ; --         ;                 ; --       ; --           ;
; D14      ; 150        ; 7        ; RESERVED_INPUT_WITH_WEAK_PULLUP                           ;        ;              ;         ; Column I/O ;                 ; no       ; On           ;
; D15      ; 144        ; 6        ; RESERVED_INPUT_WITH_WEAK_PULLUP                           ;        ;              ;         ; Row I/O    ;                 ; no       ; On           ;
; D16      ; 143        ; 6        ; RESERVED_INPUT_WITH_WEAK_PULLUP                           ;        ;              ;         ; Row I/O    ;                 ; no       ; On           ;
; E1       ; 24         ; 1        ; write_clock                                               ; input  ; 2.5 V        ;         ; Row I/O    ; N               ; no       ; Off          ;
; E2       ;            ;          ; GND                                                       ; gnd    ;              ;         ; --         ;                 ; --       ; --           ;
; E3       ;            ; 1        ; VCCIO1                                                    ; power  ;              ; 2.5V    ; --         ;                 ; --       ; --           ;
; E4       ;            ;          ; GND                                                       ; gnd    ;              ;         ; --         ;                 ; --       ; --           ;
; E5       ; 1          ; 1        ; RESERVED_INPUT_WITH_WEAK_PULLUP                           ;        ;              ;         ; Row I/O    ;                 ; no       ; On           ;
; E6       ; 191        ; 8        ; read_data[12]                                             ; output ; 2.5 V        ;         ; Column I/O ; N               ; no       ; Off          ;
; E7       ; 190        ; 8        ; write_usedw[8]                                            ; output ; 2.5 V        ;         ; Column I/O ; N               ; no       ; Off          ;
; E8       ; 181        ; 8        ; write_data[5]                                             ; input  ; 2.5 V        ;         ; Column I/O ; N               ; no       ; Off          ;
; E9       ; 174        ; 7        ; read_usedw[2]                                             ; output ; 2.5 V        ;         ; Column I/O ; N               ; no       ; Off          ;
; E10      ; 158        ; 7        ; read_data[6]                                              ; output ; 2.5 V        ;         ; Column I/O ; N               ; no       ; Off          ;
; E11      ; 157        ; 7        ; write_usedw[7]                                            ; output ; 2.5 V        ;         ; Column I/O ; N               ; no       ; Off          ;
; E12      ;            ;          ; GNDA2                                                     ; gnd    ;              ;         ; --         ;                 ; --       ; --           ;
; E13      ;            ;          ; GND                                                       ; gnd    ;              ;         ; --         ;                 ; --       ; --           ;
; E14      ;            ; 6        ; VCCIO6                                                    ; power  ;              ; 2.5V    ; --         ;                 ; --       ; --           ;
; E15      ; 128        ; 6        ; GND+                                                      ;        ;              ;         ; Row I/O    ;                 ; --       ; --           ;
; E16      ; 127        ; 6        ; GND+                                                      ;        ;              ;         ; Row I/O    ;                 ; --       ; --           ;
; F1       ; 12         ; 1        ; RESERVED_INPUT_WITH_WEAK_PULLUP                           ;        ;              ;         ; Row I/O    ;                 ; no       ; On           ;
; F2       ; 11         ; 1        ; RESERVED_INPUT_WITH_WEAK_PULLUP                           ;        ;              ;         ; Row I/O    ;                 ; no       ; On           ;
; F3       ; 6          ; 1        ; RESERVED_INPUT_WITH_WEAK_PULLUP                           ;        ;              ;         ; Row I/O    ;                 ; --       ; --           ;
; F4       ; 9          ; 1        ; ^nSTATUS                                                  ;        ;              ;         ; --         ;                 ; --       ; --           ;
; F5       ; 2          ; 1        ; RESERVED_INPUT_WITH_WEAK_PULLUP                           ;        ;              ;         ; Row I/O    ;                 ; no       ; On           ;
; F6       ; 185        ; 8        ; read_data[5]                                              ; output ; 2.5 V        ;         ; Column I/O ; N               ; no       ; Off          ;
; F7       ; 186        ; 8        ; read_data[1]                                              ; output ; 2.5 V        ;         ; Column I/O ; N               ; no       ; Off          ;
; F8       ; 182        ; 8        ; write_usedw[3]                                            ; output ; 2.5 V        ;         ; Column I/O ; N               ; no       ; Off          ;
; F9       ; 165        ; 7        ; read_data[11]                                             ; output ; 2.5 V        ;         ; Column I/O ; N               ; no       ; Off          ;
; F10      ; 164        ; 7        ; write_data[7]                                             ; input  ; 2.5 V        ;         ; Column I/O ; N               ; no       ; Off          ;
; F11      ; 166        ; 7        ; read_data[4]                                              ; output ; 2.5 V        ;         ; Column I/O ; N               ; no       ; Off          ;
; F12      ;            ; --       ; VCCA2                                                     ; power  ;              ; 2.5V    ; --         ;                 ; --       ; --           ;
; F13      ; 138        ; 6        ; RESERVED_INPUT_WITH_WEAK_PULLUP                           ;        ;              ;         ; Row I/O    ;                 ; no       ; On           ;
; F14      ; 142        ; 6        ; RESERVED_INPUT_WITH_WEAK_PULLUP                           ;        ;              ;         ; Row I/O    ;                 ; --       ; --           ;
; F15      ; 140        ; 6        ; RESERVED_INPUT_WITH_WEAK_PULLUP                           ;        ;              ;         ; Row I/O    ;                 ; no       ; On           ;
; F16      ; 139        ; 6        ; ~ALTERA_nCEO~ / RESERVED_OUTPUT_OPEN_DRAIN                ; output ; 2.5 V        ;         ; Row I/O    ; N               ; no       ; Off          ;
; G1       ; 14         ; 1        ; RESERVED_INPUT_WITH_WEAK_PULLUP                           ;        ;              ;         ; Row I/O    ;                 ; no       ; On           ;
; G2       ; 13         ; 1        ; RESERVED_INPUT_WITH_WEAK_PULLUP                           ;        ;              ;         ; Row I/O    ;                 ; no       ; On           ;
; G3       ;            ; 1        ; VCCIO1                                                    ; power  ;              ; 2.5V    ; --         ;                 ; --       ; --           ;
; G4       ;            ;          ; GND                                                       ; gnd    ;              ;         ; --         ;                 ; --       ; --           ;
; G5       ; 10         ; 1        ; RESERVED_INPUT_WITH_WEAK_PULLUP                           ;        ;              ;         ; Row I/O    ;                 ; no       ; On           ;
; G6       ;            ;          ; VCCINT                                                    ; power  ;              ; 1.2V    ; --         ;                 ; --       ; --           ;
; G7       ;            ;          ; VCCINT                                                    ; power  ;              ; 1.2V    ; --         ;                 ; --       ; --           ;
; G8       ;            ;          ; VCCINT                                                    ; power  ;              ; 1.2V    ; --         ;                 ; --       ; --           ;
; G9       ;            ;          ; VCCINT                                                    ; power  ;              ; 1.2V    ; --         ;                 ; --       ; --           ;
; G10      ;            ;          ; VCCINT                                                    ; power  ;              ; 1.2V    ; --         ;                 ; --       ; --           ;
; G11      ; 145        ; 6        ; RESERVED_INPUT_WITH_WEAK_PULLUP                           ;        ;              ;         ; Row I/O    ;                 ; no       ; On           ;
; G12      ; 132        ; 6        ; ^MSEL2                                                    ;        ;              ;         ; --         ;                 ; --       ; --           ;
; G12      ; 133        ; 6        ; ^MSEL3                                                    ;        ;              ;         ; --         ;                 ; --       ; --           ;
; G13      ;            ;          ; GND                                                       ; gnd    ;              ;         ; --         ;                 ; --       ; --           ;
; G14      ;            ; 6        ; VCCIO6                                                    ; power  ;              ; 2.5V    ; --         ;                 ; --       ; --           ;
; G15      ; 137        ; 6        ; RESERVED_INPUT_WITH_WEAK_PULLUP                           ;        ;              ;         ; Row I/O    ;                 ; no       ; On           ;
; G16      ; 136        ; 6        ; RESERVED_INPUT_WITH_WEAK_PULLUP                           ;        ;              ;         ; Row I/O    ;                 ; no       ; On           ;
; H1       ; 15         ; 1        ; ~ALTERA_DCLK~                                             ; output ; 2.5 V        ;         ; Row I/O    ; N               ; no       ; On           ;
; H2       ; 16         ; 1        ; ~ALTERA_DATA0~ / RESERVED_INPUT_WITH_WEAK_PULLUP          ; input  ; 2.5 V        ;         ; Row I/O    ; N               ; no       ; On           ;
; H3       ; 19         ; 1        ; #TCK                                                      ; input  ;              ;         ; --         ;                 ; --       ; --           ;
; H4       ; 18         ; 1        ; #TDI                                                      ; input  ;              ;         ; --         ;                 ; --       ; --           ;
; H5       ; 17         ; 1        ; ^nCONFIG                                                  ;        ;              ;         ; --         ;                 ; --       ; --           ;
; H6       ;            ;          ; VCCINT                                                    ; power  ;              ; 1.2V    ; --         ;                 ; --       ; --           ;
; H7       ;            ;          ; GND                                                       ; gnd    ;              ;         ; --         ;                 ; --       ; --           ;
; H8       ;            ;          ; GND                                                       ; gnd    ;              ;         ; --         ;                 ; --       ; --           ;
; H9       ;            ;          ; GND                                                       ; gnd    ;              ;         ; --         ;                 ; --       ; --           ;
; H10      ;            ;          ; GND                                                       ; gnd    ;              ;         ; --         ;                 ; --       ; --           ;
; H11      ;            ;          ; VCCINT                                                    ; power  ;              ; 1.2V    ; --         ;                 ; --       ; --           ;
; H12      ; 131        ; 6        ; ^MSEL1                                                    ;        ;              ;         ; --         ;                 ; --       ; --           ;
; H13      ; 130        ; 6        ; ^MSEL0                                                    ;        ;              ;         ; --         ;                 ; --       ; --           ;
; H14      ; 129        ; 6        ; ^CONF_DONE                                                ;        ;              ;         ; --         ;                 ; --       ; --           ;
; H15      ;            ;          ; GND                                                       ; gnd    ;              ;         ; --         ;                 ; --       ; --           ;
; H16      ;            ;          ; GND                                                       ; gnd    ;              ;         ; --         ;                 ; --       ; --           ;
; J1       ; 28         ; 2        ; RESERVED_INPUT_WITH_WEAK_PULLUP                           ;        ;              ;         ; Row I/O    ;                 ; no       ; On           ;
; J2       ; 27         ; 2        ; RESERVED_INPUT_WITH_WEAK_PULLUP                           ;        ;              ;         ; Row I/O    ;                 ; no       ; On           ;
; J3       ; 22         ; 1        ; ^nCE                                                      ;        ;              ;         ; --         ;                 ; --       ; --           ;
; J4       ; 21         ; 1        ; #TDO                                                      ; output ;              ;         ; --         ;                 ; --       ; --           ;
; J5       ; 20         ; 1        ; #TMS                                                      ; input  ;              ;         ; --         ;                 ; --       ; --           ;
; J6       ; 29         ; 2        ; RESERVED_INPUT_WITH_WEAK_PULLUP                           ;        ;              ;         ; Row I/O    ;                 ; no       ; On           ;
; J7       ;            ;          ; GND                                                       ; gnd    ;              ;         ; --         ;                 ; --       ; --           ;
; J8       ;            ;          ; GND                                                       ; gnd    ;              ;         ; --         ;                 ; --       ; --           ;
; J9       ;            ;          ; GND                                                       ; gnd    ;              ;         ; --         ;                 ; --       ; --           ;
; J10      ;            ;          ; GND                                                       ; gnd    ;              ;         ; --         ;                 ; --       ; --           ;
; J11      ; 117        ; 5        ; RESERVED_INPUT_WITH_WEAK_PULLUP                           ;        ;              ;         ; Row I/O    ;                 ; no       ; On           ;
; J12      ; 123        ; 5        ; RESERVED_INPUT_WITH_WEAK_PULLUP                           ;        ;              ;         ; Row I/O    ;                 ; no       ; On           ;
; J13      ; 124        ; 5        ; RESERVED_INPUT_WITH_WEAK_PULLUP                           ;        ;              ;         ; Row I/O    ;                 ; no       ; On           ;
; J14      ; 122        ; 5        ; RESERVED_INPUT_WITH_WEAK_PULLUP                           ;        ;              ;         ; Row I/O    ;                 ; no       ; On           ;
; J15      ; 121        ; 5        ; RESERVED_INPUT_WITH_WEAK_PULLUP                           ;        ;              ;         ; Row I/O    ;                 ; no       ; On           ;
; J16      ; 120        ; 5        ; RESERVED_INPUT_WITH_WEAK_PULLUP                           ;        ;              ;         ; Row I/O    ;                 ; no       ; On           ;
; K1       ; 33         ; 2        ; RESERVED_INPUT_WITH_WEAK_PULLUP                           ;        ;              ;         ; Row I/O    ;                 ; no       ; On           ;
; K2       ; 32         ; 2        ; RESERVED_INPUT_WITH_WEAK_PULLUP                           ;        ;              ;         ; Row I/O    ;                 ; no       ; On           ;
; K3       ;            ; 2        ; VCCIO2                                                    ; power  ;              ; 2.5V    ; --         ;                 ; --       ; --           ;
; K4       ;            ;          ; GND                                                       ; gnd    ;              ;         ; --         ;                 ; --       ; --           ;
; K5       ; 39         ; 2        ; RESERVED_INPUT_WITH_WEAK_PULLUP                           ;        ;              ;         ; Row I/O    ;                 ; no       ; On           ;
; K6       ; 30         ; 2        ; RESERVED_INPUT_WITH_WEAK_PULLUP                           ;        ;              ;         ; Row I/O    ;                 ; no       ; On           ;
; K7       ;            ;          ; VCCINT                                                    ; power  ;              ; 1.2V    ; --         ;                 ; --       ; --           ;
; K8       ; 60         ; 3        ; RESERVED_INPUT_WITH_WEAK_PULLUP                           ;        ;              ;         ; Column I/O ;                 ; no       ; On           ;
; K9       ; 76         ; 4        ; RESERVED_INPUT_WITH_WEAK_PULLUP                           ;        ;              ;         ; Column I/O ;                 ; no       ; On           ;
; K10      ; 87         ; 4        ; RESERVED_INPUT_WITH_WEAK_PULLUP                           ;        ;              ;         ; Column I/O ;                 ; no       ; On           ;
; K11      ; 110        ; 5        ; RESERVED_INPUT_WITH_WEAK_PULLUP                           ;        ;              ;         ; Row I/O    ;                 ; no       ; On           ;
; K12      ; 105        ; 5        ; RESERVED_INPUT_WITH_WEAK_PULLUP                           ;        ;              ;         ; Row I/O    ;                 ; no       ; On           ;
; K13      ;            ;          ; GND                                                       ; gnd    ;              ;         ; --         ;                 ; --       ; --           ;
; K14      ;            ; 5        ; VCCIO5                                                    ; power  ;              ; 2.5V    ; --         ;                 ; --       ; --           ;
; K15      ; 119        ; 5        ; RESERVED_INPUT_WITH_WEAK_PULLUP                           ;        ;              ;         ; Row I/O    ;                 ; no       ; On           ;
; K16      ; 118        ; 5        ; RESERVED_INPUT_WITH_WEAK_PULLUP                           ;        ;              ;         ; Row I/O    ;                 ; no       ; On           ;
; L1       ; 35         ; 2        ; RESERVED_INPUT_WITH_WEAK_PULLUP                           ;        ;              ;         ; Row I/O    ;                 ; no       ; On           ;
; L2       ; 34         ; 2        ; RESERVED_INPUT_WITH_WEAK_PULLUP                           ;        ;              ;         ; Row I/O    ;                 ; no       ; On           ;
; L3       ; 36         ; 2        ; RESERVED_INPUT_WITH_WEAK_PULLUP                           ;        ;              ;         ; Row I/O    ;                 ; --       ; --           ;
; L4       ; 40         ; 2        ; RESERVED_INPUT_WITH_WEAK_PULLUP                           ;        ;              ;         ; Row I/O    ;                 ; no       ; On           ;
; L5       ;            ; --       ; VCCA1                                                     ; power  ;              ; 2.5V    ; --         ;                 ; --       ; --           ;
; L6       ; 31         ; 2        ; RESERVED_INPUT_WITH_WEAK_PULLUP                           ;        ;              ;         ; Row I/O    ;                 ; no       ; On           ;
; L7       ; 65         ; 3        ; RESERVED_INPUT_WITH_WEAK_PULLUP                           ;        ;              ;         ; Column I/O ;                 ; no       ; On           ;
; L8       ; 68         ; 3        ; RESERVED_INPUT_WITH_WEAK_PULLUP                           ;        ;              ;         ; Column I/O ;                 ; no       ; On           ;
; L9       ; 77         ; 4        ; RESERVED_INPUT_WITH_WEAK_PULLUP                           ;        ;              ;         ; Column I/O ;                 ; no       ; On           ;
; L10      ; 88         ; 4        ; RESERVED_INPUT_WITH_WEAK_PULLUP                           ;        ;              ;         ; Column I/O ;                 ; no       ; On           ;
; L11      ; 99         ; 4        ; RESERVED_INPUT_WITH_WEAK_PULLUP                           ;        ;              ;         ; Column I/O ;                 ; no       ; On           ;
; L12      ; 104        ; 5        ; RESERVED_INPUT_WITH_WEAK_PULLUP                           ;        ;              ;         ; Row I/O    ;                 ; no       ; On           ;
; L13      ; 114        ; 5        ; RESERVED_INPUT_WITH_WEAK_PULLUP                           ;        ;              ;         ; Row I/O    ;                 ; no       ; On           ;
; L14      ; 113        ; 5        ; RESERVED_INPUT_WITH_WEAK_PULLUP                           ;        ;              ;         ; Row I/O    ;                 ; --       ; --           ;
; L15      ; 116        ; 5        ; RESERVED_INPUT_WITH_WEAK_PULLUP                           ;        ;              ;         ; Row I/O    ;                 ; no       ; On           ;
; L16      ; 115        ; 5        ; RESERVED_INPUT_WITH_WEAK_PULLUP                           ;        ;              ;         ; Row I/O    ;                 ; no       ; On           ;
; M1       ; 26         ; 2        ; GND+                                                      ;        ;              ;         ; Row I/O    ;                 ; --       ; --           ;
; M2       ; 25         ; 2        ; read_clock                                                ; input  ; 2.5 V        ;         ; Row I/O    ; N               ; no       ; Off          ;
; M3       ;            ; 2        ; VCCIO2                                                    ; power  ;              ; 2.5V    ; --         ;                 ; --       ; --           ;
; M4       ;            ;          ; GND                                                       ; gnd    ;              ;         ; --         ;                 ; --       ; --           ;
; M5       ;            ;          ; GNDA1                                                     ; gnd    ;              ;         ; --         ;                 ; --       ; --           ;
; M6       ; 57         ; 3        ; RESERVED_INPUT_WITH_WEAK_PULLUP                           ;        ;              ;         ; Column I/O ;                 ; no       ; On           ;
; M7       ; 59         ; 3        ; RESERVED_INPUT_WITH_WEAK_PULLUP                           ;        ;              ;         ; Column I/O ;                 ; no       ; On           ;
; M8       ; 69         ; 3        ; read_usedw[0]                                             ; output ; 2.5 V        ;         ; Column I/O ; N               ; no       ; Off          ;
; M9       ; 78         ; 4        ; RESERVED_INPUT_WITH_WEAK_PULLUP                           ;        ;              ;         ; Column I/O ;                 ; no       ; On           ;
; M10      ; 93         ; 4        ; RESERVED_INPUT_WITH_WEAK_PULLUP                           ;        ;              ;         ; Column I/O ;                 ; no       ; On           ;
; M11      ; 100        ; 4        ; RESERVED_INPUT_WITH_WEAK_PULLUP                           ;        ;              ;         ; Column I/O ;                 ; no       ; On           ;
; M12      ; 103        ; 5        ; RESERVED_INPUT_WITH_WEAK_PULLUP                           ;        ;              ;         ; Row I/O    ;                 ; no       ; On           ;
; M13      ;            ;          ; GND                                                       ; gnd    ;              ;         ; --         ;                 ; --       ; --           ;
; M14      ;            ; 5        ; VCCIO5                                                    ; power  ;              ; 2.5V    ; --         ;                 ; --       ; --           ;
; M15      ; 126        ; 5        ; GND+                                                      ;        ;              ;         ; Row I/O    ;                 ; --       ; --           ;
; M16      ; 125        ; 5        ; GND+                                                      ;        ;              ;         ; Row I/O    ;                 ; --       ; --           ;
; N1       ; 38         ; 2        ; RESERVED_INPUT_WITH_WEAK_PULLUP                           ;        ;              ;         ; Row I/O    ;                 ; no       ; On           ;
; N2       ; 37         ; 2        ; RESERVED_INPUT_WITH_WEAK_PULLUP                           ;        ;              ;         ; Row I/O    ;                 ; no       ; On           ;
; N3       ; 45         ; 3        ; RESERVED_INPUT_WITH_WEAK_PULLUP                           ;        ;              ;         ; Column I/O ;                 ; no       ; On           ;
; N4       ;            ;          ; VCCD_PLL1                                                 ; power  ;              ; 1.2V    ; --         ;                 ; --       ; --           ;
; N5       ; 55         ; 3        ; RESERVED_INPUT_WITH_WEAK_PULLUP                           ;        ;              ;         ; Column I/O ;                 ; no       ; On           ;
; N6       ; 56         ; 3        ; RESERVED_INPUT_WITH_WEAK_PULLUP                           ;        ;              ;         ; Column I/O ;                 ; no       ; On           ;
; N7       ;            ;          ; GND                                                       ; gnd    ;              ;         ; --         ;                 ; --       ; --           ;
; N8       ; 70         ; 3        ; read_data[14]                                             ; output ; 2.5 V        ;         ; Column I/O ; N               ; no       ; Off          ;
; N9       ; 79         ; 4        ; RESERVED_INPUT_WITH_WEAK_PULLUP                           ;        ;              ;         ; Column I/O ;                 ; no       ; On           ;
; N10      ;            ;          ; GND                                                       ; gnd    ;              ;         ; --         ;                 ; --       ; --           ;
; N11      ; 94         ; 4        ; RESERVED_INPUT_WITH_WEAK_PULLUP                           ;        ;              ;         ; Column I/O ;                 ; no       ; On           ;
; N12      ; 101        ; 4        ; RESERVED_INPUT_WITH_WEAK_PULLUP                           ;        ;              ;         ; Column I/O ;                 ; no       ; On           ;
; N13      ; 102        ; 5        ; RESERVED_INPUT_WITH_WEAK_PULLUP                           ;        ;              ;         ; Row I/O    ;                 ; no       ; On           ;
; N14      ; 106        ; 5        ; RESERVED_INPUT_WITH_WEAK_PULLUP                           ;        ;              ;         ; Row I/O    ;                 ; no       ; On           ;
; N15      ; 112        ; 5        ; RESERVED_INPUT_WITH_WEAK_PULLUP                           ;        ;              ;         ; Row I/O    ;                 ; no       ; On           ;
; N16      ; 111        ; 5        ; RESERVED_INPUT_WITH_WEAK_PULLUP                           ;        ;              ;         ; Row I/O    ;                 ; no       ; On           ;
; P1       ; 44         ; 2        ; RESERVED_INPUT_WITH_WEAK_PULLUP                           ;        ;              ;         ; Row I/O    ;                 ; no       ; On           ;
; P2       ; 43         ; 2        ; RESERVED_INPUT_WITH_WEAK_PULLUP                           ;        ;              ;         ; Row I/O    ;                 ; no       ; On           ;
; P3       ; 46         ; 3        ; RESERVED_INPUT_WITH_WEAK_PULLUP                           ;        ;              ;         ; Column I/O ;                 ; no       ; On           ;
; P4       ;            ; 3        ; VCCIO3                                                    ; power  ;              ; 2.5V    ; --         ;                 ; --       ; --           ;
; P5       ;            ;          ; GND                                                       ; gnd    ;              ;         ; --         ;                 ; --       ; --           ;
; P6       ; 58         ; 3        ; RESERVED_INPUT_WITH_WEAK_PULLUP                           ;        ;              ;         ; Column I/O ;                 ; --       ; --           ;
; P7       ;            ; 3        ; VCCIO3                                                    ; power  ;              ; 2.5V    ; --         ;                 ; --       ; --           ;
; P8       ; 71         ; 3        ; RESERVED_INPUT_WITH_WEAK_PULLUP                           ;        ;              ;         ; Column I/O ;                 ; no       ; On           ;
; P9       ; 89         ; 4        ; RESERVED_INPUT_WITH_WEAK_PULLUP                           ;        ;              ;         ; Column I/O ;                 ; no       ; On           ;
; P10      ;            ; 4        ; VCCIO4                                                    ; power  ;              ; 2.5V    ; --         ;                 ; --       ; --           ;
; P11      ; 90         ; 4        ; RESERVED_INPUT_WITH_WEAK_PULLUP                           ;        ;              ;         ; Column I/O ;                 ; --       ; --           ;
; P12      ;            ;          ; GND                                                       ; gnd    ;              ;         ; --         ;                 ; --       ; --           ;
; P13      ;            ; 4        ; VCCIO4                                                    ; power  ;              ; 2.5V    ; --         ;                 ; --       ; --           ;
; P14      ; 98         ; 4        ; RESERVED_INPUT_WITH_WEAK_PULLUP                           ;        ;              ;         ; Column I/O ;                 ; no       ; On           ;
; P15      ; 107        ; 5        ; RESERVED_INPUT_WITH_WEAK_PULLUP                           ;        ;              ;         ; Row I/O    ;                 ; no       ; On           ;
; P16      ; 108        ; 5        ; RESERVED_INPUT_WITH_WEAK_PULLUP                           ;        ;              ;         ; Row I/O    ;                 ; no       ; On           ;
; R1       ; 42         ; 2        ; RESERVED_INPUT_WITH_WEAK_PULLUP                           ;        ;              ;         ; Row I/O    ;                 ; no       ; On           ;
; R2       ;            ;          ; GND                                                       ; gnd    ;              ;         ; --         ;                 ; --       ; --           ;
; R3       ; 47         ; 3        ; RESERVED_INPUT_WITH_WEAK_PULLUP                           ;        ;              ;         ; Column I/O ;                 ; no       ; On           ;
; R4       ; 53         ; 3        ; RESERVED_INPUT_WITH_WEAK_PULLUP                           ;        ;              ;         ; Column I/O ;                 ; no       ; On           ;
; R5       ; 61         ; 3        ; RESERVED_INPUT_WITH_WEAK_PULLUP                           ;        ;              ;         ; Column I/O ;                 ; no       ; On           ;
; R6       ; 63         ; 3        ; RESERVED_INPUT_WITH_WEAK_PULLUP                           ;        ;              ;         ; Column I/O ;                 ; no       ; On           ;
; R7       ; 66         ; 3        ; RESERVED_INPUT_WITH_WEAK_PULLUP                           ;        ;              ;         ; Column I/O ;                 ; no       ; On           ;
; R8       ; 72         ; 3        ; read_data[9]                                              ; output ; 2.5 V        ;         ; Column I/O ; N               ; no       ; Off          ;
; R9       ; 74         ; 4        ; RESERVED_INPUT_WITH_WEAK_PULLUP                           ;        ;              ;         ; Column I/O ;                 ; no       ; On           ;
; R10      ; 80         ; 4        ; RESERVED_INPUT_WITH_WEAK_PULLUP                           ;        ;              ;         ; Column I/O ;                 ; no       ; On           ;
; R11      ; 83         ; 4        ; RESERVED_INPUT_WITH_WEAK_PULLUP                           ;        ;              ;         ; Column I/O ;                 ; no       ; On           ;
; R12      ; 85         ; 4        ; RESERVED_INPUT_WITH_WEAK_PULLUP                           ;        ;              ;         ; Column I/O ;                 ; no       ; On           ;
; R13      ; 91         ; 4        ; RESERVED_INPUT_WITH_WEAK_PULLUP                           ;        ;              ;         ; Column I/O ;                 ; no       ; On           ;
; R14      ; 97         ; 4        ; RESERVED_INPUT_WITH_WEAK_PULLUP                           ;        ;              ;         ; Column I/O ;                 ; no       ; On           ;
; R15      ;            ;          ; GND                                                       ; gnd    ;              ;         ; --         ;                 ; --       ; --           ;
; R16      ; 109        ; 5        ; RESERVED_INPUT_WITH_WEAK_PULLUP                           ;        ;              ;         ; Row I/O    ;                 ; no       ; On           ;
; T1       ;            ; 3        ; VCCIO3                                                    ; power  ;              ; 2.5V    ; --         ;                 ; --       ; --           ;
; T2       ; 52         ; 3        ; RESERVED_INPUT_WITH_WEAK_PULLUP                           ;        ;              ;         ; Column I/O ;                 ; no       ; On           ;
; T3       ; 48         ; 3        ; RESERVED_INPUT_WITH_WEAK_PULLUP                           ;        ;              ;         ; Column I/O ;                 ; no       ; On           ;
; T4       ; 54         ; 3        ; RESERVED_INPUT_WITH_WEAK_PULLUP                           ;        ;              ;         ; Column I/O ;                 ; no       ; On           ;
; T5       ; 62         ; 3        ; RESERVED_INPUT_WITH_WEAK_PULLUP                           ;        ;              ;         ; Column I/O ;                 ; no       ; On           ;
; T6       ; 64         ; 3        ; RESERVED_INPUT_WITH_WEAK_PULLUP                           ;        ;              ;         ; Column I/O ;                 ; no       ; On           ;
; T7       ; 67         ; 3        ; read_data[7]                                              ; output ; 2.5 V        ;         ; Column I/O ; N               ; no       ; Off          ;
; T8       ; 73         ; 3        ; RESERVED_INPUT_WITH_WEAK_PULLUP                           ;        ;              ;         ; Column I/O ;                 ; no       ; On           ;
; T9       ; 75         ; 4        ; RESERVED_INPUT_WITH_WEAK_PULLUP                           ;        ;              ;         ; Column I/O ;                 ; no       ; On           ;
; T10      ; 81         ; 4        ; RESERVED_INPUT_WITH_WEAK_PULLUP                           ;        ;              ;         ; Column I/O ;                 ; no       ; On           ;
; T11      ; 84         ; 4        ; RESERVED_INPUT_WITH_WEAK_PULLUP                           ;        ;              ;         ; Column I/O ;                 ; no       ; On           ;
; T12      ; 86         ; 4        ; RESERVED_INPUT_WITH_WEAK_PULLUP                           ;        ;              ;         ; Column I/O ;                 ; no       ; On           ;
; T13      ; 92         ; 4        ; RESERVED_INPUT_WITH_WEAK_PULLUP                           ;        ;              ;         ; Column I/O ;                 ; no       ; On           ;
; T14      ; 95         ; 4        ; RESERVED_INPUT_WITH_WEAK_PULLUP                           ;        ;              ;         ; Column I/O ;                 ; no       ; On           ;
; T15      ; 96         ; 4        ; RESERVED_INPUT_WITH_WEAK_PULLUP                           ;        ;              ;         ; Column I/O ;                 ; no       ; On           ;
; T16      ;            ; 4        ; VCCIO4                                                    ; power  ;              ; 2.5V    ; --         ;                 ; --       ; --           ;
+----------+------------+----------+-----------------------------------------------------------+--------+--------------+---------+------------+-----------------+----------+--------------+
Note: Pin directions (input, output or bidir) are based on device operating in user mode.


+----------------------------------------------------------------------------------------------------------------------------------------------------------------------------------------------------------------------------------------------------------------------------------------------------------------------------------------------------------------------------------------------------------------------------------------------------+
; Fitter Resource Utilization by Entity                                                                                                                                                                                                                                                                                                                                                                                                              ;
+-----------------------------------------------------------+-------------+---------------------------+---------------+-------------+------+--------------+---------+-----------+------+--------------+--------------+-------------------+------------------+-------------------------------------------------------------------------------------------------------------------------------------------------------------------------+--------------+
; Compilation Hierarchy Node                                ; Logic Cells ; Dedicated Logic Registers ; I/O Registers ; Memory Bits ; M9Ks ; DSP Elements ; DSP 9x9 ; DSP 18x18 ; Pins ; Virtual Pins ; LUT-Only LCs ; Register-Only LCs ; LUT/Register LCs ; Full Hierarchy Name                                                                                                                                                     ; Library Name ;
+-----------------------------------------------------------+-------------+---------------------------+---------------+-------------+------+--------------+---------+-----------+------+--------------+--------------+-------------------+------------------+-------------------------------------------------------------------------------------------------------------------------------------------------------------------------+--------------+
; |FIFO_as                                                  ; 137 (1)     ; 111 (0)                   ; 0 (0)         ; 2048        ; 1    ; 0            ; 0       ; 0         ; 49   ; 0            ; 26 (1)       ; 38 (0)            ; 73 (0)           ; |FIFO_as                                                                                                                                                                ; work         ;
;    |fifo_as_8x256:fifo_as_8x256_inst|                     ; 136 (0)     ; 111 (0)                   ; 0 (0)         ; 2048        ; 1    ; 0            ; 0       ; 0         ; 0    ; 0            ; 25 (0)       ; 38 (0)            ; 73 (0)           ; |FIFO_as|fifo_as_8x256:fifo_as_8x256_inst                                                                                                                               ; work         ;
;       |dcfifo_mixed_widths:dcfifo_mixed_widths_component| ; 136 (0)     ; 111 (0)                   ; 0 (0)         ; 2048        ; 1    ; 0            ; 0       ; 0         ; 0    ; 0            ; 25 (0)       ; 38 (0)            ; 73 (0)           ; |FIFO_as|fifo_as_8x256:fifo_as_8x256_inst|dcfifo_mixed_widths:dcfifo_mixed_widths_component                                                                             ; work         ;
;          |dcfifo_bjl1:auto_generated|                     ; 136 (39)    ; 111 (25)                  ; 0 (0)         ; 2048        ; 1    ; 0            ; 0       ; 0         ; 0    ; 0            ; 25 (9)       ; 38 (12)           ; 73 (11)          ; |FIFO_as|fifo_as_8x256:fifo_as_8x256_inst|dcfifo_mixed_widths:dcfifo_mixed_widths_component|dcfifo_bjl1:auto_generated                                                  ; work         ;
;             |a_gray2bin_tgb:rdptr_g_gray2bin|             ; 7 (7)       ; 0 (0)                     ; 0 (0)         ; 0           ; 0    ; 0            ; 0       ; 0         ; 0    ; 0            ; 0 (0)        ; 0 (0)             ; 7 (7)            ; |FIFO_as|fifo_as_8x256:fifo_as_8x256_inst|dcfifo_mixed_widths:dcfifo_mixed_widths_component|dcfifo_bjl1:auto_generated|a_gray2bin_tgb:rdptr_g_gray2bin                  ; work         ;
;             |a_gray2bin_tgb:rs_dgwp_gray2bin|             ; 7 (7)       ; 0 (0)                     ; 0 (0)         ; 0           ; 0    ; 0            ; 0       ; 0         ; 0    ; 0            ; 0 (0)        ; 0 (0)             ; 7 (7)            ; |FIFO_as|fifo_as_8x256:fifo_as_8x256_inst|dcfifo_mixed_widths:dcfifo_mixed_widths_component|dcfifo_bjl1:auto_generated|a_gray2bin_tgb:rs_dgwp_gray2bin                  ; work         ;
;             |a_gray2bin_tgb:wrptr_g_gray2bin|             ; 6 (6)       ; 0 (0)                     ; 0 (0)         ; 0           ; 0    ; 0            ; 0       ; 0         ; 0    ; 0            ; 1 (1)        ; 0 (0)             ; 5 (5)            ; |FIFO_as|fifo_as_8x256:fifo_as_8x256_inst|dcfifo_mixed_widths:dcfifo_mixed_widths_component|dcfifo_bjl1:auto_generated|a_gray2bin_tgb:wrptr_g_gray2bin                  ; work         ;
;             |a_gray2bin_tgb:ws_dgrp_gray2bin|             ; 7 (7)       ; 0 (0)                     ; 0 (0)         ; 0           ; 0    ; 0            ; 0       ; 0         ; 0    ; 0            ; 0 (0)        ; 0 (0)             ; 7 (7)            ; |FIFO_as|fifo_as_8x256:fifo_as_8x256_inst|dcfifo_mixed_widths:dcfifo_mixed_widths_component|dcfifo_bjl1:auto_generated|a_gray2bin_tgb:ws_dgrp_gray2bin                  ; work         ;
;             |a_graycounter_l5c:wrptr_g1p|                 ; 16 (16)     ; 11 (11)                   ; 0 (0)         ; 0           ; 0    ; 0            ; 0       ; 0         ; 0    ; 0            ; 4 (4)        ; 0 (0)             ; 12 (12)          ; |FIFO_as|fifo_as_8x256:fifo_as_8x256_inst|dcfifo_mixed_widths:dcfifo_mixed_widths_component|dcfifo_bjl1:auto_generated|a_graycounter_l5c:wrptr_g1p                      ; work         ;
;             |a_graycounter_qn6:rdptr_g1p|                 ; 16 (16)     ; 11 (11)                   ; 0 (0)         ; 0           ; 0    ; 0            ; 0       ; 0         ; 0    ; 0            ; 4 (4)        ; 0 (0)             ; 12 (12)          ; |FIFO_as|fifo_as_8x256:fifo_as_8x256_inst|dcfifo_mixed_widths:dcfifo_mixed_widths_component|dcfifo_bjl1:auto_generated|a_graycounter_qn6:rdptr_g1p                      ; work         ;
;             |alt_synch_pipe_26d:rs_dgwp|                  ; 16 (0)      ; 16 (0)                    ; 0 (0)         ; 0           ; 0    ; 0            ; 0       ; 0         ; 0    ; 0            ; 0 (0)        ; 14 (0)            ; 2 (0)            ; |FIFO_as|fifo_as_8x256:fifo_as_8x256_inst|dcfifo_mixed_widths:dcfifo_mixed_widths_component|dcfifo_bjl1:auto_generated|alt_synch_pipe_26d:rs_dgwp                       ; work         ;
;                |dffpipe_1v8:dffpipe14|                    ; 16 (16)     ; 16 (16)                   ; 0 (0)         ; 0           ; 0    ; 0            ; 0       ; 0         ; 0    ; 0            ; 0 (0)        ; 14 (14)           ; 2 (2)            ; |FIFO_as|fifo_as_8x256:fifo_as_8x256_inst|dcfifo_mixed_widths:dcfifo_mixed_widths_component|dcfifo_bjl1:auto_generated|alt_synch_pipe_26d:rs_dgwp|dffpipe_1v8:dffpipe14 ; work         ;
;             |alt_synch_pipe_36d:ws_dgrp|                  ; 16 (0)      ; 16 (0)                    ; 0 (0)         ; 0           ; 0    ; 0            ; 0       ; 0         ; 0    ; 0            ; 0 (0)        ; 11 (0)            ; 5 (0)            ; |FIFO_as|fifo_as_8x256:fifo_as_8x256_inst|dcfifo_mixed_widths:dcfifo_mixed_widths_component|dcfifo_bjl1:auto_generated|alt_synch_pipe_36d:ws_dgrp                       ; work         ;
;                |dffpipe_3v8:dffpipe18|                    ; 16 (16)     ; 16 (16)                   ; 0 (0)         ; 0           ; 0    ; 0            ; 0       ; 0         ; 0    ; 0            ; 0 (0)        ; 11 (11)           ; 5 (5)            ; |FIFO_as|fifo_as_8x256:fifo_as_8x256_inst|dcfifo_mixed_widths:dcfifo_mixed_widths_component|dcfifo_bjl1:auto_generated|alt_synch_pipe_36d:ws_dgrp|dffpipe_3v8:dffpipe18 ; work         ;
;             |altsyncram_ou01:fifo_ram|                    ; 0 (0)       ; 0 (0)                     ; 0 (0)         ; 2048        ; 1    ; 0            ; 0       ; 0         ; 0    ; 0            ; 0 (0)        ; 0 (0)             ; 0 (0)            ; |FIFO_as|fifo_as_8x256:fifo_as_8x256_inst|dcfifo_mixed_widths:dcfifo_mixed_widths_component|dcfifo_bjl1:auto_generated|altsyncram_ou01:fifo_ram                         ; work         ;
;             |cmpr_e66:rdempty_eq_comp|                    ; 5 (5)       ; 0 (0)                     ; 0 (0)         ; 0           ; 0    ; 0            ; 0       ; 0         ; 0    ; 0            ; 1 (1)        ; 0 (0)             ; 4 (4)            ; |FIFO_as|fifo_as_8x256:fifo_as_8x256_inst|dcfifo_mixed_widths:dcfifo_mixed_widths_component|dcfifo_bjl1:auto_generated|cmpr_e66:rdempty_eq_comp                         ; work         ;
;             |cmpr_e66:rdfull_eq_comp|                     ; 2 (2)       ; 0 (0)                     ; 0 (0)         ; 0           ; 0    ; 0            ; 0       ; 0         ; 0    ; 0            ; 1 (1)        ; 0 (0)             ; 1 (1)            ; |FIFO_as|fifo_as_8x256:fifo_as_8x256_inst|dcfifo_mixed_widths:dcfifo_mixed_widths_component|dcfifo_bjl1:auto_generated|cmpr_e66:rdfull_eq_comp                          ; work         ;
;             |cmpr_e66:wrempty_eq_comp|                    ; 5 (5)       ; 0 (0)                     ; 0 (0)         ; 0           ; 0    ; 0            ; 0       ; 0         ; 0    ; 0            ; 2 (2)        ; 0 (0)             ; 3 (3)            ; |FIFO_as|fifo_as_8x256:fifo_as_8x256_inst|dcfifo_mixed_widths:dcfifo_mixed_widths_component|dcfifo_bjl1:auto_generated|cmpr_e66:wrempty_eq_comp                         ; work         ;
;             |cmpr_e66:wrfull_eq_comp|                     ; 2 (2)       ; 0 (0)                     ; 0 (0)         ; 0           ; 0    ; 0            ; 0       ; 0         ; 0    ; 0            ; 1 (1)        ; 0 (0)             ; 1 (1)            ; |FIFO_as|fifo_as_8x256:fifo_as_8x256_inst|dcfifo_mixed_widths:dcfifo_mixed_widths_component|dcfifo_bjl1:auto_generated|cmpr_e66:wrfull_eq_comp                          ; work         ;
;             |cntr_old:cntr_b|                             ; 3 (3)       ; 1 (1)                     ; 0 (0)         ; 0           ; 0    ; 0            ; 0       ; 0         ; 0    ; 0            ; 2 (2)        ; 0 (0)             ; 1 (1)            ; |FIFO_as|fifo_as_8x256:fifo_as_8x256_inst|dcfifo_mixed_widths:dcfifo_mixed_widths_component|dcfifo_bjl1:auto_generated|cntr_old:cntr_b                                  ; work         ;
;             |dffpipe_0v8:rs_brp|                          ; 7 (7)       ; 7 (7)                     ; 0 (0)         ; 0           ; 0    ; 0            ; 0       ; 0         ; 0    ; 0            ; 0 (0)        ; 0 (0)             ; 7 (7)            ; |FIFO_as|fifo_as_8x256:fifo_as_8x256_inst|dcfifo_mixed_widths:dcfifo_mixed_widths_component|dcfifo_bjl1:auto_generated|dffpipe_0v8:rs_brp                               ; work         ;
;             |dffpipe_0v8:rs_bwp|                          ; 7 (7)       ; 7 (7)                     ; 0 (0)         ; 0           ; 0    ; 0            ; 0       ; 0         ; 0    ; 0            ; 0 (0)        ; 0 (0)             ; 7 (7)            ; |FIFO_as|fifo_as_8x256:fifo_as_8x256_inst|dcfifo_mixed_widths:dcfifo_mixed_widths_component|dcfifo_bjl1:auto_generated|dffpipe_0v8:rs_bwp                               ; work         ;
;             |dffpipe_0v8:ws_brp|                          ; 7 (7)       ; 7 (7)                     ; 0 (0)         ; 0           ; 0    ; 0            ; 0       ; 0         ; 0    ; 0            ; 0 (0)        ; 0 (0)             ; 7 (7)            ; |FIFO_as|fifo_as_8x256:fifo_as_8x256_inst|dcfifo_mixed_widths:dcfifo_mixed_widths_component|dcfifo_bjl1:auto_generated|dffpipe_0v8:ws_brp                               ; work         ;
;             |dffpipe_2v8:ws_bwp|                          ; 8 (8)       ; 8 (8)                     ; 0 (0)         ; 0           ; 0    ; 0            ; 0       ; 0         ; 0    ; 0            ; 0 (0)        ; 1 (1)             ; 7 (7)            ; |FIFO_as|fifo_as_8x256:fifo_as_8x256_inst|dcfifo_mixed_widths:dcfifo_mixed_widths_component|dcfifo_bjl1:auto_generated|dffpipe_2v8:ws_bwp                               ; work         ;
;             |dffpipe_pu8:rdfull_reg|                      ; 1 (1)       ; 1 (1)                     ; 0 (0)         ; 0           ; 0    ; 0            ; 0       ; 0         ; 0    ; 0            ; 0 (0)        ; 0 (0)             ; 1 (1)            ; |FIFO_as|fifo_as_8x256:fifo_as_8x256_inst|dcfifo_mixed_widths:dcfifo_mixed_widths_component|dcfifo_bjl1:auto_generated|dffpipe_pu8:rdfull_reg                           ; work         ;
;             |dffpipe_pu8:wrfull_reg|                      ; 1 (1)       ; 1 (1)                     ; 0 (0)         ; 0           ; 0    ; 0            ; 0       ; 0         ; 0    ; 0            ; 0 (0)        ; 0 (0)             ; 1 (1)            ; |FIFO_as|fifo_as_8x256:fifo_as_8x256_inst|dcfifo_mixed_widths:dcfifo_mixed_widths_component|dcfifo_bjl1:auto_generated|dffpipe_pu8:wrfull_reg                           ; work         ;
+-----------------------------------------------------------+-------------+---------------------------+---------------+-------------+------+--------------+---------+-----------+------+--------------+--------------+-------------------+------------------+-------------------------------------------------------------------------------------------------------------------------------------------------------------------------+--------------+
Note: For table entries with two numbers listed, the numbers in parentheses indicate the number of resources of the given type used by the specific entity alone. The numbers listed outside of parentheses indicate the total resources of the given type used by the specific entity and all of its sub-entities in the hierarchy.


+------------------------------------------------------------------------------------------------+
; Delay Chain Summary                                                                            ;
+----------------+----------+---------------+---------------+-----------------------+-----+------+
; Name           ; Pin Type ; Pad to Core 0 ; Pad to Core 1 ; Pad to Input Register ; TCO ; TCOE ;
+----------------+----------+---------------+---------------+-----------------------+-----+------+
; read_data[0]   ; Output   ; --            ; --            ; --                    ; --  ; --   ;
; read_data[1]   ; Output   ; --            ; --            ; --                    ; --  ; --   ;
; read_data[2]   ; Output   ; --            ; --            ; --                    ; --  ; --   ;
; read_data[3]   ; Output   ; --            ; --            ; --                    ; --  ; --   ;
; read_data[4]   ; Output   ; --            ; --            ; --                    ; --  ; --   ;
; read_data[5]   ; Output   ; --            ; --            ; --                    ; --  ; --   ;
; read_data[6]   ; Output   ; --            ; --            ; --                    ; --  ; --   ;
; read_data[7]   ; Output   ; --            ; --            ; --                    ; --  ; --   ;
; read_data[8]   ; Output   ; --            ; --            ; --                    ; --  ; --   ;
; read_data[9]   ; Output   ; --            ; --            ; --                    ; --  ; --   ;
; read_data[10]  ; Output   ; --            ; --            ; --                    ; --  ; --   ;
; read_data[11]  ; Output   ; --            ; --            ; --                    ; --  ; --   ;
; read_data[12]  ; Output   ; --            ; --            ; --                    ; --  ; --   ;
; read_data[13]  ; Output   ; --            ; --            ; --                    ; --  ; --   ;
; read_data[14]  ; Output   ; --            ; --            ; --                    ; --  ; --   ;
; read_data[15]  ; Output   ; --            ; --            ; --                    ; --  ; --   ;
; write_empty    ; Output   ; --            ; --            ; --                    ; --  ; --   ;
; write_full     ; Output   ; --            ; --            ; --                    ; --  ; --   ;
; write_usedw[0] ; Output   ; --            ; --            ; --                    ; --  ; --   ;
; write_usedw[1] ; Output   ; --            ; --            ; --                    ; --  ; --   ;
; write_usedw[2] ; Output   ; --            ; --            ; --                    ; --  ; --   ;
; write_usedw[3] ; Output   ; --            ; --            ; --                    ; --  ; --   ;
; write_usedw[4] ; Output   ; --            ; --            ; --                    ; --  ; --   ;
; write_usedw[5] ; Output   ; --            ; --            ; --                    ; --  ; --   ;
; write_usedw[6] ; Output   ; --            ; --            ; --                    ; --  ; --   ;
; write_usedw[7] ; Output   ; --            ; --            ; --                    ; --  ; --   ;
; write_usedw[8] ; Output   ; --            ; --            ; --                    ; --  ; --   ;
; read_empty     ; Output   ; --            ; --            ; --                    ; --  ; --   ;
; read_full      ; Output   ; --            ; --            ; --                    ; --  ; --   ;
; read_usedw[0]  ; Output   ; --            ; --            ; --                    ; --  ; --   ;
; read_usedw[1]  ; Output   ; --            ; --            ; --                    ; --  ; --   ;
; read_usedw[2]  ; Output   ; --            ; --            ; --                    ; --  ; --   ;
; read_usedw[3]  ; Output   ; --            ; --            ; --                    ; --  ; --   ;
; read_usedw[4]  ; Output   ; --            ; --            ; --                    ; --  ; --   ;
; read_usedw[5]  ; Output   ; --            ; --            ; --                    ; --  ; --   ;
; read_usedw[6]  ; Output   ; --            ; --            ; --                    ; --  ; --   ;
; read_usedw[7]  ; Output   ; --            ; --            ; --                    ; --  ; --   ;
; write_request  ; Input    ; (6) 1314 ps   ; --            ; --                    ; --  ; --   ;
; read_request   ; Input    ; (6) 1314 ps   ; --            ; --                    ; --  ; --   ;
; write_clock    ; Input    ; (0) 0 ps      ; --            ; --                    ; --  ; --   ;
; read_clock     ; Input    ; (0) 0 ps      ; --            ; --                    ; --  ; --   ;
; write_data[0]  ; Input    ; (6) 1314 ps   ; --            ; --                    ; --  ; --   ;
; write_data[1]  ; Input    ; (6) 1314 ps   ; --            ; --                    ; --  ; --   ;
; write_data[2]  ; Input    ; (6) 1314 ps   ; --            ; --                    ; --  ; --   ;
; write_data[3]  ; Input    ; (6) 1314 ps   ; --            ; --                    ; --  ; --   ;
; write_data[4]  ; Input    ; (6) 1314 ps   ; --            ; --                    ; --  ; --   ;
; write_data[5]  ; Input    ; (6) 1314 ps   ; --            ; --                    ; --  ; --   ;
; write_data[6]  ; Input    ; (6) 1314 ps   ; --            ; --                    ; --  ; --   ;
; write_data[7]  ; Input    ; (6) 1314 ps   ; --            ; --                    ; --  ; --   ;
+----------------+----------+---------------+---------------+-----------------------+-----+------+


+-------------------------------------------------------------------------------------------------------------------------------------------------------------------------------------------+
; Pad To Core Delay Chain Fanout                                                                                                                                                            ;
+-------------------------------------------------------------------------------------------------------------------------------------------------------------+-------------------+---------+
; Source Pin / Fanout                                                                                                                                         ; Pad To Core Index ; Setting ;
+-------------------------------------------------------------------------------------------------------------------------------------------------------------+-------------------+---------+
; write_request                                                                                                                                               ;                   ;         ;
;      - fifo_as_8x256:fifo_as_8x256_inst|dcfifo_mixed_widths:dcfifo_mixed_widths_component|dcfifo_bjl1:auto_generated|valid_wrreq~0                          ; 0                 ; 6       ;
;      - fifo_as_8x256:fifo_as_8x256_inst|dcfifo_mixed_widths:dcfifo_mixed_widths_component|dcfifo_bjl1:auto_generated|a_graycounter_l5c:wrptr_g1p|_~0        ; 0                 ; 6       ;
;      - fifo_as_8x256:fifo_as_8x256_inst|dcfifo_mixed_widths:dcfifo_mixed_widths_component|dcfifo_bjl1:auto_generated|_~0                                    ; 0                 ; 6       ;
; read_request                                                                                                                                                ;                   ;         ;
;      - fifo_as_8x256:fifo_as_8x256_inst|dcfifo_mixed_widths:dcfifo_mixed_widths_component|dcfifo_bjl1:auto_generated|valid_rdreq~0                          ; 0                 ; 6       ;
;      - fifo_as_8x256:fifo_as_8x256_inst|dcfifo_mixed_widths:dcfifo_mixed_widths_component|dcfifo_bjl1:auto_generated|a_graycounter_qn6:rdptr_g1p|_~2        ; 0                 ; 6       ;
; write_clock                                                                                                                                                 ;                   ;         ;
; read_clock                                                                                                                                                  ;                   ;         ;
; write_data[0]                                                                                                                                               ;                   ;         ;
;      - fifo_as_8x256:fifo_as_8x256_inst|dcfifo_mixed_widths:dcfifo_mixed_widths_component|dcfifo_bjl1:auto_generated|altsyncram_ou01:fifo_ram|ram_block11a0 ; 0                 ; 6       ;
; write_data[1]                                                                                                                                               ;                   ;         ;
;      - fifo_as_8x256:fifo_as_8x256_inst|dcfifo_mixed_widths:dcfifo_mixed_widths_component|dcfifo_bjl1:auto_generated|altsyncram_ou01:fifo_ram|ram_block11a0 ; 0                 ; 6       ;
; write_data[2]                                                                                                                                               ;                   ;         ;
;      - fifo_as_8x256:fifo_as_8x256_inst|dcfifo_mixed_widths:dcfifo_mixed_widths_component|dcfifo_bjl1:auto_generated|altsyncram_ou01:fifo_ram|ram_block11a0 ; 0                 ; 6       ;
; write_data[3]                                                                                                                                               ;                   ;         ;
;      - fifo_as_8x256:fifo_as_8x256_inst|dcfifo_mixed_widths:dcfifo_mixed_widths_component|dcfifo_bjl1:auto_generated|altsyncram_ou01:fifo_ram|ram_block11a0 ; 0                 ; 6       ;
; write_data[4]                                                                                                                                               ;                   ;         ;
;      - fifo_as_8x256:fifo_as_8x256_inst|dcfifo_mixed_widths:dcfifo_mixed_widths_component|dcfifo_bjl1:auto_generated|altsyncram_ou01:fifo_ram|ram_block11a0 ; 0                 ; 6       ;
; write_data[5]                                                                                                                                               ;                   ;         ;
;      - fifo_as_8x256:fifo_as_8x256_inst|dcfifo_mixed_widths:dcfifo_mixed_widths_component|dcfifo_bjl1:auto_generated|altsyncram_ou01:fifo_ram|ram_block11a0 ; 0                 ; 6       ;
; write_data[6]                                                                                                                                               ;                   ;         ;
;      - fifo_as_8x256:fifo_as_8x256_inst|dcfifo_mixed_widths:dcfifo_mixed_widths_component|dcfifo_bjl1:auto_generated|altsyncram_ou01:fifo_ram|ram_block11a0 ; 0                 ; 6       ;
; write_data[7]                                                                                                                                               ;                   ;         ;
;      - fifo_as_8x256:fifo_as_8x256_inst|dcfifo_mixed_widths:dcfifo_mixed_widths_component|dcfifo_bjl1:auto_generated|altsyncram_ou01:fifo_ram|ram_block11a0 ; 0                 ; 6       ;
+-------------------------------------------------------------------------------------------------------------------------------------------------------------+-------------------+---------+


+------------------------------------------------------------------------------------------------------------------------------------------------------------------------------------------------------------------------------------------------------------------------+
; Control Signals                                                                                                                                                                                                                                                        ;
+-----------------------------------------------------------------------------------------------------------------------------+--------------------+---------+----------------------------+--------+----------------------+------------------+---------------------------+
; Name                                                                                                                        ; Location           ; Fan-Out ; Usage                      ; Global ; Global Resource Used ; Global Line Name ; Enable Signal Source Name ;
+-----------------------------------------------------------------------------------------------------------------------------+--------------------+---------+----------------------------+--------+----------------------+------------------+---------------------------+
; fifo_as_8x256:fifo_as_8x256_inst|dcfifo_mixed_widths:dcfifo_mixed_widths_component|dcfifo_bjl1:auto_generated|_~0           ; LCCOMB_X17_Y22_N24 ; 6       ; Clock enable               ; no     ; --                   ; --               ; --                        ;
; fifo_as_8x256:fifo_as_8x256_inst|dcfifo_mixed_widths:dcfifo_mixed_widths_component|dcfifo_bjl1:auto_generated|valid_rdreq~0 ; LCCOMB_X16_Y21_N0  ; 14      ; Clock enable               ; no     ; --                   ; --               ; --                        ;
; fifo_as_8x256:fifo_as_8x256_inst|dcfifo_mixed_widths:dcfifo_mixed_widths_component|dcfifo_bjl1:auto_generated|valid_wrreq~0 ; LCCOMB_X16_Y22_N26 ; 11      ; Clock enable, Write enable ; no     ; --                   ; --               ; --                        ;
; read_clock                                                                                                                  ; PIN_M2             ; 51      ; Clock                      ; yes    ; Global Clock         ; GCLK4            ; --                        ;
; write_clock                                                                                                                 ; PIN_E1             ; 62      ; Clock                      ; yes    ; Global Clock         ; GCLK2            ; --                        ;
+-----------------------------------------------------------------------------------------------------------------------------+--------------------+---------+----------------------------+--------+----------------------+------------------+---------------------------+


+-----------------------------------------------------------------------------------------------------------------------------------------------+
; Global & Other Fast Signals                                                                                                                   ;
+-------------+----------+---------+--------------------------------------+----------------------+------------------+---------------------------+
; Name        ; Location ; Fan-Out ; Fan-Out Using Intentional Clock Skew ; Global Resource Used ; Global Line Name ; Enable Signal Source Name ;
+-------------+----------+---------+--------------------------------------+----------------------+------------------+---------------------------+
; read_clock  ; PIN_M2   ; 51      ; 1                                    ; Global Clock         ; GCLK4            ; --                        ;
; write_clock ; PIN_E1   ; 62      ; 1                                    ; Global Clock         ; GCLK2            ; --                        ;
+-------------+----------+---------+--------------------------------------+----------------------+------------------+---------------------------+


+-------------------------------------------------------------------------------------------------------------------------------------------------------------------------------------+
; Non-Global High Fan-Out Signals                                                                                                                                                     ;
+---------------------------------------------------------------------------------------------------------------------------------------------------------------------------+---------+
; Name                                                                                                                                                                      ; Fan-Out ;
+---------------------------------------------------------------------------------------------------------------------------------------------------------------------------+---------+
; fifo_as_8x256:fifo_as_8x256_inst|dcfifo_mixed_widths:dcfifo_mixed_widths_component|dcfifo_bjl1:auto_generated|valid_rdreq~0                                               ; 15      ;
; fifo_as_8x256:fifo_as_8x256_inst|dcfifo_mixed_widths:dcfifo_mixed_widths_component|dcfifo_bjl1:auto_generated|valid_wrreq~0                                               ; 12      ;
; fifo_as_8x256:fifo_as_8x256_inst|dcfifo_mixed_widths:dcfifo_mixed_widths_component|dcfifo_bjl1:auto_generated|a_graycounter_qn6:rdptr_g1p|counter5a1                      ; 8       ;
; fifo_as_8x256:fifo_as_8x256_inst|dcfifo_mixed_widths:dcfifo_mixed_widths_component|dcfifo_bjl1:auto_generated|a_graycounter_l5c:wrptr_g1p|counter10a[2]                   ; 7       ;
; fifo_as_8x256:fifo_as_8x256_inst|dcfifo_mixed_widths:dcfifo_mixed_widths_component|dcfifo_bjl1:auto_generated|a_graycounter_qn6:rdptr_g1p|counter5a4                      ; 7       ;
; fifo_as_8x256:fifo_as_8x256_inst|dcfifo_mixed_widths:dcfifo_mixed_widths_component|dcfifo_bjl1:auto_generated|a_graycounter_qn6:rdptr_g1p|counter5a2                      ; 7       ;
; fifo_as_8x256:fifo_as_8x256_inst|dcfifo_mixed_widths:dcfifo_mixed_widths_component|dcfifo_bjl1:auto_generated|_~0                                                         ; 6       ;
; fifo_as_8x256:fifo_as_8x256_inst|dcfifo_mixed_widths:dcfifo_mixed_widths_component|dcfifo_bjl1:auto_generated|a_graycounter_l5c:wrptr_g1p|counter10a[0]                   ; 6       ;
; fifo_as_8x256:fifo_as_8x256_inst|dcfifo_mixed_widths:dcfifo_mixed_widths_component|dcfifo_bjl1:auto_generated|a_graycounter_l5c:wrptr_g1p|counter10a[3]                   ; 6       ;
; fifo_as_8x256:fifo_as_8x256_inst|dcfifo_mixed_widths:dcfifo_mixed_widths_component|dcfifo_bjl1:auto_generated|a_graycounter_qn6:rdptr_g1p|counter5a5                      ; 6       ;
; fifo_as_8x256:fifo_as_8x256_inst|dcfifo_mixed_widths:dcfifo_mixed_widths_component|dcfifo_bjl1:auto_generated|a_graycounter_qn6:rdptr_g1p|counter5a3                      ; 6       ;
; fifo_as_8x256:fifo_as_8x256_inst|dcfifo_mixed_widths:dcfifo_mixed_widths_component|dcfifo_bjl1:auto_generated|a_graycounter_qn6:rdptr_g1p|counter5a0                      ; 6       ;
; fifo_as_8x256:fifo_as_8x256_inst|dcfifo_mixed_widths:dcfifo_mixed_widths_component|dcfifo_bjl1:auto_generated|rdptr_g[7]                                                  ; 6       ;
; fifo_as_8x256:fifo_as_8x256_inst|dcfifo_mixed_widths:dcfifo_mixed_widths_component|dcfifo_bjl1:auto_generated|rdptr_g[6]                                                  ; 6       ;
; fifo_as_8x256:fifo_as_8x256_inst|dcfifo_mixed_widths:dcfifo_mixed_widths_component|dcfifo_bjl1:auto_generated|wrptr_g[4]                                                  ; 6       ;
; fifo_as_8x256:fifo_as_8x256_inst|dcfifo_mixed_widths:dcfifo_mixed_widths_component|dcfifo_bjl1:auto_generated|wrptr_g[8]                                                  ; 6       ;
; fifo_as_8x256:fifo_as_8x256_inst|dcfifo_mixed_widths:dcfifo_mixed_widths_component|dcfifo_bjl1:auto_generated|wrptr_g[7]                                                  ; 6       ;
; fifo_as_8x256:fifo_as_8x256_inst|dcfifo_mixed_widths:dcfifo_mixed_widths_component|dcfifo_bjl1:auto_generated|a_graycounter_l5c:wrptr_g1p|counter10a[1]                   ; 5       ;
; fifo_as_8x256:fifo_as_8x256_inst|dcfifo_mixed_widths:dcfifo_mixed_widths_component|dcfifo_bjl1:auto_generated|a_graycounter_l5c:wrptr_g1p|counter10a[5]                   ; 5       ;
; fifo_as_8x256:fifo_as_8x256_inst|dcfifo_mixed_widths:dcfifo_mixed_widths_component|dcfifo_bjl1:auto_generated|a_graycounter_l5c:wrptr_g1p|counter10a[4]                   ; 5       ;
; fifo_as_8x256:fifo_as_8x256_inst|dcfifo_mixed_widths:dcfifo_mixed_widths_component|dcfifo_bjl1:auto_generated|rdptr_g[3]                                                  ; 5       ;
; fifo_as_8x256:fifo_as_8x256_inst|dcfifo_mixed_widths:dcfifo_mixed_widths_component|dcfifo_bjl1:auto_generated|alt_synch_pipe_26d:rs_dgwp|dffpipe_1v8:dffpipe14|dffe16a[7] ; 5       ;
; fifo_as_8x256:fifo_as_8x256_inst|dcfifo_mixed_widths:dcfifo_mixed_widths_component|dcfifo_bjl1:auto_generated|alt_synch_pipe_26d:rs_dgwp|dffpipe_1v8:dffpipe14|dffe16a[6] ; 5       ;
; fifo_as_8x256:fifo_as_8x256_inst|dcfifo_mixed_widths:dcfifo_mixed_widths_component|dcfifo_bjl1:auto_generated|cmpr_e66:wrfull_eq_comp|aneb_result_wire[0]                 ; 5       ;
; fifo_as_8x256:fifo_as_8x256_inst|dcfifo_mixed_widths:dcfifo_mixed_widths_component|dcfifo_bjl1:auto_generated|wrptr_g[3]                                                  ; 5       ;
; fifo_as_8x256:fifo_as_8x256_inst|dcfifo_mixed_widths:dcfifo_mixed_widths_component|dcfifo_bjl1:auto_generated|wrptr_g[6]                                                  ; 5       ;
; fifo_as_8x256:fifo_as_8x256_inst|dcfifo_mixed_widths:dcfifo_mixed_widths_component|dcfifo_bjl1:auto_generated|alt_synch_pipe_36d:ws_dgrp|dffpipe_3v8:dffpipe18|dffe20a[7] ; 5       ;
; fifo_as_8x256:fifo_as_8x256_inst|dcfifo_mixed_widths:dcfifo_mixed_widths_component|dcfifo_bjl1:auto_generated|alt_synch_pipe_36d:ws_dgrp|dffpipe_3v8:dffpipe18|dffe20a[6] ; 5       ;
; fifo_as_8x256:fifo_as_8x256_inst|dcfifo_mixed_widths:dcfifo_mixed_widths_component|dcfifo_bjl1:auto_generated|a_graycounter_l5c:wrptr_g1p|_~1                             ; 4       ;
; fifo_as_8x256:fifo_as_8x256_inst|dcfifo_mixed_widths:dcfifo_mixed_widths_component|dcfifo_bjl1:auto_generated|a_graycounter_l5c:wrptr_g1p|parity8                         ; 4       ;
; fifo_as_8x256:fifo_as_8x256_inst|dcfifo_mixed_widths:dcfifo_mixed_widths_component|dcfifo_bjl1:auto_generated|a_graycounter_qn6:rdptr_g1p|_~2                             ; 4       ;
; fifo_as_8x256:fifo_as_8x256_inst|dcfifo_mixed_widths:dcfifo_mixed_widths_component|dcfifo_bjl1:auto_generated|a_gray2bin_tgb:rdptr_g_gray2bin|xor4                        ; 4       ;
; fifo_as_8x256:fifo_as_8x256_inst|dcfifo_mixed_widths:dcfifo_mixed_widths_component|dcfifo_bjl1:auto_generated|a_gray2bin_tgb:rs_dgwp_gray2bin|xor4                        ; 4       ;
; fifo_as_8x256:fifo_as_8x256_inst|dcfifo_mixed_widths:dcfifo_mixed_widths_component|dcfifo_bjl1:auto_generated|a_gray2bin_tgb:ws_dgrp_gray2bin|xor4                        ; 4       ;
; fifo_as_8x256:fifo_as_8x256_inst|dcfifo_mixed_widths:dcfifo_mixed_widths_component|dcfifo_bjl1:auto_generated|a_gray2bin_tgb:wrptr_g_gray2bin|xor4                        ; 4       ;
; fifo_as_8x256:fifo_as_8x256_inst|dcfifo_mixed_widths:dcfifo_mixed_widths_component|dcfifo_bjl1:auto_generated|a_graycounter_qn6:rdptr_g1p|counter5a7                      ; 4       ;
; fifo_as_8x256:fifo_as_8x256_inst|dcfifo_mixed_widths:dcfifo_mixed_widths_component|dcfifo_bjl1:auto_generated|a_graycounter_qn6:rdptr_g1p|counter5a6                      ; 4       ;
; fifo_as_8x256:fifo_as_8x256_inst|dcfifo_mixed_widths:dcfifo_mixed_widths_component|dcfifo_bjl1:auto_generated|alt_synch_pipe_26d:rs_dgwp|dffpipe_1v8:dffpipe14|dffe16a[3] ; 4       ;
; fifo_as_8x256:fifo_as_8x256_inst|dcfifo_mixed_widths:dcfifo_mixed_widths_component|dcfifo_bjl1:auto_generated|rdptr_g[2]                                                  ; 4       ;
; fifo_as_8x256:fifo_as_8x256_inst|dcfifo_mixed_widths:dcfifo_mixed_widths_component|dcfifo_bjl1:auto_generated|rdptr_g[5]                                                  ; 4       ;
; fifo_as_8x256:fifo_as_8x256_inst|dcfifo_mixed_widths:dcfifo_mixed_widths_component|dcfifo_bjl1:auto_generated|wrptr_g[2]                                                  ; 4       ;
; fifo_as_8x256:fifo_as_8x256_inst|dcfifo_mixed_widths:dcfifo_mixed_widths_component|dcfifo_bjl1:auto_generated|wrptr_g[1]                                                  ; 4       ;
; fifo_as_8x256:fifo_as_8x256_inst|dcfifo_mixed_widths:dcfifo_mixed_widths_component|dcfifo_bjl1:auto_generated|alt_synch_pipe_36d:ws_dgrp|dffpipe_3v8:dffpipe18|dffe20a[3] ; 4       ;
; fifo_as_8x256:fifo_as_8x256_inst|dcfifo_mixed_widths:dcfifo_mixed_widths_component|dcfifo_bjl1:auto_generated|wrptr_g[5]                                                  ; 4       ;
; write_request~input                                                                                                                                                       ; 3       ;
; fifo_as_8x256:fifo_as_8x256_inst|dcfifo_mixed_widths:dcfifo_mixed_widths_component|dcfifo_bjl1:auto_generated|a_graycounter_qn6:rdptr_g1p|_~4                             ; 3       ;
; fifo_as_8x256:fifo_as_8x256_inst|dcfifo_mixed_widths:dcfifo_mixed_widths_component|dcfifo_bjl1:auto_generated|a_graycounter_qn6:rdptr_g1p|parity6                         ; 3       ;
; fifo_as_8x256:fifo_as_8x256_inst|dcfifo_mixed_widths:dcfifo_mixed_widths_component|dcfifo_bjl1:auto_generated|a_graycounter_l5c:wrptr_g1p|counter10a[7]                   ; 3       ;
; fifo_as_8x256:fifo_as_8x256_inst|dcfifo_mixed_widths:dcfifo_mixed_widths_component|dcfifo_bjl1:auto_generated|a_graycounter_l5c:wrptr_g1p|counter10a[6]                   ; 3       ;
; fifo_as_8x256:fifo_as_8x256_inst|dcfifo_mixed_widths:dcfifo_mixed_widths_component|dcfifo_bjl1:auto_generated|cmpr_e66:rdempty_eq_comp|aneb_result_wire[0]                ; 3       ;
; fifo_as_8x256:fifo_as_8x256_inst|dcfifo_mixed_widths:dcfifo_mixed_widths_component|dcfifo_bjl1:auto_generated|rdptr_g[1]                                                  ; 3       ;
; fifo_as_8x256:fifo_as_8x256_inst|dcfifo_mixed_widths:dcfifo_mixed_widths_component|dcfifo_bjl1:auto_generated|rdptr_g[0]                                                  ; 3       ;
; fifo_as_8x256:fifo_as_8x256_inst|dcfifo_mixed_widths:dcfifo_mixed_widths_component|dcfifo_bjl1:auto_generated|alt_synch_pipe_26d:rs_dgwp|dffpipe_1v8:dffpipe14|dffe16a[2] ; 3       ;
; fifo_as_8x256:fifo_as_8x256_inst|dcfifo_mixed_widths:dcfifo_mixed_widths_component|dcfifo_bjl1:auto_generated|alt_synch_pipe_26d:rs_dgwp|dffpipe_1v8:dffpipe14|dffe16a[5] ; 3       ;
; fifo_as_8x256:fifo_as_8x256_inst|dcfifo_mixed_widths:dcfifo_mixed_widths_component|dcfifo_bjl1:auto_generated|rdptr_g[4]                                                  ; 3       ;
; fifo_as_8x256:fifo_as_8x256_inst|dcfifo_mixed_widths:dcfifo_mixed_widths_component|dcfifo_bjl1:auto_generated|alt_synch_pipe_36d:ws_dgrp|dffpipe_3v8:dffpipe18|dffe20a[2] ; 3       ;
; fifo_as_8x256:fifo_as_8x256_inst|dcfifo_mixed_widths:dcfifo_mixed_widths_component|dcfifo_bjl1:auto_generated|alt_synch_pipe_36d:ws_dgrp|dffpipe_3v8:dffpipe18|dffe20a[5] ; 3       ;
; ~QUARTUS_CREATED_GND~I                                                                                                                                                    ; 2       ;
; read_request~input                                                                                                                                                        ; 2       ;
; fifo_as_8x256:fifo_as_8x256_inst|dcfifo_mixed_widths:dcfifo_mixed_widths_component|dcfifo_bjl1:auto_generated|a_graycounter_l5c:wrptr_g1p|_~2                             ; 2       ;
; fifo_as_8x256:fifo_as_8x256_inst|dcfifo_mixed_widths:dcfifo_mixed_widths_component|dcfifo_bjl1:auto_generated|cntr_old:cntr_b|counter_reg_bit0                            ; 2       ;
; fifo_as_8x256:fifo_as_8x256_inst|dcfifo_mixed_widths:dcfifo_mixed_widths_component|dcfifo_bjl1:auto_generated|a_gray2bin_tgb:rdptr_g_gray2bin|xor1                        ; 2       ;
; fifo_as_8x256:fifo_as_8x256_inst|dcfifo_mixed_widths:dcfifo_mixed_widths_component|dcfifo_bjl1:auto_generated|a_gray2bin_tgb:rs_dgwp_gray2bin|xor1                        ; 2       ;
; fifo_as_8x256:fifo_as_8x256_inst|dcfifo_mixed_widths:dcfifo_mixed_widths_component|dcfifo_bjl1:auto_generated|a_gray2bin_tgb:ws_dgrp_gray2bin|xor1                        ; 2       ;
; fifo_as_8x256:fifo_as_8x256_inst|dcfifo_mixed_widths:dcfifo_mixed_widths_component|dcfifo_bjl1:auto_generated|a_gray2bin_tgb:wrptr_g_gray2bin|xor1                        ; 2       ;
; fifo_as_8x256:fifo_as_8x256_inst|dcfifo_mixed_widths:dcfifo_mixed_widths_component|dcfifo_bjl1:auto_generated|ram_address_a[7]                                            ; 2       ;
; fifo_as_8x256:fifo_as_8x256_inst|dcfifo_mixed_widths:dcfifo_mixed_widths_component|dcfifo_bjl1:auto_generated|wrptr_g[0]                                                  ; 2       ;
; fifo_as_8x256:fifo_as_8x256_inst|dcfifo_mixed_widths:dcfifo_mixed_widths_component|dcfifo_bjl1:auto_generated|cmpr_e66:rdfull_eq_comp|aneb_result_wire[0]                 ; 2       ;
; fifo_as_8x256:fifo_as_8x256_inst|dcfifo_mixed_widths:dcfifo_mixed_widths_component|dcfifo_bjl1:auto_generated|cmpr_e66:rdempty_eq_comp|aneb_result_wire[0]~3              ; 2       ;
; fifo_as_8x256:fifo_as_8x256_inst|dcfifo_mixed_widths:dcfifo_mixed_widths_component|dcfifo_bjl1:auto_generated|alt_synch_pipe_26d:rs_dgwp|dffpipe_1v8:dffpipe14|dffe16a[0] ; 2       ;
; fifo_as_8x256:fifo_as_8x256_inst|dcfifo_mixed_widths:dcfifo_mixed_widths_component|dcfifo_bjl1:auto_generated|alt_synch_pipe_26d:rs_dgwp|dffpipe_1v8:dffpipe14|dffe16a[1] ; 2       ;
; fifo_as_8x256:fifo_as_8x256_inst|dcfifo_mixed_widths:dcfifo_mixed_widths_component|dcfifo_bjl1:auto_generated|cmpr_e66:rdempty_eq_comp|aneb_result_wire[0]~2              ; 2       ;
; fifo_as_8x256:fifo_as_8x256_inst|dcfifo_mixed_widths:dcfifo_mixed_widths_component|dcfifo_bjl1:auto_generated|cmpr_e66:rdempty_eq_comp|aneb_result_wire[0]~1              ; 2       ;
; fifo_as_8x256:fifo_as_8x256_inst|dcfifo_mixed_widths:dcfifo_mixed_widths_component|dcfifo_bjl1:auto_generated|alt_synch_pipe_26d:rs_dgwp|dffpipe_1v8:dffpipe14|dffe16a[4] ; 2       ;
; fifo_as_8x256:fifo_as_8x256_inst|dcfifo_mixed_widths:dcfifo_mixed_widths_component|dcfifo_bjl1:auto_generated|cmpr_e66:wrempty_eq_comp|aneb_result_wire[0]~3              ; 2       ;
; fifo_as_8x256:fifo_as_8x256_inst|dcfifo_mixed_widths:dcfifo_mixed_widths_component|dcfifo_bjl1:auto_generated|alt_synch_pipe_36d:ws_dgrp|dffpipe_3v8:dffpipe18|dffe20a[0] ; 2       ;
; fifo_as_8x256:fifo_as_8x256_inst|dcfifo_mixed_widths:dcfifo_mixed_widths_component|dcfifo_bjl1:auto_generated|alt_synch_pipe_36d:ws_dgrp|dffpipe_3v8:dffpipe18|dffe20a[1] ; 2       ;
; fifo_as_8x256:fifo_as_8x256_inst|dcfifo_mixed_widths:dcfifo_mixed_widths_component|dcfifo_bjl1:auto_generated|cmpr_e66:wrempty_eq_comp|aneb_result_wire[0]~2              ; 2       ;
; fifo_as_8x256:fifo_as_8x256_inst|dcfifo_mixed_widths:dcfifo_mixed_widths_component|dcfifo_bjl1:auto_generated|cmpr_e66:wrempty_eq_comp|aneb_result_wire[0]~1              ; 2       ;
; fifo_as_8x256:fifo_as_8x256_inst|dcfifo_mixed_widths:dcfifo_mixed_widths_component|dcfifo_bjl1:auto_generated|alt_synch_pipe_36d:ws_dgrp|dffpipe_3v8:dffpipe18|dffe20a[4] ; 2       ;
; fifo_as_8x256:fifo_as_8x256_inst|dcfifo_mixed_widths:dcfifo_mixed_widths_component|dcfifo_bjl1:auto_generated|cntr_old:cntr_b|counter_comb_bita0~0                        ; 2       ;
; write_data[7]~input                                                                                                                                                       ; 1       ;
; write_data[6]~input                                                                                                                                                       ; 1       ;
; write_data[5]~input                                                                                                                                                       ; 1       ;
; write_data[4]~input                                                                                                                                                       ; 1       ;
; write_data[3]~input                                                                                                                                                       ; 1       ;
; write_data[2]~input                                                                                                                                                       ; 1       ;
; write_data[1]~input                                                                                                                                                       ; 1       ;
; write_data[0]~input                                                                                                                                                       ; 1       ;
; fifo_as_8x256:fifo_as_8x256_inst|dcfifo_mixed_widths:dcfifo_mixed_widths_component|dcfifo_bjl1:auto_generated|a_graycounter_qn6:rdptr_g1p|counter5a0~_wirecell            ; 1       ;
; fifo_as_8x256:fifo_as_8x256_inst|dcfifo_mixed_widths:dcfifo_mixed_widths_component|dcfifo_bjl1:auto_generated|cntr_old:cntr_b|counter_reg_bit0~0                          ; 1       ;
; fifo_as_8x256:fifo_as_8x256_inst|dcfifo_mixed_widths:dcfifo_mixed_widths_component|dcfifo_bjl1:auto_generated|wrptr_g[0]~0                                                ; 1       ;
; fifo_as_8x256:fifo_as_8x256_inst|dcfifo_mixed_widths:dcfifo_mixed_widths_component|dcfifo_bjl1:auto_generated|dffpipe_pu8:rdfull_reg|dffe12a[0]~0                         ; 1       ;
; fifo_as_8x256:fifo_as_8x256_inst|dcfifo_mixed_widths:dcfifo_mixed_widths_component|dcfifo_bjl1:auto_generated|rdptr_g[0]~0                                                ; 1       ;
; fifo_as_8x256:fifo_as_8x256_inst|dcfifo_mixed_widths:dcfifo_mixed_widths_component|dcfifo_bjl1:auto_generated|dffpipe_pu8:wrfull_reg|dffe12a[0]~0                         ; 1       ;
; fifo_as_8x256:fifo_as_8x256_inst|dcfifo_mixed_widths:dcfifo_mixed_widths_component|dcfifo_bjl1:auto_generated|a_graycounter_l5c:wrptr_g1p|_~8                             ; 1       ;
; fifo_as_8x256:fifo_as_8x256_inst|dcfifo_mixed_widths:dcfifo_mixed_widths_component|dcfifo_bjl1:auto_generated|a_graycounter_l5c:wrptr_g1p|_~7                             ; 1       ;
; fifo_as_8x256:fifo_as_8x256_inst|dcfifo_mixed_widths:dcfifo_mixed_widths_component|dcfifo_bjl1:auto_generated|a_graycounter_qn6:rdptr_g1p|_~7                             ; 1       ;
; fifo_as_8x256:fifo_as_8x256_inst|dcfifo_mixed_widths:dcfifo_mixed_widths_component|dcfifo_bjl1:auto_generated|a_graycounter_qn6:rdptr_g1p|_~6                             ; 1       ;
; fifo_as_8x256:fifo_as_8x256_inst|dcfifo_mixed_widths:dcfifo_mixed_widths_component|dcfifo_bjl1:auto_generated|a_graycounter_l5c:wrptr_g1p|_~6                             ; 1       ;
; fifo_as_8x256:fifo_as_8x256_inst|dcfifo_mixed_widths:dcfifo_mixed_widths_component|dcfifo_bjl1:auto_generated|a_graycounter_l5c:wrptr_g1p|sub_parity9a1                   ; 1       ;
; fifo_as_8x256:fifo_as_8x256_inst|dcfifo_mixed_widths:dcfifo_mixed_widths_component|dcfifo_bjl1:auto_generated|a_graycounter_l5c:wrptr_g1p|sub_parity9a0                   ; 1       ;
; fifo_as_8x256:fifo_as_8x256_inst|dcfifo_mixed_widths:dcfifo_mixed_widths_component|dcfifo_bjl1:auto_generated|a_graycounter_qn6:rdptr_g1p|_~5                             ; 1       ;
; fifo_as_8x256:fifo_as_8x256_inst|dcfifo_mixed_widths:dcfifo_mixed_widths_component|dcfifo_bjl1:auto_generated|a_graycounter_qn6:rdptr_g1p|sub_parity7a[0]                 ; 1       ;
; fifo_as_8x256:fifo_as_8x256_inst|dcfifo_mixed_widths:dcfifo_mixed_widths_component|dcfifo_bjl1:auto_generated|a_graycounter_qn6:rdptr_g1p|sub_parity7a[1]                 ; 1       ;
; fifo_as_8x256:fifo_as_8x256_inst|dcfifo_mixed_widths:dcfifo_mixed_widths_component|dcfifo_bjl1:auto_generated|delayed_wrptr_g[0]                                          ; 1       ;
; fifo_as_8x256:fifo_as_8x256_inst|dcfifo_mixed_widths:dcfifo_mixed_widths_component|dcfifo_bjl1:auto_generated|delayed_wrptr_g[1]                                          ; 1       ;
; fifo_as_8x256:fifo_as_8x256_inst|dcfifo_mixed_widths:dcfifo_mixed_widths_component|dcfifo_bjl1:auto_generated|delayed_wrptr_g[2]                                          ; 1       ;
; fifo_as_8x256:fifo_as_8x256_inst|dcfifo_mixed_widths:dcfifo_mixed_widths_component|dcfifo_bjl1:auto_generated|delayed_wrptr_g[3]                                          ; 1       ;
; fifo_as_8x256:fifo_as_8x256_inst|dcfifo_mixed_widths:dcfifo_mixed_widths_component|dcfifo_bjl1:auto_generated|delayed_wrptr_g[4]                                          ; 1       ;
; fifo_as_8x256:fifo_as_8x256_inst|dcfifo_mixed_widths:dcfifo_mixed_widths_component|dcfifo_bjl1:auto_generated|delayed_wrptr_g[5]                                          ; 1       ;
; fifo_as_8x256:fifo_as_8x256_inst|dcfifo_mixed_widths:dcfifo_mixed_widths_component|dcfifo_bjl1:auto_generated|delayed_wrptr_g[7]                                          ; 1       ;
; fifo_as_8x256:fifo_as_8x256_inst|dcfifo_mixed_widths:dcfifo_mixed_widths_component|dcfifo_bjl1:auto_generated|delayed_wrptr_g[6]                                          ; 1       ;
; fifo_as_8x256:fifo_as_8x256_inst|dcfifo_mixed_widths:dcfifo_mixed_widths_component|dcfifo_bjl1:auto_generated|a_graycounter_l5c:wrptr_g1p|counter10a[1]~6                 ; 1       ;
; fifo_as_8x256:fifo_as_8x256_inst|dcfifo_mixed_widths:dcfifo_mixed_widths_component|dcfifo_bjl1:auto_generated|a_graycounter_l5c:wrptr_g1p|_~5                             ; 1       ;
; fifo_as_8x256:fifo_as_8x256_inst|dcfifo_mixed_widths:dcfifo_mixed_widths_component|dcfifo_bjl1:auto_generated|a_graycounter_l5c:wrptr_g1p|counter10a[3]~5                 ; 1       ;
; fifo_as_8x256:fifo_as_8x256_inst|dcfifo_mixed_widths:dcfifo_mixed_widths_component|dcfifo_bjl1:auto_generated|a_graycounter_l5c:wrptr_g1p|counter10a[2]~4                 ; 1       ;
; fifo_as_8x256:fifo_as_8x256_inst|dcfifo_mixed_widths:dcfifo_mixed_widths_component|dcfifo_bjl1:auto_generated|a_graycounter_l5c:wrptr_g1p|_~4                             ; 1       ;
; fifo_as_8x256:fifo_as_8x256_inst|dcfifo_mixed_widths:dcfifo_mixed_widths_component|dcfifo_bjl1:auto_generated|a_graycounter_l5c:wrptr_g1p|counter10a[5]~3                 ; 1       ;
; fifo_as_8x256:fifo_as_8x256_inst|dcfifo_mixed_widths:dcfifo_mixed_widths_component|dcfifo_bjl1:auto_generated|a_graycounter_l5c:wrptr_g1p|_~3                             ; 1       ;
; fifo_as_8x256:fifo_as_8x256_inst|dcfifo_mixed_widths:dcfifo_mixed_widths_component|dcfifo_bjl1:auto_generated|a_graycounter_l5c:wrptr_g1p|counter10a[4]~2                 ; 1       ;
; fifo_as_8x256:fifo_as_8x256_inst|dcfifo_mixed_widths:dcfifo_mixed_widths_component|dcfifo_bjl1:auto_generated|a_graycounter_l5c:wrptr_g1p|counter10a[7]~1                 ; 1       ;
; fifo_as_8x256:fifo_as_8x256_inst|dcfifo_mixed_widths:dcfifo_mixed_widths_component|dcfifo_bjl1:auto_generated|a_graycounter_l5c:wrptr_g1p|counter10a[6]~0                 ; 1       ;
; fifo_as_8x256:fifo_as_8x256_inst|dcfifo_mixed_widths:dcfifo_mixed_widths_component|dcfifo_bjl1:auto_generated|a_graycounter_l5c:wrptr_g1p|_~0                             ; 1       ;
; fifo_as_8x256:fifo_as_8x256_inst|dcfifo_mixed_widths:dcfifo_mixed_widths_component|dcfifo_bjl1:auto_generated|a_graycounter_qn6:rdptr_g1p|counter5a7~0                    ; 1       ;
; fifo_as_8x256:fifo_as_8x256_inst|dcfifo_mixed_widths:dcfifo_mixed_widths_component|dcfifo_bjl1:auto_generated|a_graycounter_qn6:rdptr_g1p|counter5a6~0                    ; 1       ;
; fifo_as_8x256:fifo_as_8x256_inst|dcfifo_mixed_widths:dcfifo_mixed_widths_component|dcfifo_bjl1:auto_generated|a_graycounter_qn6:rdptr_g1p|counter5a5~0                    ; 1       ;
; fifo_as_8x256:fifo_as_8x256_inst|dcfifo_mixed_widths:dcfifo_mixed_widths_component|dcfifo_bjl1:auto_generated|a_graycounter_qn6:rdptr_g1p|counter5a4~0                    ; 1       ;
; fifo_as_8x256:fifo_as_8x256_inst|dcfifo_mixed_widths:dcfifo_mixed_widths_component|dcfifo_bjl1:auto_generated|a_graycounter_qn6:rdptr_g1p|_~3                             ; 1       ;
; fifo_as_8x256:fifo_as_8x256_inst|dcfifo_mixed_widths:dcfifo_mixed_widths_component|dcfifo_bjl1:auto_generated|a_graycounter_qn6:rdptr_g1p|counter5a3~0                    ; 1       ;
; fifo_as_8x256:fifo_as_8x256_inst|dcfifo_mixed_widths:dcfifo_mixed_widths_component|dcfifo_bjl1:auto_generated|a_graycounter_qn6:rdptr_g1p|counter5a2~0                    ; 1       ;
; fifo_as_8x256:fifo_as_8x256_inst|dcfifo_mixed_widths:dcfifo_mixed_widths_component|dcfifo_bjl1:auto_generated|a_graycounter_qn6:rdptr_g1p|counter5a1~0                    ; 1       ;
; fifo_as_8x256:fifo_as_8x256_inst|dcfifo_mixed_widths:dcfifo_mixed_widths_component|dcfifo_bjl1:auto_generated|a_graycounter_qn6:rdptr_g1p|_~1                             ; 1       ;
; fifo_as_8x256:fifo_as_8x256_inst|dcfifo_mixed_widths:dcfifo_mixed_widths_component|dcfifo_bjl1:auto_generated|a_gray2bin_tgb:rdptr_g_gray2bin|xor6                        ; 1       ;
; fifo_as_8x256:fifo_as_8x256_inst|dcfifo_mixed_widths:dcfifo_mixed_widths_component|dcfifo_bjl1:auto_generated|a_gray2bin_tgb:rs_dgwp_gray2bin|xor6                        ; 1       ;
; fifo_as_8x256:fifo_as_8x256_inst|dcfifo_mixed_widths:dcfifo_mixed_widths_component|dcfifo_bjl1:auto_generated|a_gray2bin_tgb:rdptr_g_gray2bin|xor5                        ; 1       ;
; fifo_as_8x256:fifo_as_8x256_inst|dcfifo_mixed_widths:dcfifo_mixed_widths_component|dcfifo_bjl1:auto_generated|a_gray2bin_tgb:rs_dgwp_gray2bin|xor5                        ; 1       ;
; fifo_as_8x256:fifo_as_8x256_inst|dcfifo_mixed_widths:dcfifo_mixed_widths_component|dcfifo_bjl1:auto_generated|a_gray2bin_tgb:rdptr_g_gray2bin|xor3                        ; 1       ;
; fifo_as_8x256:fifo_as_8x256_inst|dcfifo_mixed_widths:dcfifo_mixed_widths_component|dcfifo_bjl1:auto_generated|a_gray2bin_tgb:rs_dgwp_gray2bin|xor3                        ; 1       ;
; fifo_as_8x256:fifo_as_8x256_inst|dcfifo_mixed_widths:dcfifo_mixed_widths_component|dcfifo_bjl1:auto_generated|a_gray2bin_tgb:rdptr_g_gray2bin|xor2                        ; 1       ;
; fifo_as_8x256:fifo_as_8x256_inst|dcfifo_mixed_widths:dcfifo_mixed_widths_component|dcfifo_bjl1:auto_generated|a_gray2bin_tgb:rs_dgwp_gray2bin|xor2                        ; 1       ;
; fifo_as_8x256:fifo_as_8x256_inst|dcfifo_mixed_widths:dcfifo_mixed_widths_component|dcfifo_bjl1:auto_generated|a_gray2bin_tgb:rdptr_g_gray2bin|xor0                        ; 1       ;
; fifo_as_8x256:fifo_as_8x256_inst|dcfifo_mixed_widths:dcfifo_mixed_widths_component|dcfifo_bjl1:auto_generated|a_gray2bin_tgb:rs_dgwp_gray2bin|xor0                        ; 1       ;
; fifo_as_8x256:fifo_as_8x256_inst|dcfifo_mixed_widths:dcfifo_mixed_widths_component|dcfifo_bjl1:auto_generated|alt_synch_pipe_26d:rs_dgwp|dffpipe_1v8:dffpipe14|dffe15a[0] ; 1       ;
; fifo_as_8x256:fifo_as_8x256_inst|dcfifo_mixed_widths:dcfifo_mixed_widths_component|dcfifo_bjl1:auto_generated|alt_synch_pipe_26d:rs_dgwp|dffpipe_1v8:dffpipe14|dffe15a[1] ; 1       ;
; fifo_as_8x256:fifo_as_8x256_inst|dcfifo_mixed_widths:dcfifo_mixed_widths_component|dcfifo_bjl1:auto_generated|alt_synch_pipe_26d:rs_dgwp|dffpipe_1v8:dffpipe14|dffe15a[2] ; 1       ;
; fifo_as_8x256:fifo_as_8x256_inst|dcfifo_mixed_widths:dcfifo_mixed_widths_component|dcfifo_bjl1:auto_generated|alt_synch_pipe_26d:rs_dgwp|dffpipe_1v8:dffpipe14|dffe15a[3] ; 1       ;
; fifo_as_8x256:fifo_as_8x256_inst|dcfifo_mixed_widths:dcfifo_mixed_widths_component|dcfifo_bjl1:auto_generated|alt_synch_pipe_26d:rs_dgwp|dffpipe_1v8:dffpipe14|dffe15a[4] ; 1       ;
; fifo_as_8x256:fifo_as_8x256_inst|dcfifo_mixed_widths:dcfifo_mixed_widths_component|dcfifo_bjl1:auto_generated|alt_synch_pipe_26d:rs_dgwp|dffpipe_1v8:dffpipe14|dffe15a[5] ; 1       ;
; fifo_as_8x256:fifo_as_8x256_inst|dcfifo_mixed_widths:dcfifo_mixed_widths_component|dcfifo_bjl1:auto_generated|alt_synch_pipe_26d:rs_dgwp|dffpipe_1v8:dffpipe14|dffe15a[7] ; 1       ;
; fifo_as_8x256:fifo_as_8x256_inst|dcfifo_mixed_widths:dcfifo_mixed_widths_component|dcfifo_bjl1:auto_generated|alt_synch_pipe_26d:rs_dgwp|dffpipe_1v8:dffpipe14|dffe15a[6] ; 1       ;
; fifo_as_8x256:fifo_as_8x256_inst|dcfifo_mixed_widths:dcfifo_mixed_widths_component|dcfifo_bjl1:auto_generated|a_gray2bin_tgb:ws_dgrp_gray2bin|xor6                        ; 1       ;
; fifo_as_8x256:fifo_as_8x256_inst|dcfifo_mixed_widths:dcfifo_mixed_widths_component|dcfifo_bjl1:auto_generated|a_gray2bin_tgb:ws_dgrp_gray2bin|xor5                        ; 1       ;
; fifo_as_8x256:fifo_as_8x256_inst|dcfifo_mixed_widths:dcfifo_mixed_widths_component|dcfifo_bjl1:auto_generated|a_gray2bin_tgb:wrptr_g_gray2bin|xor5                        ; 1       ;
; fifo_as_8x256:fifo_as_8x256_inst|dcfifo_mixed_widths:dcfifo_mixed_widths_component|dcfifo_bjl1:auto_generated|a_gray2bin_tgb:ws_dgrp_gray2bin|xor3                        ; 1       ;
; fifo_as_8x256:fifo_as_8x256_inst|dcfifo_mixed_widths:dcfifo_mixed_widths_component|dcfifo_bjl1:auto_generated|a_gray2bin_tgb:wrptr_g_gray2bin|xor3                        ; 1       ;
; fifo_as_8x256:fifo_as_8x256_inst|dcfifo_mixed_widths:dcfifo_mixed_widths_component|dcfifo_bjl1:auto_generated|a_gray2bin_tgb:ws_dgrp_gray2bin|xor2                        ; 1       ;
; fifo_as_8x256:fifo_as_8x256_inst|dcfifo_mixed_widths:dcfifo_mixed_widths_component|dcfifo_bjl1:auto_generated|a_gray2bin_tgb:wrptr_g_gray2bin|xor2                        ; 1       ;
; fifo_as_8x256:fifo_as_8x256_inst|dcfifo_mixed_widths:dcfifo_mixed_widths_component|dcfifo_bjl1:auto_generated|a_gray2bin_tgb:ws_dgrp_gray2bin|xor0                        ; 1       ;
; fifo_as_8x256:fifo_as_8x256_inst|dcfifo_mixed_widths:dcfifo_mixed_widths_component|dcfifo_bjl1:auto_generated|a_gray2bin_tgb:wrptr_g_gray2bin|xor0                        ; 1       ;
; fifo_as_8x256:fifo_as_8x256_inst|dcfifo_mixed_widths:dcfifo_mixed_widths_component|dcfifo_bjl1:auto_generated|alt_synch_pipe_36d:ws_dgrp|dffpipe_3v8:dffpipe18|dffe19a[0] ; 1       ;
; fifo_as_8x256:fifo_as_8x256_inst|dcfifo_mixed_widths:dcfifo_mixed_widths_component|dcfifo_bjl1:auto_generated|alt_synch_pipe_36d:ws_dgrp|dffpipe_3v8:dffpipe18|dffe19a[1] ; 1       ;
; fifo_as_8x256:fifo_as_8x256_inst|dcfifo_mixed_widths:dcfifo_mixed_widths_component|dcfifo_bjl1:auto_generated|alt_synch_pipe_36d:ws_dgrp|dffpipe_3v8:dffpipe18|dffe19a[2] ; 1       ;
; fifo_as_8x256:fifo_as_8x256_inst|dcfifo_mixed_widths:dcfifo_mixed_widths_component|dcfifo_bjl1:auto_generated|alt_synch_pipe_36d:ws_dgrp|dffpipe_3v8:dffpipe18|dffe19a[3] ; 1       ;
; fifo_as_8x256:fifo_as_8x256_inst|dcfifo_mixed_widths:dcfifo_mixed_widths_component|dcfifo_bjl1:auto_generated|alt_synch_pipe_36d:ws_dgrp|dffpipe_3v8:dffpipe18|dffe19a[4] ; 1       ;
; fifo_as_8x256:fifo_as_8x256_inst|dcfifo_mixed_widths:dcfifo_mixed_widths_component|dcfifo_bjl1:auto_generated|alt_synch_pipe_36d:ws_dgrp|dffpipe_3v8:dffpipe18|dffe19a[5] ; 1       ;
; fifo_as_8x256:fifo_as_8x256_inst|dcfifo_mixed_widths:dcfifo_mixed_widths_component|dcfifo_bjl1:auto_generated|alt_synch_pipe_36d:ws_dgrp|dffpipe_3v8:dffpipe18|dffe19a[7] ; 1       ;
; fifo_as_8x256:fifo_as_8x256_inst|dcfifo_mixed_widths:dcfifo_mixed_widths_component|dcfifo_bjl1:auto_generated|alt_synch_pipe_36d:ws_dgrp|dffpipe_3v8:dffpipe18|dffe19a[6] ; 1       ;
; fifo_as_8x256:fifo_as_8x256_inst|dcfifo_mixed_widths:dcfifo_mixed_widths_component|dcfifo_bjl1:auto_generated|a_graycounter_qn6:rdptr_g1p|_~0                             ; 1       ;
; fifo_as_8x256:fifo_as_8x256_inst|dcfifo_mixed_widths:dcfifo_mixed_widths_component|dcfifo_bjl1:auto_generated|dffpipe_pu8:rdfull_reg|dffe12a[0]                           ; 1       ;
; fifo_as_8x256:fifo_as_8x256_inst|dcfifo_mixed_widths:dcfifo_mixed_widths_component|dcfifo_bjl1:auto_generated|dffpipe_0v8:rs_brp|dffe13a[6]                               ; 1       ;
; fifo_as_8x256:fifo_as_8x256_inst|dcfifo_mixed_widths:dcfifo_mixed_widths_component|dcfifo_bjl1:auto_generated|dffpipe_0v8:rs_bwp|dffe13a[6]                               ; 1       ;
; fifo_as_8x256:fifo_as_8x256_inst|dcfifo_mixed_widths:dcfifo_mixed_widths_component|dcfifo_bjl1:auto_generated|dffpipe_0v8:rs_brp|dffe13a[5]                               ; 1       ;
; fifo_as_8x256:fifo_as_8x256_inst|dcfifo_mixed_widths:dcfifo_mixed_widths_component|dcfifo_bjl1:auto_generated|dffpipe_0v8:rs_bwp|dffe13a[5]                               ; 1       ;
; fifo_as_8x256:fifo_as_8x256_inst|dcfifo_mixed_widths:dcfifo_mixed_widths_component|dcfifo_bjl1:auto_generated|dffpipe_0v8:rs_brp|dffe13a[4]                               ; 1       ;
; fifo_as_8x256:fifo_as_8x256_inst|dcfifo_mixed_widths:dcfifo_mixed_widths_component|dcfifo_bjl1:auto_generated|dffpipe_0v8:rs_bwp|dffe13a[4]                               ; 1       ;
; fifo_as_8x256:fifo_as_8x256_inst|dcfifo_mixed_widths:dcfifo_mixed_widths_component|dcfifo_bjl1:auto_generated|dffpipe_0v8:rs_brp|dffe13a[3]                               ; 1       ;
; fifo_as_8x256:fifo_as_8x256_inst|dcfifo_mixed_widths:dcfifo_mixed_widths_component|dcfifo_bjl1:auto_generated|dffpipe_0v8:rs_bwp|dffe13a[3]                               ; 1       ;
; fifo_as_8x256:fifo_as_8x256_inst|dcfifo_mixed_widths:dcfifo_mixed_widths_component|dcfifo_bjl1:auto_generated|dffpipe_0v8:rs_brp|dffe13a[2]                               ; 1       ;
; fifo_as_8x256:fifo_as_8x256_inst|dcfifo_mixed_widths:dcfifo_mixed_widths_component|dcfifo_bjl1:auto_generated|dffpipe_0v8:rs_bwp|dffe13a[2]                               ; 1       ;
; fifo_as_8x256:fifo_as_8x256_inst|dcfifo_mixed_widths:dcfifo_mixed_widths_component|dcfifo_bjl1:auto_generated|dffpipe_0v8:rs_brp|dffe13a[1]                               ; 1       ;
; fifo_as_8x256:fifo_as_8x256_inst|dcfifo_mixed_widths:dcfifo_mixed_widths_component|dcfifo_bjl1:auto_generated|dffpipe_0v8:rs_bwp|dffe13a[1]                               ; 1       ;
; fifo_as_8x256:fifo_as_8x256_inst|dcfifo_mixed_widths:dcfifo_mixed_widths_component|dcfifo_bjl1:auto_generated|dffpipe_0v8:rs_brp|dffe13a[0]                               ; 1       ;
; fifo_as_8x256:fifo_as_8x256_inst|dcfifo_mixed_widths:dcfifo_mixed_widths_component|dcfifo_bjl1:auto_generated|dffpipe_0v8:rs_bwp|dffe13a[0]                               ; 1       ;
; fifo_as_8x256:fifo_as_8x256_inst|dcfifo_mixed_widths:dcfifo_mixed_widths_component|dcfifo_bjl1:auto_generated|cmpr_e66:rdfull_eq_comp|aneb_result_wire[0]~0               ; 1       ;
; fifo_as_8x256:fifo_as_8x256_inst|dcfifo_mixed_widths:dcfifo_mixed_widths_component|dcfifo_bjl1:auto_generated|cmpr_e66:rdempty_eq_comp|aneb_result_wire[0]~0              ; 1       ;
; fifo_as_8x256:fifo_as_8x256_inst|dcfifo_mixed_widths:dcfifo_mixed_widths_component|dcfifo_bjl1:auto_generated|dffpipe_pu8:wrfull_reg|dffe12a[0]                           ; 1       ;
; fifo_as_8x256:fifo_as_8x256_inst|dcfifo_mixed_widths:dcfifo_mixed_widths_component|dcfifo_bjl1:auto_generated|dffpipe_0v8:ws_brp|dffe13a[6]                               ; 1       ;
; fifo_as_8x256:fifo_as_8x256_inst|dcfifo_mixed_widths:dcfifo_mixed_widths_component|dcfifo_bjl1:auto_generated|dffpipe_2v8:ws_bwp|dffe17a[7]                               ; 1       ;
; fifo_as_8x256:fifo_as_8x256_inst|dcfifo_mixed_widths:dcfifo_mixed_widths_component|dcfifo_bjl1:auto_generated|dffpipe_0v8:ws_brp|dffe13a[5]                               ; 1       ;
; fifo_as_8x256:fifo_as_8x256_inst|dcfifo_mixed_widths:dcfifo_mixed_widths_component|dcfifo_bjl1:auto_generated|dffpipe_2v8:ws_bwp|dffe17a[6]                               ; 1       ;
; fifo_as_8x256:fifo_as_8x256_inst|dcfifo_mixed_widths:dcfifo_mixed_widths_component|dcfifo_bjl1:auto_generated|dffpipe_0v8:ws_brp|dffe13a[4]                               ; 1       ;
; fifo_as_8x256:fifo_as_8x256_inst|dcfifo_mixed_widths:dcfifo_mixed_widths_component|dcfifo_bjl1:auto_generated|dffpipe_2v8:ws_bwp|dffe17a[5]                               ; 1       ;
; fifo_as_8x256:fifo_as_8x256_inst|dcfifo_mixed_widths:dcfifo_mixed_widths_component|dcfifo_bjl1:auto_generated|dffpipe_0v8:ws_brp|dffe13a[3]                               ; 1       ;
; fifo_as_8x256:fifo_as_8x256_inst|dcfifo_mixed_widths:dcfifo_mixed_widths_component|dcfifo_bjl1:auto_generated|dffpipe_2v8:ws_bwp|dffe17a[4]                               ; 1       ;
; fifo_as_8x256:fifo_as_8x256_inst|dcfifo_mixed_widths:dcfifo_mixed_widths_component|dcfifo_bjl1:auto_generated|dffpipe_0v8:ws_brp|dffe13a[2]                               ; 1       ;
; fifo_as_8x256:fifo_as_8x256_inst|dcfifo_mixed_widths:dcfifo_mixed_widths_component|dcfifo_bjl1:auto_generated|dffpipe_2v8:ws_bwp|dffe17a[3]                               ; 1       ;
; fifo_as_8x256:fifo_as_8x256_inst|dcfifo_mixed_widths:dcfifo_mixed_widths_component|dcfifo_bjl1:auto_generated|dffpipe_0v8:ws_brp|dffe13a[1]                               ; 1       ;
; fifo_as_8x256:fifo_as_8x256_inst|dcfifo_mixed_widths:dcfifo_mixed_widths_component|dcfifo_bjl1:auto_generated|dffpipe_2v8:ws_bwp|dffe17a[2]                               ; 1       ;
; fifo_as_8x256:fifo_as_8x256_inst|dcfifo_mixed_widths:dcfifo_mixed_widths_component|dcfifo_bjl1:auto_generated|dffpipe_0v8:ws_brp|dffe13a[0]                               ; 1       ;
; fifo_as_8x256:fifo_as_8x256_inst|dcfifo_mixed_widths:dcfifo_mixed_widths_component|dcfifo_bjl1:auto_generated|dffpipe_2v8:ws_bwp|dffe17a[1]                               ; 1       ;
; fifo_as_8x256:fifo_as_8x256_inst|dcfifo_mixed_widths:dcfifo_mixed_widths_component|dcfifo_bjl1:auto_generated|dffpipe_2v8:ws_bwp|dffe17a[0]                               ; 1       ;
; fifo_as_8x256:fifo_as_8x256_inst|dcfifo_mixed_widths:dcfifo_mixed_widths_component|dcfifo_bjl1:auto_generated|cmpr_e66:wrfull_eq_comp|aneb_result_wire[0]~0               ; 1       ;
; fifo_as_8x256:fifo_as_8x256_inst|dcfifo_mixed_widths:dcfifo_mixed_widths_component|dcfifo_bjl1:auto_generated|cmpr_e66:wrempty_eq_comp|aneb_result_wire[0]                ; 1       ;
; fifo_as_8x256:fifo_as_8x256_inst|dcfifo_mixed_widths:dcfifo_mixed_widths_component|dcfifo_bjl1:auto_generated|cmpr_e66:wrempty_eq_comp|aneb_result_wire[0]~0              ; 1       ;
; fifo_as_8x256:fifo_as_8x256_inst|dcfifo_mixed_widths:dcfifo_mixed_widths_component|dcfifo_bjl1:auto_generated|cntr_old:cntr_b|counter_comb_bita0~COUT                     ; 1       ;
; fifo_as_8x256:fifo_as_8x256_inst|dcfifo_mixed_widths:dcfifo_mixed_widths_component|dcfifo_bjl1:auto_generated|cntr_old:cntr_b|counter_comb_bita0                          ; 1       ;
; fifo_as_8x256:fifo_as_8x256_inst|dcfifo_mixed_widths:dcfifo_mixed_widths_component|dcfifo_bjl1:auto_generated|op_1~12                                                     ; 1       ;
; fifo_as_8x256:fifo_as_8x256_inst|dcfifo_mixed_widths:dcfifo_mixed_widths_component|dcfifo_bjl1:auto_generated|op_1~11                                                     ; 1       ;
; fifo_as_8x256:fifo_as_8x256_inst|dcfifo_mixed_widths:dcfifo_mixed_widths_component|dcfifo_bjl1:auto_generated|op_1~10                                                     ; 1       ;
; fifo_as_8x256:fifo_as_8x256_inst|dcfifo_mixed_widths:dcfifo_mixed_widths_component|dcfifo_bjl1:auto_generated|op_1~9                                                      ; 1       ;
; fifo_as_8x256:fifo_as_8x256_inst|dcfifo_mixed_widths:dcfifo_mixed_widths_component|dcfifo_bjl1:auto_generated|op_1~8                                                      ; 1       ;
; fifo_as_8x256:fifo_as_8x256_inst|dcfifo_mixed_widths:dcfifo_mixed_widths_component|dcfifo_bjl1:auto_generated|op_1~7                                                      ; 1       ;
; fifo_as_8x256:fifo_as_8x256_inst|dcfifo_mixed_widths:dcfifo_mixed_widths_component|dcfifo_bjl1:auto_generated|op_1~6                                                      ; 1       ;
; fifo_as_8x256:fifo_as_8x256_inst|dcfifo_mixed_widths:dcfifo_mixed_widths_component|dcfifo_bjl1:auto_generated|op_1~5                                                      ; 1       ;
; fifo_as_8x256:fifo_as_8x256_inst|dcfifo_mixed_widths:dcfifo_mixed_widths_component|dcfifo_bjl1:auto_generated|op_1~4                                                      ; 1       ;
; fifo_as_8x256:fifo_as_8x256_inst|dcfifo_mixed_widths:dcfifo_mixed_widths_component|dcfifo_bjl1:auto_generated|op_1~3                                                      ; 1       ;
; fifo_as_8x256:fifo_as_8x256_inst|dcfifo_mixed_widths:dcfifo_mixed_widths_component|dcfifo_bjl1:auto_generated|op_1~2                                                      ; 1       ;
; fifo_as_8x256:fifo_as_8x256_inst|dcfifo_mixed_widths:dcfifo_mixed_widths_component|dcfifo_bjl1:auto_generated|op_1~1                                                      ; 1       ;
; fifo_as_8x256:fifo_as_8x256_inst|dcfifo_mixed_widths:dcfifo_mixed_widths_component|dcfifo_bjl1:auto_generated|op_1~0                                                      ; 1       ;
; fifo_as_8x256:fifo_as_8x256_inst|dcfifo_mixed_widths:dcfifo_mixed_widths_component|dcfifo_bjl1:auto_generated|op_2~12                                                     ; 1       ;
; fifo_as_8x256:fifo_as_8x256_inst|dcfifo_mixed_widths:dcfifo_mixed_widths_component|dcfifo_bjl1:auto_generated|op_2~11                                                     ; 1       ;
; fifo_as_8x256:fifo_as_8x256_inst|dcfifo_mixed_widths:dcfifo_mixed_widths_component|dcfifo_bjl1:auto_generated|op_2~10                                                     ; 1       ;
; fifo_as_8x256:fifo_as_8x256_inst|dcfifo_mixed_widths:dcfifo_mixed_widths_component|dcfifo_bjl1:auto_generated|op_2~9                                                      ; 1       ;
; fifo_as_8x256:fifo_as_8x256_inst|dcfifo_mixed_widths:dcfifo_mixed_widths_component|dcfifo_bjl1:auto_generated|op_2~8                                                      ; 1       ;
; fifo_as_8x256:fifo_as_8x256_inst|dcfifo_mixed_widths:dcfifo_mixed_widths_component|dcfifo_bjl1:auto_generated|op_2~7                                                      ; 1       ;
; fifo_as_8x256:fifo_as_8x256_inst|dcfifo_mixed_widths:dcfifo_mixed_widths_component|dcfifo_bjl1:auto_generated|op_2~6                                                      ; 1       ;
; fifo_as_8x256:fifo_as_8x256_inst|dcfifo_mixed_widths:dcfifo_mixed_widths_component|dcfifo_bjl1:auto_generated|op_2~5                                                      ; 1       ;
; fifo_as_8x256:fifo_as_8x256_inst|dcfifo_mixed_widths:dcfifo_mixed_widths_component|dcfifo_bjl1:auto_generated|op_2~4                                                      ; 1       ;
; fifo_as_8x256:fifo_as_8x256_inst|dcfifo_mixed_widths:dcfifo_mixed_widths_component|dcfifo_bjl1:auto_generated|op_2~3                                                      ; 1       ;
; fifo_as_8x256:fifo_as_8x256_inst|dcfifo_mixed_widths:dcfifo_mixed_widths_component|dcfifo_bjl1:auto_generated|op_2~2                                                      ; 1       ;
; fifo_as_8x256:fifo_as_8x256_inst|dcfifo_mixed_widths:dcfifo_mixed_widths_component|dcfifo_bjl1:auto_generated|op_2~1                                                      ; 1       ;
; fifo_as_8x256:fifo_as_8x256_inst|dcfifo_mixed_widths:dcfifo_mixed_widths_component|dcfifo_bjl1:auto_generated|op_2~0                                                      ; 1       ;
; fifo_as_8x256:fifo_as_8x256_inst|dcfifo_mixed_widths:dcfifo_mixed_widths_component|dcfifo_bjl1:auto_generated|altsyncram_ou01:fifo_ram|q_b[1]                             ; 1       ;
; fifo_as_8x256:fifo_as_8x256_inst|dcfifo_mixed_widths:dcfifo_mixed_widths_component|dcfifo_bjl1:auto_generated|altsyncram_ou01:fifo_ram|q_b[2]                             ; 1       ;
; fifo_as_8x256:fifo_as_8x256_inst|dcfifo_mixed_widths:dcfifo_mixed_widths_component|dcfifo_bjl1:auto_generated|altsyncram_ou01:fifo_ram|q_b[3]                             ; 1       ;
; fifo_as_8x256:fifo_as_8x256_inst|dcfifo_mixed_widths:dcfifo_mixed_widths_component|dcfifo_bjl1:auto_generated|altsyncram_ou01:fifo_ram|q_b[4]                             ; 1       ;
; fifo_as_8x256:fifo_as_8x256_inst|dcfifo_mixed_widths:dcfifo_mixed_widths_component|dcfifo_bjl1:auto_generated|altsyncram_ou01:fifo_ram|q_b[5]                             ; 1       ;
; fifo_as_8x256:fifo_as_8x256_inst|dcfifo_mixed_widths:dcfifo_mixed_widths_component|dcfifo_bjl1:auto_generated|altsyncram_ou01:fifo_ram|q_b[6]                             ; 1       ;
; fifo_as_8x256:fifo_as_8x256_inst|dcfifo_mixed_widths:dcfifo_mixed_widths_component|dcfifo_bjl1:auto_generated|altsyncram_ou01:fifo_ram|q_b[7]                             ; 1       ;
; fifo_as_8x256:fifo_as_8x256_inst|dcfifo_mixed_widths:dcfifo_mixed_widths_component|dcfifo_bjl1:auto_generated|altsyncram_ou01:fifo_ram|q_b[9]                             ; 1       ;
; fifo_as_8x256:fifo_as_8x256_inst|dcfifo_mixed_widths:dcfifo_mixed_widths_component|dcfifo_bjl1:auto_generated|altsyncram_ou01:fifo_ram|q_b[10]                            ; 1       ;
; fifo_as_8x256:fifo_as_8x256_inst|dcfifo_mixed_widths:dcfifo_mixed_widths_component|dcfifo_bjl1:auto_generated|altsyncram_ou01:fifo_ram|q_b[11]                            ; 1       ;
; fifo_as_8x256:fifo_as_8x256_inst|dcfifo_mixed_widths:dcfifo_mixed_widths_component|dcfifo_bjl1:auto_generated|altsyncram_ou01:fifo_ram|q_b[12]                            ; 1       ;
; fifo_as_8x256:fifo_as_8x256_inst|dcfifo_mixed_widths:dcfifo_mixed_widths_component|dcfifo_bjl1:auto_generated|altsyncram_ou01:fifo_ram|q_b[13]                            ; 1       ;
; fifo_as_8x256:fifo_as_8x256_inst|dcfifo_mixed_widths:dcfifo_mixed_widths_component|dcfifo_bjl1:auto_generated|altsyncram_ou01:fifo_ram|q_b[14]                            ; 1       ;
; fifo_as_8x256:fifo_as_8x256_inst|dcfifo_mixed_widths:dcfifo_mixed_widths_component|dcfifo_bjl1:auto_generated|altsyncram_ou01:fifo_ram|q_b[15]                            ; 1       ;
; fifo_as_8x256:fifo_as_8x256_inst|dcfifo_mixed_widths:dcfifo_mixed_widths_component|dcfifo_bjl1:auto_generated|altsyncram_ou01:fifo_ram|q_b[8]                             ; 1       ;
; fifo_as_8x256:fifo_as_8x256_inst|dcfifo_mixed_widths:dcfifo_mixed_widths_component|dcfifo_bjl1:auto_generated|altsyncram_ou01:fifo_ram|q_b[0]                             ; 1       ;
+---------------------------------------------------------------------------------------------------------------------------------------------------------------------------+---------+


+------------------------------------------------------------------------------------------------------------------------------------------------------------------------------------------------------------------------------------------------------------------------------------------------------------------------------------------------------------------------------------------------------------------------------------------------------------------------------------------------------------------------------------------------------------------------------------------------------------+
; Fitter RAM Summary                                                                                                                                                                                                                                                                                                                                                                                                                                                                                                                                                                                         ;
+---------------------------------------------------------------------------------------------------------------------------------------------------+------+------------------+-------------+--------------+--------------+--------------+--------------+------------------------+-------------------------+------------------------+-------------------------+------+-----------------------------+-----------------------------+-----------------------------+-----------------------------+---------------------+------+------+----------------+----------------------+-----------------+-----------------+
; Name                                                                                                                                              ; Type ; Mode             ; Clock Mode  ; Port A Depth ; Port A Width ; Port B Depth ; Port B Width ; Port A Input Registers ; Port A Output Registers ; Port B Input Registers ; Port B Output Registers ; Size ; Implementation Port A Depth ; Implementation Port A Width ; Implementation Port B Depth ; Implementation Port B Width ; Implementation Bits ; M9Ks ; MIF  ; Location       ; Mixed Width RDW Mode ; Port A RDW Mode ; Port B RDW Mode ;
+---------------------------------------------------------------------------------------------------------------------------------------------------+------+------------------+-------------+--------------+--------------+--------------+--------------+------------------------+-------------------------+------------------------+-------------------------+------+-----------------------------+-----------------------------+-----------------------------+-----------------------------+---------------------+------+------+----------------+----------------------+-----------------+-----------------+
; fifo_as_8x256:fifo_as_8x256_inst|dcfifo_mixed_widths:dcfifo_mixed_widths_component|dcfifo_bjl1:auto_generated|altsyncram_ou01:fifo_ram|ALTSYNCRAM ; AUTO ; Simple Dual Port ; Dual Clocks ; 256          ; 8            ; 128          ; 16           ; yes                    ; no                      ; yes                    ; yes                     ; 2048 ; 256                         ; 8                           ; 128                         ; 16                          ; 2048                ; 1    ; None ; M9K_X15_Y22_N0 ; Don't care           ; Old data        ; Old data        ;
+---------------------------------------------------------------------------------------------------------------------------------------------------+------+------------------+-------------+--------------+--------------+--------------+--------------+------------------------+-------------------------+------------------------+-------------------------+------+-----------------------------+-----------------------------+-----------------------------+-----------------------------+---------------------+------+------+----------------+----------------------+-----------------+-----------------+
Note: Fitter may spread logical memories into multiple blocks to improve timing. The actual required RAM blocks can be found in the Fitter Resource Usage section.


+------------------------------------------------------+
; Other Routing Usage Summary                          ;
+-----------------------------+------------------------+
; Other Routing Resource Type ; Usage                  ;
+-----------------------------+------------------------+
; Block interconnects         ; 227 / 32,401 ( < 1 % ) ;
; C16 interconnects           ; 11 / 1,326 ( < 1 % )   ;
; C4 interconnects            ; 107 / 21,816 ( < 1 % ) ;
; Direct links                ; 42 / 32,401 ( < 1 % )  ;
; Global clocks               ; 2 / 10 ( 20 % )        ;
; Local interconnects         ; 84 / 10,320 ( < 1 % )  ;
; R24 interconnects           ; 10 / 1,289 ( < 1 % )   ;
; R4 interconnects            ; 171 / 28,186 ( < 1 % ) ;
+-----------------------------+------------------------+


+---------------------------------------------------------------------------+
; LAB Logic Elements                                                        ;
+--------------------------------------------+------------------------------+
; Number of Logic Elements  (Average = 9.79) ; Number of LABs  (Total = 14) ;
+--------------------------------------------+------------------------------+
; 1                                          ; 3                            ;
; 2                                          ; 0                            ;
; 3                                          ; 1                            ;
; 4                                          ; 1                            ;
; 5                                          ; 0                            ;
; 6                                          ; 0                            ;
; 7                                          ; 0                            ;
; 8                                          ; 0                            ;
; 9                                          ; 1                            ;
; 10                                         ; 1                            ;
; 11                                         ; 0                            ;
; 12                                         ; 0                            ;
; 13                                         ; 1                            ;
; 14                                         ; 0                            ;
; 15                                         ; 1                            ;
; 16                                         ; 5                            ;
+--------------------------------------------+------------------------------+


+-------------------------------------------------------------------+
; LAB-wide Signals                                                  ;
+------------------------------------+------------------------------+
; LAB-wide Signals  (Average = 1.21) ; Number of LABs  (Total = 14) ;
+------------------------------------+------------------------------+
; 1 Clock                            ; 14                           ;
; 1 Clock enable                     ; 3                            ;
+------------------------------------+------------------------------+


+-----------------------------------------------------------------------------+
; LAB Signals Sourced                                                         ;
+----------------------------------------------+------------------------------+
; Number of Signals Sourced  (Average = 17.50) ; Number of LABs  (Total = 14) ;
+----------------------------------------------+------------------------------+
; 0                                            ; 0                            ;
; 1                                            ; 0                            ;
; 2                                            ; 3                            ;
; 3                                            ; 0                            ;
; 4                                            ; 0                            ;
; 5                                            ; 1                            ;
; 6                                            ; 0                            ;
; 7                                            ; 0                            ;
; 8                                            ; 1                            ;
; 9                                            ; 0                            ;
; 10                                           ; 0                            ;
; 11                                           ; 0                            ;
; 12                                           ; 0                            ;
; 13                                           ; 0                            ;
; 14                                           ; 0                            ;
; 15                                           ; 1                            ;
; 16                                           ; 1                            ;
; 17                                           ; 0                            ;
; 18                                           ; 0                            ;
; 19                                           ; 0                            ;
; 20                                           ; 0                            ;
; 21                                           ; 0                            ;
; 22                                           ; 1                            ;
; 23                                           ; 0                            ;
; 24                                           ; 0                            ;
; 25                                           ; 0                            ;
; 26                                           ; 0                            ;
; 27                                           ; 1                            ;
; 28                                           ; 3                            ;
; 29                                           ; 0                            ;
; 30                                           ; 0                            ;
; 31                                           ; 2                            ;
+----------------------------------------------+------------------------------+


+--------------------------------------------------------------------------------+
; LAB Signals Sourced Out                                                        ;
+-------------------------------------------------+------------------------------+
; Number of Signals Sourced Out  (Average = 8.50) ; Number of LABs  (Total = 14) ;
+-------------------------------------------------+------------------------------+
; 0                                               ; 0                            ;
; 1                                               ; 3                            ;
; 2                                               ; 0                            ;
; 3                                               ; 1                            ;
; 4                                               ; 1                            ;
; 5                                               ; 0                            ;
; 6                                               ; 0                            ;
; 7                                               ; 3                            ;
; 8                                               ; 0                            ;
; 9                                               ; 1                            ;
; 10                                              ; 1                            ;
; 11                                              ; 0                            ;
; 12                                              ; 2                            ;
; 13                                              ; 0                            ;
; 14                                              ; 0                            ;
; 15                                              ; 0                            ;
; 16                                              ; 0                            ;
; 17                                              ; 0                            ;
; 18                                              ; 0                            ;
; 19                                              ; 0                            ;
; 20                                              ; 0                            ;
; 21                                              ; 0                            ;
; 22                                              ; 1                            ;
; 23                                              ; 1                            ;
+-------------------------------------------------+------------------------------+


+-----------------------------------------------------------------------------+
; LAB Distinct Inputs                                                         ;
+----------------------------------------------+------------------------------+
; Number of Distinct Inputs  (Average = 10.57) ; Number of LABs  (Total = 14) ;
+----------------------------------------------+------------------------------+
; 0                                            ; 0                            ;
; 1                                            ; 0                            ;
; 2                                            ; 3                            ;
; 3                                            ; 0                            ;
; 4                                            ; 0                            ;
; 5                                            ; 0                            ;
; 6                                            ; 3                            ;
; 7                                            ; 1                            ;
; 8                                            ; 1                            ;
; 9                                            ; 0                            ;
; 10                                           ; 0                            ;
; 11                                           ; 0                            ;
; 12                                           ; 0                            ;
; 13                                           ; 0                            ;
; 14                                           ; 0                            ;
; 15                                           ; 0                            ;
; 16                                           ; 1                            ;
; 17                                           ; 1                            ;
; 18                                           ; 1                            ;
; 19                                           ; 2                            ;
; 20                                           ; 1                            ;
+----------------------------------------------+------------------------------+


+------------------------------------------+
; I/O Rules Summary                        ;
+----------------------------------+-------+
; I/O Rules Statistic              ; Total ;
+----------------------------------+-------+
; Total I/O Rules                  ; 30    ;
; Number of I/O Rules Passed       ; 9     ;
; Number of I/O Rules Failed       ; 0     ;
; Number of I/O Rules Unchecked    ; 0     ;
; Number of I/O Rules Inapplicable ; 21    ;
+----------------------------------+-------+


+-----------------------------------------------------------------------------------------------------------------------------------------------------------------------------------------------------------------------------------------------------------------------------------------------------+
; I/O Rules Details                                                                                                                                                                                                                                                                                   ;
+--------------+-----------+-----------------------------------+------------------------------------------------------------------------------------------------------+----------+--------------------------------------------------------------------------+---------------------+-------------------+
; Status       ; ID        ; Category                          ; Rule Description                                                                                     ; Severity ; Information                                                              ; Area                ; Extra Information ;
+--------------+-----------+-----------------------------------+------------------------------------------------------------------------------------------------------+----------+--------------------------------------------------------------------------+---------------------+-------------------+
; Inapplicable ; IO_000001 ; Capacity Checks                   ; Number of pins in an I/O bank should not exceed the number of locations available.                   ; Critical ; No Location assignments found.                                           ; I/O                 ;                   ;
; Inapplicable ; IO_000002 ; Capacity Checks                   ; Number of clocks in an I/O bank should not exceed the number of clocks available.                    ; Critical ; No Global Signal assignments found.                                      ; I/O                 ;                   ;
; Inapplicable ; IO_000003 ; Capacity Checks                   ; Number of pins in a Vrefgroup should not exceed the number of locations available.                   ; Critical ; No Location assignments found.                                           ; I/O                 ;                   ;
; Inapplicable ; IO_000004 ; Voltage Compatibility Checks      ; The I/O bank should support the requested VCCIO.                                                     ; Critical ; No IOBANK_VCCIO assignments found.                                       ; I/O                 ;                   ;
; Inapplicable ; IO_000005 ; Voltage Compatibility Checks      ; The I/O bank should not have competing VREF values.                                                  ; Critical ; No VREF I/O Standard assignments found.                                  ; I/O                 ;                   ;
; Pass         ; IO_000006 ; Voltage Compatibility Checks      ; The I/O bank should not have competing VCCIO values.                                                 ; Critical ; 0 such failures found.                                                   ; I/O                 ;                   ;
; Inapplicable ; IO_000007 ; Valid Location Checks             ; Checks for unavailable locations.                                                                    ; Critical ; No Location assignments found.                                           ; I/O                 ;                   ;
; Inapplicable ; IO_000008 ; Valid Location Checks             ; Checks for reserved locations.                                                                       ; Critical ; No reserved LogicLock region found.                                      ; I/O                 ;                   ;
; Pass         ; IO_000009 ; I/O Properties Checks for One I/O ; The location should support the requested I/O standard.                                              ; Critical ; 0 such failures found.                                                   ; I/O                 ;                   ;
; Pass         ; IO_000010 ; I/O Properties Checks for One I/O ; The location should support the requested I/O direction.                                             ; Critical ; 0 such failures found.                                                   ; I/O                 ;                   ;
; Inapplicable ; IO_000011 ; I/O Properties Checks for One I/O ; The location should support the requested Current Strength.                                          ; Critical ; No Current Strength assignments found.                                   ; I/O                 ;                   ;
; Pass         ; IO_000012 ; I/O Properties Checks for One I/O ; The location should support the requested On Chip Termination value.                                 ; Critical ; 0 such failures found.                                                   ; I/O                 ;                   ;
; Inapplicable ; IO_000013 ; I/O Properties Checks for One I/O ; The location should support the requested Bus Hold value.                                            ; Critical ; No Enable Bus-Hold Circuitry assignments found.                          ; I/O                 ;                   ;
; Inapplicable ; IO_000014 ; I/O Properties Checks for One I/O ; The location should support the requested Weak Pull Up value.                                        ; Critical ; No Weak Pull-Up Resistor assignments found.                              ; I/O                 ;                   ;
; Pass         ; IO_000015 ; I/O Properties Checks for One I/O ; The location should support the requested PCI Clamp Diode.                                           ; Critical ; 0 such failures found.                                                   ; I/O                 ;                   ;
; Inapplicable ; IO_000018 ; I/O Properties Checks for One I/O ; The I/O standard should support the requested Current Strength.                                      ; Critical ; No Current Strength assignments found.                                   ; I/O                 ;                   ;
; Pass         ; IO_000019 ; I/O Properties Checks for One I/O ; The I/O standard should support the requested On Chip Termination value.                             ; Critical ; 0 such failures found.                                                   ; I/O                 ;                   ;
; Pass         ; IO_000020 ; I/O Properties Checks for One I/O ; The I/O standard should support the requested PCI Clamp Diode.                                       ; Critical ; 0 such failures found.                                                   ; I/O                 ;                   ;
; Inapplicable ; IO_000021 ; I/O Properties Checks for One I/O ; The I/O standard should support the requested Weak Pull Up value.                                    ; Critical ; No Weak Pull-Up Resistor assignments found.                              ; I/O                 ;                   ;
; Inapplicable ; IO_000022 ; I/O Properties Checks for One I/O ; The I/O standard should support the requested Bus Hold value.                                        ; Critical ; No Enable Bus-Hold Circuitry assignments found.                          ; I/O                 ;                   ;
; Inapplicable ; IO_000023 ; I/O Properties Checks for One I/O ; The I/O standard should support the Open Drain value.                                                ; Critical ; No open drain assignments found.                                         ; I/O                 ;                   ;
; Pass         ; IO_000024 ; I/O Properties Checks for One I/O ; The I/O direction should support the On Chip Termination value.                                      ; Critical ; 0 such failures found.                                                   ; I/O                 ;                   ;
; Inapplicable ; IO_000026 ; I/O Properties Checks for One I/O ; On Chip Termination and Current Strength should not be used at the same time.                        ; Critical ; No Current Strength assignments found.                                   ; I/O                 ;                   ;
; Inapplicable ; IO_000027 ; I/O Properties Checks for One I/O ; Weak Pull Up and Bus Hold should not be used at the same time.                                       ; Critical ; No Enable Bus-Hold Circuitry or Weak Pull-Up Resistor assignments found. ; I/O                 ;                   ;
; Inapplicable ; IO_000045 ; I/O Properties Checks for One I/O ; The I/O standard should support the requested Slew Rate value.                                       ; Critical ; No Slew Rate assignments found.                                          ; I/O                 ;                   ;
; Inapplicable ; IO_000046 ; I/O Properties Checks for One I/O ; The location should support the requested Slew Rate value.                                           ; Critical ; No Slew Rate assignments found.                                          ; I/O                 ;                   ;
; Inapplicable ; IO_000047 ; I/O Properties Checks for One I/O ; On Chip Termination and Slew Rate should not be used at the same time.                               ; Critical ; No Slew Rate assignments found.                                          ; I/O                 ;                   ;
; Pass         ; IO_000033 ; Electromigration Checks           ; Current density for consecutive I/Os should not exceed 240mA for row I/Os and 240mA for column I/Os. ; Critical ; 0 such failures found.                                                   ; I/O                 ;                   ;
; Inapplicable ; IO_000034 ; SI Related Distance Checks        ; Single-ended outputs should be 5 LAB row(s) away from a differential I/O.                            ; High     ; No Differential I/O Standard assignments found.                          ; I/O                 ;                   ;
; Inapplicable ; IO_000042 ; SI Related SSO Limit Checks       ; No more than 20 outputs are allowed in a VREF group when VREF is being read from.                    ; High     ; No VREF I/O Standard assignments found.                                  ; I/O                 ;                   ;
; ----         ; ----      ; Disclaimer                        ; OCT rules are checked but not reported.                                                              ; None     ; ----                                                                     ; On Chip Termination ;                   ;
+--------------+-----------+-----------------------------------+------------------------------------------------------------------------------------------------------+----------+--------------------------------------------------------------------------+---------------------+-------------------+


+--------------------------------------------------------------------------------------------------------------------------------------------------------------------------------------------------------------------------------------------------------------------------------------------------------------------------------------------------------------------------------------------------------------------------------------------------------------------------+
; I/O Rules Matrix                                                                                                                                                                                                                                                                                                                                                                                                                                                         ;
+--------------------+--------------+--------------+--------------+--------------+--------------+-----------+--------------+--------------+-----------+-----------+--------------+--------------+--------------+--------------+--------------+--------------+--------------+--------------+--------------+--------------+--------------+--------------+--------------+--------------+--------------+--------------+--------------+-----------+--------------+--------------+
; Pin/Rules          ; IO_000001    ; IO_000002    ; IO_000003    ; IO_000004    ; IO_000005    ; IO_000006 ; IO_000007    ; IO_000008    ; IO_000009 ; IO_000010 ; IO_000011    ; IO_000012    ; IO_000013    ; IO_000014    ; IO_000015    ; IO_000018    ; IO_000019    ; IO_000020    ; IO_000021    ; IO_000022    ; IO_000023    ; IO_000024    ; IO_000026    ; IO_000027    ; IO_000045    ; IO_000046    ; IO_000047    ; IO_000033 ; IO_000034    ; IO_000042    ;
+--------------------+--------------+--------------+--------------+--------------+--------------+-----------+--------------+--------------+-----------+-----------+--------------+--------------+--------------+--------------+--------------+--------------+--------------+--------------+--------------+--------------+--------------+--------------+--------------+--------------+--------------+--------------+--------------+-----------+--------------+--------------+
; Total Pass         ; 0            ; 0            ; 0            ; 0            ; 0            ; 49        ; 0            ; 0            ; 49        ; 49        ; 0            ; 37           ; 0            ; 0            ; 12           ; 0            ; 37           ; 12           ; 0            ; 0            ; 0            ; 37           ; 0            ; 0            ; 0            ; 0            ; 0            ; 49        ; 0            ; 0            ;
; Total Unchecked    ; 0            ; 0            ; 0            ; 0            ; 0            ; 0         ; 0            ; 0            ; 0         ; 0         ; 0            ; 0            ; 0            ; 0            ; 0            ; 0            ; 0            ; 0            ; 0            ; 0            ; 0            ; 0            ; 0            ; 0            ; 0            ; 0            ; 0            ; 0         ; 0            ; 0            ;
; Total Inapplicable ; 49           ; 49           ; 49           ; 49           ; 49           ; 0         ; 49           ; 49           ; 0         ; 0         ; 49           ; 12           ; 49           ; 49           ; 37           ; 49           ; 12           ; 37           ; 49           ; 49           ; 49           ; 12           ; 49           ; 49           ; 49           ; 49           ; 49           ; 0         ; 49           ; 49           ;
; Total Fail         ; 0            ; 0            ; 0            ; 0            ; 0            ; 0         ; 0            ; 0            ; 0         ; 0         ; 0            ; 0            ; 0            ; 0            ; 0            ; 0            ; 0            ; 0            ; 0            ; 0            ; 0            ; 0            ; 0            ; 0            ; 0            ; 0            ; 0            ; 0         ; 0            ; 0            ;
; read_data[0]       ; Inapplicable ; Inapplicable ; Inapplicable ; Inapplicable ; Inapplicable ; Pass      ; Inapplicable ; Inapplicable ; Pass      ; Pass      ; Inapplicable ; Pass         ; Inapplicable ; Inapplicable ; Inapplicable ; Inapplicable ; Pass         ; Inapplicable ; Inapplicable ; Inapplicable ; Inapplicable ; Pass         ; Inapplicable ; Inapplicable ; Inapplicable ; Inapplicable ; Inapplicable ; Pass      ; Inapplicable ; Inapplicable ;
; read_data[1]       ; Inapplicable ; Inapplicable ; Inapplicable ; Inapplicable ; Inapplicable ; Pass      ; Inapplicable ; Inapplicable ; Pass      ; Pass      ; Inapplicable ; Pass         ; Inapplicable ; Inapplicable ; Inapplicable ; Inapplicable ; Pass         ; Inapplicable ; Inapplicable ; Inapplicable ; Inapplicable ; Pass         ; Inapplicable ; Inapplicable ; Inapplicable ; Inapplicable ; Inapplicable ; Pass      ; Inapplicable ; Inapplicable ;
; read_data[2]       ; Inapplicable ; Inapplicable ; Inapplicable ; Inapplicable ; Inapplicable ; Pass      ; Inapplicable ; Inapplicable ; Pass      ; Pass      ; Inapplicable ; Pass         ; Inapplicable ; Inapplicable ; Inapplicable ; Inapplicable ; Pass         ; Inapplicable ; Inapplicable ; Inapplicable ; Inapplicable ; Pass         ; Inapplicable ; Inapplicable ; Inapplicable ; Inapplicable ; Inapplicable ; Pass      ; Inapplicable ; Inapplicable ;
; read_data[3]       ; Inapplicable ; Inapplicable ; Inapplicable ; Inapplicable ; Inapplicable ; Pass      ; Inapplicable ; Inapplicable ; Pass      ; Pass      ; Inapplicable ; Pass         ; Inapplicable ; Inapplicable ; Inapplicable ; Inapplicable ; Pass         ; Inapplicable ; Inapplicable ; Inapplicable ; Inapplicable ; Pass         ; Inapplicable ; Inapplicable ; Inapplicable ; Inapplicable ; Inapplicable ; Pass      ; Inapplicable ; Inapplicable ;
; read_data[4]       ; Inapplicable ; Inapplicable ; Inapplicable ; Inapplicable ; Inapplicable ; Pass      ; Inapplicable ; Inapplicable ; Pass      ; Pass      ; Inapplicable ; Pass         ; Inapplicable ; Inapplicable ; Inapplicable ; Inapplicable ; Pass         ; Inapplicable ; Inapplicable ; Inapplicable ; Inapplicable ; Pass         ; Inapplicable ; Inapplicable ; Inapplicable ; Inapplicable ; Inapplicable ; Pass      ; Inapplicable ; Inapplicable ;
; read_data[5]       ; Inapplicable ; Inapplicable ; Inapplicable ; Inapplicable ; Inapplicable ; Pass      ; Inapplicable ; Inapplicable ; Pass      ; Pass      ; Inapplicable ; Pass         ; Inapplicable ; Inapplicable ; Inapplicable ; Inapplicable ; Pass         ; Inapplicable ; Inapplicable ; Inapplicable ; Inapplicable ; Pass         ; Inapplicable ; Inapplicable ; Inapplicable ; Inapplicable ; Inapplicable ; Pass      ; Inapplicable ; Inapplicable ;
; read_data[6]       ; Inapplicable ; Inapplicable ; Inapplicable ; Inapplicable ; Inapplicable ; Pass      ; Inapplicable ; Inapplicable ; Pass      ; Pass      ; Inapplicable ; Pass         ; Inapplicable ; Inapplicable ; Inapplicable ; Inapplicable ; Pass         ; Inapplicable ; Inapplicable ; Inapplicable ; Inapplicable ; Pass         ; Inapplicable ; Inapplicable ; Inapplicable ; Inapplicable ; Inapplicable ; Pass      ; Inapplicable ; Inapplicable ;
; read_data[7]       ; Inapplicable ; Inapplicable ; Inapplicable ; Inapplicable ; Inapplicable ; Pass      ; Inapplicable ; Inapplicable ; Pass      ; Pass      ; Inapplicable ; Pass         ; Inapplicable ; Inapplicable ; Inapplicable ; Inapplicable ; Pass         ; Inapplicable ; Inapplicable ; Inapplicable ; Inapplicable ; Pass         ; Inapplicable ; Inapplicable ; Inapplicable ; Inapplicable ; Inapplicable ; Pass      ; Inapplicable ; Inapplicable ;
; read_data[8]       ; Inapplicable ; Inapplicable ; Inapplicable ; Inapplicable ; Inapplicable ; Pass      ; Inapplicable ; Inapplicable ; Pass      ; Pass      ; Inapplicable ; Pass         ; Inapplicable ; Inapplicable ; Inapplicable ; Inapplicable ; Pass         ; Inapplicable ; Inapplicable ; Inapplicable ; Inapplicable ; Pass         ; Inapplicable ; Inapplicable ; Inapplicable ; Inapplicable ; Inapplicable ; Pass      ; Inapplicable ; Inapplicable ;
; read_data[9]       ; Inapplicable ; Inapplicable ; Inapplicable ; Inapplicable ; Inapplicable ; Pass      ; Inapplicable ; Inapplicable ; Pass      ; Pass      ; Inapplicable ; Pass         ; Inapplicable ; Inapplicable ; Inapplicable ; Inapplicable ; Pass         ; Inapplicable ; Inapplicable ; Inapplicable ; Inapplicable ; Pass         ; Inapplicable ; Inapplicable ; Inapplicable ; Inapplicable ; Inapplicable ; Pass      ; Inapplicable ; Inapplicable ;
; read_data[10]      ; Inapplicable ; Inapplicable ; Inapplicable ; Inapplicable ; Inapplicable ; Pass      ; Inapplicable ; Inapplicable ; Pass      ; Pass      ; Inapplicable ; Pass         ; Inapplicable ; Inapplicable ; Inapplicable ; Inapplicable ; Pass         ; Inapplicable ; Inapplicable ; Inapplicable ; Inapplicable ; Pass         ; Inapplicable ; Inapplicable ; Inapplicable ; Inapplicable ; Inapplicable ; Pass      ; Inapplicable ; Inapplicable ;
; read_data[11]      ; Inapplicable ; Inapplicable ; Inapplicable ; Inapplicable ; Inapplicable ; Pass      ; Inapplicable ; Inapplicable ; Pass      ; Pass      ; Inapplicable ; Pass         ; Inapplicable ; Inapplicable ; Inapplicable ; Inapplicable ; Pass         ; Inapplicable ; Inapplicable ; Inapplicable ; Inapplicable ; Pass         ; Inapplicable ; Inapplicable ; Inapplicable ; Inapplicable ; Inapplicable ; Pass      ; Inapplicable ; Inapplicable ;
; read_data[12]      ; Inapplicable ; Inapplicable ; Inapplicable ; Inapplicable ; Inapplicable ; Pass      ; Inapplicable ; Inapplicable ; Pass      ; Pass      ; Inapplicable ; Pass         ; Inapplicable ; Inapplicable ; Inapplicable ; Inapplicable ; Pass         ; Inapplicable ; Inapplicable ; Inapplicable ; Inapplicable ; Pass         ; Inapplicable ; Inapplicable ; Inapplicable ; Inapplicable ; Inapplicable ; Pass      ; Inapplicable ; Inapplicable ;
; read_data[13]      ; Inapplicable ; Inapplicable ; Inapplicable ; Inapplicable ; Inapplicable ; Pass      ; Inapplicable ; Inapplicable ; Pass      ; Pass      ; Inapplicable ; Pass         ; Inapplicable ; Inapplicable ; Inapplicable ; Inapplicable ; Pass         ; Inapplicable ; Inapplicable ; Inapplicable ; Inapplicable ; Pass         ; Inapplicable ; Inapplicable ; Inapplicable ; Inapplicable ; Inapplicable ; Pass      ; Inapplicable ; Inapplicable ;
; read_data[14]      ; Inapplicable ; Inapplicable ; Inapplicable ; Inapplicable ; Inapplicable ; Pass      ; Inapplicable ; Inapplicable ; Pass      ; Pass      ; Inapplicable ; Pass         ; Inapplicable ; Inapplicable ; Inapplicable ; Inapplicable ; Pass         ; Inapplicable ; Inapplicable ; Inapplicable ; Inapplicable ; Pass         ; Inapplicable ; Inapplicable ; Inapplicable ; Inapplicable ; Inapplicable ; Pass      ; Inapplicable ; Inapplicable ;
; read_data[15]      ; Inapplicable ; Inapplicable ; Inapplicable ; Inapplicable ; Inapplicable ; Pass      ; Inapplicable ; Inapplicable ; Pass      ; Pass      ; Inapplicable ; Pass         ; Inapplicable ; Inapplicable ; Inapplicable ; Inapplicable ; Pass         ; Inapplicable ; Inapplicable ; Inapplicable ; Inapplicable ; Pass         ; Inapplicable ; Inapplicable ; Inapplicable ; Inapplicable ; Inapplicable ; Pass      ; Inapplicable ; Inapplicable ;
; write_empty        ; Inapplicable ; Inapplicable ; Inapplicable ; Inapplicable ; Inapplicable ; Pass      ; Inapplicable ; Inapplicable ; Pass      ; Pass      ; Inapplicable ; Pass         ; Inapplicable ; Inapplicable ; Inapplicable ; Inapplicable ; Pass         ; Inapplicable ; Inapplicable ; Inapplicable ; Inapplicable ; Pass         ; Inapplicable ; Inapplicable ; Inapplicable ; Inapplicable ; Inapplicable ; Pass      ; Inapplicable ; Inapplicable ;
; write_full         ; Inapplicable ; Inapplicable ; Inapplicable ; Inapplicable ; Inapplicable ; Pass      ; Inapplicable ; Inapplicable ; Pass      ; Pass      ; Inapplicable ; Pass         ; Inapplicable ; Inapplicable ; Inapplicable ; Inapplicable ; Pass         ; Inapplicable ; Inapplicable ; Inapplicable ; Inapplicable ; Pass         ; Inapplicable ; Inapplicable ; Inapplicable ; Inapplicable ; Inapplicable ; Pass      ; Inapplicable ; Inapplicable ;
; write_usedw[0]     ; Inapplicable ; Inapplicable ; Inapplicable ; Inapplicable ; Inapplicable ; Pass      ; Inapplicable ; Inapplicable ; Pass      ; Pass      ; Inapplicable ; Pass         ; Inapplicable ; Inapplicable ; Inapplicable ; Inapplicable ; Pass         ; Inapplicable ; Inapplicable ; Inapplicable ; Inapplicable ; Pass         ; Inapplicable ; Inapplicable ; Inapplicable ; Inapplicable ; Inapplicable ; Pass      ; Inapplicable ; Inapplicable ;
; write_usedw[1]     ; Inapplicable ; Inapplicable ; Inapplicable ; Inapplicable ; Inapplicable ; Pass      ; Inapplicable ; Inapplicable ; Pass      ; Pass      ; Inapplicable ; Pass         ; Inapplicable ; Inapplicable ; Inapplicable ; Inapplicable ; Pass         ; Inapplicable ; Inapplicable ; Inapplicable ; Inapplicable ; Pass         ; Inapplicable ; Inapplicable ; Inapplicable ; Inapplicable ; Inapplicable ; Pass      ; Inapplicable ; Inapplicable ;
; write_usedw[2]     ; Inapplicable ; Inapplicable ; Inapplicable ; Inapplicable ; Inapplicable ; Pass      ; Inapplicable ; Inapplicable ; Pass      ; Pass      ; Inapplicable ; Pass         ; Inapplicable ; Inapplicable ; Inapplicable ; Inapplicable ; Pass         ; Inapplicable ; Inapplicable ; Inapplicable ; Inapplicable ; Pass         ; Inapplicable ; Inapplicable ; Inapplicable ; Inapplicable ; Inapplicable ; Pass      ; Inapplicable ; Inapplicable ;
; write_usedw[3]     ; Inapplicable ; Inapplicable ; Inapplicable ; Inapplicable ; Inapplicable ; Pass      ; Inapplicable ; Inapplicable ; Pass      ; Pass      ; Inapplicable ; Pass         ; Inapplicable ; Inapplicable ; Inapplicable ; Inapplicable ; Pass         ; Inapplicable ; Inapplicable ; Inapplicable ; Inapplicable ; Pass         ; Inapplicable ; Inapplicable ; Inapplicable ; Inapplicable ; Inapplicable ; Pass      ; Inapplicable ; Inapplicable ;
; write_usedw[4]     ; Inapplicable ; Inapplicable ; Inapplicable ; Inapplicable ; Inapplicable ; Pass      ; Inapplicable ; Inapplicable ; Pass      ; Pass      ; Inapplicable ; Pass         ; Inapplicable ; Inapplicable ; Inapplicable ; Inapplicable ; Pass         ; Inapplicable ; Inapplicable ; Inapplicable ; Inapplicable ; Pass         ; Inapplicable ; Inapplicable ; Inapplicable ; Inapplicable ; Inapplicable ; Pass      ; Inapplicable ; Inapplicable ;
; write_usedw[5]     ; Inapplicable ; Inapplicable ; Inapplicable ; Inapplicable ; Inapplicable ; Pass      ; Inapplicable ; Inapplicable ; Pass      ; Pass      ; Inapplicable ; Pass         ; Inapplicable ; Inapplicable ; Inapplicable ; Inapplicable ; Pass         ; Inapplicable ; Inapplicable ; Inapplicable ; Inapplicable ; Pass         ; Inapplicable ; Inapplicable ; Inapplicable ; Inapplicable ; Inapplicable ; Pass      ; Inapplicable ; Inapplicable ;
; write_usedw[6]     ; Inapplicable ; Inapplicable ; Inapplicable ; Inapplicable ; Inapplicable ; Pass      ; Inapplicable ; Inapplicable ; Pass      ; Pass      ; Inapplicable ; Pass         ; Inapplicable ; Inapplicable ; Inapplicable ; Inapplicable ; Pass         ; Inapplicable ; Inapplicable ; Inapplicable ; Inapplicable ; Pass         ; Inapplicable ; Inapplicable ; Inapplicable ; Inapplicable ; Inapplicable ; Pass      ; Inapplicable ; Inapplicable ;
; write_usedw[7]     ; Inapplicable ; Inapplicable ; Inapplicable ; Inapplicable ; Inapplicable ; Pass      ; Inapplicable ; Inapplicable ; Pass      ; Pass      ; Inapplicable ; Pass         ; Inapplicable ; Inapplicable ; Inapplicable ; Inapplicable ; Pass         ; Inapplicable ; Inapplicable ; Inapplicable ; Inapplicable ; Pass         ; Inapplicable ; Inapplicable ; Inapplicable ; Inapplicable ; Inapplicable ; Pass      ; Inapplicable ; Inapplicable ;
; write_usedw[8]     ; Inapplicable ; Inapplicable ; Inapplicable ; Inapplicable ; Inapplicable ; Pass      ; Inapplicable ; Inapplicable ; Pass      ; Pass      ; Inapplicable ; Pass         ; Inapplicable ; Inapplicable ; Inapplicable ; Inapplicable ; Pass         ; Inapplicable ; Inapplicable ; Inapplicable ; Inapplicable ; Pass         ; Inapplicable ; Inapplicable ; Inapplicable ; Inapplicable ; Inapplicable ; Pass      ; Inapplicable ; Inapplicable ;
; read_empty         ; Inapplicable ; Inapplicable ; Inapplicable ; Inapplicable ; Inapplicable ; Pass      ; Inapplicable ; Inapplicable ; Pass      ; Pass      ; Inapplicable ; Pass         ; Inapplicable ; Inapplicable ; Inapplicable ; Inapplicable ; Pass         ; Inapplicable ; Inapplicable ; Inapplicable ; Inapplicable ; Pass         ; Inapplicable ; Inapplicable ; Inapplicable ; Inapplicable ; Inapplicable ; Pass      ; Inapplicable ; Inapplicable ;
; read_full          ; Inapplicable ; Inapplicable ; Inapplicable ; Inapplicable ; Inapplicable ; Pass      ; Inapplicable ; Inapplicable ; Pass      ; Pass      ; Inapplicable ; Pass         ; Inapplicable ; Inapplicable ; Inapplicable ; Inapplicable ; Pass         ; Inapplicable ; Inapplicable ; Inapplicable ; Inapplicable ; Pass         ; Inapplicable ; Inapplicable ; Inapplicable ; Inapplicable ; Inapplicable ; Pass      ; Inapplicable ; Inapplicable ;
; read_usedw[0]      ; Inapplicable ; Inapplicable ; Inapplicable ; Inapplicable ; Inapplicable ; Pass      ; Inapplicable ; Inapplicable ; Pass      ; Pass      ; Inapplicable ; Pass         ; Inapplicable ; Inapplicable ; Inapplicable ; Inapplicable ; Pass         ; Inapplicable ; Inapplicable ; Inapplicable ; Inapplicable ; Pass         ; Inapplicable ; Inapplicable ; Inapplicable ; Inapplicable ; Inapplicable ; Pass      ; Inapplicable ; Inapplicable ;
; read_usedw[1]      ; Inapplicable ; Inapplicable ; Inapplicable ; Inapplicable ; Inapplicable ; Pass      ; Inapplicable ; Inapplicable ; Pass      ; Pass      ; Inapplicable ; Pass         ; Inapplicable ; Inapplicable ; Inapplicable ; Inapplicable ; Pass         ; Inapplicable ; Inapplicable ; Inapplicable ; Inapplicable ; Pass         ; Inapplicable ; Inapplicable ; Inapplicable ; Inapplicable ; Inapplicable ; Pass      ; Inapplicable ; Inapplicable ;
; read_usedw[2]      ; Inapplicable ; Inapplicable ; Inapplicable ; Inapplicable ; Inapplicable ; Pass      ; Inapplicable ; Inapplicable ; Pass      ; Pass      ; Inapplicable ; Pass         ; Inapplicable ; Inapplicable ; Inapplicable ; Inapplicable ; Pass         ; Inapplicable ; Inapplicable ; Inapplicable ; Inapplicable ; Pass         ; Inapplicable ; Inapplicable ; Inapplicable ; Inapplicable ; Inapplicable ; Pass      ; Inapplicable ; Inapplicable ;
; read_usedw[3]      ; Inapplicable ; Inapplicable ; Inapplicable ; Inapplicable ; Inapplicable ; Pass      ; Inapplicable ; Inapplicable ; Pass      ; Pass      ; Inapplicable ; Pass         ; Inapplicable ; Inapplicable ; Inapplicable ; Inapplicable ; Pass         ; Inapplicable ; Inapplicable ; Inapplicable ; Inapplicable ; Pass         ; Inapplicable ; Inapplicable ; Inapplicable ; Inapplicable ; Inapplicable ; Pass      ; Inapplicable ; Inapplicable ;
; read_usedw[4]      ; Inapplicable ; Inapplicable ; Inapplicable ; Inapplicable ; Inapplicable ; Pass      ; Inapplicable ; Inapplicable ; Pass      ; Pass      ; Inapplicable ; Pass         ; Inapplicable ; Inapplicable ; Inapplicable ; Inapplicable ; Pass         ; Inapplicable ; Inapplicable ; Inapplicable ; Inapplicable ; Pass         ; Inapplicable ; Inapplicable ; Inapplicable ; Inapplicable ; Inapplicable ; Pass      ; Inapplicable ; Inapplicable ;
; read_usedw[5]      ; Inapplicable ; Inapplicable ; Inapplicable ; Inapplicable ; Inapplicable ; Pass      ; Inapplicable ; Inapplicable ; Pass      ; Pass      ; Inapplicable ; Pass         ; Inapplicable ; Inapplicable ; Inapplicable ; Inapplicable ; Pass         ; Inapplicable ; Inapplicable ; Inapplicable ; Inapplicable ; Pass         ; Inapplicable ; Inapplicable ; Inapplicable ; Inapplicable ; Inapplicable ; Pass      ; Inapplicable ; Inapplicable ;
; read_usedw[6]      ; Inapplicable ; Inapplicable ; Inapplicable ; Inapplicable ; Inapplicable ; Pass      ; Inapplicable ; Inapplicable ; Pass      ; Pass      ; Inapplicable ; Pass         ; Inapplicable ; Inapplicable ; Inapplicable ; Inapplicable ; Pass         ; Inapplicable ; Inapplicable ; Inapplicable ; Inapplicable ; Pass         ; Inapplicable ; Inapplicable ; Inapplicable ; Inapplicable ; Inapplicable ; Pass      ; Inapplicable ; Inapplicable ;
; read_usedw[7]      ; Inapplicable ; Inapplicable ; Inapplicable ; Inapplicable ; Inapplicable ; Pass      ; Inapplicable ; Inapplicable ; Pass      ; Pass      ; Inapplicable ; Pass         ; Inapplicable ; Inapplicable ; Inapplicable ; Inapplicable ; Pass         ; Inapplicable ; Inapplicable ; Inapplicable ; Inapplicable ; Pass         ; Inapplicable ; Inapplicable ; Inapplicable ; Inapplicable ; Inapplicable ; Pass      ; Inapplicable ; Inapplicable ;
; write_request      ; Inapplicable ; Inapplicable ; Inapplicable ; Inapplicable ; Inapplicable ; Pass      ; Inapplicable ; Inapplicable ; Pass      ; Pass      ; Inapplicable ; Inapplicable ; Inapplicable ; Inapplicable ; Pass         ; Inapplicable ; Inapplicable ; Pass         ; Inapplicable ; Inapplicable ; Inapplicable ; Inapplicable ; Inapplicable ; Inapplicable ; Inapplicable ; Inapplicable ; Inapplicable ; Pass      ; Inapplicable ; Inapplicable ;
; read_request       ; Inapplicable ; Inapplicable ; Inapplicable ; Inapplicable ; Inapplicable ; Pass      ; Inapplicable ; Inapplicable ; Pass      ; Pass      ; Inapplicable ; Inapplicable ; Inapplicable ; Inapplicable ; Pass         ; Inapplicable ; Inapplicable ; Pass         ; Inapplicable ; Inapplicable ; Inapplicable ; Inapplicable ; Inapplicable ; Inapplicable ; Inapplicable ; Inapplicable ; Inapplicable ; Pass      ; Inapplicable ; Inapplicable ;
; write_clock        ; Inapplicable ; Inapplicable ; Inapplicable ; Inapplicable ; Inapplicable ; Pass      ; Inapplicable ; Inapplicable ; Pass      ; Pass      ; Inapplicable ; Inapplicable ; Inapplicable ; Inapplicable ; Pass         ; Inapplicable ; Inapplicable ; Pass         ; Inapplicable ; Inapplicable ; Inapplicable ; Inapplicable ; Inapplicable ; Inapplicable ; Inapplicable ; Inapplicable ; Inapplicable ; Pass      ; Inapplicable ; Inapplicable ;
; read_clock         ; Inapplicable ; Inapplicable ; Inapplicable ; Inapplicable ; Inapplicable ; Pass      ; Inapplicable ; Inapplicable ; Pass      ; Pass      ; Inapplicable ; Inapplicable ; Inapplicable ; Inapplicable ; Pass         ; Inapplicable ; Inapplicable ; Pass         ; Inapplicable ; Inapplicable ; Inapplicable ; Inapplicable ; Inapplicable ; Inapplicable ; Inapplicable ; Inapplicable ; Inapplicable ; Pass      ; Inapplicable ; Inapplicable ;
; write_data[0]      ; Inapplicable ; Inapplicable ; Inapplicable ; Inapplicable ; Inapplicable ; Pass      ; Inapplicable ; Inapplicable ; Pass      ; Pass      ; Inapplicable ; Inapplicable ; Inapplicable ; Inapplicable ; Pass         ; Inapplicable ; Inapplicable ; Pass         ; Inapplicable ; Inapplicable ; Inapplicable ; Inapplicable ; Inapplicable ; Inapplicable ; Inapplicable ; Inapplicable ; Inapplicable ; Pass      ; Inapplicable ; Inapplicable ;
; write_data[1]      ; Inapplicable ; Inapplicable ; Inapplicable ; Inapplicable ; Inapplicable ; Pass      ; Inapplicable ; Inapplicable ; Pass      ; Pass      ; Inapplicable ; Inapplicable ; Inapplicable ; Inapplicable ; Pass         ; Inapplicable ; Inapplicable ; Pass         ; Inapplicable ; Inapplicable ; Inapplicable ; Inapplicable ; Inapplicable ; Inapplicable ; Inapplicable ; Inapplicable ; Inapplicable ; Pass      ; Inapplicable ; Inapplicable ;
; write_data[2]      ; Inapplicable ; Inapplicable ; Inapplicable ; Inapplicable ; Inapplicable ; Pass      ; Inapplicable ; Inapplicable ; Pass      ; Pass      ; Inapplicable ; Inapplicable ; Inapplicable ; Inapplicable ; Pass         ; Inapplicable ; Inapplicable ; Pass         ; Inapplicable ; Inapplicable ; Inapplicable ; Inapplicable ; Inapplicable ; Inapplicable ; Inapplicable ; Inapplicable ; Inapplicable ; Pass      ; Inapplicable ; Inapplicable ;
; write_data[3]      ; Inapplicable ; Inapplicable ; Inapplicable ; Inapplicable ; Inapplicable ; Pass      ; Inapplicable ; Inapplicable ; Pass      ; Pass      ; Inapplicable ; Inapplicable ; Inapplicable ; Inapplicable ; Pass         ; Inapplicable ; Inapplicable ; Pass         ; Inapplicable ; Inapplicable ; Inapplicable ; Inapplicable ; Inapplicable ; Inapplicable ; Inapplicable ; Inapplicable ; Inapplicable ; Pass      ; Inapplicable ; Inapplicable ;
; write_data[4]      ; Inapplicable ; Inapplicable ; Inapplicable ; Inapplicable ; Inapplicable ; Pass      ; Inapplicable ; Inapplicable ; Pass      ; Pass      ; Inapplicable ; Inapplicable ; Inapplicable ; Inapplicable ; Pass         ; Inapplicable ; Inapplicable ; Pass         ; Inapplicable ; Inapplicable ; Inapplicable ; Inapplicable ; Inapplicable ; Inapplicable ; Inapplicable ; Inapplicable ; Inapplicable ; Pass      ; Inapplicable ; Inapplicable ;
; write_data[5]      ; Inapplicable ; Inapplicable ; Inapplicable ; Inapplicable ; Inapplicable ; Pass      ; Inapplicable ; Inapplicable ; Pass      ; Pass      ; Inapplicable ; Inapplicable ; Inapplicable ; Inapplicable ; Pass         ; Inapplicable ; Inapplicable ; Pass         ; Inapplicable ; Inapplicable ; Inapplicable ; Inapplicable ; Inapplicable ; Inapplicable ; Inapplicable ; Inapplicable ; Inapplicable ; Pass      ; Inapplicable ; Inapplicable ;
; write_data[6]      ; Inapplicable ; Inapplicable ; Inapplicable ; Inapplicable ; Inapplicable ; Pass      ; Inapplicable ; Inapplicable ; Pass      ; Pass      ; Inapplicable ; Inapplicable ; Inapplicable ; Inapplicable ; Pass         ; Inapplicable ; Inapplicable ; Pass         ; Inapplicable ; Inapplicable ; Inapplicable ; Inapplicable ; Inapplicable ; Inapplicable ; Inapplicable ; Inapplicable ; Inapplicable ; Pass      ; Inapplicable ; Inapplicable ;
; write_data[7]      ; Inapplicable ; Inapplicable ; Inapplicable ; Inapplicable ; Inapplicable ; Pass      ; Inapplicable ; Inapplicable ; Pass      ; Pass      ; Inapplicable ; Inapplicable ; Inapplicable ; Inapplicable ; Pass         ; Inapplicable ; Inapplicable ; Pass         ; Inapplicable ; Inapplicable ; Inapplicable ; Inapplicable ; Inapplicable ; Inapplicable ; Inapplicable ; Inapplicable ; Inapplicable ; Pass      ; Inapplicable ; Inapplicable ;
+--------------------+--------------+--------------+--------------+--------------+--------------+-----------+--------------+--------------+-----------+-----------+--------------+--------------+--------------+--------------+--------------+--------------+--------------+--------------+--------------+--------------+--------------+--------------+--------------+--------------+--------------+--------------+--------------+-----------+--------------+--------------+


+---------------------------------------------------------------------------------------------+
; Fitter Device Options                                                                       ;
+------------------------------------------------------------------+--------------------------+
; Option                                                           ; Setting                  ;
+------------------------------------------------------------------+--------------------------+
; Enable user-supplied start-up clock (CLKUSR)                     ; Off                      ;
; Enable device-wide reset (DEV_CLRn)                              ; Off                      ;
; Enable device-wide output enable (DEV_OE)                        ; Off                      ;
; Enable INIT_DONE output                                          ; Off                      ;
; Configuration scheme                                             ; Active Serial            ;
; Error detection CRC                                              ; Off                      ;
; Enable open drain on CRC_ERROR pin                               ; Off                      ;
; Enable input tri-state on active configuration pins in user mode ; Off                      ;
; Configuration Voltage Level                                      ; Auto                     ;
; Force Configuration Voltage Level                                ; Off                      ;
; nCEO                                                             ; As output driving ground ;
; Data[0]                                                          ; As input tri-stated      ;
; Data[1]/ASDO                                                     ; As input tri-stated      ;
; Data[7..2]                                                       ; Unreserved               ;
; FLASH_nCE/nCSO                                                   ; As input tri-stated      ;
; Other Active Parallel pins                                       ; Unreserved               ;
; DCLK                                                             ; As output driving ground ;
; Base pin-out file on sameframe device                            ; Off                      ;
+------------------------------------------------------------------+--------------------------+


+------------------------------------+
; Operating Settings and Conditions  ;
+---------------------------+--------+
; Setting                   ; Value  ;
+---------------------------+--------+
; Nominal Core Voltage      ; 1.20 V ;
; Low Junction Temperature  ; 0 °C   ;
; High Junction Temperature ; 85 °C  ;
+---------------------------+--------+


+------------------------------------------------------------+
; Estimated Delay Added for Hold Timing Summary              ;
+-----------------+----------------------+-------------------+
; Source Clock(s) ; Destination Clock(s) ; Delay Added in ns ;
+-----------------+----------------------+-------------------+
; write_clock     ; write_clock          ; 1.3               ;
+-----------------+----------------------+-------------------+
Note: For more information on problematic transfers, consider running the Fitter again with the Optimize hold timing option (Settings Menu) turned off.
This will disable optimization of problematic paths and expose them for further analysis using either the TimeQuest Timing Analyzer or the Classic Timing Analyzer.


+---------------------------------------------------------------------------------------------------------------------------------------------------------------------------------------------------------------------------------------------------------------------------------------------------------------------------------------+
; Estimated Delay Added for Hold Timing Details                                                                                                                                                                                                                                                                                         ;
+---------------------------------------------------------------------------------------------------------------------------------------------------------+---------------------------------------------------------------------------------------------------------------------------------------------------------+-------------------+
; Source Register                                                                                                                                         ; Destination Register                                                                                                                                    ; Delay Added in ns ;
+---------------------------------------------------------------------------------------------------------------------------------------------------------+---------------------------------------------------------------------------------------------------------------------------------------------------------+-------------------+
; fifo_as_8x256:fifo_as_8x256_inst|dcfifo_mixed_widths:dcfifo_mixed_widths_component|dcfifo_bjl1:auto_generated|a_graycounter_l5c:wrptr_g1p|counter10a[0] ; fifo_as_8x256:fifo_as_8x256_inst|dcfifo_mixed_widths:dcfifo_mixed_widths_component|dcfifo_bjl1:auto_generated|a_graycounter_l5c:wrptr_g1p|counter10a[1] ; 0.086             ;
; fifo_as_8x256:fifo_as_8x256_inst|dcfifo_mixed_widths:dcfifo_mixed_widths_component|dcfifo_bjl1:auto_generated|a_graycounter_qn6:rdptr_g1p|counter5a0    ; fifo_as_8x256:fifo_as_8x256_inst|dcfifo_mixed_widths:dcfifo_mixed_widths_component|dcfifo_bjl1:auto_generated|a_graycounter_qn6:rdptr_g1p|counter5a1    ; 0.025             ;
+---------------------------------------------------------------------------------------------------------------------------------------------------------+---------------------------------------------------------------------------------------------------------------------------------------------------------+-------------------+
Note: This table only shows the top 2 path(s) that have the largest delay added for hold.


+-----------------+
; Fitter Messages ;
+-----------------+
Info (11104): Parallel Compilation has detected 22 hyper-threaded processors. However, the extra hyper-threaded processors will not be used by default. Parallel Compilation will use 16 of the 16 physical processors detected instead.
Info (119006): Selected device EP4CE10F17C8 for design "FIFO"
Info (21077): Core supply voltage is 1.2V
Info (21077): Low junction temperature is 0 degrees C
Info (21077): High junction temperature is 85 degrees C
Info (171003): Fitter is performing an Auto Fit compilation, which may decrease Fitter effort to reduce compilation time
Info (176444): Device migration not selected. If you intend to use device migration later, you may need to change the pin assignments as they may be incompatible with other devices
    Info (176445): Device EP4CE6F17C8 is compatible
    Info (176445): Device EP4CE15F17C8 is compatible
    Info (176445): Device EP4CE22F17C8 is compatible
Info (169124): Fitter converted 5 user pins into dedicated programming pins
    Info (169125): Pin ~ALTERA_ASDO_DATA1~ is reserved at location C1
    Info (169125): Pin ~ALTERA_FLASH_nCE_nCSO~ is reserved at location D2
    Info (169125): Pin ~ALTERA_DCLK~ is reserved at location H1
    Info (169125): Pin ~ALTERA_DATA0~ is reserved at location H2
    Info (169125): Pin ~ALTERA_nCEO~ is reserved at location F16
Warning (15714): Some pins have incomplete I/O assignments. Refer to the I/O Assignment Warnings report for details
Info (176045): Design uses memory blocks. Violating setup or hold times of memory block address registers for either read or write operations could cause memory contents to be corrupted. Make sure that all memory block address registers meet the setup and hold time requirements.
Critical Warning (169085): No exact pin location assignment(s) for 49 pins of 49 total pins
    Info (169086): Pin read_data[0] not assigned to an exact location on the device
    Info (169086): Pin read_data[1] not assigned to an exact location on the device
    Info (169086): Pin read_data[2] not assigned to an exact location on the device
    Info (169086): Pin read_data[3] not assigned to an exact location on the device
    Info (169086): Pin read_data[4] not assigned to an exact location on the device
    Info (169086): Pin read_data[5] not assigned to an exact location on the device
    Info (169086): Pin read_data[6] not assigned to an exact location on the device
    Info (169086): Pin read_data[7] not assigned to an exact location on the device
    Info (169086): Pin read_data[8] not assigned to an exact location on the device
    Info (169086): Pin read_data[9] not assigned to an exact location on the device
    Info (169086): Pin read_data[10] not assigned to an exact location on the device
    Info (169086): Pin read_data[11] not assigned to an exact location on the device
    Info (169086): Pin read_data[12] not assigned to an exact location on the device
    Info (169086): Pin read_data[13] not assigned to an exact location on the device
    Info (169086): Pin read_data[14] not assigned to an exact location on the device
    Info (169086): Pin read_data[15] not assigned to an exact location on the device
    Info (169086): Pin write_empty not assigned to an exact location on the device
    Info (169086): Pin write_full not assigned to an exact location on the device
    Info (169086): Pin write_usedw[0] not assigned to an exact location on the device
    Info (169086): Pin write_usedw[1] not assigned to an exact location on the device
    Info (169086): Pin write_usedw[2] not assigned to an exact location on the device
    Info (169086): Pin write_usedw[3] not assigned to an exact location on the device
    Info (169086): Pin write_usedw[4] not assigned to an exact location on the device
    Info (169086): Pin write_usedw[5] not assigned to an exact location on the device
    Info (169086): Pin write_usedw[6] not assigned to an exact location on the device
    Info (169086): Pin write_usedw[7] not assigned to an exact location on the device
    Info (169086): Pin write_usedw[8] not assigned to an exact location on the device
    Info (169086): Pin read_empty not assigned to an exact location on the device
    Info (169086): Pin read_full not assigned to an exact location on the device
    Info (169086): Pin read_usedw[0] not assigned to an exact location on the device
    Info (169086): Pin read_usedw[1] not assigned to an exact location on the device
    Info (169086): Pin read_usedw[2] not assigned to an exact location on the device
    Info (169086): Pin read_usedw[3] not assigned to an exact location on the device
    Info (169086): Pin read_usedw[4] not assigned to an exact location on the device
    Info (169086): Pin read_usedw[5] not assigned to an exact location on the device
    Info (169086): Pin read_usedw[6] not assigned to an exact location on the device
    Info (169086): Pin read_usedw[7] not assigned to an exact location on the device
    Info (169086): Pin write_request not assigned to an exact location on the device
    Info (169086): Pin read_request not assigned to an exact location on the device
    Info (169086): Pin write_clock not assigned to an exact location on the device
    Info (169086): Pin read_clock not assigned to an exact location on the device
    Info (169086): Pin write_data[0] not assigned to an exact location on the device
    Info (169086): Pin write_data[1] not assigned to an exact location on the device
    Info (169086): Pin write_data[2] not assigned to an exact location on the device
    Info (169086): Pin write_data[3] not assigned to an exact location on the device
    Info (169086): Pin write_data[4] not assigned to an exact location on the device
    Info (169086): Pin write_data[5] not assigned to an exact location on the device
    Info (169086): Pin write_data[6] not assigned to an exact location on the device
    Info (169086): Pin write_data[7] not assigned to an exact location on the device
Info (332164): Evaluating HDL-embedded SDC commands
    Info (332165): Entity dcfifo_bjl1
        Info (332166): set_false_path -from *rdptr_g* -to *ws_dgrp|dffpipe_3v8:dffpipe18|dffe19a* 
        Info (332166): set_false_path -from *delayed_wrptr_g* -to *rs_dgwp|dffpipe_1v8:dffpipe14|dffe15a* 
Critical Warning (332012): Synopsys Design Constraints File file not found: 'FIFO.sdc'. A Synopsys Design Constraints File is required by the TimeQuest Timing Analyzer to get proper timing constraints. Without it, the Compiler will not properly optimize the design.
Info (332144): No user constrained base clocks found in the design
Info (332143): No user constrained clock uncertainty found in the design. Calling "derive_clock_uncertainty"
Info (332123): Deriving Clock Uncertainty. Please refer to report_sdc in TimeQuest to see clock uncertainties.
Info (332130): Timing requirements not specified -- quality metrics such as performance may be sacrificed to reduce compilation time.
Info (176353): Automatically promoted node write_clock~input (placed in PIN E1 (CLK1, DIFFCLK_0n))
    Info (176355): Automatically promoted destinations to use location or clock signal Global Clock CLKCTRL_G2
Info (176353): Automatically promoted node read_clock~input (placed in PIN M2 (CLK2, DIFFCLK_1p))
    Info (176355): Automatically promoted destinations to use location or clock signal Global Clock CLKCTRL_G4
Info (176233): Starting register packing
Info (176235): Finished register packing
    Extra Info (176219): No registers were packed into other blocks
Info (176214): Statistics of I/O pins that need to be placed that use the same VCCIO and VREF, before I/O pin placement
    Info (176211): Number of I/O pins in group: 47 (unused VREF, 2.5V VCCIO, 10 input, 37 output, 0 bidirectional)
        Info (176212): I/O standards used: 2.5 V.
Info (176215): I/O bank details before I/O pin placement
    Info (176214): Statistics of I/O banks
        Info (176213): I/O bank number 1 does not use VREF pins and has undetermined VCCIO pins. 5 total pin(s) used --  12 pins available
        Info (176213): I/O bank number 2 does not use VREF pins and has undetermined VCCIO pins. 1 total pin(s) used --  18 pins available
        Info (176213): I/O bank number 3 does not use VREF pins and has undetermined VCCIO pins. 0 total pin(s) used --  26 pins available
        Info (176213): I/O bank number 4 does not use VREF pins and has undetermined VCCIO pins. 0 total pin(s) used --  27 pins available
        Info (176213): I/O bank number 5 does not use VREF pins and has undetermined VCCIO pins. 0 total pin(s) used --  25 pins available
        Info (176213): I/O bank number 6 does not use VREF pins and has undetermined VCCIO pins. 1 total pin(s) used --  13 pins available
        Info (176213): I/O bank number 7 does not use VREF pins and has undetermined VCCIO pins. 0 total pin(s) used --  26 pins available
        Info (176213): I/O bank number 8 does not use VREF pins and has undetermined VCCIO pins. 0 total pin(s) used --  26 pins available
Info (171121): Fitter preparation operations ending: elapsed time is 00:00:00
Info (170189): Fitter placement preparation operations beginning
Info (170190): Fitter placement preparation operations ending: elapsed time is 00:00:00
Info (170191): Fitter placement operations beginning
Info (170137): Fitter placement was successful
Info (170192): Fitter placement operations ending: elapsed time is 00:00:01
Info (170193): Fitter routing operations beginning
Info (170195): Router estimated average interconnect usage is 0% of the available device resources
    Info (170196): Router estimated peak interconnect usage is 2% of the available device resources in the region that extends from location X11_Y12 to location X22_Y24
Info (170194): Fitter routing operations ending: elapsed time is 00:00:01
Info (170199): The Fitter performed an Auto Fit compilation.  Optimizations were skipped to reduce compilation time.
    Info (170201): Optimizations that may affect the design's routability were skipped
Info (11888): Total time spent on timing analysis during the Fitter is 0.31 seconds.
Info (334003): Started post-fitting delay annotation
Info (334004): Delay annotation completed successfully
Info (334003): Started post-fitting delay annotation
Info (334004): Delay annotation completed successfully
Info (11218): Fitter post-fit operations ending: elapsed time is 00:00:01
Info (144001): Generated suppressed messages file D:/TylerHong/Development/Learn/Learning-FPGA/20250302-IP-FIFO-First-In-First-Out/Quartus Project/output_files/FIFO.fit.smsg
Info: Quartus II 64-Bit Fitter was successful. 0 errors, 3 warnings
    Info: Peak virtual memory: 6002 megabytes
    Info: Processing ended: Mon Mar 03 15:10:39 2025
    Info: Elapsed time: 00:00:05
    Info: Total CPU time (on all processors): 00:00:07


+----------------------------+
; Fitter Suppressed Messages ;
+----------------------------+
The suppressed messages can be found in D:/TylerHong/Development/Learn/Learning-FPGA/20250302-IP-FIFO-First-In-First-Out/Quartus Project/output_files/FIFO.fit.smsg.


