TimeQuest Timing Analyzer report for Dynamic_Digital_Tube
Thu Feb 27 19:31:21 2025
Quartus II 64-Bit Version 13.0.1 Build 232 06/12/2013 Service Pack 1 SJ Full Version


---------------------
; Table of Contents ;
---------------------
  1. Legal Notice
  2. TimeQuest Timing Analyzer Summary
  3. Parallel Compilation
  4. Clocks
  5. Slow 1200mV 85C Model Fmax Summary
  6. Timing Closure Recommendations
  7. Slow 1200mV 85C Model Setup Summary
  8. Slow 1200mV 85C Model Hold Summary
  9. Slow 1200mV 85C Model Recovery Summary
 10. Slow 1200mV 85C Model Removal Summary
 11. Slow 1200mV 85C Model Minimum Pulse Width Summary
 12. Slow 1200mV 85C Model Setup: 'system_clock'
 13. Slow 1200mV 85C Model Hold: 'system_clock'
 14. Slow 1200mV 85C Model Minimum Pulse Width: 'system_clock'
 15. Clock to Output Times
 16. Minimum Clock to Output Times
 17. Slow 1200mV 85C Model Metastability Report
 18. Slow 1200mV 0C Model Fmax Summary
 19. Slow 1200mV 0C Model Setup Summary
 20. Slow 1200mV 0C Model Hold Summary
 21. Slow 1200mV 0C Model Recovery Summary
 22. Slow 1200mV 0C Model Removal Summary
 23. Slow 1200mV 0C Model Minimum Pulse Width Summary
 24. Slow 1200mV 0C Model Setup: 'system_clock'
 25. Slow 1200mV 0C Model Hold: 'system_clock'
 26. Slow 1200mV 0C Model Minimum Pulse Width: 'system_clock'
 27. Clock to Output Times
 28. Minimum Clock to Output Times
 29. Slow 1200mV 0C Model Metastability Report
 30. Fast 1200mV 0C Model Setup Summary
 31. Fast 1200mV 0C Model Hold Summary
 32. Fast 1200mV 0C Model Recovery Summary
 33. Fast 1200mV 0C Model Removal Summary
 34. Fast 1200mV 0C Model Minimum Pulse Width Summary
 35. Fast 1200mV 0C Model Setup: 'system_clock'
 36. Fast 1200mV 0C Model Hold: 'system_clock'
 37. Fast 1200mV 0C Model Minimum Pulse Width: 'system_clock'
 38. Clock to Output Times
 39. Minimum Clock to Output Times
 40. Fast 1200mV 0C Model Metastability Report
 41. Multicorner Timing Analysis Summary
 42. Clock to Output Times
 43. Minimum Clock to Output Times
 44. Board Trace Model Assignments
 45. Input Transition Times
 46. Signal Integrity Metrics (Slow 1200mv 0c Model)
 47. Signal Integrity Metrics (Slow 1200mv 85c Model)
 48. Signal Integrity Metrics (Fast 1200mv 0c Model)
 49. Setup Transfers
 50. Hold Transfers
 51. Report TCCS
 52. Report RSKM
 53. Unconstrained Paths
 54. TimeQuest Timing Analyzer Messages



----------------
; Legal Notice ;
----------------
Copyright (C) 1991-2013 Altera Corporation
Your use of Altera Corporation's design tools, logic functions 
and other software and tools, and its AMPP partner logic 
functions, and any output files from any of the foregoing 
(including device programming or simulation files), and any 
associated documentation or information are expressly subject 
to the terms and conditions of the Altera Program License 
Subscription Agreement, Altera MegaCore Function License 
Agreement, or other applicable license agreement, including, 
without limitation, that your use is for the sole purpose of 
programming logic devices manufactured by Altera and sold by 
Altera or its authorized distributors.  Please refer to the 
applicable agreement for further details.



+-----------------------------------------------------------------------------------------+
; TimeQuest Timing Analyzer Summary                                                       ;
+--------------------+--------------------------------------------------------------------+
; Quartus II Version ; Version 13.0.1 Build 232 06/12/2013 Service Pack 1 SJ Full Version ;
; Revision Name      ; Dynamic_Digital_Tube                                               ;
; Device Family      ; Cyclone IV E                                                       ;
; Device Name        ; EP4CE10F17C8                                                       ;
; Timing Models      ; Final                                                              ;
; Delay Model        ; Combined                                                           ;
; Rise/Fall Delays   ; Enabled                                                            ;
+--------------------+--------------------------------------------------------------------+


+------------------------------------------+
; Parallel Compilation                     ;
+----------------------------+-------------+
; Processors                 ; Number      ;
+----------------------------+-------------+
; Number detected on machine ; 22          ;
; Maximum allowed            ; 16          ;
;                            ;             ;
; Average used               ; 1.00        ;
; Maximum used               ; 16          ;
;                            ;             ;
; Usage by Processor         ; % Time Used ;
;     Processor 1            ; 100.0%      ;
;     Processors 2-16        ; < 0.1%      ;
;     Processors 17-22       ;   0.0%      ;
+----------------------------+-------------+


+--------------------------------------------------------------------------------------------------------------------------------------------------------------------------------------------+
; Clocks                                                                                                                                                                                     ;
+--------------+------+--------+------------+-------+-------+------------+-----------+-------------+-------+--------+-----------+------------+----------+--------+--------+------------------+
; Clock Name   ; Type ; Period ; Frequency  ; Rise  ; Fall  ; Duty Cycle ; Divide by ; Multiply by ; Phase ; Offset ; Edge List ; Edge Shift ; Inverted ; Master ; Source ; Targets          ;
+--------------+------+--------+------------+-------+-------+------------+-----------+-------------+-------+--------+-----------+------------+----------+--------+--------+------------------+
; system_clock ; Base ; 1.000  ; 1000.0 MHz ; 0.000 ; 0.500 ;            ;           ;             ;       ;        ;           ;            ;          ;        ;        ; { system_clock } ;
+--------------+------+--------+------------+-------+-------+------------+-----------+-------------+-------+--------+-----------+------------+----------+--------+--------+------------------+


+----------------------------------------------------+
; Slow 1200mV 85C Model Fmax Summary                 ;
+------------+-----------------+--------------+------+
; Fmax       ; Restricted Fmax ; Clock Name   ; Note ;
+------------+-----------------+--------------+------+
; 224.87 MHz ; 224.87 MHz      ; system_clock ;      ;
+------------+-----------------+--------------+------+
This panel reports FMAX for every clock in the design, regardless of the user-specified clock periods.  FMAX is only computed for paths where the source and destination registers or ports are driven by the same clock.  Paths of different clocks, including generated clocks, are ignored.  For paths between a clock and its inversion, FMAX is computed as if the rising and falling edges are scaled along with FMAX, such that the duty cycle (in terms of a percentage) is maintained. Altera recommends that you always use clock constraints and other slack reports for sign-off analysis.


----------------------------------
; Timing Closure Recommendations ;
----------------------------------
HTML report is unavailable in plain text report export.


+---------------------------------------+
; Slow 1200mV 85C Model Setup Summary   ;
+--------------+--------+---------------+
; Clock        ; Slack  ; End Point TNS ;
+--------------+--------+---------------+
; system_clock ; -3.447 ; -442.035      ;
+--------------+--------+---------------+


+--------------------------------------+
; Slow 1200mV 85C Model Hold Summary   ;
+--------------+-------+---------------+
; Clock        ; Slack ; End Point TNS ;
+--------------+-------+---------------+
; system_clock ; 0.452 ; 0.000         ;
+--------------+-------+---------------+


------------------------------------------
; Slow 1200mV 85C Model Recovery Summary ;
------------------------------------------
No paths to report.


-----------------------------------------
; Slow 1200mV 85C Model Removal Summary ;
-----------------------------------------
No paths to report.


+---------------------------------------------------+
; Slow 1200mV 85C Model Minimum Pulse Width Summary ;
+--------------+--------+---------------------------+
; Clock        ; Slack  ; End Point TNS             ;
+--------------+--------+---------------------------+
; system_clock ; -3.000 ; -281.069                  ;
+--------------+--------+---------------------------+


+----------------------------------------------------------------------------------------------------------------------------------------------------------------------------------------------------------------------------------------------------------------------------------------------------------------------------------------------------------------+
; Slow 1200mV 85C Model Setup: 'system_clock'                                                                                                                                                                                                                                                                                                                    ;
+--------+------------------------------------------------------------------------------------------------------------------------------------------+-------------------------------------------------------------------------------------------------------------------------------------+--------------+--------------+--------------+------------+------------+
; Slack  ; From Node                                                                                                                                ; To Node                                                                                                                             ; Launch Clock ; Latch Clock  ; Relationship ; Clock Skew ; Data Delay ;
+--------+------------------------------------------------------------------------------------------------------------------------------------------+-------------------------------------------------------------------------------------------------------------------------------------+--------------+--------------+--------------+------------+------------+
; -3.447 ; Segment_595_Dynamic:Segment_595_Dynamic_Instance|hc595_control:hc595_control_Instance|count[1]                                           ; Data_Generation:Data_Generation_Instance|count_100ms[22]                                                                            ; system_clock ; system_clock ; 1.000        ; -0.107     ; 4.341      ;
; -3.397 ; Segment_595_Dynamic:Segment_595_Dynamic_Instance|Segment_Dynamic:Segment_Dynamic_Instance|BDC_8421:BDC_8421_Instance|count_shift[3]      ; Segment_595_Dynamic:Segment_595_Dynamic_Instance|Segment_Dynamic:Segment_Dynamic_Instance|BDC_8421:BDC_8421_Instance|data_shift[28] ; system_clock ; system_clock ; 1.000        ; -0.100     ; 4.298      ;
; -3.397 ; Segment_595_Dynamic:Segment_595_Dynamic_Instance|Segment_Dynamic:Segment_Dynamic_Instance|BDC_8421:BDC_8421_Instance|count_shift[3]      ; Segment_595_Dynamic:Segment_595_Dynamic_Instance|Segment_Dynamic:Segment_Dynamic_Instance|BDC_8421:BDC_8421_Instance|data_shift[29] ; system_clock ; system_clock ; 1.000        ; -0.100     ; 4.298      ;
; -3.341 ; Segment_595_Dynamic:Segment_595_Dynamic_Instance|Segment_Dynamic:Segment_Dynamic_Instance|count_1ms[2]                                   ; Data_Generation:Data_Generation_Instance|count_100ms[19]                                                                            ; system_clock ; system_clock ; 1.000        ; -0.073     ; 4.269      ;
; -3.337 ; Segment_595_Dynamic:Segment_595_Dynamic_Instance|hc595_control:hc595_control_Instance|count[1]                                           ; Segment_595_Dynamic:Segment_595_Dynamic_Instance|Segment_Dynamic:Segment_Dynamic_Instance|count_1ms[15]                             ; system_clock ; system_clock ; 1.000        ; -0.090     ; 4.248      ;
; -3.337 ; Segment_595_Dynamic:Segment_595_Dynamic_Instance|hc595_control:hc595_control_Instance|count[1]                                           ; Segment_595_Dynamic:Segment_595_Dynamic_Instance|Segment_Dynamic:Segment_Dynamic_Instance|BDC_8421:BDC_8421_Instance|data_shift[28] ; system_clock ; system_clock ; 1.000        ; -0.100     ; 4.238      ;
; -3.337 ; Segment_595_Dynamic:Segment_595_Dynamic_Instance|hc595_control:hc595_control_Instance|count[1]                                           ; Segment_595_Dynamic:Segment_595_Dynamic_Instance|Segment_Dynamic:Segment_Dynamic_Instance|BDC_8421:BDC_8421_Instance|data_shift[29] ; system_clock ; system_clock ; 1.000        ; -0.100     ; 4.238      ;
; -3.324 ; Segment_595_Dynamic:Segment_595_Dynamic_Instance|hc595_control:hc595_control_Instance|count[0]                                           ; Segment_595_Dynamic:Segment_595_Dynamic_Instance|Segment_Dynamic:Segment_Dynamic_Instance|BDC_8421:BDC_8421_Instance|data_shift[28] ; system_clock ; system_clock ; 1.000        ; -0.091     ; 4.234      ;
; -3.324 ; Segment_595_Dynamic:Segment_595_Dynamic_Instance|hc595_control:hc595_control_Instance|count[0]                                           ; Segment_595_Dynamic:Segment_595_Dynamic_Instance|Segment_Dynamic:Segment_Dynamic_Instance|BDC_8421:BDC_8421_Instance|data_shift[29] ; system_clock ; system_clock ; 1.000        ; -0.091     ; 4.234      ;
; -3.317 ; Segment_595_Dynamic:Segment_595_Dynamic_Instance|Segment_Dynamic:Segment_Dynamic_Instance|BDC_8421:BDC_8421_Instance|count_shift[2]      ; Segment_595_Dynamic:Segment_595_Dynamic_Instance|Segment_Dynamic:Segment_Dynamic_Instance|BDC_8421:BDC_8421_Instance|data_shift[28] ; system_clock ; system_clock ; 1.000        ; -0.100     ; 4.218      ;
; -3.317 ; Segment_595_Dynamic:Segment_595_Dynamic_Instance|Segment_Dynamic:Segment_Dynamic_Instance|BDC_8421:BDC_8421_Instance|count_shift[2]      ; Segment_595_Dynamic:Segment_595_Dynamic_Instance|Segment_Dynamic:Segment_Dynamic_Instance|BDC_8421:BDC_8421_Instance|data_shift[29] ; system_clock ; system_clock ; 1.000        ; -0.100     ; 4.218      ;
; -3.300 ; Segment_595_Dynamic:Segment_595_Dynamic_Instance|Segment_Dynamic:Segment_Dynamic_Instance|count_1ms[3]                                   ; Data_Generation:Data_Generation_Instance|count_100ms[22]                                                                            ; system_clock ; system_clock ; 1.000        ; -0.073     ; 4.228      ;
; -3.291 ; Segment_595_Dynamic:Segment_595_Dynamic_Instance|hc595_control:hc595_control_Instance|count[1]                                           ; Data_Generation:Data_Generation_Instance|count_100ms[19]                                                                            ; system_clock ; system_clock ; 1.000        ; -0.107     ; 4.185      ;
; -3.289 ; Segment_595_Dynamic:Segment_595_Dynamic_Instance|Segment_Dynamic:Segment_Dynamic_Instance|BDC_8421:BDC_8421_Instance|one[2]              ; Segment_595_Dynamic:Segment_595_Dynamic_Instance|Segment_Dynamic:Segment_Dynamic_Instance|data_register[18]                         ; system_clock ; system_clock ; 1.000        ; -0.082     ; 4.208      ;
; -3.289 ; Segment_595_Dynamic:Segment_595_Dynamic_Instance|Segment_Dynamic:Segment_Dynamic_Instance|BDC_8421:BDC_8421_Instance|one[2]              ; Segment_595_Dynamic:Segment_595_Dynamic_Instance|Segment_Dynamic:Segment_Dynamic_Instance|data_register[22]                         ; system_clock ; system_clock ; 1.000        ; -0.082     ; 4.208      ;
; -3.289 ; Segment_595_Dynamic:Segment_595_Dynamic_Instance|Segment_Dynamic:Segment_Dynamic_Instance|BDC_8421:BDC_8421_Instance|one[2]              ; Segment_595_Dynamic:Segment_595_Dynamic_Instance|Segment_Dynamic:Segment_Dynamic_Instance|data_register[21]                         ; system_clock ; system_clock ; 1.000        ; -0.082     ; 4.208      ;
; -3.286 ; Segment_595_Dynamic:Segment_595_Dynamic_Instance|Segment_Dynamic:Segment_Dynamic_Instance|count_1ms[2]                                   ; Data_Generation:Data_Generation_Instance|count_100ms[22]                                                                            ; system_clock ; system_clock ; 1.000        ; -0.073     ; 4.214      ;
; -3.280 ; Segment_595_Dynamic:Segment_595_Dynamic_Instance|Segment_Dynamic:Segment_Dynamic_Instance|BDC_8421:BDC_8421_Instance|one[3]              ; Segment_595_Dynamic:Segment_595_Dynamic_Instance|Segment_Dynamic:Segment_Dynamic_Instance|data_register[18]                         ; system_clock ; system_clock ; 1.000        ; -0.082     ; 4.199      ;
; -3.280 ; Segment_595_Dynamic:Segment_595_Dynamic_Instance|Segment_Dynamic:Segment_Dynamic_Instance|BDC_8421:BDC_8421_Instance|one[3]              ; Segment_595_Dynamic:Segment_595_Dynamic_Instance|Segment_Dynamic:Segment_Dynamic_Instance|data_register[22]                         ; system_clock ; system_clock ; 1.000        ; -0.082     ; 4.199      ;
; -3.280 ; Segment_595_Dynamic:Segment_595_Dynamic_Instance|Segment_Dynamic:Segment_Dynamic_Instance|BDC_8421:BDC_8421_Instance|one[3]              ; Segment_595_Dynamic:Segment_595_Dynamic_Instance|Segment_Dynamic:Segment_Dynamic_Instance|data_register[21]                         ; system_clock ; system_clock ; 1.000        ; -0.082     ; 4.199      ;
; -3.275 ; Segment_595_Dynamic:Segment_595_Dynamic_Instance|Segment_Dynamic:Segment_Dynamic_Instance|count_1ms[2]                                   ; Data_Generation:Data_Generation_Instance|count100ms_flag                                                                            ; system_clock ; system_clock ; 1.000        ; -0.065     ; 4.211      ;
; -3.271 ; Segment_595_Dynamic:Segment_595_Dynamic_Instance|Segment_Dynamic:Segment_Dynamic_Instance|BDC_8421:BDC_8421_Instance|one[2]              ; Segment_595_Dynamic:Segment_595_Dynamic_Instance|Segment_Dynamic:Segment_Dynamic_Instance|data_register[14]                         ; system_clock ; system_clock ; 1.000        ; -0.080     ; 4.192      ;
; -3.271 ; Segment_595_Dynamic:Segment_595_Dynamic_Instance|Segment_Dynamic:Segment_Dynamic_Instance|BDC_8421:BDC_8421_Instance|one[2]              ; Segment_595_Dynamic:Segment_595_Dynamic_Instance|Segment_Dynamic:Segment_Dynamic_Instance|data_register[13]                         ; system_clock ; system_clock ; 1.000        ; -0.080     ; 4.192      ;
; -3.271 ; Segment_595_Dynamic:Segment_595_Dynamic_Instance|Segment_Dynamic:Segment_Dynamic_Instance|BDC_8421:BDC_8421_Instance|one[2]              ; Segment_595_Dynamic:Segment_595_Dynamic_Instance|Segment_Dynamic:Segment_Dynamic_Instance|data_register[12]                         ; system_clock ; system_clock ; 1.000        ; -0.080     ; 4.192      ;
; -3.271 ; Segment_595_Dynamic:Segment_595_Dynamic_Instance|Segment_Dynamic:Segment_Dynamic_Instance|BDC_8421:BDC_8421_Instance|one[2]              ; Segment_595_Dynamic:Segment_595_Dynamic_Instance|Segment_Dynamic:Segment_Dynamic_Instance|data_register[15]                         ; system_clock ; system_clock ; 1.000        ; -0.080     ; 4.192      ;
; -3.268 ; Segment_595_Dynamic:Segment_595_Dynamic_Instance|Segment_Dynamic:Segment_Dynamic_Instance|count_1ms[3]                                   ; Data_Generation:Data_Generation_Instance|count100ms_flag                                                                            ; system_clock ; system_clock ; 1.000        ; -0.065     ; 4.204      ;
; -3.262 ; Segment_595_Dynamic:Segment_595_Dynamic_Instance|Segment_Dynamic:Segment_Dynamic_Instance|BDC_8421:BDC_8421_Instance|count_shift[1]      ; Segment_595_Dynamic:Segment_595_Dynamic_Instance|Segment_Dynamic:Segment_Dynamic_Instance|BDC_8421:BDC_8421_Instance|data_shift[28] ; system_clock ; system_clock ; 1.000        ; -0.100     ; 4.163      ;
; -3.262 ; Segment_595_Dynamic:Segment_595_Dynamic_Instance|Segment_Dynamic:Segment_Dynamic_Instance|BDC_8421:BDC_8421_Instance|count_shift[1]      ; Segment_595_Dynamic:Segment_595_Dynamic_Instance|Segment_Dynamic:Segment_Dynamic_Instance|BDC_8421:BDC_8421_Instance|data_shift[29] ; system_clock ; system_clock ; 1.000        ; -0.100     ; 4.163      ;
; -3.262 ; Segment_595_Dynamic:Segment_595_Dynamic_Instance|Segment_Dynamic:Segment_Dynamic_Instance|BDC_8421:BDC_8421_Instance|one[3]              ; Segment_595_Dynamic:Segment_595_Dynamic_Instance|Segment_Dynamic:Segment_Dynamic_Instance|data_register[14]                         ; system_clock ; system_clock ; 1.000        ; -0.080     ; 4.183      ;
; -3.262 ; Segment_595_Dynamic:Segment_595_Dynamic_Instance|Segment_Dynamic:Segment_Dynamic_Instance|BDC_8421:BDC_8421_Instance|one[3]              ; Segment_595_Dynamic:Segment_595_Dynamic_Instance|Segment_Dynamic:Segment_Dynamic_Instance|data_register[13]                         ; system_clock ; system_clock ; 1.000        ; -0.080     ; 4.183      ;
; -3.262 ; Segment_595_Dynamic:Segment_595_Dynamic_Instance|Segment_Dynamic:Segment_Dynamic_Instance|BDC_8421:BDC_8421_Instance|one[3]              ; Segment_595_Dynamic:Segment_595_Dynamic_Instance|Segment_Dynamic:Segment_Dynamic_Instance|data_register[12]                         ; system_clock ; system_clock ; 1.000        ; -0.080     ; 4.183      ;
; -3.262 ; Segment_595_Dynamic:Segment_595_Dynamic_Instance|Segment_Dynamic:Segment_Dynamic_Instance|BDC_8421:BDC_8421_Instance|one[3]              ; Segment_595_Dynamic:Segment_595_Dynamic_Instance|Segment_Dynamic:Segment_Dynamic_Instance|data_register[15]                         ; system_clock ; system_clock ; 1.000        ; -0.080     ; 4.183      ;
; -3.251 ; Segment_595_Dynamic:Segment_595_Dynamic_Instance|Segment_Dynamic:Segment_Dynamic_Instance|BDC_8421:BDC_8421_Instance|count_shift[3]      ; Segment_595_Dynamic:Segment_595_Dynamic_Instance|Segment_Dynamic:Segment_Dynamic_Instance|BDC_8421:BDC_8421_Instance|data_shift[24] ; system_clock ; system_clock ; 1.000        ; -0.081     ; 4.171      ;
; -3.251 ; Segment_595_Dynamic:Segment_595_Dynamic_Instance|Segment_Dynamic:Segment_Dynamic_Instance|BDC_8421:BDC_8421_Instance|count_shift[3]      ; Segment_595_Dynamic:Segment_595_Dynamic_Instance|Segment_Dynamic:Segment_Dynamic_Instance|BDC_8421:BDC_8421_Instance|data_shift[25] ; system_clock ; system_clock ; 1.000        ; -0.081     ; 4.171      ;
; -3.214 ; Data_Generation:Data_Generation_Instance|count_100ms[11]                                                                                 ; Data_Generation:Data_Generation_Instance|count100ms_flag                                                                            ; system_clock ; system_clock ; 1.000        ; -0.093     ; 4.122      ;
; -3.203 ; Segment_595_Dynamic:Segment_595_Dynamic_Instance|hc595_control:hc595_control_Instance|count[1]                                           ; Segment_595_Dynamic:Segment_595_Dynamic_Instance|Segment_Dynamic:Segment_Dynamic_Instance|BDC_8421:BDC_8421_Instance|data_shift[24] ; system_clock ; system_clock ; 1.000        ; -0.081     ; 4.123      ;
; -3.203 ; Segment_595_Dynamic:Segment_595_Dynamic_Instance|hc595_control:hc595_control_Instance|count[1]                                           ; Segment_595_Dynamic:Segment_595_Dynamic_Instance|Segment_Dynamic:Segment_Dynamic_Instance|BDC_8421:BDC_8421_Instance|data_shift[25] ; system_clock ; system_clock ; 1.000        ; -0.081     ; 4.123      ;
; -3.201 ; Segment_595_Dynamic:Segment_595_Dynamic_Instance|hc595_control:hc595_control_Instance|count[1]                                           ; Segment_595_Dynamic:Segment_595_Dynamic_Instance|Segment_Dynamic:Segment_Dynamic_Instance|BDC_8421:BDC_8421_Instance|data_shift[31] ; system_clock ; system_clock ; 1.000        ; -0.100     ; 4.102      ;
; -3.199 ; Segment_595_Dynamic:Segment_595_Dynamic_Instance|hc595_control:hc595_control_Instance|count[1]                                           ; Segment_595_Dynamic:Segment_595_Dynamic_Instance|Segment_Dynamic:Segment_Dynamic_Instance|BDC_8421:BDC_8421_Instance|data_shift[30] ; system_clock ; system_clock ; 1.000        ; -0.100     ; 4.100      ;
; -3.192 ; Segment_595_Dynamic:Segment_595_Dynamic_Instance|hc595_control:hc595_control_Instance|count[1]                                           ; Segment_595_Dynamic:Segment_595_Dynamic_Instance|Segment_Dynamic:Segment_Dynamic_Instance|BDC_8421:BDC_8421_Instance|data_shift[38] ; system_clock ; system_clock ; 1.000        ; -0.081     ; 4.112      ;
; -3.190 ; Segment_595_Dynamic:Segment_595_Dynamic_Instance|hc595_control:hc595_control_Instance|count[1]                                           ; Segment_595_Dynamic:Segment_595_Dynamic_Instance|Segment_Dynamic:Segment_Dynamic_Instance|count_1ms[14]                             ; system_clock ; system_clock ; 1.000        ; -0.090     ; 4.101      ;
; -3.189 ; Segment_595_Dynamic:Segment_595_Dynamic_Instance|hc595_control:hc595_control_Instance|count[1]                                           ; Segment_595_Dynamic:Segment_595_Dynamic_Instance|Segment_Dynamic:Segment_Dynamic_Instance|BDC_8421:BDC_8421_Instance|data_shift[33] ; system_clock ; system_clock ; 1.000        ; -0.100     ; 4.090      ;
; -3.189 ; Segment_595_Dynamic:Segment_595_Dynamic_Instance|hc595_control:hc595_control_Instance|count[1]                                           ; Segment_595_Dynamic:Segment_595_Dynamic_Instance|Segment_Dynamic:Segment_Dynamic_Instance|BDC_8421:BDC_8421_Instance|data_shift[32] ; system_clock ; system_clock ; 1.000        ; -0.100     ; 4.090      ;
; -3.184 ; Segment_595_Dynamic:Segment_595_Dynamic_Instance|hc595_control:hc595_control_Instance|count[0]                                           ; Segment_595_Dynamic:Segment_595_Dynamic_Instance|Segment_Dynamic:Segment_Dynamic_Instance|BDC_8421:BDC_8421_Instance|data_shift[24] ; system_clock ; system_clock ; 1.000        ; -0.072     ; 4.113      ;
; -3.184 ; Segment_595_Dynamic:Segment_595_Dynamic_Instance|hc595_control:hc595_control_Instance|count[0]                                           ; Segment_595_Dynamic:Segment_595_Dynamic_Instance|Segment_Dynamic:Segment_Dynamic_Instance|BDC_8421:BDC_8421_Instance|data_shift[25] ; system_clock ; system_clock ; 1.000        ; -0.072     ; 4.113      ;
; -3.183 ; Segment_595_Dynamic:Segment_595_Dynamic_Instance|Segment_Dynamic:Segment_Dynamic_Instance|BDC_8421:BDC_8421_Instance|count_shift[2]      ; Segment_595_Dynamic:Segment_595_Dynamic_Instance|Segment_Dynamic:Segment_Dynamic_Instance|BDC_8421:BDC_8421_Instance|data_shift[24] ; system_clock ; system_clock ; 1.000        ; -0.081     ; 4.103      ;
; -3.183 ; Segment_595_Dynamic:Segment_595_Dynamic_Instance|Segment_Dynamic:Segment_Dynamic_Instance|BDC_8421:BDC_8421_Instance|count_shift[2]      ; Segment_595_Dynamic:Segment_595_Dynamic_Instance|Segment_Dynamic:Segment_Dynamic_Instance|BDC_8421:BDC_8421_Instance|data_shift[25] ; system_clock ; system_clock ; 1.000        ; -0.081     ; 4.103      ;
; -3.180 ; Segment_595_Dynamic:Segment_595_Dynamic_Instance|Segment_Dynamic:Segment_Dynamic_Instance|BDC_8421:BDC_8421_Instance|count_shift[3]      ; Segment_595_Dynamic:Segment_595_Dynamic_Instance|Segment_Dynamic:Segment_Dynamic_Instance|BDC_8421:BDC_8421_Instance|data_shift[33] ; system_clock ; system_clock ; 1.000        ; -0.100     ; 4.081      ;
; -3.180 ; Segment_595_Dynamic:Segment_595_Dynamic_Instance|Segment_Dynamic:Segment_Dynamic_Instance|BDC_8421:BDC_8421_Instance|count_shift[3]      ; Segment_595_Dynamic:Segment_595_Dynamic_Instance|Segment_Dynamic:Segment_Dynamic_Instance|BDC_8421:BDC_8421_Instance|data_shift[32] ; system_clock ; system_clock ; 1.000        ; -0.100     ; 4.081      ;
; -3.176 ; Segment_595_Dynamic:Segment_595_Dynamic_Instance|Segment_Dynamic:Segment_Dynamic_Instance|BDC_8421:BDC_8421_Instance|count_shift[2]      ; Segment_595_Dynamic:Segment_595_Dynamic_Instance|Segment_Dynamic:Segment_Dynamic_Instance|BDC_8421:BDC_8421_Instance|data_shift[31] ; system_clock ; system_clock ; 1.000        ; -0.100     ; 4.077      ;
; -3.174 ; Segment_595_Dynamic:Segment_595_Dynamic_Instance|Segment_Dynamic:Segment_Dynamic_Instance|BDC_8421:BDC_8421_Instance|count_shift[2]      ; Segment_595_Dynamic:Segment_595_Dynamic_Instance|Segment_Dynamic:Segment_Dynamic_Instance|BDC_8421:BDC_8421_Instance|data_shift[30] ; system_clock ; system_clock ; 1.000        ; -0.100     ; 4.075      ;
; -3.170 ; Segment_595_Dynamic:Segment_595_Dynamic_Instance|hc595_control:hc595_control_Instance|count[0]                                           ; Segment_595_Dynamic:Segment_595_Dynamic_Instance|Segment_Dynamic:Segment_Dynamic_Instance|BDC_8421:BDC_8421_Instance|data_shift[33] ; system_clock ; system_clock ; 1.000        ; -0.091     ; 4.080      ;
; -3.170 ; Segment_595_Dynamic:Segment_595_Dynamic_Instance|hc595_control:hc595_control_Instance|count[0]                                           ; Segment_595_Dynamic:Segment_595_Dynamic_Instance|Segment_Dynamic:Segment_Dynamic_Instance|BDC_8421:BDC_8421_Instance|data_shift[32] ; system_clock ; system_clock ; 1.000        ; -0.091     ; 4.080      ;
; -3.169 ; Segment_595_Dynamic:Segment_595_Dynamic_Instance|Segment_Dynamic:Segment_Dynamic_Instance|BDC_8421:BDC_8421_Instance|count_shift[2]      ; Segment_595_Dynamic:Segment_595_Dynamic_Instance|Segment_Dynamic:Segment_Dynamic_Instance|BDC_8421:BDC_8421_Instance|data_shift[33] ; system_clock ; system_clock ; 1.000        ; -0.100     ; 4.070      ;
; -3.169 ; Segment_595_Dynamic:Segment_595_Dynamic_Instance|Segment_Dynamic:Segment_Dynamic_Instance|BDC_8421:BDC_8421_Instance|count_shift[2]      ; Segment_595_Dynamic:Segment_595_Dynamic_Instance|Segment_Dynamic:Segment_Dynamic_Instance|BDC_8421:BDC_8421_Instance|data_shift[32] ; system_clock ; system_clock ; 1.000        ; -0.100     ; 4.070      ;
; -3.160 ; Segment_595_Dynamic:Segment_595_Dynamic_Instance|Segment_Dynamic:Segment_Dynamic_Instance|BDC_8421:BDC_8421_Instance|count_shift[2]      ; Segment_595_Dynamic:Segment_595_Dynamic_Instance|Segment_Dynamic:Segment_Dynamic_Instance|BDC_8421:BDC_8421_Instance|data_shift[38] ; system_clock ; system_clock ; 1.000        ; -0.081     ; 4.080      ;
; -3.157 ; Segment_595_Dynamic:Segment_595_Dynamic_Instance|hc595_control:hc595_control_Instance|count[1]                                           ; Data_Generation:Data_Generation_Instance|count_100ms[18]                                                                            ; system_clock ; system_clock ; 1.000        ; -0.107     ; 4.051      ;
; -3.145 ; Segment_595_Dynamic:Segment_595_Dynamic_Instance|Segment_Dynamic:Segment_Dynamic_Instance|BDC_8421:BDC_8421_Instance|ten_thousand[0]     ; Segment_595_Dynamic:Segment_595_Dynamic_Instance|Segment_Dynamic:Segment_Dynamic_Instance|data_register[9]                          ; system_clock ; system_clock ; 1.000        ; -0.082     ; 4.064      ;
; -3.144 ; Segment_595_Dynamic:Segment_595_Dynamic_Instance|Segment_Dynamic:Segment_Dynamic_Instance|count_1ms[3]                                   ; Data_Generation:Data_Generation_Instance|count_100ms[19]                                                                            ; system_clock ; system_clock ; 1.000        ; -0.073     ; 4.072      ;
; -3.143 ; Segment_595_Dynamic:Segment_595_Dynamic_Instance|Segment_Dynamic:Segment_Dynamic_Instance|BDC_8421:BDC_8421_Instance|ten_thousand[0]     ; Segment_595_Dynamic:Segment_595_Dynamic_Instance|Segment_Dynamic:Segment_Dynamic_Instance|data_register[11]                         ; system_clock ; system_clock ; 1.000        ; -0.082     ; 4.062      ;
; -3.136 ; Segment_595_Dynamic:Segment_595_Dynamic_Instance|Segment_Dynamic:Segment_Dynamic_Instance|BDC_8421:BDC_8421_Instance|hundred_thousand[1] ; Segment_595_Dynamic:Segment_595_Dynamic_Instance|Segment_Dynamic:Segment_Dynamic_Instance|data_register[9]                          ; system_clock ; system_clock ; 1.000        ; -0.082     ; 4.055      ;
; -3.134 ; Segment_595_Dynamic:Segment_595_Dynamic_Instance|Segment_Dynamic:Segment_Dynamic_Instance|BDC_8421:BDC_8421_Instance|hundred_thousand[1] ; Segment_595_Dynamic:Segment_595_Dynamic_Instance|Segment_Dynamic:Segment_Dynamic_Instance|data_register[11]                         ; system_clock ; system_clock ; 1.000        ; -0.082     ; 4.053      ;
; -3.126 ; Segment_595_Dynamic:Segment_595_Dynamic_Instance|Segment_Dynamic:Segment_Dynamic_Instance|BDC_8421:BDC_8421_Instance|one[2]              ; Segment_595_Dynamic:Segment_595_Dynamic_Instance|Segment_Dynamic:Segment_Dynamic_Instance|data_register[2]                          ; system_clock ; system_clock ; 1.000        ; -0.081     ; 4.046      ;
; -3.126 ; Segment_595_Dynamic:Segment_595_Dynamic_Instance|Segment_Dynamic:Segment_Dynamic_Instance|BDC_8421:BDC_8421_Instance|one[2]              ; Segment_595_Dynamic:Segment_595_Dynamic_Instance|Segment_Dynamic:Segment_Dynamic_Instance|data_register[6]                          ; system_clock ; system_clock ; 1.000        ; -0.081     ; 4.046      ;
; -3.126 ; Segment_595_Dynamic:Segment_595_Dynamic_Instance|Segment_Dynamic:Segment_Dynamic_Instance|BDC_8421:BDC_8421_Instance|one[2]              ; Segment_595_Dynamic:Segment_595_Dynamic_Instance|Segment_Dynamic:Segment_Dynamic_Instance|data_register[1]                          ; system_clock ; system_clock ; 1.000        ; -0.081     ; 4.046      ;
; -3.126 ; Segment_595_Dynamic:Segment_595_Dynamic_Instance|Segment_Dynamic:Segment_Dynamic_Instance|BDC_8421:BDC_8421_Instance|one[2]              ; Segment_595_Dynamic:Segment_595_Dynamic_Instance|Segment_Dynamic:Segment_Dynamic_Instance|data_register[5]                          ; system_clock ; system_clock ; 1.000        ; -0.081     ; 4.046      ;
; -3.126 ; Segment_595_Dynamic:Segment_595_Dynamic_Instance|Segment_Dynamic:Segment_Dynamic_Instance|BDC_8421:BDC_8421_Instance|one[2]              ; Segment_595_Dynamic:Segment_595_Dynamic_Instance|Segment_Dynamic:Segment_Dynamic_Instance|data_register[0]                          ; system_clock ; system_clock ; 1.000        ; -0.081     ; 4.046      ;
; -3.126 ; Segment_595_Dynamic:Segment_595_Dynamic_Instance|Segment_Dynamic:Segment_Dynamic_Instance|BDC_8421:BDC_8421_Instance|one[2]              ; Segment_595_Dynamic:Segment_595_Dynamic_Instance|Segment_Dynamic:Segment_Dynamic_Instance|data_register[4]                          ; system_clock ; system_clock ; 1.000        ; -0.081     ; 4.046      ;
; -3.126 ; Segment_595_Dynamic:Segment_595_Dynamic_Instance|Segment_Dynamic:Segment_Dynamic_Instance|BDC_8421:BDC_8421_Instance|one[2]              ; Segment_595_Dynamic:Segment_595_Dynamic_Instance|Segment_Dynamic:Segment_Dynamic_Instance|data_register[3]                          ; system_clock ; system_clock ; 1.000        ; -0.081     ; 4.046      ;
; -3.126 ; Segment_595_Dynamic:Segment_595_Dynamic_Instance|Segment_Dynamic:Segment_Dynamic_Instance|BDC_8421:BDC_8421_Instance|one[2]              ; Segment_595_Dynamic:Segment_595_Dynamic_Instance|Segment_Dynamic:Segment_Dynamic_Instance|data_register[7]                          ; system_clock ; system_clock ; 1.000        ; -0.081     ; 4.046      ;
; -3.119 ; Segment_595_Dynamic:Segment_595_Dynamic_Instance|Segment_Dynamic:Segment_Dynamic_Instance|count_1ms[2]                                   ; Data_Generation:Data_Generation_Instance|count_100ms[8]                                                                             ; system_clock ; system_clock ; 1.000        ; -0.054     ; 4.066      ;
; -3.119 ; Segment_595_Dynamic:Segment_595_Dynamic_Instance|Segment_Dynamic:Segment_Dynamic_Instance|count_1ms[2]                                   ; Data_Generation:Data_Generation_Instance|count_100ms[9]                                                                             ; system_clock ; system_clock ; 1.000        ; -0.054     ; 4.066      ;
; -3.119 ; Segment_595_Dynamic:Segment_595_Dynamic_Instance|Segment_Dynamic:Segment_Dynamic_Instance|count_1ms[2]                                   ; Data_Generation:Data_Generation_Instance|count_100ms[11]                                                                            ; system_clock ; system_clock ; 1.000        ; -0.054     ; 4.066      ;
; -3.118 ; Segment_595_Dynamic:Segment_595_Dynamic_Instance|Segment_Dynamic:Segment_Dynamic_Instance|count_1ms[2]                                   ; Data_Generation:Data_Generation_Instance|count_100ms[6]                                                                             ; system_clock ; system_clock ; 1.000        ; -0.054     ; 4.065      ;
; -3.117 ; Segment_595_Dynamic:Segment_595_Dynamic_Instance|Segment_Dynamic:Segment_Dynamic_Instance|BDC_8421:BDC_8421_Instance|one[2]              ; Segment_595_Dynamic:Segment_595_Dynamic_Instance|Segment_Dynamic:Segment_Dynamic_Instance|data_register[10]                         ; system_clock ; system_clock ; 1.000        ; -0.081     ; 4.037      ;
; -3.117 ; Segment_595_Dynamic:Segment_595_Dynamic_Instance|Segment_Dynamic:Segment_Dynamic_Instance|BDC_8421:BDC_8421_Instance|one[2]              ; Segment_595_Dynamic:Segment_595_Dynamic_Instance|Segment_Dynamic:Segment_Dynamic_Instance|data_register[9]                          ; system_clock ; system_clock ; 1.000        ; -0.081     ; 4.037      ;
; -3.117 ; Segment_595_Dynamic:Segment_595_Dynamic_Instance|Segment_Dynamic:Segment_Dynamic_Instance|BDC_8421:BDC_8421_Instance|one[2]              ; Segment_595_Dynamic:Segment_595_Dynamic_Instance|Segment_Dynamic:Segment_Dynamic_Instance|data_register[17]                         ; system_clock ; system_clock ; 1.000        ; -0.081     ; 4.037      ;
; -3.117 ; Segment_595_Dynamic:Segment_595_Dynamic_Instance|Segment_Dynamic:Segment_Dynamic_Instance|BDC_8421:BDC_8421_Instance|one[2]              ; Segment_595_Dynamic:Segment_595_Dynamic_Instance|Segment_Dynamic:Segment_Dynamic_Instance|data_register[8]                          ; system_clock ; system_clock ; 1.000        ; -0.081     ; 4.037      ;
; -3.117 ; Segment_595_Dynamic:Segment_595_Dynamic_Instance|Segment_Dynamic:Segment_Dynamic_Instance|BDC_8421:BDC_8421_Instance|one[2]              ; Segment_595_Dynamic:Segment_595_Dynamic_Instance|Segment_Dynamic:Segment_Dynamic_Instance|data_register[16]                         ; system_clock ; system_clock ; 1.000        ; -0.081     ; 4.037      ;
; -3.117 ; Segment_595_Dynamic:Segment_595_Dynamic_Instance|Segment_Dynamic:Segment_Dynamic_Instance|BDC_8421:BDC_8421_Instance|one[2]              ; Segment_595_Dynamic:Segment_595_Dynamic_Instance|Segment_Dynamic:Segment_Dynamic_Instance|data_register[20]                         ; system_clock ; system_clock ; 1.000        ; -0.081     ; 4.037      ;
; -3.117 ; Segment_595_Dynamic:Segment_595_Dynamic_Instance|Segment_Dynamic:Segment_Dynamic_Instance|BDC_8421:BDC_8421_Instance|one[2]              ; Segment_595_Dynamic:Segment_595_Dynamic_Instance|Segment_Dynamic:Segment_Dynamic_Instance|data_register[19]                         ; system_clock ; system_clock ; 1.000        ; -0.081     ; 4.037      ;
; -3.117 ; Segment_595_Dynamic:Segment_595_Dynamic_Instance|Segment_Dynamic:Segment_Dynamic_Instance|BDC_8421:BDC_8421_Instance|one[2]              ; Segment_595_Dynamic:Segment_595_Dynamic_Instance|Segment_Dynamic:Segment_Dynamic_Instance|data_register[23]                         ; system_clock ; system_clock ; 1.000        ; -0.081     ; 4.037      ;
; -3.117 ; Segment_595_Dynamic:Segment_595_Dynamic_Instance|Segment_Dynamic:Segment_Dynamic_Instance|BDC_8421:BDC_8421_Instance|one[2]              ; Segment_595_Dynamic:Segment_595_Dynamic_Instance|Segment_Dynamic:Segment_Dynamic_Instance|data_register[11]                         ; system_clock ; system_clock ; 1.000        ; -0.081     ; 4.037      ;
; -3.117 ; Segment_595_Dynamic:Segment_595_Dynamic_Instance|Segment_Dynamic:Segment_Dynamic_Instance|BDC_8421:BDC_8421_Instance|one[3]              ; Segment_595_Dynamic:Segment_595_Dynamic_Instance|Segment_Dynamic:Segment_Dynamic_Instance|data_register[2]                          ; system_clock ; system_clock ; 1.000        ; -0.081     ; 4.037      ;
; -3.117 ; Segment_595_Dynamic:Segment_595_Dynamic_Instance|Segment_Dynamic:Segment_Dynamic_Instance|BDC_8421:BDC_8421_Instance|one[3]              ; Segment_595_Dynamic:Segment_595_Dynamic_Instance|Segment_Dynamic:Segment_Dynamic_Instance|data_register[6]                          ; system_clock ; system_clock ; 1.000        ; -0.081     ; 4.037      ;
; -3.117 ; Segment_595_Dynamic:Segment_595_Dynamic_Instance|Segment_Dynamic:Segment_Dynamic_Instance|BDC_8421:BDC_8421_Instance|one[3]              ; Segment_595_Dynamic:Segment_595_Dynamic_Instance|Segment_Dynamic:Segment_Dynamic_Instance|data_register[1]                          ; system_clock ; system_clock ; 1.000        ; -0.081     ; 4.037      ;
; -3.117 ; Segment_595_Dynamic:Segment_595_Dynamic_Instance|Segment_Dynamic:Segment_Dynamic_Instance|BDC_8421:BDC_8421_Instance|one[3]              ; Segment_595_Dynamic:Segment_595_Dynamic_Instance|Segment_Dynamic:Segment_Dynamic_Instance|data_register[5]                          ; system_clock ; system_clock ; 1.000        ; -0.081     ; 4.037      ;
; -3.117 ; Segment_595_Dynamic:Segment_595_Dynamic_Instance|Segment_Dynamic:Segment_Dynamic_Instance|BDC_8421:BDC_8421_Instance|one[3]              ; Segment_595_Dynamic:Segment_595_Dynamic_Instance|Segment_Dynamic:Segment_Dynamic_Instance|data_register[0]                          ; system_clock ; system_clock ; 1.000        ; -0.081     ; 4.037      ;
; -3.117 ; Segment_595_Dynamic:Segment_595_Dynamic_Instance|Segment_Dynamic:Segment_Dynamic_Instance|BDC_8421:BDC_8421_Instance|one[3]              ; Segment_595_Dynamic:Segment_595_Dynamic_Instance|Segment_Dynamic:Segment_Dynamic_Instance|data_register[4]                          ; system_clock ; system_clock ; 1.000        ; -0.081     ; 4.037      ;
; -3.117 ; Segment_595_Dynamic:Segment_595_Dynamic_Instance|Segment_Dynamic:Segment_Dynamic_Instance|BDC_8421:BDC_8421_Instance|one[3]              ; Segment_595_Dynamic:Segment_595_Dynamic_Instance|Segment_Dynamic:Segment_Dynamic_Instance|data_register[3]                          ; system_clock ; system_clock ; 1.000        ; -0.081     ; 4.037      ;
; -3.117 ; Segment_595_Dynamic:Segment_595_Dynamic_Instance|Segment_Dynamic:Segment_Dynamic_Instance|BDC_8421:BDC_8421_Instance|one[3]              ; Segment_595_Dynamic:Segment_595_Dynamic_Instance|Segment_Dynamic:Segment_Dynamic_Instance|data_register[7]                          ; system_clock ; system_clock ; 1.000        ; -0.081     ; 4.037      ;
; -3.116 ; Segment_595_Dynamic:Segment_595_Dynamic_Instance|hc595_control:hc595_control_Instance|count[1]                                           ; Segment_595_Dynamic:Segment_595_Dynamic_Instance|Segment_Dynamic:Segment_Dynamic_Instance|BDC_8421:BDC_8421_Instance|data_shift[27] ; system_clock ; system_clock ; 1.000        ; -0.082     ; 4.035      ;
; -3.116 ; Segment_595_Dynamic:Segment_595_Dynamic_Instance|Segment_Dynamic:Segment_Dynamic_Instance|BDC_8421:BDC_8421_Instance|count_shift[1]      ; Segment_595_Dynamic:Segment_595_Dynamic_Instance|Segment_Dynamic:Segment_Dynamic_Instance|BDC_8421:BDC_8421_Instance|data_shift[24] ; system_clock ; system_clock ; 1.000        ; -0.081     ; 4.036      ;
; -3.116 ; Segment_595_Dynamic:Segment_595_Dynamic_Instance|Segment_Dynamic:Segment_Dynamic_Instance|BDC_8421:BDC_8421_Instance|count_shift[1]      ; Segment_595_Dynamic:Segment_595_Dynamic_Instance|Segment_Dynamic:Segment_Dynamic_Instance|BDC_8421:BDC_8421_Instance|data_shift[25] ; system_clock ; system_clock ; 1.000        ; -0.081     ; 4.036      ;
; -3.112 ; Segment_595_Dynamic:Segment_595_Dynamic_Instance|Segment_Dynamic:Segment_Dynamic_Instance|count_1ms[3]                                   ; Data_Generation:Data_Generation_Instance|count_100ms[8]                                                                             ; system_clock ; system_clock ; 1.000        ; -0.054     ; 4.059      ;
; -3.112 ; Segment_595_Dynamic:Segment_595_Dynamic_Instance|Segment_Dynamic:Segment_Dynamic_Instance|count_1ms[3]                                   ; Data_Generation:Data_Generation_Instance|count_100ms[9]                                                                             ; system_clock ; system_clock ; 1.000        ; -0.054     ; 4.059      ;
; -3.112 ; Segment_595_Dynamic:Segment_595_Dynamic_Instance|Segment_Dynamic:Segment_Dynamic_Instance|count_1ms[3]                                   ; Data_Generation:Data_Generation_Instance|count_100ms[11]                                                                            ; system_clock ; system_clock ; 1.000        ; -0.054     ; 4.059      ;
; -3.111 ; Segment_595_Dynamic:Segment_595_Dynamic_Instance|Segment_Dynamic:Segment_Dynamic_Instance|BDC_8421:BDC_8421_Instance|count_shift[3]      ; Segment_595_Dynamic:Segment_595_Dynamic_Instance|Segment_Dynamic:Segment_Dynamic_Instance|BDC_8421:BDC_8421_Instance|data_shift[40] ; system_clock ; system_clock ; 1.000        ; -0.080     ; 4.032      ;
; -3.111 ; Segment_595_Dynamic:Segment_595_Dynamic_Instance|Segment_Dynamic:Segment_Dynamic_Instance|BDC_8421:BDC_8421_Instance|count_shift[3]      ; Segment_595_Dynamic:Segment_595_Dynamic_Instance|Segment_Dynamic:Segment_Dynamic_Instance|BDC_8421:BDC_8421_Instance|data_shift[41] ; system_clock ; system_clock ; 1.000        ; -0.080     ; 4.032      ;
; -3.111 ; Segment_595_Dynamic:Segment_595_Dynamic_Instance|Segment_Dynamic:Segment_Dynamic_Instance|count_1ms[3]                                   ; Data_Generation:Data_Generation_Instance|count_100ms[6]                                                                             ; system_clock ; system_clock ; 1.000        ; -0.054     ; 4.058      ;
+--------+------------------------------------------------------------------------------------------------------------------------------------------+-------------------------------------------------------------------------------------------------------------------------------------+--------------+--------------+--------------+------------+------------+


+----------------------------------------------------------------------------------------------------------------------------------------------------------------------------------------------------------------------------------------------------------------------------------------------------------------------------------------------------------+
; Slow 1200mV 85C Model Hold: 'system_clock'                                                                                                                                                                                                                                                                                                               ;
+-------+-------------------------------------------------------------------------------------------------------------------------------------+-------------------------------------------------------------------------------------------------------------------------------------+--------------+--------------+--------------+------------+------------+
; Slack ; From Node                                                                                                                           ; To Node                                                                                                                             ; Launch Clock ; Latch Clock  ; Relationship ; Clock Skew ; Data Delay ;
+-------+-------------------------------------------------------------------------------------------------------------------------------------+-------------------------------------------------------------------------------------------------------------------------------------+--------------+--------------+--------------+------------+------------+
; 0.452 ; Segment_595_Dynamic:Segment_595_Dynamic_Instance|Segment_Dynamic:Segment_Dynamic_Instance|count_selection[1]                        ; Segment_595_Dynamic:Segment_595_Dynamic_Instance|Segment_Dynamic:Segment_Dynamic_Instance|count_selection[1]                        ; system_clock ; system_clock ; 0.000        ; 0.082      ; 0.746      ;
; 0.452 ; Segment_595_Dynamic:Segment_595_Dynamic_Instance|Segment_Dynamic:Segment_Dynamic_Instance|count_selection[2]                        ; Segment_595_Dynamic:Segment_595_Dynamic_Instance|Segment_Dynamic:Segment_Dynamic_Instance|count_selection[2]                        ; system_clock ; system_clock ; 0.000        ; 0.082      ; 0.746      ;
; 0.452 ; Segment_595_Dynamic:Segment_595_Dynamic_Instance|Segment_Dynamic:Segment_Dynamic_Instance|selection_register[0]                     ; Segment_595_Dynamic:Segment_595_Dynamic_Instance|Segment_Dynamic:Segment_Dynamic_Instance|selection_register[0]                     ; system_clock ; system_clock ; 0.000        ; 0.082      ; 0.746      ;
; 0.452 ; Segment_595_Dynamic:Segment_595_Dynamic_Instance|Segment_Dynamic:Segment_Dynamic_Instance|BDC_8421:BDC_8421_Instance|data_shift[33] ; Segment_595_Dynamic:Segment_595_Dynamic_Instance|Segment_Dynamic:Segment_Dynamic_Instance|BDC_8421:BDC_8421_Instance|data_shift[33] ; system_clock ; system_clock ; 0.000        ; 0.082      ; 0.746      ;
; 0.452 ; Segment_595_Dynamic:Segment_595_Dynamic_Instance|Segment_Dynamic:Segment_Dynamic_Instance|BDC_8421:BDC_8421_Instance|data_shift[0]  ; Segment_595_Dynamic:Segment_595_Dynamic_Instance|Segment_Dynamic:Segment_Dynamic_Instance|BDC_8421:BDC_8421_Instance|data_shift[0]  ; system_clock ; system_clock ; 0.000        ; 0.082      ; 0.746      ;
; 0.452 ; Segment_595_Dynamic:Segment_595_Dynamic_Instance|Segment_Dynamic:Segment_Dynamic_Instance|BDC_8421:BDC_8421_Instance|data_shift[21] ; Segment_595_Dynamic:Segment_595_Dynamic_Instance|Segment_Dynamic:Segment_Dynamic_Instance|BDC_8421:BDC_8421_Instance|data_shift[21] ; system_clock ; system_clock ; 0.000        ; 0.082      ; 0.746      ;
; 0.452 ; Segment_595_Dynamic:Segment_595_Dynamic_Instance|Segment_Dynamic:Segment_Dynamic_Instance|BDC_8421:BDC_8421_Instance|data_shift[22] ; Segment_595_Dynamic:Segment_595_Dynamic_Instance|Segment_Dynamic:Segment_Dynamic_Instance|BDC_8421:BDC_8421_Instance|data_shift[22] ; system_clock ; system_clock ; 0.000        ; 0.082      ; 0.746      ;
; 0.452 ; Segment_595_Dynamic:Segment_595_Dynamic_Instance|Segment_Dynamic:Segment_Dynamic_Instance|BDC_8421:BDC_8421_Instance|data_shift[23] ; Segment_595_Dynamic:Segment_595_Dynamic_Instance|Segment_Dynamic:Segment_Dynamic_Instance|BDC_8421:BDC_8421_Instance|data_shift[23] ; system_clock ; system_clock ; 0.000        ; 0.082      ; 0.746      ;
; 0.452 ; Segment_595_Dynamic:Segment_595_Dynamic_Instance|Segment_Dynamic:Segment_Dynamic_Instance|BDC_8421:BDC_8421_Instance|data_shift[26] ; Segment_595_Dynamic:Segment_595_Dynamic_Instance|Segment_Dynamic:Segment_Dynamic_Instance|BDC_8421:BDC_8421_Instance|data_shift[26] ; system_clock ; system_clock ; 0.000        ; 0.082      ; 0.746      ;
; 0.452 ; Segment_595_Dynamic:Segment_595_Dynamic_Instance|Segment_Dynamic:Segment_Dynamic_Instance|BDC_8421:BDC_8421_Instance|data_shift[27] ; Segment_595_Dynamic:Segment_595_Dynamic_Instance|Segment_Dynamic:Segment_Dynamic_Instance|BDC_8421:BDC_8421_Instance|data_shift[27] ; system_clock ; system_clock ; 0.000        ; 0.082      ; 0.746      ;
; 0.452 ; Segment_595_Dynamic:Segment_595_Dynamic_Instance|Segment_Dynamic:Segment_Dynamic_Instance|BDC_8421:BDC_8421_Instance|data_shift[30] ; Segment_595_Dynamic:Segment_595_Dynamic_Instance|Segment_Dynamic:Segment_Dynamic_Instance|BDC_8421:BDC_8421_Instance|data_shift[30] ; system_clock ; system_clock ; 0.000        ; 0.082      ; 0.746      ;
; 0.452 ; Segment_595_Dynamic:Segment_595_Dynamic_Instance|Segment_Dynamic:Segment_Dynamic_Instance|BDC_8421:BDC_8421_Instance|data_shift[31] ; Segment_595_Dynamic:Segment_595_Dynamic_Instance|Segment_Dynamic:Segment_Dynamic_Instance|BDC_8421:BDC_8421_Instance|data_shift[31] ; system_clock ; system_clock ; 0.000        ; 0.082      ; 0.746      ;
; 0.452 ; Segment_595_Dynamic:Segment_595_Dynamic_Instance|Segment_Dynamic:Segment_Dynamic_Instance|BDC_8421:BDC_8421_Instance|data_shift[34] ; Segment_595_Dynamic:Segment_595_Dynamic_Instance|Segment_Dynamic:Segment_Dynamic_Instance|BDC_8421:BDC_8421_Instance|data_shift[34] ; system_clock ; system_clock ; 0.000        ; 0.082      ; 0.746      ;
; 0.452 ; Segment_595_Dynamic:Segment_595_Dynamic_Instance|Segment_Dynamic:Segment_Dynamic_Instance|BDC_8421:BDC_8421_Instance|data_shift[35] ; Segment_595_Dynamic:Segment_595_Dynamic_Instance|Segment_Dynamic:Segment_Dynamic_Instance|BDC_8421:BDC_8421_Instance|data_shift[35] ; system_clock ; system_clock ; 0.000        ; 0.082      ; 0.746      ;
; 0.452 ; Segment_595_Dynamic:Segment_595_Dynamic_Instance|Segment_Dynamic:Segment_Dynamic_Instance|BDC_8421:BDC_8421_Instance|data_shift[37] ; Segment_595_Dynamic:Segment_595_Dynamic_Instance|Segment_Dynamic:Segment_Dynamic_Instance|BDC_8421:BDC_8421_Instance|data_shift[37] ; system_clock ; system_clock ; 0.000        ; 0.082      ; 0.746      ;
; 0.452 ; Segment_595_Dynamic:Segment_595_Dynamic_Instance|Segment_Dynamic:Segment_Dynamic_Instance|BDC_8421:BDC_8421_Instance|data_shift[38] ; Segment_595_Dynamic:Segment_595_Dynamic_Instance|Segment_Dynamic:Segment_Dynamic_Instance|BDC_8421:BDC_8421_Instance|data_shift[38] ; system_clock ; system_clock ; 0.000        ; 0.082      ; 0.746      ;
; 0.452 ; Segment_595_Dynamic:Segment_595_Dynamic_Instance|Segment_Dynamic:Segment_Dynamic_Instance|BDC_8421:BDC_8421_Instance|data_shift[39] ; Segment_595_Dynamic:Segment_595_Dynamic_Instance|Segment_Dynamic:Segment_Dynamic_Instance|BDC_8421:BDC_8421_Instance|data_shift[39] ; system_clock ; system_clock ; 0.000        ; 0.082      ; 0.746      ;
; 0.452 ; Segment_595_Dynamic:Segment_595_Dynamic_Instance|Segment_Dynamic:Segment_Dynamic_Instance|BDC_8421:BDC_8421_Instance|data_shift[41] ; Segment_595_Dynamic:Segment_595_Dynamic_Instance|Segment_Dynamic:Segment_Dynamic_Instance|BDC_8421:BDC_8421_Instance|data_shift[41] ; system_clock ; system_clock ; 0.000        ; 0.082      ; 0.746      ;
; 0.452 ; Segment_595_Dynamic:Segment_595_Dynamic_Instance|Segment_Dynamic:Segment_Dynamic_Instance|BDC_8421:BDC_8421_Instance|data_shift[43] ; Segment_595_Dynamic:Segment_595_Dynamic_Instance|Segment_Dynamic:Segment_Dynamic_Instance|BDC_8421:BDC_8421_Instance|data_shift[43] ; system_clock ; system_clock ; 0.000        ; 0.082      ; 0.746      ;
; 0.452 ; Segment_595_Dynamic:Segment_595_Dynamic_Instance|Segment_Dynamic:Segment_Dynamic_Instance|BDC_8421:BDC_8421_Instance|data_shift[42] ; Segment_595_Dynamic:Segment_595_Dynamic_Instance|Segment_Dynamic:Segment_Dynamic_Instance|BDC_8421:BDC_8421_Instance|data_shift[42] ; system_clock ; system_clock ; 0.000        ; 0.082      ; 0.746      ;
; 0.452 ; Segment_595_Dynamic:Segment_595_Dynamic_Instance|hc595_control:hc595_control_Instance|shcp                                          ; Segment_595_Dynamic:Segment_595_Dynamic_Instance|hc595_control:hc595_control_Instance|shcp                                          ; system_clock ; system_clock ; 0.000        ; 0.082      ; 0.746      ;
; 0.453 ; Segment_595_Dynamic:Segment_595_Dynamic_Instance|hc595_control:hc595_control_Instance|count_bit[1]                                  ; Segment_595_Dynamic:Segment_595_Dynamic_Instance|hc595_control:hc595_control_Instance|count_bit[1]                                  ; system_clock ; system_clock ; 0.000        ; 0.081      ; 0.746      ;
; 0.453 ; Segment_595_Dynamic:Segment_595_Dynamic_Instance|hc595_control:hc595_control_Instance|count_bit[2]                                  ; Segment_595_Dynamic:Segment_595_Dynamic_Instance|hc595_control:hc595_control_Instance|count_bit[2]                                  ; system_clock ; system_clock ; 0.000        ; 0.081      ; 0.746      ;
; 0.453 ; Segment_595_Dynamic:Segment_595_Dynamic_Instance|hc595_control:hc595_control_Instance|count_bit[3]                                  ; Segment_595_Dynamic:Segment_595_Dynamic_Instance|hc595_control:hc595_control_Instance|count_bit[3]                                  ; system_clock ; system_clock ; 0.000        ; 0.081      ; 0.746      ;
; 0.453 ; Segment_595_Dynamic:Segment_595_Dynamic_Instance|hc595_control:hc595_control_Instance|count_bit[0]                                  ; Segment_595_Dynamic:Segment_595_Dynamic_Instance|hc595_control:hc595_control_Instance|count_bit[0]                                  ; system_clock ; system_clock ; 0.000        ; 0.081      ; 0.746      ;
; 0.453 ; Segment_595_Dynamic:Segment_595_Dynamic_Instance|Segment_Dynamic:Segment_Dynamic_Instance|BDC_8421:BDC_8421_Instance|data_shift[25] ; Segment_595_Dynamic:Segment_595_Dynamic_Instance|Segment_Dynamic:Segment_Dynamic_Instance|BDC_8421:BDC_8421_Instance|data_shift[25] ; system_clock ; system_clock ; 0.000        ; 0.081      ; 0.746      ;
; 0.453 ; Segment_595_Dynamic:Segment_595_Dynamic_Instance|Segment_Dynamic:Segment_Dynamic_Instance|BDC_8421:BDC_8421_Instance|data_shift[29] ; Segment_595_Dynamic:Segment_595_Dynamic_Instance|Segment_Dynamic:Segment_Dynamic_Instance|BDC_8421:BDC_8421_Instance|data_shift[29] ; system_clock ; system_clock ; 0.000        ; 0.081      ; 0.746      ;
; 0.453 ; Segment_595_Dynamic:Segment_595_Dynamic_Instance|hc595_control:hc595_control_Instance|ds                                            ; Segment_595_Dynamic:Segment_595_Dynamic_Instance|hc595_control:hc595_control_Instance|ds                                            ; system_clock ; system_clock ; 0.000        ; 0.081      ; 0.746      ;
; 0.453 ; Segment_595_Dynamic:Segment_595_Dynamic_Instance|hc595_control:hc595_control_Instance|stcp                                          ; Segment_595_Dynamic:Segment_595_Dynamic_Instance|hc595_control:hc595_control_Instance|stcp                                          ; system_clock ; system_clock ; 0.000        ; 0.081      ; 0.746      ;
; 0.464 ; Segment_595_Dynamic:Segment_595_Dynamic_Instance|Segment_Dynamic:Segment_Dynamic_Instance|count_selection[0]                        ; Segment_595_Dynamic:Segment_595_Dynamic_Instance|Segment_Dynamic:Segment_Dynamic_Instance|count_selection[0]                        ; system_clock ; system_clock ; 0.000        ; 0.082      ; 0.758      ;
; 0.464 ; Segment_595_Dynamic:Segment_595_Dynamic_Instance|Segment_Dynamic:Segment_Dynamic_Instance|BDC_8421:BDC_8421_Instance|data_shift[20] ; Segment_595_Dynamic:Segment_595_Dynamic_Instance|Segment_Dynamic:Segment_Dynamic_Instance|BDC_8421:BDC_8421_Instance|data_shift[20] ; system_clock ; system_clock ; 0.000        ; 0.082      ; 0.758      ;
; 0.464 ; Segment_595_Dynamic:Segment_595_Dynamic_Instance|Segment_Dynamic:Segment_Dynamic_Instance|BDC_8421:BDC_8421_Instance|data_shift[32] ; Segment_595_Dynamic:Segment_595_Dynamic_Instance|Segment_Dynamic:Segment_Dynamic_Instance|BDC_8421:BDC_8421_Instance|data_shift[32] ; system_clock ; system_clock ; 0.000        ; 0.082      ; 0.758      ;
; 0.464 ; Segment_595_Dynamic:Segment_595_Dynamic_Instance|Segment_Dynamic:Segment_Dynamic_Instance|BDC_8421:BDC_8421_Instance|data_shift[36] ; Segment_595_Dynamic:Segment_595_Dynamic_Instance|Segment_Dynamic:Segment_Dynamic_Instance|BDC_8421:BDC_8421_Instance|data_shift[36] ; system_clock ; system_clock ; 0.000        ; 0.082      ; 0.758      ;
; 0.464 ; Segment_595_Dynamic:Segment_595_Dynamic_Instance|Segment_Dynamic:Segment_Dynamic_Instance|BDC_8421:BDC_8421_Instance|data_shift[40] ; Segment_595_Dynamic:Segment_595_Dynamic_Instance|Segment_Dynamic:Segment_Dynamic_Instance|BDC_8421:BDC_8421_Instance|data_shift[40] ; system_clock ; system_clock ; 0.000        ; 0.082      ; 0.758      ;
; 0.465 ; Segment_595_Dynamic:Segment_595_Dynamic_Instance|hc595_control:hc595_control_Instance|count[0]                                      ; Segment_595_Dynamic:Segment_595_Dynamic_Instance|hc595_control:hc595_control_Instance|count[0]                                      ; system_clock ; system_clock ; 0.000        ; 0.081      ; 0.758      ;
; 0.465 ; Segment_595_Dynamic:Segment_595_Dynamic_Instance|Segment_Dynamic:Segment_Dynamic_Instance|BDC_8421:BDC_8421_Instance|data_shift[24] ; Segment_595_Dynamic:Segment_595_Dynamic_Instance|Segment_Dynamic:Segment_Dynamic_Instance|BDC_8421:BDC_8421_Instance|data_shift[24] ; system_clock ; system_clock ; 0.000        ; 0.081      ; 0.758      ;
; 0.465 ; Segment_595_Dynamic:Segment_595_Dynamic_Instance|Segment_Dynamic:Segment_Dynamic_Instance|BDC_8421:BDC_8421_Instance|data_shift[28] ; Segment_595_Dynamic:Segment_595_Dynamic_Instance|Segment_Dynamic:Segment_Dynamic_Instance|BDC_8421:BDC_8421_Instance|data_shift[28] ; system_clock ; system_clock ; 0.000        ; 0.081      ; 0.758      ;
; 0.499 ; Segment_595_Dynamic:Segment_595_Dynamic_Instance|Segment_Dynamic:Segment_Dynamic_Instance|BDC_8421:BDC_8421_Instance|data_shift[12] ; Segment_595_Dynamic:Segment_595_Dynamic_Instance|Segment_Dynamic:Segment_Dynamic_Instance|BDC_8421:BDC_8421_Instance|data_shift[13] ; system_clock ; system_clock ; 0.000        ; 0.082      ; 0.793      ;
; 0.500 ; Segment_595_Dynamic:Segment_595_Dynamic_Instance|Segment_Dynamic:Segment_Dynamic_Instance|BDC_8421:BDC_8421_Instance|data_shift[15] ; Segment_595_Dynamic:Segment_595_Dynamic_Instance|Segment_Dynamic:Segment_Dynamic_Instance|BDC_8421:BDC_8421_Instance|data_shift[16] ; system_clock ; system_clock ; 0.000        ; 0.082      ; 0.794      ;
; 0.502 ; Segment_595_Dynamic:Segment_595_Dynamic_Instance|Segment_Dynamic:Segment_Dynamic_Instance|BDC_8421:BDC_8421_Instance|data_shift[10] ; Segment_595_Dynamic:Segment_595_Dynamic_Instance|Segment_Dynamic:Segment_Dynamic_Instance|BDC_8421:BDC_8421_Instance|data_shift[11] ; system_clock ; system_clock ; 0.000        ; 0.082      ; 0.796      ;
; 0.502 ; Segment_595_Dynamic:Segment_595_Dynamic_Instance|Segment_Dynamic:Segment_Dynamic_Instance|BDC_8421:BDC_8421_Instance|data_shift[11] ; Segment_595_Dynamic:Segment_595_Dynamic_Instance|Segment_Dynamic:Segment_Dynamic_Instance|BDC_8421:BDC_8421_Instance|data_shift[12] ; system_clock ; system_clock ; 0.000        ; 0.082      ; 0.796      ;
; 0.502 ; Segment_595_Dynamic:Segment_595_Dynamic_Instance|Segment_Dynamic:Segment_Dynamic_Instance|BDC_8421:BDC_8421_Instance|data_shift[13] ; Segment_595_Dynamic:Segment_595_Dynamic_Instance|Segment_Dynamic:Segment_Dynamic_Instance|BDC_8421:BDC_8421_Instance|data_shift[14] ; system_clock ; system_clock ; 0.000        ; 0.082      ; 0.796      ;
; 0.518 ; Segment_595_Dynamic:Segment_595_Dynamic_Instance|Segment_Dynamic:Segment_Dynamic_Instance|count_selection[2]                        ; Segment_595_Dynamic:Segment_595_Dynamic_Instance|Segment_Dynamic:Segment_Dynamic_Instance|count_selection[1]                        ; system_clock ; system_clock ; 0.000        ; 0.082      ; 0.812      ;
; 0.524 ; Data_Generation:Data_Generation_Instance|data[0]                                                                                    ; Data_Generation:Data_Generation_Instance|data[9]                                                                                    ; system_clock ; system_clock ; 0.000        ; 0.082      ; 0.818      ;
; 0.532 ; Segment_595_Dynamic:Segment_595_Dynamic_Instance|Segment_Dynamic:Segment_Dynamic_Instance|BDC_8421:BDC_8421_Instance|data_shift[40] ; Segment_595_Dynamic:Segment_595_Dynamic_Instance|Segment_Dynamic:Segment_Dynamic_Instance|BDC_8421:BDC_8421_Instance|data_shift[41] ; system_clock ; system_clock ; 0.000        ; 0.082      ; 0.826      ;
; 0.535 ; Segment_595_Dynamic:Segment_595_Dynamic_Instance|Segment_Dynamic:Segment_Dynamic_Instance|count_selection[1]                        ; Segment_595_Dynamic:Segment_595_Dynamic_Instance|Segment_Dynamic:Segment_Dynamic_Instance|count_selection[2]                        ; system_clock ; system_clock ; 0.000        ; 0.082      ; 0.829      ;
; 0.549 ; Segment_595_Dynamic:Segment_595_Dynamic_Instance|Segment_Dynamic:Segment_Dynamic_Instance|data_display[2]                           ; Segment_595_Dynamic:Segment_595_Dynamic_Instance|Segment_Dynamic:Segment_Dynamic_Instance|segment[5]                                ; system_clock ; system_clock ; 0.000        ; 0.081      ; 0.842      ;
; 0.641 ; Segment_595_Dynamic:Segment_595_Dynamic_Instance|Segment_Dynamic:Segment_Dynamic_Instance|BDC_8421:BDC_8421_Instance|data_shift[17] ; Segment_595_Dynamic:Segment_595_Dynamic_Instance|Segment_Dynamic:Segment_Dynamic_Instance|BDC_8421:BDC_8421_Instance|data_shift[18] ; system_clock ; system_clock ; 0.000        ; 0.082      ; 0.935      ;
; 0.642 ; Segment_595_Dynamic:Segment_595_Dynamic_Instance|Segment_Dynamic:Segment_Dynamic_Instance|BDC_8421:BDC_8421_Instance|hundred[3]     ; Segment_595_Dynamic:Segment_595_Dynamic_Instance|Segment_Dynamic:Segment_Dynamic_Instance|data_register[9]                          ; system_clock ; system_clock ; 0.000        ; 0.081      ; 0.935      ;
; 0.648 ; Segment_595_Dynamic:Segment_595_Dynamic_Instance|Segment_Dynamic:Segment_Dynamic_Instance|selection_register[3]                     ; Segment_595_Dynamic:Segment_595_Dynamic_Instance|Segment_Dynamic:Segment_Dynamic_Instance|selection[3]                              ; system_clock ; system_clock ; 0.000        ; 0.082      ; 0.942      ;
; 0.654 ; Segment_595_Dynamic:Segment_595_Dynamic_Instance|Segment_Dynamic:Segment_Dynamic_Instance|selection_register[3]                     ; Segment_595_Dynamic:Segment_595_Dynamic_Instance|Segment_Dynamic:Segment_Dynamic_Instance|selection_register[4]                     ; system_clock ; system_clock ; 0.000        ; 0.082      ; 0.948      ;
; 0.655 ; Segment_595_Dynamic:Segment_595_Dynamic_Instance|Segment_Dynamic:Segment_Dynamic_Instance|BDC_8421:BDC_8421_Instance|hundred[3]     ; Segment_595_Dynamic:Segment_595_Dynamic_Instance|Segment_Dynamic:Segment_Dynamic_Instance|data_register[11]                         ; system_clock ; system_clock ; 0.000        ; 0.081      ; 0.948      ;
; 0.657 ; Segment_595_Dynamic:Segment_595_Dynamic_Instance|Segment_Dynamic:Segment_Dynamic_Instance|BDC_8421:BDC_8421_Instance|thousand[0]    ; Segment_595_Dynamic:Segment_595_Dynamic_Instance|Segment_Dynamic:Segment_Dynamic_Instance|data_register[12]                         ; system_clock ; system_clock ; 0.000        ; 0.081      ; 0.950      ;
; 0.667 ; Segment_595_Dynamic:Segment_595_Dynamic_Instance|Segment_Dynamic:Segment_Dynamic_Instance|data_display[1]                           ; Segment_595_Dynamic:Segment_595_Dynamic_Instance|Segment_Dynamic:Segment_Dynamic_Instance|segment[4]                                ; system_clock ; system_clock ; 0.000        ; 0.081      ; 0.960      ;
; 0.669 ; Segment_595_Dynamic:Segment_595_Dynamic_Instance|Segment_Dynamic:Segment_Dynamic_Instance|data_display[1]                           ; Segment_595_Dynamic:Segment_595_Dynamic_Instance|Segment_Dynamic:Segment_Dynamic_Instance|segment[1]                                ; system_clock ; system_clock ; 0.000        ; 0.081      ; 0.962      ;
; 0.671 ; Segment_595_Dynamic:Segment_595_Dynamic_Instance|Segment_Dynamic:Segment_Dynamic_Instance|selection_register[0]                     ; Segment_595_Dynamic:Segment_595_Dynamic_Instance|Segment_Dynamic:Segment_Dynamic_Instance|selection_register[1]                     ; system_clock ; system_clock ; 0.000        ; 0.082      ; 0.965      ;
; 0.671 ; Segment_595_Dynamic:Segment_595_Dynamic_Instance|Segment_Dynamic:Segment_Dynamic_Instance|data_display[1]                           ; Segment_595_Dynamic:Segment_595_Dynamic_Instance|Segment_Dynamic:Segment_Dynamic_Instance|segment[6]                                ; system_clock ; system_clock ; 0.000        ; 0.081      ; 0.964      ;
; 0.672 ; Segment_595_Dynamic:Segment_595_Dynamic_Instance|Segment_Dynamic:Segment_Dynamic_Instance|data_display[1]                           ; Segment_595_Dynamic:Segment_595_Dynamic_Instance|Segment_Dynamic:Segment_Dynamic_Instance|segment[2]                                ; system_clock ; system_clock ; 0.000        ; 0.081      ; 0.965      ;
; 0.674 ; Segment_595_Dynamic:Segment_595_Dynamic_Instance|Segment_Dynamic:Segment_Dynamic_Instance|data_display[1]                           ; Segment_595_Dynamic:Segment_595_Dynamic_Instance|Segment_Dynamic:Segment_Dynamic_Instance|segment[0]                                ; system_clock ; system_clock ; 0.000        ; 0.081      ; 0.967      ;
; 0.675 ; Segment_595_Dynamic:Segment_595_Dynamic_Instance|Segment_Dynamic:Segment_Dynamic_Instance|data_display[1]                           ; Segment_595_Dynamic:Segment_595_Dynamic_Instance|Segment_Dynamic:Segment_Dynamic_Instance|segment[3]                                ; system_clock ; system_clock ; 0.000        ; 0.081      ; 0.968      ;
; 0.677 ; Segment_595_Dynamic:Segment_595_Dynamic_Instance|Segment_Dynamic:Segment_Dynamic_Instance|data_display[1]                           ; Segment_595_Dynamic:Segment_595_Dynamic_Instance|Segment_Dynamic:Segment_Dynamic_Instance|segment[5]                                ; system_clock ; system_clock ; 0.000        ; 0.081      ; 0.970      ;
; 0.688 ; Segment_595_Dynamic:Segment_595_Dynamic_Instance|Segment_Dynamic:Segment_Dynamic_Instance|BDC_8421:BDC_8421_Instance|data_shift[1]  ; Segment_595_Dynamic:Segment_595_Dynamic_Instance|Segment_Dynamic:Segment_Dynamic_Instance|BDC_8421:BDC_8421_Instance|data_shift[2]  ; system_clock ; system_clock ; 0.000        ; 0.082      ; 0.982      ;
; 0.702 ; Segment_595_Dynamic:Segment_595_Dynamic_Instance|Segment_Dynamic:Segment_Dynamic_Instance|BDC_8421:BDC_8421_Instance|thousand[1]    ; Segment_595_Dynamic:Segment_595_Dynamic_Instance|Segment_Dynamic:Segment_Dynamic_Instance|data_register[13]                         ; system_clock ; system_clock ; 0.000        ; 0.081      ; 0.995      ;
; 0.714 ; Segment_595_Dynamic:Segment_595_Dynamic_Instance|Segment_Dynamic:Segment_Dynamic_Instance|BDC_8421:BDC_8421_Instance|hundred[2]     ; Segment_595_Dynamic:Segment_595_Dynamic_Instance|Segment_Dynamic:Segment_Dynamic_Instance|data_register[10]                         ; system_clock ; system_clock ; 0.000        ; 0.081      ; 1.007      ;
; 0.725 ; Segment_595_Dynamic:Segment_595_Dynamic_Instance|Segment_Dynamic:Segment_Dynamic_Instance|BDC_8421:BDC_8421_Instance|hundred[1]     ; Segment_595_Dynamic:Segment_595_Dynamic_Instance|Segment_Dynamic:Segment_Dynamic_Instance|data_register[9]                          ; system_clock ; system_clock ; 0.000        ; 0.081      ; 1.018      ;
; 0.738 ; Segment_595_Dynamic:Segment_595_Dynamic_Instance|Segment_Dynamic:Segment_Dynamic_Instance|BDC_8421:BDC_8421_Instance|data_shift[6]  ; Segment_595_Dynamic:Segment_595_Dynamic_Instance|Segment_Dynamic:Segment_Dynamic_Instance|BDC_8421:BDC_8421_Instance|data_shift[7]  ; system_clock ; system_clock ; 0.000        ; 0.082      ; 1.032      ;
; 0.739 ; Segment_595_Dynamic:Segment_595_Dynamic_Instance|Segment_Dynamic:Segment_Dynamic_Instance|BDC_8421:BDC_8421_Instance|data_shift[2]  ; Segment_595_Dynamic:Segment_595_Dynamic_Instance|Segment_Dynamic:Segment_Dynamic_Instance|BDC_8421:BDC_8421_Instance|data_shift[3]  ; system_clock ; system_clock ; 0.000        ; 0.082      ; 1.033      ;
; 0.739 ; Segment_595_Dynamic:Segment_595_Dynamic_Instance|Segment_Dynamic:Segment_Dynamic_Instance|BDC_8421:BDC_8421_Instance|data_shift[7]  ; Segment_595_Dynamic:Segment_595_Dynamic_Instance|Segment_Dynamic:Segment_Dynamic_Instance|BDC_8421:BDC_8421_Instance|data_shift[8]  ; system_clock ; system_clock ; 0.000        ; 0.082      ; 1.033      ;
; 0.739 ; Segment_595_Dynamic:Segment_595_Dynamic_Instance|Segment_Dynamic:Segment_Dynamic_Instance|BDC_8421:BDC_8421_Instance|data_shift[14] ; Segment_595_Dynamic:Segment_595_Dynamic_Instance|Segment_Dynamic:Segment_Dynamic_Instance|BDC_8421:BDC_8421_Instance|data_shift[15] ; system_clock ; system_clock ; 0.000        ; 0.082      ; 1.033      ;
; 0.739 ; Segment_595_Dynamic:Segment_595_Dynamic_Instance|Segment_Dynamic:Segment_Dynamic_Instance|BDC_8421:BDC_8421_Instance|data_shift[16] ; Segment_595_Dynamic:Segment_595_Dynamic_Instance|Segment_Dynamic:Segment_Dynamic_Instance|BDC_8421:BDC_8421_Instance|data_shift[17] ; system_clock ; system_clock ; 0.000        ; 0.082      ; 1.033      ;
; 0.740 ; Segment_595_Dynamic:Segment_595_Dynamic_Instance|Segment_Dynamic:Segment_Dynamic_Instance|BDC_8421:BDC_8421_Instance|data_shift[3]  ; Segment_595_Dynamic:Segment_595_Dynamic_Instance|Segment_Dynamic:Segment_Dynamic_Instance|BDC_8421:BDC_8421_Instance|data_shift[4]  ; system_clock ; system_clock ; 0.000        ; 0.082      ; 1.034      ;
; 0.740 ; Segment_595_Dynamic:Segment_595_Dynamic_Instance|Segment_Dynamic:Segment_Dynamic_Instance|BDC_8421:BDC_8421_Instance|data_shift[8]  ; Segment_595_Dynamic:Segment_595_Dynamic_Instance|Segment_Dynamic:Segment_Dynamic_Instance|BDC_8421:BDC_8421_Instance|data_shift[9]  ; system_clock ; system_clock ; 0.000        ; 0.082      ; 1.034      ;
; 0.740 ; Segment_595_Dynamic:Segment_595_Dynamic_Instance|Segment_Dynamic:Segment_Dynamic_Instance|BDC_8421:BDC_8421_Instance|data_shift[9]  ; Segment_595_Dynamic:Segment_595_Dynamic_Instance|Segment_Dynamic:Segment_Dynamic_Instance|BDC_8421:BDC_8421_Instance|data_shift[10] ; system_clock ; system_clock ; 0.000        ; 0.082      ; 1.034      ;
; 0.741 ; Segment_595_Dynamic:Segment_595_Dynamic_Instance|Segment_Dynamic:Segment_Dynamic_Instance|BDC_8421:BDC_8421_Instance|data_shift[5]  ; Segment_595_Dynamic:Segment_595_Dynamic_Instance|Segment_Dynamic:Segment_Dynamic_Instance|BDC_8421:BDC_8421_Instance|data_shift[6]  ; system_clock ; system_clock ; 0.000        ; 0.082      ; 1.035      ;
; 0.741 ; Segment_595_Dynamic:Segment_595_Dynamic_Instance|Segment_Dynamic:Segment_Dynamic_Instance|BDC_8421:BDC_8421_Instance|data_shift[18] ; Segment_595_Dynamic:Segment_595_Dynamic_Instance|Segment_Dynamic:Segment_Dynamic_Instance|BDC_8421:BDC_8421_Instance|data_shift[19] ; system_clock ; system_clock ; 0.000        ; 0.082      ; 1.035      ;
; 0.744 ; Data_Generation:Data_Generation_Instance|count_100ms[7]                                                                             ; Data_Generation:Data_Generation_Instance|count_100ms[7]                                                                             ; system_clock ; system_clock ; 0.000        ; 0.082      ; 1.038      ;
; 0.745 ; Data_Generation:Data_Generation_Instance|count_100ms[15]                                                                            ; Data_Generation:Data_Generation_Instance|count_100ms[15]                                                                            ; system_clock ; system_clock ; 0.000        ; 0.081      ; 1.038      ;
; 0.745 ; Data_Generation:Data_Generation_Instance|count_100ms[16]                                                                            ; Data_Generation:Data_Generation_Instance|count_100ms[16]                                                                            ; system_clock ; system_clock ; 0.000        ; 0.081      ; 1.038      ;
; 0.746 ; Data_Generation:Data_Generation_Instance|count_100ms[17]                                                                            ; Data_Generation:Data_Generation_Instance|count_100ms[17]                                                                            ; system_clock ; system_clock ; 0.000        ; 0.081      ; 1.039      ;
; 0.752 ; Segment_595_Dynamic:Segment_595_Dynamic_Instance|Segment_Dynamic:Segment_Dynamic_Instance|BDC_8421:BDC_8421_Instance|count_shift[3] ; Segment_595_Dynamic:Segment_595_Dynamic_Instance|Segment_Dynamic:Segment_Dynamic_Instance|BDC_8421:BDC_8421_Instance|count_shift[3] ; system_clock ; system_clock ; 0.000        ; 0.081      ; 1.045      ;
; 0.754 ; Segment_595_Dynamic:Segment_595_Dynamic_Instance|Segment_Dynamic:Segment_Dynamic_Instance|data_display[0]                           ; Segment_595_Dynamic:Segment_595_Dynamic_Instance|Segment_Dynamic:Segment_Dynamic_Instance|segment[0]                                ; system_clock ; system_clock ; 0.000        ; 0.081      ; 1.047      ;
; 0.754 ; Segment_595_Dynamic:Segment_595_Dynamic_Instance|Segment_Dynamic:Segment_Dynamic_Instance|data_display[0]                           ; Segment_595_Dynamic:Segment_595_Dynamic_Instance|Segment_Dynamic:Segment_Dynamic_Instance|segment[3]                                ; system_clock ; system_clock ; 0.000        ; 0.081      ; 1.047      ;
; 0.757 ; Segment_595_Dynamic:Segment_595_Dynamic_Instance|Segment_Dynamic:Segment_Dynamic_Instance|BDC_8421:BDC_8421_Instance|data_shift[39] ; Segment_595_Dynamic:Segment_595_Dynamic_Instance|Segment_Dynamic:Segment_Dynamic_Instance|BDC_8421:BDC_8421_Instance|data_shift[40] ; system_clock ; system_clock ; 0.000        ; 0.083      ; 1.052      ;
; 0.757 ; Segment_595_Dynamic:Segment_595_Dynamic_Instance|Segment_Dynamic:Segment_Dynamic_Instance|data_display[0]                           ; Segment_595_Dynamic:Segment_595_Dynamic_Instance|Segment_Dynamic:Segment_Dynamic_Instance|segment[1]                                ; system_clock ; system_clock ; 0.000        ; 0.081      ; 1.050      ;
; 0.758 ; Segment_595_Dynamic:Segment_595_Dynamic_Instance|Segment_Dynamic:Segment_Dynamic_Instance|data_display[0]                           ; Segment_595_Dynamic:Segment_595_Dynamic_Instance|Segment_Dynamic:Segment_Dynamic_Instance|segment[4]                                ; system_clock ; system_clock ; 0.000        ; 0.081      ; 1.051      ;
; 0.758 ; Segment_595_Dynamic:Segment_595_Dynamic_Instance|Segment_Dynamic:Segment_Dynamic_Instance|data_display[0]                           ; Segment_595_Dynamic:Segment_595_Dynamic_Instance|Segment_Dynamic:Segment_Dynamic_Instance|segment[6]                                ; system_clock ; system_clock ; 0.000        ; 0.081      ; 1.051      ;
; 0.760 ; Data_Generation:Data_Generation_Instance|data[5]                                                                                    ; Data_Generation:Data_Generation_Instance|data[5]                                                                                    ; system_clock ; system_clock ; 0.000        ; 0.082      ; 1.054      ;
; 0.760 ; Data_Generation:Data_Generation_Instance|data[7]                                                                                    ; Data_Generation:Data_Generation_Instance|data[7]                                                                                    ; system_clock ; system_clock ; 0.000        ; 0.082      ; 1.054      ;
; 0.761 ; Data_Generation:Data_Generation_Instance|count_100ms[10]                                                                            ; Data_Generation:Data_Generation_Instance|count_100ms[10]                                                                            ; system_clock ; system_clock ; 0.000        ; 0.082      ; 1.055      ;
; 0.761 ; Data_Generation:Data_Generation_Instance|count_100ms[12]                                                                            ; Data_Generation:Data_Generation_Instance|count_100ms[12]                                                                            ; system_clock ; system_clock ; 0.000        ; 0.081      ; 1.054      ;
; 0.761 ; Data_Generation:Data_Generation_Instance|data[11]                                                                                   ; Data_Generation:Data_Generation_Instance|data[11]                                                                                   ; system_clock ; system_clock ; 0.000        ; 0.082      ; 1.055      ;
; 0.762 ; Data_Generation:Data_Generation_Instance|count_100ms[4]                                                                             ; Data_Generation:Data_Generation_Instance|count_100ms[4]                                                                             ; system_clock ; system_clock ; 0.000        ; 0.082      ; 1.056      ;
; 0.762 ; Data_Generation:Data_Generation_Instance|data[1]                                                                                    ; Data_Generation:Data_Generation_Instance|data[1]                                                                                    ; system_clock ; system_clock ; 0.000        ; 0.082      ; 1.056      ;
; 0.762 ; Data_Generation:Data_Generation_Instance|data[3]                                                                                    ; Data_Generation:Data_Generation_Instance|data[3]                                                                                    ; system_clock ; system_clock ; 0.000        ; 0.082      ; 1.056      ;
; 0.762 ; Data_Generation:Data_Generation_Instance|data[10]                                                                                   ; Data_Generation:Data_Generation_Instance|data[10]                                                                                   ; system_clock ; system_clock ; 0.000        ; 0.082      ; 1.056      ;
; 0.763 ; Data_Generation:Data_Generation_Instance|data[8]                                                                                    ; Data_Generation:Data_Generation_Instance|data[8]                                                                                    ; system_clock ; system_clock ; 0.000        ; 0.082      ; 1.057      ;
; 0.763 ; Data_Generation:Data_Generation_Instance|data[12]                                                                                   ; Data_Generation:Data_Generation_Instance|data[12]                                                                                   ; system_clock ; system_clock ; 0.000        ; 0.082      ; 1.057      ;
; 0.764 ; Segment_595_Dynamic:Segment_595_Dynamic_Instance|Segment_Dynamic:Segment_Dynamic_Instance|count_1ms[5]                              ; Segment_595_Dynamic:Segment_595_Dynamic_Instance|Segment_Dynamic:Segment_Dynamic_Instance|count_1ms[5]                              ; system_clock ; system_clock ; 0.000        ; 0.080      ; 1.056      ;
; 0.764 ; Segment_595_Dynamic:Segment_595_Dynamic_Instance|Segment_Dynamic:Segment_Dynamic_Instance|count_1ms[10]                             ; Segment_595_Dynamic:Segment_595_Dynamic_Instance|Segment_Dynamic:Segment_Dynamic_Instance|count_1ms[10]                             ; system_clock ; system_clock ; 0.000        ; 0.080      ; 1.056      ;
; 0.764 ; Segment_595_Dynamic:Segment_595_Dynamic_Instance|Segment_Dynamic:Segment_Dynamic_Instance|count_1ms[11]                             ; Segment_595_Dynamic:Segment_595_Dynamic_Instance|Segment_Dynamic:Segment_Dynamic_Instance|count_1ms[11]                             ; system_clock ; system_clock ; 0.000        ; 0.080      ; 1.056      ;
+-------+-------------------------------------------------------------------------------------------------------------------------------------+-------------------------------------------------------------------------------------------------------------------------------------+--------------+--------------+--------------+------------+------------+


+----------------------------------------------------------------------------------------------------------------------------------------------------------------------------------------------------------------------------+
; Slow 1200mV 85C Model Minimum Pulse Width: 'system_clock'                                                                                                                                                                  ;
+--------+--------------+----------------+------------+--------------+------------+------------------------------------------------------------------------------------------------------------------------------------------+
; Slack  ; Actual Width ; Required Width ; Type       ; Clock        ; Clock Edge ; Target                                                                                                                                   ;
+--------+--------------+----------------+------------+--------------+------------+------------------------------------------------------------------------------------------------------------------------------------------+
; -3.000 ; 1.000        ; 4.000          ; Port Rate  ; system_clock ; Rise       ; system_clock                                                                                                                             ;
; -1.487 ; 1.000        ; 2.487          ; Min Period ; system_clock ; Rise       ; Data_Generation:Data_Generation_Instance|count100ms_flag                                                                                 ;
; -1.487 ; 1.000        ; 2.487          ; Min Period ; system_clock ; Rise       ; Data_Generation:Data_Generation_Instance|count_100ms[10]                                                                                 ;
; -1.487 ; 1.000        ; 2.487          ; Min Period ; system_clock ; Rise       ; Data_Generation:Data_Generation_Instance|count_100ms[11]                                                                                 ;
; -1.487 ; 1.000        ; 2.487          ; Min Period ; system_clock ; Rise       ; Data_Generation:Data_Generation_Instance|count_100ms[12]                                                                                 ;
; -1.487 ; 1.000        ; 2.487          ; Min Period ; system_clock ; Rise       ; Data_Generation:Data_Generation_Instance|count_100ms[13]                                                                                 ;
; -1.487 ; 1.000        ; 2.487          ; Min Period ; system_clock ; Rise       ; Data_Generation:Data_Generation_Instance|count_100ms[14]                                                                                 ;
; -1.487 ; 1.000        ; 2.487          ; Min Period ; system_clock ; Rise       ; Data_Generation:Data_Generation_Instance|count_100ms[15]                                                                                 ;
; -1.487 ; 1.000        ; 2.487          ; Min Period ; system_clock ; Rise       ; Data_Generation:Data_Generation_Instance|count_100ms[16]                                                                                 ;
; -1.487 ; 1.000        ; 2.487          ; Min Period ; system_clock ; Rise       ; Data_Generation:Data_Generation_Instance|count_100ms[17]                                                                                 ;
; -1.487 ; 1.000        ; 2.487          ; Min Period ; system_clock ; Rise       ; Data_Generation:Data_Generation_Instance|count_100ms[18]                                                                                 ;
; -1.487 ; 1.000        ; 2.487          ; Min Period ; system_clock ; Rise       ; Data_Generation:Data_Generation_Instance|count_100ms[19]                                                                                 ;
; -1.487 ; 1.000        ; 2.487          ; Min Period ; system_clock ; Rise       ; Data_Generation:Data_Generation_Instance|count_100ms[20]                                                                                 ;
; -1.487 ; 1.000        ; 2.487          ; Min Period ; system_clock ; Rise       ; Data_Generation:Data_Generation_Instance|count_100ms[21]                                                                                 ;
; -1.487 ; 1.000        ; 2.487          ; Min Period ; system_clock ; Rise       ; Data_Generation:Data_Generation_Instance|count_100ms[22]                                                                                 ;
; -1.487 ; 1.000        ; 2.487          ; Min Period ; system_clock ; Rise       ; Data_Generation:Data_Generation_Instance|count_100ms[4]                                                                                  ;
; -1.487 ; 1.000        ; 2.487          ; Min Period ; system_clock ; Rise       ; Data_Generation:Data_Generation_Instance|count_100ms[5]                                                                                  ;
; -1.487 ; 1.000        ; 2.487          ; Min Period ; system_clock ; Rise       ; Data_Generation:Data_Generation_Instance|count_100ms[6]                                                                                  ;
; -1.487 ; 1.000        ; 2.487          ; Min Period ; system_clock ; Rise       ; Data_Generation:Data_Generation_Instance|count_100ms[7]                                                                                  ;
; -1.487 ; 1.000        ; 2.487          ; Min Period ; system_clock ; Rise       ; Data_Generation:Data_Generation_Instance|count_100ms[8]                                                                                  ;
; -1.487 ; 1.000        ; 2.487          ; Min Period ; system_clock ; Rise       ; Data_Generation:Data_Generation_Instance|count_100ms[9]                                                                                  ;
; -1.487 ; 1.000        ; 2.487          ; Min Period ; system_clock ; Rise       ; Data_Generation:Data_Generation_Instance|data[0]                                                                                         ;
; -1.487 ; 1.000        ; 2.487          ; Min Period ; system_clock ; Rise       ; Data_Generation:Data_Generation_Instance|data[10]                                                                                        ;
; -1.487 ; 1.000        ; 2.487          ; Min Period ; system_clock ; Rise       ; Data_Generation:Data_Generation_Instance|data[11]                                                                                        ;
; -1.487 ; 1.000        ; 2.487          ; Min Period ; system_clock ; Rise       ; Data_Generation:Data_Generation_Instance|data[12]                                                                                        ;
; -1.487 ; 1.000        ; 2.487          ; Min Period ; system_clock ; Rise       ; Data_Generation:Data_Generation_Instance|data[13]                                                                                        ;
; -1.487 ; 1.000        ; 2.487          ; Min Period ; system_clock ; Rise       ; Data_Generation:Data_Generation_Instance|data[14]                                                                                        ;
; -1.487 ; 1.000        ; 2.487          ; Min Period ; system_clock ; Rise       ; Data_Generation:Data_Generation_Instance|data[15]                                                                                        ;
; -1.487 ; 1.000        ; 2.487          ; Min Period ; system_clock ; Rise       ; Data_Generation:Data_Generation_Instance|data[16]                                                                                        ;
; -1.487 ; 1.000        ; 2.487          ; Min Period ; system_clock ; Rise       ; Data_Generation:Data_Generation_Instance|data[17]                                                                                        ;
; -1.487 ; 1.000        ; 2.487          ; Min Period ; system_clock ; Rise       ; Data_Generation:Data_Generation_Instance|data[18]                                                                                        ;
; -1.487 ; 1.000        ; 2.487          ; Min Period ; system_clock ; Rise       ; Data_Generation:Data_Generation_Instance|data[19]                                                                                        ;
; -1.487 ; 1.000        ; 2.487          ; Min Period ; system_clock ; Rise       ; Data_Generation:Data_Generation_Instance|data[1]                                                                                         ;
; -1.487 ; 1.000        ; 2.487          ; Min Period ; system_clock ; Rise       ; Data_Generation:Data_Generation_Instance|data[2]                                                                                         ;
; -1.487 ; 1.000        ; 2.487          ; Min Period ; system_clock ; Rise       ; Data_Generation:Data_Generation_Instance|data[3]                                                                                         ;
; -1.487 ; 1.000        ; 2.487          ; Min Period ; system_clock ; Rise       ; Data_Generation:Data_Generation_Instance|data[4]                                                                                         ;
; -1.487 ; 1.000        ; 2.487          ; Min Period ; system_clock ; Rise       ; Data_Generation:Data_Generation_Instance|data[5]                                                                                         ;
; -1.487 ; 1.000        ; 2.487          ; Min Period ; system_clock ; Rise       ; Data_Generation:Data_Generation_Instance|data[6]                                                                                         ;
; -1.487 ; 1.000        ; 2.487          ; Min Period ; system_clock ; Rise       ; Data_Generation:Data_Generation_Instance|data[7]                                                                                         ;
; -1.487 ; 1.000        ; 2.487          ; Min Period ; system_clock ; Rise       ; Data_Generation:Data_Generation_Instance|data[8]                                                                                         ;
; -1.487 ; 1.000        ; 2.487          ; Min Period ; system_clock ; Rise       ; Data_Generation:Data_Generation_Instance|data[9]                                                                                         ;
; -1.487 ; 1.000        ; 2.487          ; Min Period ; system_clock ; Rise       ; Data_Generation:Data_Generation_Instance|segment_enable                                                                                  ;
; -1.487 ; 1.000        ; 2.487          ; Min Period ; system_clock ; Rise       ; Segment_595_Dynamic:Segment_595_Dynamic_Instance|Segment_Dynamic:Segment_Dynamic_Instance|BDC_8421:BDC_8421_Instance|count_shift[1]      ;
; -1.487 ; 1.000        ; 2.487          ; Min Period ; system_clock ; Rise       ; Segment_595_Dynamic:Segment_595_Dynamic_Instance|Segment_Dynamic:Segment_Dynamic_Instance|BDC_8421:BDC_8421_Instance|count_shift[2]      ;
; -1.487 ; 1.000        ; 2.487          ; Min Period ; system_clock ; Rise       ; Segment_595_Dynamic:Segment_595_Dynamic_Instance|Segment_Dynamic:Segment_Dynamic_Instance|BDC_8421:BDC_8421_Instance|count_shift[3]      ;
; -1.487 ; 1.000        ; 2.487          ; Min Period ; system_clock ; Rise       ; Segment_595_Dynamic:Segment_595_Dynamic_Instance|Segment_Dynamic:Segment_Dynamic_Instance|BDC_8421:BDC_8421_Instance|count_shift[4]      ;
; -1.487 ; 1.000        ; 2.487          ; Min Period ; system_clock ; Rise       ; Segment_595_Dynamic:Segment_595_Dynamic_Instance|Segment_Dynamic:Segment_Dynamic_Instance|BDC_8421:BDC_8421_Instance|data_shift[0]       ;
; -1.487 ; 1.000        ; 2.487          ; Min Period ; system_clock ; Rise       ; Segment_595_Dynamic:Segment_595_Dynamic_Instance|Segment_Dynamic:Segment_Dynamic_Instance|BDC_8421:BDC_8421_Instance|data_shift[10]      ;
; -1.487 ; 1.000        ; 2.487          ; Min Period ; system_clock ; Rise       ; Segment_595_Dynamic:Segment_595_Dynamic_Instance|Segment_Dynamic:Segment_Dynamic_Instance|BDC_8421:BDC_8421_Instance|data_shift[11]      ;
; -1.487 ; 1.000        ; 2.487          ; Min Period ; system_clock ; Rise       ; Segment_595_Dynamic:Segment_595_Dynamic_Instance|Segment_Dynamic:Segment_Dynamic_Instance|BDC_8421:BDC_8421_Instance|data_shift[12]      ;
; -1.487 ; 1.000        ; 2.487          ; Min Period ; system_clock ; Rise       ; Segment_595_Dynamic:Segment_595_Dynamic_Instance|Segment_Dynamic:Segment_Dynamic_Instance|BDC_8421:BDC_8421_Instance|data_shift[13]      ;
; -1.487 ; 1.000        ; 2.487          ; Min Period ; system_clock ; Rise       ; Segment_595_Dynamic:Segment_595_Dynamic_Instance|Segment_Dynamic:Segment_Dynamic_Instance|BDC_8421:BDC_8421_Instance|data_shift[14]      ;
; -1.487 ; 1.000        ; 2.487          ; Min Period ; system_clock ; Rise       ; Segment_595_Dynamic:Segment_595_Dynamic_Instance|Segment_Dynamic:Segment_Dynamic_Instance|BDC_8421:BDC_8421_Instance|data_shift[15]      ;
; -1.487 ; 1.000        ; 2.487          ; Min Period ; system_clock ; Rise       ; Segment_595_Dynamic:Segment_595_Dynamic_Instance|Segment_Dynamic:Segment_Dynamic_Instance|BDC_8421:BDC_8421_Instance|data_shift[16]      ;
; -1.487 ; 1.000        ; 2.487          ; Min Period ; system_clock ; Rise       ; Segment_595_Dynamic:Segment_595_Dynamic_Instance|Segment_Dynamic:Segment_Dynamic_Instance|BDC_8421:BDC_8421_Instance|data_shift[17]      ;
; -1.487 ; 1.000        ; 2.487          ; Min Period ; system_clock ; Rise       ; Segment_595_Dynamic:Segment_595_Dynamic_Instance|Segment_Dynamic:Segment_Dynamic_Instance|BDC_8421:BDC_8421_Instance|data_shift[18]      ;
; -1.487 ; 1.000        ; 2.487          ; Min Period ; system_clock ; Rise       ; Segment_595_Dynamic:Segment_595_Dynamic_Instance|Segment_Dynamic:Segment_Dynamic_Instance|BDC_8421:BDC_8421_Instance|data_shift[19]      ;
; -1.487 ; 1.000        ; 2.487          ; Min Period ; system_clock ; Rise       ; Segment_595_Dynamic:Segment_595_Dynamic_Instance|Segment_Dynamic:Segment_Dynamic_Instance|BDC_8421:BDC_8421_Instance|data_shift[1]       ;
; -1.487 ; 1.000        ; 2.487          ; Min Period ; system_clock ; Rise       ; Segment_595_Dynamic:Segment_595_Dynamic_Instance|Segment_Dynamic:Segment_Dynamic_Instance|BDC_8421:BDC_8421_Instance|data_shift[20]      ;
; -1.487 ; 1.000        ; 2.487          ; Min Period ; system_clock ; Rise       ; Segment_595_Dynamic:Segment_595_Dynamic_Instance|Segment_Dynamic:Segment_Dynamic_Instance|BDC_8421:BDC_8421_Instance|data_shift[21]      ;
; -1.487 ; 1.000        ; 2.487          ; Min Period ; system_clock ; Rise       ; Segment_595_Dynamic:Segment_595_Dynamic_Instance|Segment_Dynamic:Segment_Dynamic_Instance|BDC_8421:BDC_8421_Instance|data_shift[22]      ;
; -1.487 ; 1.000        ; 2.487          ; Min Period ; system_clock ; Rise       ; Segment_595_Dynamic:Segment_595_Dynamic_Instance|Segment_Dynamic:Segment_Dynamic_Instance|BDC_8421:BDC_8421_Instance|data_shift[23]      ;
; -1.487 ; 1.000        ; 2.487          ; Min Period ; system_clock ; Rise       ; Segment_595_Dynamic:Segment_595_Dynamic_Instance|Segment_Dynamic:Segment_Dynamic_Instance|BDC_8421:BDC_8421_Instance|data_shift[24]      ;
; -1.487 ; 1.000        ; 2.487          ; Min Period ; system_clock ; Rise       ; Segment_595_Dynamic:Segment_595_Dynamic_Instance|Segment_Dynamic:Segment_Dynamic_Instance|BDC_8421:BDC_8421_Instance|data_shift[25]      ;
; -1.487 ; 1.000        ; 2.487          ; Min Period ; system_clock ; Rise       ; Segment_595_Dynamic:Segment_595_Dynamic_Instance|Segment_Dynamic:Segment_Dynamic_Instance|BDC_8421:BDC_8421_Instance|data_shift[26]      ;
; -1.487 ; 1.000        ; 2.487          ; Min Period ; system_clock ; Rise       ; Segment_595_Dynamic:Segment_595_Dynamic_Instance|Segment_Dynamic:Segment_Dynamic_Instance|BDC_8421:BDC_8421_Instance|data_shift[27]      ;
; -1.487 ; 1.000        ; 2.487          ; Min Period ; system_clock ; Rise       ; Segment_595_Dynamic:Segment_595_Dynamic_Instance|Segment_Dynamic:Segment_Dynamic_Instance|BDC_8421:BDC_8421_Instance|data_shift[28]      ;
; -1.487 ; 1.000        ; 2.487          ; Min Period ; system_clock ; Rise       ; Segment_595_Dynamic:Segment_595_Dynamic_Instance|Segment_Dynamic:Segment_Dynamic_Instance|BDC_8421:BDC_8421_Instance|data_shift[29]      ;
; -1.487 ; 1.000        ; 2.487          ; Min Period ; system_clock ; Rise       ; Segment_595_Dynamic:Segment_595_Dynamic_Instance|Segment_Dynamic:Segment_Dynamic_Instance|BDC_8421:BDC_8421_Instance|data_shift[2]       ;
; -1.487 ; 1.000        ; 2.487          ; Min Period ; system_clock ; Rise       ; Segment_595_Dynamic:Segment_595_Dynamic_Instance|Segment_Dynamic:Segment_Dynamic_Instance|BDC_8421:BDC_8421_Instance|data_shift[30]      ;
; -1.487 ; 1.000        ; 2.487          ; Min Period ; system_clock ; Rise       ; Segment_595_Dynamic:Segment_595_Dynamic_Instance|Segment_Dynamic:Segment_Dynamic_Instance|BDC_8421:BDC_8421_Instance|data_shift[31]      ;
; -1.487 ; 1.000        ; 2.487          ; Min Period ; system_clock ; Rise       ; Segment_595_Dynamic:Segment_595_Dynamic_Instance|Segment_Dynamic:Segment_Dynamic_Instance|BDC_8421:BDC_8421_Instance|data_shift[32]      ;
; -1.487 ; 1.000        ; 2.487          ; Min Period ; system_clock ; Rise       ; Segment_595_Dynamic:Segment_595_Dynamic_Instance|Segment_Dynamic:Segment_Dynamic_Instance|BDC_8421:BDC_8421_Instance|data_shift[33]      ;
; -1.487 ; 1.000        ; 2.487          ; Min Period ; system_clock ; Rise       ; Segment_595_Dynamic:Segment_595_Dynamic_Instance|Segment_Dynamic:Segment_Dynamic_Instance|BDC_8421:BDC_8421_Instance|data_shift[34]      ;
; -1.487 ; 1.000        ; 2.487          ; Min Period ; system_clock ; Rise       ; Segment_595_Dynamic:Segment_595_Dynamic_Instance|Segment_Dynamic:Segment_Dynamic_Instance|BDC_8421:BDC_8421_Instance|data_shift[35]      ;
; -1.487 ; 1.000        ; 2.487          ; Min Period ; system_clock ; Rise       ; Segment_595_Dynamic:Segment_595_Dynamic_Instance|Segment_Dynamic:Segment_Dynamic_Instance|BDC_8421:BDC_8421_Instance|data_shift[36]      ;
; -1.487 ; 1.000        ; 2.487          ; Min Period ; system_clock ; Rise       ; Segment_595_Dynamic:Segment_595_Dynamic_Instance|Segment_Dynamic:Segment_Dynamic_Instance|BDC_8421:BDC_8421_Instance|data_shift[37]      ;
; -1.487 ; 1.000        ; 2.487          ; Min Period ; system_clock ; Rise       ; Segment_595_Dynamic:Segment_595_Dynamic_Instance|Segment_Dynamic:Segment_Dynamic_Instance|BDC_8421:BDC_8421_Instance|data_shift[38]      ;
; -1.487 ; 1.000        ; 2.487          ; Min Period ; system_clock ; Rise       ; Segment_595_Dynamic:Segment_595_Dynamic_Instance|Segment_Dynamic:Segment_Dynamic_Instance|BDC_8421:BDC_8421_Instance|data_shift[39]      ;
; -1.487 ; 1.000        ; 2.487          ; Min Period ; system_clock ; Rise       ; Segment_595_Dynamic:Segment_595_Dynamic_Instance|Segment_Dynamic:Segment_Dynamic_Instance|BDC_8421:BDC_8421_Instance|data_shift[3]       ;
; -1.487 ; 1.000        ; 2.487          ; Min Period ; system_clock ; Rise       ; Segment_595_Dynamic:Segment_595_Dynamic_Instance|Segment_Dynamic:Segment_Dynamic_Instance|BDC_8421:BDC_8421_Instance|data_shift[40]      ;
; -1.487 ; 1.000        ; 2.487          ; Min Period ; system_clock ; Rise       ; Segment_595_Dynamic:Segment_595_Dynamic_Instance|Segment_Dynamic:Segment_Dynamic_Instance|BDC_8421:BDC_8421_Instance|data_shift[41]      ;
; -1.487 ; 1.000        ; 2.487          ; Min Period ; system_clock ; Rise       ; Segment_595_Dynamic:Segment_595_Dynamic_Instance|Segment_Dynamic:Segment_Dynamic_Instance|BDC_8421:BDC_8421_Instance|data_shift[42]      ;
; -1.487 ; 1.000        ; 2.487          ; Min Period ; system_clock ; Rise       ; Segment_595_Dynamic:Segment_595_Dynamic_Instance|Segment_Dynamic:Segment_Dynamic_Instance|BDC_8421:BDC_8421_Instance|data_shift[43]      ;
; -1.487 ; 1.000        ; 2.487          ; Min Period ; system_clock ; Rise       ; Segment_595_Dynamic:Segment_595_Dynamic_Instance|Segment_Dynamic:Segment_Dynamic_Instance|BDC_8421:BDC_8421_Instance|data_shift[4]       ;
; -1.487 ; 1.000        ; 2.487          ; Min Period ; system_clock ; Rise       ; Segment_595_Dynamic:Segment_595_Dynamic_Instance|Segment_Dynamic:Segment_Dynamic_Instance|BDC_8421:BDC_8421_Instance|data_shift[5]       ;
; -1.487 ; 1.000        ; 2.487          ; Min Period ; system_clock ; Rise       ; Segment_595_Dynamic:Segment_595_Dynamic_Instance|Segment_Dynamic:Segment_Dynamic_Instance|BDC_8421:BDC_8421_Instance|data_shift[6]       ;
; -1.487 ; 1.000        ; 2.487          ; Min Period ; system_clock ; Rise       ; Segment_595_Dynamic:Segment_595_Dynamic_Instance|Segment_Dynamic:Segment_Dynamic_Instance|BDC_8421:BDC_8421_Instance|data_shift[7]       ;
; -1.487 ; 1.000        ; 2.487          ; Min Period ; system_clock ; Rise       ; Segment_595_Dynamic:Segment_595_Dynamic_Instance|Segment_Dynamic:Segment_Dynamic_Instance|BDC_8421:BDC_8421_Instance|data_shift[8]       ;
; -1.487 ; 1.000        ; 2.487          ; Min Period ; system_clock ; Rise       ; Segment_595_Dynamic:Segment_595_Dynamic_Instance|Segment_Dynamic:Segment_Dynamic_Instance|BDC_8421:BDC_8421_Instance|data_shift[9]       ;
; -1.487 ; 1.000        ; 2.487          ; Min Period ; system_clock ; Rise       ; Segment_595_Dynamic:Segment_595_Dynamic_Instance|Segment_Dynamic:Segment_Dynamic_Instance|BDC_8421:BDC_8421_Instance|hundred[0]          ;
; -1.487 ; 1.000        ; 2.487          ; Min Period ; system_clock ; Rise       ; Segment_595_Dynamic:Segment_595_Dynamic_Instance|Segment_Dynamic:Segment_Dynamic_Instance|BDC_8421:BDC_8421_Instance|hundred[1]          ;
; -1.487 ; 1.000        ; 2.487          ; Min Period ; system_clock ; Rise       ; Segment_595_Dynamic:Segment_595_Dynamic_Instance|Segment_Dynamic:Segment_Dynamic_Instance|BDC_8421:BDC_8421_Instance|hundred[2]          ;
; -1.487 ; 1.000        ; 2.487          ; Min Period ; system_clock ; Rise       ; Segment_595_Dynamic:Segment_595_Dynamic_Instance|Segment_Dynamic:Segment_Dynamic_Instance|BDC_8421:BDC_8421_Instance|hundred[3]          ;
; -1.487 ; 1.000        ; 2.487          ; Min Period ; system_clock ; Rise       ; Segment_595_Dynamic:Segment_595_Dynamic_Instance|Segment_Dynamic:Segment_Dynamic_Instance|BDC_8421:BDC_8421_Instance|hundred_thousand[0] ;
; -1.487 ; 1.000        ; 2.487          ; Min Period ; system_clock ; Rise       ; Segment_595_Dynamic:Segment_595_Dynamic_Instance|Segment_Dynamic:Segment_Dynamic_Instance|BDC_8421:BDC_8421_Instance|hundred_thousand[1] ;
; -1.487 ; 1.000        ; 2.487          ; Min Period ; system_clock ; Rise       ; Segment_595_Dynamic:Segment_595_Dynamic_Instance|Segment_Dynamic:Segment_Dynamic_Instance|BDC_8421:BDC_8421_Instance|hundred_thousand[2] ;
; -1.487 ; 1.000        ; 2.487          ; Min Period ; system_clock ; Rise       ; Segment_595_Dynamic:Segment_595_Dynamic_Instance|Segment_Dynamic:Segment_Dynamic_Instance|BDC_8421:BDC_8421_Instance|hundred_thousand[3] ;
; -1.487 ; 1.000        ; 2.487          ; Min Period ; system_clock ; Rise       ; Segment_595_Dynamic:Segment_595_Dynamic_Instance|Segment_Dynamic:Segment_Dynamic_Instance|BDC_8421:BDC_8421_Instance|one[0]              ;
; -1.487 ; 1.000        ; 2.487          ; Min Period ; system_clock ; Rise       ; Segment_595_Dynamic:Segment_595_Dynamic_Instance|Segment_Dynamic:Segment_Dynamic_Instance|BDC_8421:BDC_8421_Instance|one[1]              ;
+--------+--------------+----------------+------------+--------------+------------+------------------------------------------------------------------------------------------------------------------------------------------+


+-------------------------------------------------------------------------+
; Clock to Output Times                                                   ;
+-----------+--------------+-------+-------+------------+-----------------+
; Data Port ; Clock Port   ; Rise  ; Fall  ; Clock Edge ; Clock Reference ;
+-----------+--------------+-------+-------+------------+-----------------+
; ds        ; system_clock ; 8.484 ; 8.258 ; Rise       ; system_clock    ;
; shcp      ; system_clock ; 7.762 ; 7.624 ; Rise       ; system_clock    ;
; stcp      ; system_clock ; 8.403 ; 8.218 ; Rise       ; system_clock    ;
+-----------+--------------+-------+-------+------------+-----------------+


+-------------------------------------------------------------------------+
; Minimum Clock to Output Times                                           ;
+-----------+--------------+-------+-------+------------+-----------------+
; Data Port ; Clock Port   ; Rise  ; Fall  ; Clock Edge ; Clock Reference ;
+-----------+--------------+-------+-------+------------+-----------------+
; ds        ; system_clock ; 8.181 ; 7.962 ; Rise       ; system_clock    ;
; shcp      ; system_clock ; 7.487 ; 7.353 ; Rise       ; system_clock    ;
; stcp      ; system_clock ; 8.108 ; 7.927 ; Rise       ; system_clock    ;
+-----------+--------------+-------+-------+------------+-----------------+


----------------------------------------------
; Slow 1200mV 85C Model Metastability Report ;
----------------------------------------------
No synchronizer chains to report.


+----------------------------------------------------+
; Slow 1200mV 0C Model Fmax Summary                  ;
+------------+-----------------+--------------+------+
; Fmax       ; Restricted Fmax ; Clock Name   ; Note ;
+------------+-----------------+--------------+------+
; 245.76 MHz ; 245.76 MHz      ; system_clock ;      ;
+------------+-----------------+--------------+------+
This panel reports FMAX for every clock in the design, regardless of the user-specified clock periods.  FMAX is only computed for paths where the source and destination registers or ports are driven by the same clock.  Paths of different clocks, including generated clocks, are ignored.  For paths between a clock and its inversion, FMAX is computed as if the rising and falling edges are scaled along with FMAX, such that the duty cycle (in terms of a percentage) is maintained. Altera recommends that you always use clock constraints and other slack reports for sign-off analysis.


+---------------------------------------+
; Slow 1200mV 0C Model Setup Summary    ;
+--------------+--------+---------------+
; Clock        ; Slack  ; End Point TNS ;
+--------------+--------+---------------+
; system_clock ; -3.069 ; -398.697      ;
+--------------+--------+---------------+


+--------------------------------------+
; Slow 1200mV 0C Model Hold Summary    ;
+--------------+-------+---------------+
; Clock        ; Slack ; End Point TNS ;
+--------------+-------+---------------+
; system_clock ; 0.400 ; 0.000         ;
+--------------+-------+---------------+


-----------------------------------------
; Slow 1200mV 0C Model Recovery Summary ;
-----------------------------------------
No paths to report.


----------------------------------------
; Slow 1200mV 0C Model Removal Summary ;
----------------------------------------
No paths to report.


+--------------------------------------------------+
; Slow 1200mV 0C Model Minimum Pulse Width Summary ;
+--------------+--------+--------------------------+
; Clock        ; Slack  ; End Point TNS            ;
+--------------+--------+--------------------------+
; system_clock ; -3.000 ; -281.069                 ;
+--------------+--------+--------------------------+


+----------------------------------------------------------------------------------------------------------------------------------------------------------------------------------------------------------------------------------------------------------------------------------------------------------------------------------------------------------------+
; Slow 1200mV 0C Model Setup: 'system_clock'                                                                                                                                                                                                                                                                                                                     ;
+--------+------------------------------------------------------------------------------------------------------------------------------------------+-------------------------------------------------------------------------------------------------------------------------------------+--------------+--------------+--------------+------------+------------+
; Slack  ; From Node                                                                                                                                ; To Node                                                                                                                             ; Launch Clock ; Latch Clock  ; Relationship ; Clock Skew ; Data Delay ;
+--------+------------------------------------------------------------------------------------------------------------------------------------------+-------------------------------------------------------------------------------------------------------------------------------------+--------------+--------------+--------------+------------+------------+
; -3.069 ; Segment_595_Dynamic:Segment_595_Dynamic_Instance|Segment_Dynamic:Segment_Dynamic_Instance|count_1ms[2]                                   ; Data_Generation:Data_Generation_Instance|count100ms_flag                                                                            ; system_clock ; system_clock ; 1.000        ; -0.055     ; 4.016      ;
; -3.062 ; Segment_595_Dynamic:Segment_595_Dynamic_Instance|Segment_Dynamic:Segment_Dynamic_Instance|BDC_8421:BDC_8421_Instance|count_shift[3]      ; Segment_595_Dynamic:Segment_595_Dynamic_Instance|Segment_Dynamic:Segment_Dynamic_Instance|BDC_8421:BDC_8421_Instance|data_shift[28] ; system_clock ; system_clock ; 1.000        ; -0.088     ; 3.976      ;
; -3.062 ; Segment_595_Dynamic:Segment_595_Dynamic_Instance|Segment_Dynamic:Segment_Dynamic_Instance|BDC_8421:BDC_8421_Instance|count_shift[3]      ; Segment_595_Dynamic:Segment_595_Dynamic_Instance|Segment_Dynamic:Segment_Dynamic_Instance|BDC_8421:BDC_8421_Instance|data_shift[29] ; system_clock ; system_clock ; 1.000        ; -0.088     ; 3.976      ;
; -3.057 ; Segment_595_Dynamic:Segment_595_Dynamic_Instance|Segment_Dynamic:Segment_Dynamic_Instance|count_1ms[3]                                   ; Data_Generation:Data_Generation_Instance|count100ms_flag                                                                            ; system_clock ; system_clock ; 1.000        ; -0.055     ; 4.004      ;
; -3.038 ; Segment_595_Dynamic:Segment_595_Dynamic_Instance|hc595_control:hc595_control_Instance|count[1]                                           ; Data_Generation:Data_Generation_Instance|count_100ms[22]                                                                            ; system_clock ; system_clock ; 1.000        ; -0.096     ; 3.944      ;
; -3.037 ; Segment_595_Dynamic:Segment_595_Dynamic_Instance|hc595_control:hc595_control_Instance|count[0]                                           ; Segment_595_Dynamic:Segment_595_Dynamic_Instance|Segment_Dynamic:Segment_Dynamic_Instance|BDC_8421:BDC_8421_Instance|data_shift[28] ; system_clock ; system_clock ; 1.000        ; -0.080     ; 3.959      ;
; -3.037 ; Segment_595_Dynamic:Segment_595_Dynamic_Instance|hc595_control:hc595_control_Instance|count[0]                                           ; Segment_595_Dynamic:Segment_595_Dynamic_Instance|Segment_Dynamic:Segment_Dynamic_Instance|BDC_8421:BDC_8421_Instance|data_shift[29] ; system_clock ; system_clock ; 1.000        ; -0.080     ; 3.959      ;
; -3.023 ; Data_Generation:Data_Generation_Instance|count_100ms[11]                                                                                 ; Data_Generation:Data_Generation_Instance|count100ms_flag                                                                            ; system_clock ; system_clock ; 1.000        ; -0.079     ; 3.946      ;
; -3.009 ; Segment_595_Dynamic:Segment_595_Dynamic_Instance|Segment_Dynamic:Segment_Dynamic_Instance|BDC_8421:BDC_8421_Instance|one[2]              ; Segment_595_Dynamic:Segment_595_Dynamic_Instance|Segment_Dynamic:Segment_Dynamic_Instance|data_register[14]                         ; system_clock ; system_clock ; 1.000        ; -0.071     ; 3.940      ;
; -3.009 ; Segment_595_Dynamic:Segment_595_Dynamic_Instance|Segment_Dynamic:Segment_Dynamic_Instance|BDC_8421:BDC_8421_Instance|one[2]              ; Segment_595_Dynamic:Segment_595_Dynamic_Instance|Segment_Dynamic:Segment_Dynamic_Instance|data_register[13]                         ; system_clock ; system_clock ; 1.000        ; -0.071     ; 3.940      ;
; -3.009 ; Segment_595_Dynamic:Segment_595_Dynamic_Instance|Segment_Dynamic:Segment_Dynamic_Instance|BDC_8421:BDC_8421_Instance|one[2]              ; Segment_595_Dynamic:Segment_595_Dynamic_Instance|Segment_Dynamic:Segment_Dynamic_Instance|data_register[12]                         ; system_clock ; system_clock ; 1.000        ; -0.071     ; 3.940      ;
; -3.009 ; Segment_595_Dynamic:Segment_595_Dynamic_Instance|Segment_Dynamic:Segment_Dynamic_Instance|BDC_8421:BDC_8421_Instance|one[2]              ; Segment_595_Dynamic:Segment_595_Dynamic_Instance|Segment_Dynamic:Segment_Dynamic_Instance|data_register[15]                         ; system_clock ; system_clock ; 1.000        ; -0.071     ; 3.940      ;
; -3.003 ; Segment_595_Dynamic:Segment_595_Dynamic_Instance|Segment_Dynamic:Segment_Dynamic_Instance|BDC_8421:BDC_8421_Instance|one[3]              ; Segment_595_Dynamic:Segment_595_Dynamic_Instance|Segment_Dynamic:Segment_Dynamic_Instance|data_register[14]                         ; system_clock ; system_clock ; 1.000        ; -0.071     ; 3.934      ;
; -3.003 ; Segment_595_Dynamic:Segment_595_Dynamic_Instance|Segment_Dynamic:Segment_Dynamic_Instance|BDC_8421:BDC_8421_Instance|one[3]              ; Segment_595_Dynamic:Segment_595_Dynamic_Instance|Segment_Dynamic:Segment_Dynamic_Instance|data_register[13]                         ; system_clock ; system_clock ; 1.000        ; -0.071     ; 3.934      ;
; -3.003 ; Segment_595_Dynamic:Segment_595_Dynamic_Instance|Segment_Dynamic:Segment_Dynamic_Instance|BDC_8421:BDC_8421_Instance|one[3]              ; Segment_595_Dynamic:Segment_595_Dynamic_Instance|Segment_Dynamic:Segment_Dynamic_Instance|data_register[12]                         ; system_clock ; system_clock ; 1.000        ; -0.071     ; 3.934      ;
; -3.003 ; Segment_595_Dynamic:Segment_595_Dynamic_Instance|Segment_Dynamic:Segment_Dynamic_Instance|BDC_8421:BDC_8421_Instance|one[3]              ; Segment_595_Dynamic:Segment_595_Dynamic_Instance|Segment_Dynamic:Segment_Dynamic_Instance|data_register[15]                         ; system_clock ; system_clock ; 1.000        ; -0.071     ; 3.934      ;
; -2.997 ; Segment_595_Dynamic:Segment_595_Dynamic_Instance|hc595_control:hc595_control_Instance|count[1]                                           ; Segment_595_Dynamic:Segment_595_Dynamic_Instance|Segment_Dynamic:Segment_Dynamic_Instance|BDC_8421:BDC_8421_Instance|data_shift[28] ; system_clock ; system_clock ; 1.000        ; -0.088     ; 3.911      ;
; -2.997 ; Segment_595_Dynamic:Segment_595_Dynamic_Instance|hc595_control:hc595_control_Instance|count[1]                                           ; Segment_595_Dynamic:Segment_595_Dynamic_Instance|Segment_Dynamic:Segment_Dynamic_Instance|BDC_8421:BDC_8421_Instance|data_shift[29] ; system_clock ; system_clock ; 1.000        ; -0.088     ; 3.911      ;
; -2.984 ; Segment_595_Dynamic:Segment_595_Dynamic_Instance|Segment_Dynamic:Segment_Dynamic_Instance|BDC_8421:BDC_8421_Instance|count_shift[2]      ; Segment_595_Dynamic:Segment_595_Dynamic_Instance|Segment_Dynamic:Segment_Dynamic_Instance|BDC_8421:BDC_8421_Instance|data_shift[28] ; system_clock ; system_clock ; 1.000        ; -0.088     ; 3.898      ;
; -2.984 ; Segment_595_Dynamic:Segment_595_Dynamic_Instance|Segment_Dynamic:Segment_Dynamic_Instance|BDC_8421:BDC_8421_Instance|count_shift[2]      ; Segment_595_Dynamic:Segment_595_Dynamic_Instance|Segment_Dynamic:Segment_Dynamic_Instance|BDC_8421:BDC_8421_Instance|data_shift[29] ; system_clock ; system_clock ; 1.000        ; -0.088     ; 3.898      ;
; -2.978 ; Segment_595_Dynamic:Segment_595_Dynamic_Instance|hc595_control:hc595_control_Instance|count[1]                                           ; Segment_595_Dynamic:Segment_595_Dynamic_Instance|Segment_Dynamic:Segment_Dynamic_Instance|BDC_8421:BDC_8421_Instance|data_shift[31] ; system_clock ; system_clock ; 1.000        ; -0.087     ; 3.893      ;
; -2.976 ; Segment_595_Dynamic:Segment_595_Dynamic_Instance|hc595_control:hc595_control_Instance|count[1]                                           ; Segment_595_Dynamic:Segment_595_Dynamic_Instance|Segment_Dynamic:Segment_Dynamic_Instance|BDC_8421:BDC_8421_Instance|data_shift[30] ; system_clock ; system_clock ; 1.000        ; -0.087     ; 3.891      ;
; -2.971 ; Segment_595_Dynamic:Segment_595_Dynamic_Instance|Segment_Dynamic:Segment_Dynamic_Instance|BDC_8421:BDC_8421_Instance|one[2]              ; Segment_595_Dynamic:Segment_595_Dynamic_Instance|Segment_Dynamic:Segment_Dynamic_Instance|data_register[18]                         ; system_clock ; system_clock ; 1.000        ; -0.073     ; 3.900      ;
; -2.971 ; Segment_595_Dynamic:Segment_595_Dynamic_Instance|Segment_Dynamic:Segment_Dynamic_Instance|BDC_8421:BDC_8421_Instance|one[2]              ; Segment_595_Dynamic:Segment_595_Dynamic_Instance|Segment_Dynamic:Segment_Dynamic_Instance|data_register[22]                         ; system_clock ; system_clock ; 1.000        ; -0.073     ; 3.900      ;
; -2.971 ; Segment_595_Dynamic:Segment_595_Dynamic_Instance|Segment_Dynamic:Segment_Dynamic_Instance|BDC_8421:BDC_8421_Instance|one[2]              ; Segment_595_Dynamic:Segment_595_Dynamic_Instance|Segment_Dynamic:Segment_Dynamic_Instance|data_register[21]                         ; system_clock ; system_clock ; 1.000        ; -0.073     ; 3.900      ;
; -2.965 ; Segment_595_Dynamic:Segment_595_Dynamic_Instance|Segment_Dynamic:Segment_Dynamic_Instance|BDC_8421:BDC_8421_Instance|one[3]              ; Segment_595_Dynamic:Segment_595_Dynamic_Instance|Segment_Dynamic:Segment_Dynamic_Instance|data_register[18]                         ; system_clock ; system_clock ; 1.000        ; -0.073     ; 3.894      ;
; -2.965 ; Segment_595_Dynamic:Segment_595_Dynamic_Instance|Segment_Dynamic:Segment_Dynamic_Instance|BDC_8421:BDC_8421_Instance|one[3]              ; Segment_595_Dynamic:Segment_595_Dynamic_Instance|Segment_Dynamic:Segment_Dynamic_Instance|data_register[22]                         ; system_clock ; system_clock ; 1.000        ; -0.073     ; 3.894      ;
; -2.965 ; Segment_595_Dynamic:Segment_595_Dynamic_Instance|Segment_Dynamic:Segment_Dynamic_Instance|BDC_8421:BDC_8421_Instance|one[3]              ; Segment_595_Dynamic:Segment_595_Dynamic_Instance|Segment_Dynamic:Segment_Dynamic_Instance|data_register[21]                         ; system_clock ; system_clock ; 1.000        ; -0.073     ; 3.894      ;
; -2.962 ; Segment_595_Dynamic:Segment_595_Dynamic_Instance|hc595_control:hc595_control_Instance|count[1]                                           ; Segment_595_Dynamic:Segment_595_Dynamic_Instance|Segment_Dynamic:Segment_Dynamic_Instance|count_1ms[15]                             ; system_clock ; system_clock ; 1.000        ; -0.081     ; 3.883      ;
; -2.950 ; Segment_595_Dynamic:Segment_595_Dynamic_Instance|Segment_Dynamic:Segment_Dynamic_Instance|BDC_8421:BDC_8421_Instance|count_shift[2]      ; Segment_595_Dynamic:Segment_595_Dynamic_Instance|Segment_Dynamic:Segment_Dynamic_Instance|BDC_8421:BDC_8421_Instance|data_shift[31] ; system_clock ; system_clock ; 1.000        ; -0.087     ; 3.865      ;
; -2.948 ; Segment_595_Dynamic:Segment_595_Dynamic_Instance|Segment_Dynamic:Segment_Dynamic_Instance|BDC_8421:BDC_8421_Instance|count_shift[2]      ; Segment_595_Dynamic:Segment_595_Dynamic_Instance|Segment_Dynamic:Segment_Dynamic_Instance|BDC_8421:BDC_8421_Instance|data_shift[30] ; system_clock ; system_clock ; 1.000        ; -0.087     ; 3.863      ;
; -2.935 ; Segment_595_Dynamic:Segment_595_Dynamic_Instance|Segment_Dynamic:Segment_Dynamic_Instance|BDC_8421:BDC_8421_Instance|count_shift[1]      ; Segment_595_Dynamic:Segment_595_Dynamic_Instance|Segment_Dynamic:Segment_Dynamic_Instance|BDC_8421:BDC_8421_Instance|data_shift[28] ; system_clock ; system_clock ; 1.000        ; -0.088     ; 3.849      ;
; -2.935 ; Segment_595_Dynamic:Segment_595_Dynamic_Instance|Segment_Dynamic:Segment_Dynamic_Instance|BDC_8421:BDC_8421_Instance|count_shift[1]      ; Segment_595_Dynamic:Segment_595_Dynamic_Instance|Segment_Dynamic:Segment_Dynamic_Instance|BDC_8421:BDC_8421_Instance|data_shift[29] ; system_clock ; system_clock ; 1.000        ; -0.088     ; 3.849      ;
; -2.929 ; Segment_595_Dynamic:Segment_595_Dynamic_Instance|Segment_Dynamic:Segment_Dynamic_Instance|BDC_8421:BDC_8421_Instance|count_shift[3]      ; Segment_595_Dynamic:Segment_595_Dynamic_Instance|Segment_Dynamic:Segment_Dynamic_Instance|BDC_8421:BDC_8421_Instance|data_shift[24] ; system_clock ; system_clock ; 1.000        ; -0.074     ; 3.857      ;
; -2.929 ; Segment_595_Dynamic:Segment_595_Dynamic_Instance|Segment_Dynamic:Segment_Dynamic_Instance|BDC_8421:BDC_8421_Instance|count_shift[3]      ; Segment_595_Dynamic:Segment_595_Dynamic_Instance|Segment_Dynamic:Segment_Dynamic_Instance|BDC_8421:BDC_8421_Instance|data_shift[25] ; system_clock ; system_clock ; 1.000        ; -0.074     ; 3.857      ;
; -2.923 ; Segment_595_Dynamic:Segment_595_Dynamic_Instance|hc595_control:hc595_control_Instance|count[1]                                           ; Segment_595_Dynamic:Segment_595_Dynamic_Instance|Segment_Dynamic:Segment_Dynamic_Instance|BDC_8421:BDC_8421_Instance|data_shift[38] ; system_clock ; system_clock ; 1.000        ; -0.073     ; 3.852      ;
; -2.913 ; Segment_595_Dynamic:Segment_595_Dynamic_Instance|Segment_Dynamic:Segment_Dynamic_Instance|count_1ms[3]                                   ; Data_Generation:Data_Generation_Instance|count_100ms[22]                                                                            ; system_clock ; system_clock ; 1.000        ; -0.065     ; 3.850      ;
; -2.904 ; Segment_595_Dynamic:Segment_595_Dynamic_Instance|hc595_control:hc595_control_Instance|count[0]                                           ; Segment_595_Dynamic:Segment_595_Dynamic_Instance|Segment_Dynamic:Segment_Dynamic_Instance|BDC_8421:BDC_8421_Instance|data_shift[24] ; system_clock ; system_clock ; 1.000        ; -0.066     ; 3.840      ;
; -2.904 ; Segment_595_Dynamic:Segment_595_Dynamic_Instance|hc595_control:hc595_control_Instance|count[0]                                           ; Segment_595_Dynamic:Segment_595_Dynamic_Instance|Segment_Dynamic:Segment_Dynamic_Instance|BDC_8421:BDC_8421_Instance|data_shift[25] ; system_clock ; system_clock ; 1.000        ; -0.066     ; 3.840      ;
; -2.899 ; Segment_595_Dynamic:Segment_595_Dynamic_Instance|hc595_control:hc595_control_Instance|count[1]                                           ; Segment_595_Dynamic:Segment_595_Dynamic_Instance|Segment_Dynamic:Segment_Dynamic_Instance|BDC_8421:BDC_8421_Instance|data_shift[27] ; system_clock ; system_clock ; 1.000        ; -0.074     ; 3.827      ;
; -2.895 ; Segment_595_Dynamic:Segment_595_Dynamic_Instance|Segment_Dynamic:Segment_Dynamic_Instance|BDC_8421:BDC_8421_Instance|count_shift[2]      ; Segment_595_Dynamic:Segment_595_Dynamic_Instance|Segment_Dynamic:Segment_Dynamic_Instance|BDC_8421:BDC_8421_Instance|data_shift[38] ; system_clock ; system_clock ; 1.000        ; -0.073     ; 3.824      ;
; -2.892 ; Segment_595_Dynamic:Segment_595_Dynamic_Instance|Segment_Dynamic:Segment_Dynamic_Instance|count_1ms[2]                                   ; Data_Generation:Data_Generation_Instance|count_100ms[8]                                                                             ; system_clock ; system_clock ; 1.000        ; -0.049     ; 3.845      ;
; -2.892 ; Segment_595_Dynamic:Segment_595_Dynamic_Instance|Segment_Dynamic:Segment_Dynamic_Instance|count_1ms[2]                                   ; Data_Generation:Data_Generation_Instance|count_100ms[9]                                                                             ; system_clock ; system_clock ; 1.000        ; -0.049     ; 3.845      ;
; -2.892 ; Segment_595_Dynamic:Segment_595_Dynamic_Instance|Segment_Dynamic:Segment_Dynamic_Instance|count_1ms[2]                                   ; Data_Generation:Data_Generation_Instance|count_100ms[11]                                                                            ; system_clock ; system_clock ; 1.000        ; -0.049     ; 3.845      ;
; -2.891 ; Segment_595_Dynamic:Segment_595_Dynamic_Instance|Segment_Dynamic:Segment_Dynamic_Instance|count_1ms[2]                                   ; Data_Generation:Data_Generation_Instance|count_100ms[6]                                                                             ; system_clock ; system_clock ; 1.000        ; -0.049     ; 3.844      ;
; -2.885 ; Segment_595_Dynamic:Segment_595_Dynamic_Instance|Segment_Dynamic:Segment_Dynamic_Instance|BDC_8421:BDC_8421_Instance|count_shift[3]      ; Segment_595_Dynamic:Segment_595_Dynamic_Instance|Segment_Dynamic:Segment_Dynamic_Instance|BDC_8421:BDC_8421_Instance|data_shift[1]  ; system_clock ; system_clock ; 1.000        ; -0.069     ; 3.818      ;
; -2.885 ; Segment_595_Dynamic:Segment_595_Dynamic_Instance|Segment_Dynamic:Segment_Dynamic_Instance|BDC_8421:BDC_8421_Instance|count_shift[3]      ; Segment_595_Dynamic:Segment_595_Dynamic_Instance|Segment_Dynamic:Segment_Dynamic_Instance|BDC_8421:BDC_8421_Instance|data_shift[2]  ; system_clock ; system_clock ; 1.000        ; -0.069     ; 3.818      ;
; -2.885 ; Segment_595_Dynamic:Segment_595_Dynamic_Instance|Segment_Dynamic:Segment_Dynamic_Instance|BDC_8421:BDC_8421_Instance|count_shift[3]      ; Segment_595_Dynamic:Segment_595_Dynamic_Instance|Segment_Dynamic:Segment_Dynamic_Instance|BDC_8421:BDC_8421_Instance|data_shift[3]  ; system_clock ; system_clock ; 1.000        ; -0.069     ; 3.818      ;
; -2.885 ; Segment_595_Dynamic:Segment_595_Dynamic_Instance|Segment_Dynamic:Segment_Dynamic_Instance|BDC_8421:BDC_8421_Instance|count_shift[3]      ; Segment_595_Dynamic:Segment_595_Dynamic_Instance|Segment_Dynamic:Segment_Dynamic_Instance|BDC_8421:BDC_8421_Instance|data_shift[4]  ; system_clock ; system_clock ; 1.000        ; -0.069     ; 3.818      ;
; -2.885 ; Segment_595_Dynamic:Segment_595_Dynamic_Instance|hc595_control:hc595_control_Instance|count[1]                                           ; Data_Generation:Data_Generation_Instance|count100ms_flag                                                                            ; system_clock ; system_clock ; 1.000        ; -0.086     ; 3.801      ;
; -2.885 ; Segment_595_Dynamic:Segment_595_Dynamic_Instance|Segment_Dynamic:Segment_Dynamic_Instance|count_1ms[2]                                   ; Data_Generation:Data_Generation_Instance|count_100ms[22]                                                                            ; system_clock ; system_clock ; 1.000        ; -0.065     ; 3.822      ;
; -2.881 ; Segment_595_Dynamic:Segment_595_Dynamic_Instance|Segment_Dynamic:Segment_Dynamic_Instance|count_1ms[2]                                   ; Data_Generation:Data_Generation_Instance|count_100ms[19]                                                                            ; system_clock ; system_clock ; 1.000        ; -0.065     ; 3.818      ;
; -2.880 ; Segment_595_Dynamic:Segment_595_Dynamic_Instance|hc595_control:hc595_control_Instance|count[1]                                           ; Data_Generation:Data_Generation_Instance|count_100ms[19]                                                                            ; system_clock ; system_clock ; 1.000        ; -0.096     ; 3.786      ;
; -2.880 ; Segment_595_Dynamic:Segment_595_Dynamic_Instance|Segment_Dynamic:Segment_Dynamic_Instance|count_1ms[3]                                   ; Data_Generation:Data_Generation_Instance|count_100ms[8]                                                                             ; system_clock ; system_clock ; 1.000        ; -0.049     ; 3.833      ;
; -2.880 ; Segment_595_Dynamic:Segment_595_Dynamic_Instance|Segment_Dynamic:Segment_Dynamic_Instance|count_1ms[3]                                   ; Data_Generation:Data_Generation_Instance|count_100ms[9]                                                                             ; system_clock ; system_clock ; 1.000        ; -0.049     ; 3.833      ;
; -2.880 ; Segment_595_Dynamic:Segment_595_Dynamic_Instance|Segment_Dynamic:Segment_Dynamic_Instance|count_1ms[3]                                   ; Data_Generation:Data_Generation_Instance|count_100ms[11]                                                                            ; system_clock ; system_clock ; 1.000        ; -0.049     ; 3.833      ;
; -2.879 ; Segment_595_Dynamic:Segment_595_Dynamic_Instance|Segment_Dynamic:Segment_Dynamic_Instance|count_1ms[3]                                   ; Data_Generation:Data_Generation_Instance|count_100ms[6]                                                                             ; system_clock ; system_clock ; 1.000        ; -0.049     ; 3.832      ;
; -2.871 ; Segment_595_Dynamic:Segment_595_Dynamic_Instance|Segment_Dynamic:Segment_Dynamic_Instance|BDC_8421:BDC_8421_Instance|count_shift[2]      ; Segment_595_Dynamic:Segment_595_Dynamic_Instance|Segment_Dynamic:Segment_Dynamic_Instance|BDC_8421:BDC_8421_Instance|data_shift[27] ; system_clock ; system_clock ; 1.000        ; -0.074     ; 3.799      ;
; -2.869 ; Segment_595_Dynamic:Segment_595_Dynamic_Instance|Segment_Dynamic:Segment_Dynamic_Instance|BDC_8421:BDC_8421_Instance|count_shift[3]      ; Segment_595_Dynamic:Segment_595_Dynamic_Instance|Segment_Dynamic:Segment_Dynamic_Instance|BDC_8421:BDC_8421_Instance|data_shift[33] ; system_clock ; system_clock ; 1.000        ; -0.087     ; 3.784      ;
; -2.869 ; Segment_595_Dynamic:Segment_595_Dynamic_Instance|Segment_Dynamic:Segment_Dynamic_Instance|BDC_8421:BDC_8421_Instance|count_shift[3]      ; Segment_595_Dynamic:Segment_595_Dynamic_Instance|Segment_Dynamic:Segment_Dynamic_Instance|BDC_8421:BDC_8421_Instance|data_shift[32] ; system_clock ; system_clock ; 1.000        ; -0.087     ; 3.784      ;
; -2.867 ; Segment_595_Dynamic:Segment_595_Dynamic_Instance|hc595_control:hc595_control_Instance|count[1]                                           ; Segment_595_Dynamic:Segment_595_Dynamic_Instance|Segment_Dynamic:Segment_Dynamic_Instance|BDC_8421:BDC_8421_Instance|data_shift[33] ; system_clock ; system_clock ; 1.000        ; -0.087     ; 3.782      ;
; -2.867 ; Segment_595_Dynamic:Segment_595_Dynamic_Instance|hc595_control:hc595_control_Instance|count[1]                                           ; Segment_595_Dynamic:Segment_595_Dynamic_Instance|Segment_Dynamic:Segment_Dynamic_Instance|BDC_8421:BDC_8421_Instance|data_shift[32] ; system_clock ; system_clock ; 1.000        ; -0.087     ; 3.782      ;
; -2.866 ; Segment_595_Dynamic:Segment_595_Dynamic_Instance|Segment_Dynamic:Segment_Dynamic_Instance|BDC_8421:BDC_8421_Instance|ten_thousand[0]     ; Segment_595_Dynamic:Segment_595_Dynamic_Instance|Segment_Dynamic:Segment_Dynamic_Instance|data_register[9]                          ; system_clock ; system_clock ; 1.000        ; -0.074     ; 3.794      ;
; -2.864 ; Segment_595_Dynamic:Segment_595_Dynamic_Instance|Segment_Dynamic:Segment_Dynamic_Instance|BDC_8421:BDC_8421_Instance|ten_thousand[0]     ; Segment_595_Dynamic:Segment_595_Dynamic_Instance|Segment_Dynamic:Segment_Dynamic_Instance|data_register[11]                         ; system_clock ; system_clock ; 1.000        ; -0.074     ; 3.792      ;
; -2.863 ; Segment_595_Dynamic:Segment_595_Dynamic_Instance|hc595_control:hc595_control_Instance|count[1]                                           ; Segment_595_Dynamic:Segment_595_Dynamic_Instance|Segment_Dynamic:Segment_Dynamic_Instance|BDC_8421:BDC_8421_Instance|data_shift[24] ; system_clock ; system_clock ; 1.000        ; -0.074     ; 3.791      ;
; -2.863 ; Segment_595_Dynamic:Segment_595_Dynamic_Instance|hc595_control:hc595_control_Instance|count[1]                                           ; Segment_595_Dynamic:Segment_595_Dynamic_Instance|Segment_Dynamic:Segment_Dynamic_Instance|BDC_8421:BDC_8421_Instance|data_shift[25] ; system_clock ; system_clock ; 1.000        ; -0.074     ; 3.791      ;
; -2.859 ; Segment_595_Dynamic:Segment_595_Dynamic_Instance|Segment_Dynamic:Segment_Dynamic_Instance|BDC_8421:BDC_8421_Instance|hundred_thousand[1] ; Segment_595_Dynamic:Segment_595_Dynamic_Instance|Segment_Dynamic:Segment_Dynamic_Instance|data_register[9]                          ; system_clock ; system_clock ; 1.000        ; -0.074     ; 3.787      ;
; -2.857 ; Segment_595_Dynamic:Segment_595_Dynamic_Instance|Segment_Dynamic:Segment_Dynamic_Instance|BDC_8421:BDC_8421_Instance|one[2]              ; Segment_595_Dynamic:Segment_595_Dynamic_Instance|Segment_Dynamic:Segment_Dynamic_Instance|data_register[2]                          ; system_clock ; system_clock ; 1.000        ; -0.072     ; 3.787      ;
; -2.857 ; Segment_595_Dynamic:Segment_595_Dynamic_Instance|Segment_Dynamic:Segment_Dynamic_Instance|BDC_8421:BDC_8421_Instance|one[2]              ; Segment_595_Dynamic:Segment_595_Dynamic_Instance|Segment_Dynamic:Segment_Dynamic_Instance|data_register[6]                          ; system_clock ; system_clock ; 1.000        ; -0.072     ; 3.787      ;
; -2.857 ; Segment_595_Dynamic:Segment_595_Dynamic_Instance|Segment_Dynamic:Segment_Dynamic_Instance|BDC_8421:BDC_8421_Instance|one[2]              ; Segment_595_Dynamic:Segment_595_Dynamic_Instance|Segment_Dynamic:Segment_Dynamic_Instance|data_register[1]                          ; system_clock ; system_clock ; 1.000        ; -0.072     ; 3.787      ;
; -2.857 ; Segment_595_Dynamic:Segment_595_Dynamic_Instance|Segment_Dynamic:Segment_Dynamic_Instance|BDC_8421:BDC_8421_Instance|one[2]              ; Segment_595_Dynamic:Segment_595_Dynamic_Instance|Segment_Dynamic:Segment_Dynamic_Instance|data_register[5]                          ; system_clock ; system_clock ; 1.000        ; -0.072     ; 3.787      ;
; -2.857 ; Segment_595_Dynamic:Segment_595_Dynamic_Instance|Segment_Dynamic:Segment_Dynamic_Instance|BDC_8421:BDC_8421_Instance|one[2]              ; Segment_595_Dynamic:Segment_595_Dynamic_Instance|Segment_Dynamic:Segment_Dynamic_Instance|data_register[0]                          ; system_clock ; system_clock ; 1.000        ; -0.072     ; 3.787      ;
; -2.857 ; Segment_595_Dynamic:Segment_595_Dynamic_Instance|Segment_Dynamic:Segment_Dynamic_Instance|BDC_8421:BDC_8421_Instance|one[2]              ; Segment_595_Dynamic:Segment_595_Dynamic_Instance|Segment_Dynamic:Segment_Dynamic_Instance|data_register[4]                          ; system_clock ; system_clock ; 1.000        ; -0.072     ; 3.787      ;
; -2.857 ; Segment_595_Dynamic:Segment_595_Dynamic_Instance|Segment_Dynamic:Segment_Dynamic_Instance|BDC_8421:BDC_8421_Instance|one[2]              ; Segment_595_Dynamic:Segment_595_Dynamic_Instance|Segment_Dynamic:Segment_Dynamic_Instance|data_register[3]                          ; system_clock ; system_clock ; 1.000        ; -0.072     ; 3.787      ;
; -2.857 ; Segment_595_Dynamic:Segment_595_Dynamic_Instance|Segment_Dynamic:Segment_Dynamic_Instance|BDC_8421:BDC_8421_Instance|one[2]              ; Segment_595_Dynamic:Segment_595_Dynamic_Instance|Segment_Dynamic:Segment_Dynamic_Instance|data_register[7]                          ; system_clock ; system_clock ; 1.000        ; -0.072     ; 3.787      ;
; -2.857 ; Segment_595_Dynamic:Segment_595_Dynamic_Instance|Segment_Dynamic:Segment_Dynamic_Instance|BDC_8421:BDC_8421_Instance|hundred_thousand[1] ; Segment_595_Dynamic:Segment_595_Dynamic_Instance|Segment_Dynamic:Segment_Dynamic_Instance|data_register[11]                         ; system_clock ; system_clock ; 1.000        ; -0.074     ; 3.785      ;
; -2.854 ; Segment_595_Dynamic:Segment_595_Dynamic_Instance|Segment_Dynamic:Segment_Dynamic_Instance|BDC_8421:BDC_8421_Instance|count_shift[2]      ; Segment_595_Dynamic:Segment_595_Dynamic_Instance|Segment_Dynamic:Segment_Dynamic_Instance|BDC_8421:BDC_8421_Instance|data_shift[33] ; system_clock ; system_clock ; 1.000        ; -0.087     ; 3.769      ;
; -2.854 ; Segment_595_Dynamic:Segment_595_Dynamic_Instance|Segment_Dynamic:Segment_Dynamic_Instance|BDC_8421:BDC_8421_Instance|count_shift[2]      ; Segment_595_Dynamic:Segment_595_Dynamic_Instance|Segment_Dynamic:Segment_Dynamic_Instance|BDC_8421:BDC_8421_Instance|data_shift[32] ; system_clock ; system_clock ; 1.000        ; -0.087     ; 3.769      ;
; -2.853 ; Segment_595_Dynamic:Segment_595_Dynamic_Instance|hc595_control:hc595_control_Instance|count[1]                                           ; Segment_595_Dynamic:Segment_595_Dynamic_Instance|Segment_Dynamic:Segment_Dynamic_Instance|count_1ms[14]                             ; system_clock ; system_clock ; 1.000        ; -0.081     ; 3.774      ;
; -2.851 ; Segment_595_Dynamic:Segment_595_Dynamic_Instance|Segment_Dynamic:Segment_Dynamic_Instance|BDC_8421:BDC_8421_Instance|one[3]              ; Segment_595_Dynamic:Segment_595_Dynamic_Instance|Segment_Dynamic:Segment_Dynamic_Instance|data_register[2]                          ; system_clock ; system_clock ; 1.000        ; -0.072     ; 3.781      ;
; -2.851 ; Segment_595_Dynamic:Segment_595_Dynamic_Instance|Segment_Dynamic:Segment_Dynamic_Instance|BDC_8421:BDC_8421_Instance|one[3]              ; Segment_595_Dynamic:Segment_595_Dynamic_Instance|Segment_Dynamic:Segment_Dynamic_Instance|data_register[6]                          ; system_clock ; system_clock ; 1.000        ; -0.072     ; 3.781      ;
; -2.851 ; Segment_595_Dynamic:Segment_595_Dynamic_Instance|Segment_Dynamic:Segment_Dynamic_Instance|BDC_8421:BDC_8421_Instance|one[3]              ; Segment_595_Dynamic:Segment_595_Dynamic_Instance|Segment_Dynamic:Segment_Dynamic_Instance|data_register[1]                          ; system_clock ; system_clock ; 1.000        ; -0.072     ; 3.781      ;
; -2.851 ; Segment_595_Dynamic:Segment_595_Dynamic_Instance|Segment_Dynamic:Segment_Dynamic_Instance|BDC_8421:BDC_8421_Instance|one[3]              ; Segment_595_Dynamic:Segment_595_Dynamic_Instance|Segment_Dynamic:Segment_Dynamic_Instance|data_register[5]                          ; system_clock ; system_clock ; 1.000        ; -0.072     ; 3.781      ;
; -2.851 ; Segment_595_Dynamic:Segment_595_Dynamic_Instance|Segment_Dynamic:Segment_Dynamic_Instance|BDC_8421:BDC_8421_Instance|one[3]              ; Segment_595_Dynamic:Segment_595_Dynamic_Instance|Segment_Dynamic:Segment_Dynamic_Instance|data_register[0]                          ; system_clock ; system_clock ; 1.000        ; -0.072     ; 3.781      ;
; -2.851 ; Segment_595_Dynamic:Segment_595_Dynamic_Instance|Segment_Dynamic:Segment_Dynamic_Instance|BDC_8421:BDC_8421_Instance|one[3]              ; Segment_595_Dynamic:Segment_595_Dynamic_Instance|Segment_Dynamic:Segment_Dynamic_Instance|data_register[4]                          ; system_clock ; system_clock ; 1.000        ; -0.072     ; 3.781      ;
; -2.851 ; Segment_595_Dynamic:Segment_595_Dynamic_Instance|Segment_Dynamic:Segment_Dynamic_Instance|BDC_8421:BDC_8421_Instance|one[3]              ; Segment_595_Dynamic:Segment_595_Dynamic_Instance|Segment_Dynamic:Segment_Dynamic_Instance|data_register[3]                          ; system_clock ; system_clock ; 1.000        ; -0.072     ; 3.781      ;
; -2.851 ; Segment_595_Dynamic:Segment_595_Dynamic_Instance|Segment_Dynamic:Segment_Dynamic_Instance|BDC_8421:BDC_8421_Instance|one[3]              ; Segment_595_Dynamic:Segment_595_Dynamic_Instance|Segment_Dynamic:Segment_Dynamic_Instance|data_register[7]                          ; system_clock ; system_clock ; 1.000        ; -0.072     ; 3.781      ;
; -2.850 ; Segment_595_Dynamic:Segment_595_Dynamic_Instance|Segment_Dynamic:Segment_Dynamic_Instance|BDC_8421:BDC_8421_Instance|count_shift[2]      ; Segment_595_Dynamic:Segment_595_Dynamic_Instance|Segment_Dynamic:Segment_Dynamic_Instance|BDC_8421:BDC_8421_Instance|data_shift[24] ; system_clock ; system_clock ; 1.000        ; -0.074     ; 3.778      ;
; -2.850 ; Segment_595_Dynamic:Segment_595_Dynamic_Instance|Segment_Dynamic:Segment_Dynamic_Instance|BDC_8421:BDC_8421_Instance|count_shift[2]      ; Segment_595_Dynamic:Segment_595_Dynamic_Instance|Segment_Dynamic:Segment_Dynamic_Instance|BDC_8421:BDC_8421_Instance|data_shift[25] ; system_clock ; system_clock ; 1.000        ; -0.074     ; 3.778      ;
; -2.846 ; Data_Generation:Data_Generation_Instance|count_100ms[11]                                                                                 ; Data_Generation:Data_Generation_Instance|count_100ms[8]                                                                             ; system_clock ; system_clock ; 1.000        ; -0.073     ; 3.775      ;
; -2.846 ; Data_Generation:Data_Generation_Instance|count_100ms[11]                                                                                 ; Data_Generation:Data_Generation_Instance|count_100ms[9]                                                                             ; system_clock ; system_clock ; 1.000        ; -0.073     ; 3.775      ;
; -2.846 ; Data_Generation:Data_Generation_Instance|count_100ms[11]                                                                                 ; Data_Generation:Data_Generation_Instance|count_100ms[11]                                                                            ; system_clock ; system_clock ; 1.000        ; -0.073     ; 3.775      ;
; -2.845 ; Data_Generation:Data_Generation_Instance|count_100ms[11]                                                                                 ; Data_Generation:Data_Generation_Instance|count_100ms[6]                                                                             ; system_clock ; system_clock ; 1.000        ; -0.073     ; 3.774      ;
; -2.844 ; Segment_595_Dynamic:Segment_595_Dynamic_Instance|Segment_Dynamic:Segment_Dynamic_Instance|BDC_8421:BDC_8421_Instance|hundred_thousand[3] ; Segment_595_Dynamic:Segment_595_Dynamic_Instance|Segment_Dynamic:Segment_Dynamic_Instance|data_register[9]                          ; system_clock ; system_clock ; 1.000        ; -0.075     ; 3.771      ;
; -2.842 ; Segment_595_Dynamic:Segment_595_Dynamic_Instance|Segment_Dynamic:Segment_Dynamic_Instance|BDC_8421:BDC_8421_Instance|hundred_thousand[3] ; Segment_595_Dynamic:Segment_595_Dynamic_Instance|Segment_Dynamic:Segment_Dynamic_Instance|data_register[11]                         ; system_clock ; system_clock ; 1.000        ; -0.075     ; 3.769      ;
; -2.841 ; Segment_595_Dynamic:Segment_595_Dynamic_Instance|hc595_control:hc595_control_Instance|count[0]                                           ; Segment_595_Dynamic:Segment_595_Dynamic_Instance|Segment_Dynamic:Segment_Dynamic_Instance|BDC_8421:BDC_8421_Instance|data_shift[33] ; system_clock ; system_clock ; 1.000        ; -0.079     ; 3.764      ;
; -2.841 ; Segment_595_Dynamic:Segment_595_Dynamic_Instance|hc595_control:hc595_control_Instance|count[0]                                           ; Segment_595_Dynamic:Segment_595_Dynamic_Instance|Segment_Dynamic:Segment_Dynamic_Instance|BDC_8421:BDC_8421_Instance|data_shift[32] ; system_clock ; system_clock ; 1.000        ; -0.079     ; 3.764      ;
; -2.838 ; Segment_595_Dynamic:Segment_595_Dynamic_Instance|Segment_Dynamic:Segment_Dynamic_Instance|BDC_8421:BDC_8421_Instance|ten_thousand[2]     ; Segment_595_Dynamic:Segment_595_Dynamic_Instance|Segment_Dynamic:Segment_Dynamic_Instance|data_register[9]                          ; system_clock ; system_clock ; 1.000        ; -0.075     ; 3.765      ;
; -2.836 ; Segment_595_Dynamic:Segment_595_Dynamic_Instance|Segment_Dynamic:Segment_Dynamic_Instance|BDC_8421:BDC_8421_Instance|ten_thousand[2]     ; Segment_595_Dynamic:Segment_595_Dynamic_Instance|Segment_Dynamic:Segment_Dynamic_Instance|data_register[11]                         ; system_clock ; system_clock ; 1.000        ; -0.075     ; 3.763      ;
; -2.833 ; Segment_595_Dynamic:Segment_595_Dynamic_Instance|Segment_Dynamic:Segment_Dynamic_Instance|BDC_8421:BDC_8421_Instance|ten[3]              ; Segment_595_Dynamic:Segment_595_Dynamic_Instance|Segment_Dynamic:Segment_Dynamic_Instance|data_register[14]                         ; system_clock ; system_clock ; 1.000        ; -0.071     ; 3.764      ;
+--------+------------------------------------------------------------------------------------------------------------------------------------------+-------------------------------------------------------------------------------------------------------------------------------------+--------------+--------------+--------------+------------+------------+


+----------------------------------------------------------------------------------------------------------------------------------------------------------------------------------------------------------------------------------------------------------------------------------------------------------------------------------------------------------+
; Slow 1200mV 0C Model Hold: 'system_clock'                                                                                                                                                                                                                                                                                                                ;
+-------+-------------------------------------------------------------------------------------------------------------------------------------+-------------------------------------------------------------------------------------------------------------------------------------+--------------+--------------+--------------+------------+------------+
; Slack ; From Node                                                                                                                           ; To Node                                                                                                                             ; Launch Clock ; Latch Clock  ; Relationship ; Clock Skew ; Data Delay ;
+-------+-------------------------------------------------------------------------------------------------------------------------------------+-------------------------------------------------------------------------------------------------------------------------------------+--------------+--------------+--------------+------------+------------+
; 0.400 ; Segment_595_Dynamic:Segment_595_Dynamic_Instance|Segment_Dynamic:Segment_Dynamic_Instance|BDC_8421:BDC_8421_Instance|data_shift[0]  ; Segment_595_Dynamic:Segment_595_Dynamic_Instance|Segment_Dynamic:Segment_Dynamic_Instance|BDC_8421:BDC_8421_Instance|data_shift[0]  ; system_clock ; system_clock ; 0.000        ; 0.074      ; 0.669      ;
; 0.400 ; Segment_595_Dynamic:Segment_595_Dynamic_Instance|Segment_Dynamic:Segment_Dynamic_Instance|BDC_8421:BDC_8421_Instance|data_shift[25] ; Segment_595_Dynamic:Segment_595_Dynamic_Instance|Segment_Dynamic:Segment_Dynamic_Instance|BDC_8421:BDC_8421_Instance|data_shift[25] ; system_clock ; system_clock ; 0.000        ; 0.074      ; 0.669      ;
; 0.400 ; Segment_595_Dynamic:Segment_595_Dynamic_Instance|Segment_Dynamic:Segment_Dynamic_Instance|BDC_8421:BDC_8421_Instance|data_shift[37] ; Segment_595_Dynamic:Segment_595_Dynamic_Instance|Segment_Dynamic:Segment_Dynamic_Instance|BDC_8421:BDC_8421_Instance|data_shift[37] ; system_clock ; system_clock ; 0.000        ; 0.074      ; 0.669      ;
; 0.400 ; Segment_595_Dynamic:Segment_595_Dynamic_Instance|Segment_Dynamic:Segment_Dynamic_Instance|BDC_8421:BDC_8421_Instance|data_shift[38] ; Segment_595_Dynamic:Segment_595_Dynamic_Instance|Segment_Dynamic:Segment_Dynamic_Instance|BDC_8421:BDC_8421_Instance|data_shift[38] ; system_clock ; system_clock ; 0.000        ; 0.074      ; 0.669      ;
; 0.400 ; Segment_595_Dynamic:Segment_595_Dynamic_Instance|Segment_Dynamic:Segment_Dynamic_Instance|BDC_8421:BDC_8421_Instance|data_shift[39] ; Segment_595_Dynamic:Segment_595_Dynamic_Instance|Segment_Dynamic:Segment_Dynamic_Instance|BDC_8421:BDC_8421_Instance|data_shift[39] ; system_clock ; system_clock ; 0.000        ; 0.074      ; 0.669      ;
; 0.400 ; Segment_595_Dynamic:Segment_595_Dynamic_Instance|Segment_Dynamic:Segment_Dynamic_Instance|BDC_8421:BDC_8421_Instance|data_shift[41] ; Segment_595_Dynamic:Segment_595_Dynamic_Instance|Segment_Dynamic:Segment_Dynamic_Instance|BDC_8421:BDC_8421_Instance|data_shift[41] ; system_clock ; system_clock ; 0.000        ; 0.074      ; 0.669      ;
; 0.400 ; Segment_595_Dynamic:Segment_595_Dynamic_Instance|Segment_Dynamic:Segment_Dynamic_Instance|BDC_8421:BDC_8421_Instance|data_shift[43] ; Segment_595_Dynamic:Segment_595_Dynamic_Instance|Segment_Dynamic:Segment_Dynamic_Instance|BDC_8421:BDC_8421_Instance|data_shift[43] ; system_clock ; system_clock ; 0.000        ; 0.074      ; 0.669      ;
; 0.400 ; Segment_595_Dynamic:Segment_595_Dynamic_Instance|Segment_Dynamic:Segment_Dynamic_Instance|BDC_8421:BDC_8421_Instance|data_shift[42] ; Segment_595_Dynamic:Segment_595_Dynamic_Instance|Segment_Dynamic:Segment_Dynamic_Instance|BDC_8421:BDC_8421_Instance|data_shift[42] ; system_clock ; system_clock ; 0.000        ; 0.074      ; 0.669      ;
; 0.401 ; Segment_595_Dynamic:Segment_595_Dynamic_Instance|Segment_Dynamic:Segment_Dynamic_Instance|count_selection[1]                        ; Segment_595_Dynamic:Segment_595_Dynamic_Instance|Segment_Dynamic:Segment_Dynamic_Instance|count_selection[1]                        ; system_clock ; system_clock ; 0.000        ; 0.073      ; 0.669      ;
; 0.401 ; Segment_595_Dynamic:Segment_595_Dynamic_Instance|Segment_Dynamic:Segment_Dynamic_Instance|count_selection[2]                        ; Segment_595_Dynamic:Segment_595_Dynamic_Instance|Segment_Dynamic:Segment_Dynamic_Instance|count_selection[2]                        ; system_clock ; system_clock ; 0.000        ; 0.073      ; 0.669      ;
; 0.401 ; Segment_595_Dynamic:Segment_595_Dynamic_Instance|Segment_Dynamic:Segment_Dynamic_Instance|selection_register[0]                     ; Segment_595_Dynamic:Segment_595_Dynamic_Instance|Segment_Dynamic:Segment_Dynamic_Instance|selection_register[0]                     ; system_clock ; system_clock ; 0.000        ; 0.073      ; 0.669      ;
; 0.401 ; Segment_595_Dynamic:Segment_595_Dynamic_Instance|hc595_control:hc595_control_Instance|count_bit[1]                                  ; Segment_595_Dynamic:Segment_595_Dynamic_Instance|hc595_control:hc595_control_Instance|count_bit[1]                                  ; system_clock ; system_clock ; 0.000        ; 0.073      ; 0.669      ;
; 0.401 ; Segment_595_Dynamic:Segment_595_Dynamic_Instance|hc595_control:hc595_control_Instance|count_bit[2]                                  ; Segment_595_Dynamic:Segment_595_Dynamic_Instance|hc595_control:hc595_control_Instance|count_bit[2]                                  ; system_clock ; system_clock ; 0.000        ; 0.073      ; 0.669      ;
; 0.401 ; Segment_595_Dynamic:Segment_595_Dynamic_Instance|hc595_control:hc595_control_Instance|count_bit[3]                                  ; Segment_595_Dynamic:Segment_595_Dynamic_Instance|hc595_control:hc595_control_Instance|count_bit[3]                                  ; system_clock ; system_clock ; 0.000        ; 0.073      ; 0.669      ;
; 0.401 ; Segment_595_Dynamic:Segment_595_Dynamic_Instance|hc595_control:hc595_control_Instance|count_bit[0]                                  ; Segment_595_Dynamic:Segment_595_Dynamic_Instance|hc595_control:hc595_control_Instance|count_bit[0]                                  ; system_clock ; system_clock ; 0.000        ; 0.073      ; 0.669      ;
; 0.401 ; Segment_595_Dynamic:Segment_595_Dynamic_Instance|Segment_Dynamic:Segment_Dynamic_Instance|BDC_8421:BDC_8421_Instance|data_shift[33] ; Segment_595_Dynamic:Segment_595_Dynamic_Instance|Segment_Dynamic:Segment_Dynamic_Instance|BDC_8421:BDC_8421_Instance|data_shift[33] ; system_clock ; system_clock ; 0.000        ; 0.073      ; 0.669      ;
; 0.401 ; Segment_595_Dynamic:Segment_595_Dynamic_Instance|Segment_Dynamic:Segment_Dynamic_Instance|BDC_8421:BDC_8421_Instance|data_shift[21] ; Segment_595_Dynamic:Segment_595_Dynamic_Instance|Segment_Dynamic:Segment_Dynamic_Instance|BDC_8421:BDC_8421_Instance|data_shift[21] ; system_clock ; system_clock ; 0.000        ; 0.073      ; 0.669      ;
; 0.401 ; Segment_595_Dynamic:Segment_595_Dynamic_Instance|Segment_Dynamic:Segment_Dynamic_Instance|BDC_8421:BDC_8421_Instance|data_shift[22] ; Segment_595_Dynamic:Segment_595_Dynamic_Instance|Segment_Dynamic:Segment_Dynamic_Instance|BDC_8421:BDC_8421_Instance|data_shift[22] ; system_clock ; system_clock ; 0.000        ; 0.073      ; 0.669      ;
; 0.401 ; Segment_595_Dynamic:Segment_595_Dynamic_Instance|Segment_Dynamic:Segment_Dynamic_Instance|BDC_8421:BDC_8421_Instance|data_shift[23] ; Segment_595_Dynamic:Segment_595_Dynamic_Instance|Segment_Dynamic:Segment_Dynamic_Instance|BDC_8421:BDC_8421_Instance|data_shift[23] ; system_clock ; system_clock ; 0.000        ; 0.073      ; 0.669      ;
; 0.401 ; Segment_595_Dynamic:Segment_595_Dynamic_Instance|Segment_Dynamic:Segment_Dynamic_Instance|BDC_8421:BDC_8421_Instance|data_shift[26] ; Segment_595_Dynamic:Segment_595_Dynamic_Instance|Segment_Dynamic:Segment_Dynamic_Instance|BDC_8421:BDC_8421_Instance|data_shift[26] ; system_clock ; system_clock ; 0.000        ; 0.073      ; 0.669      ;
; 0.401 ; Segment_595_Dynamic:Segment_595_Dynamic_Instance|Segment_Dynamic:Segment_Dynamic_Instance|BDC_8421:BDC_8421_Instance|data_shift[27] ; Segment_595_Dynamic:Segment_595_Dynamic_Instance|Segment_Dynamic:Segment_Dynamic_Instance|BDC_8421:BDC_8421_Instance|data_shift[27] ; system_clock ; system_clock ; 0.000        ; 0.073      ; 0.669      ;
; 0.401 ; Segment_595_Dynamic:Segment_595_Dynamic_Instance|Segment_Dynamic:Segment_Dynamic_Instance|BDC_8421:BDC_8421_Instance|data_shift[29] ; Segment_595_Dynamic:Segment_595_Dynamic_Instance|Segment_Dynamic:Segment_Dynamic_Instance|BDC_8421:BDC_8421_Instance|data_shift[29] ; system_clock ; system_clock ; 0.000        ; 0.073      ; 0.669      ;
; 0.401 ; Segment_595_Dynamic:Segment_595_Dynamic_Instance|Segment_Dynamic:Segment_Dynamic_Instance|BDC_8421:BDC_8421_Instance|data_shift[30] ; Segment_595_Dynamic:Segment_595_Dynamic_Instance|Segment_Dynamic:Segment_Dynamic_Instance|BDC_8421:BDC_8421_Instance|data_shift[30] ; system_clock ; system_clock ; 0.000        ; 0.073      ; 0.669      ;
; 0.401 ; Segment_595_Dynamic:Segment_595_Dynamic_Instance|Segment_Dynamic:Segment_Dynamic_Instance|BDC_8421:BDC_8421_Instance|data_shift[31] ; Segment_595_Dynamic:Segment_595_Dynamic_Instance|Segment_Dynamic:Segment_Dynamic_Instance|BDC_8421:BDC_8421_Instance|data_shift[31] ; system_clock ; system_clock ; 0.000        ; 0.073      ; 0.669      ;
; 0.401 ; Segment_595_Dynamic:Segment_595_Dynamic_Instance|Segment_Dynamic:Segment_Dynamic_Instance|BDC_8421:BDC_8421_Instance|data_shift[34] ; Segment_595_Dynamic:Segment_595_Dynamic_Instance|Segment_Dynamic:Segment_Dynamic_Instance|BDC_8421:BDC_8421_Instance|data_shift[34] ; system_clock ; system_clock ; 0.000        ; 0.073      ; 0.669      ;
; 0.401 ; Segment_595_Dynamic:Segment_595_Dynamic_Instance|Segment_Dynamic:Segment_Dynamic_Instance|BDC_8421:BDC_8421_Instance|data_shift[35] ; Segment_595_Dynamic:Segment_595_Dynamic_Instance|Segment_Dynamic:Segment_Dynamic_Instance|BDC_8421:BDC_8421_Instance|data_shift[35] ; system_clock ; system_clock ; 0.000        ; 0.073      ; 0.669      ;
; 0.401 ; Segment_595_Dynamic:Segment_595_Dynamic_Instance|hc595_control:hc595_control_Instance|ds                                            ; Segment_595_Dynamic:Segment_595_Dynamic_Instance|hc595_control:hc595_control_Instance|ds                                            ; system_clock ; system_clock ; 0.000        ; 0.073      ; 0.669      ;
; 0.401 ; Segment_595_Dynamic:Segment_595_Dynamic_Instance|hc595_control:hc595_control_Instance|shcp                                          ; Segment_595_Dynamic:Segment_595_Dynamic_Instance|hc595_control:hc595_control_Instance|shcp                                          ; system_clock ; system_clock ; 0.000        ; 0.073      ; 0.669      ;
; 0.401 ; Segment_595_Dynamic:Segment_595_Dynamic_Instance|hc595_control:hc595_control_Instance|stcp                                          ; Segment_595_Dynamic:Segment_595_Dynamic_Instance|hc595_control:hc595_control_Instance|stcp                                          ; system_clock ; system_clock ; 0.000        ; 0.073      ; 0.669      ;
; 0.415 ; Segment_595_Dynamic:Segment_595_Dynamic_Instance|Segment_Dynamic:Segment_Dynamic_Instance|BDC_8421:BDC_8421_Instance|data_shift[24] ; Segment_595_Dynamic:Segment_595_Dynamic_Instance|Segment_Dynamic:Segment_Dynamic_Instance|BDC_8421:BDC_8421_Instance|data_shift[24] ; system_clock ; system_clock ; 0.000        ; 0.074      ; 0.684      ;
; 0.415 ; Segment_595_Dynamic:Segment_595_Dynamic_Instance|Segment_Dynamic:Segment_Dynamic_Instance|BDC_8421:BDC_8421_Instance|data_shift[36] ; Segment_595_Dynamic:Segment_595_Dynamic_Instance|Segment_Dynamic:Segment_Dynamic_Instance|BDC_8421:BDC_8421_Instance|data_shift[36] ; system_clock ; system_clock ; 0.000        ; 0.074      ; 0.684      ;
; 0.415 ; Segment_595_Dynamic:Segment_595_Dynamic_Instance|Segment_Dynamic:Segment_Dynamic_Instance|BDC_8421:BDC_8421_Instance|data_shift[40] ; Segment_595_Dynamic:Segment_595_Dynamic_Instance|Segment_Dynamic:Segment_Dynamic_Instance|BDC_8421:BDC_8421_Instance|data_shift[40] ; system_clock ; system_clock ; 0.000        ; 0.074      ; 0.684      ;
; 0.416 ; Segment_595_Dynamic:Segment_595_Dynamic_Instance|hc595_control:hc595_control_Instance|count[0]                                      ; Segment_595_Dynamic:Segment_595_Dynamic_Instance|hc595_control:hc595_control_Instance|count[0]                                      ; system_clock ; system_clock ; 0.000        ; 0.073      ; 0.684      ;
; 0.416 ; Segment_595_Dynamic:Segment_595_Dynamic_Instance|Segment_Dynamic:Segment_Dynamic_Instance|count_selection[0]                        ; Segment_595_Dynamic:Segment_595_Dynamic_Instance|Segment_Dynamic:Segment_Dynamic_Instance|count_selection[0]                        ; system_clock ; system_clock ; 0.000        ; 0.073      ; 0.684      ;
; 0.416 ; Segment_595_Dynamic:Segment_595_Dynamic_Instance|Segment_Dynamic:Segment_Dynamic_Instance|BDC_8421:BDC_8421_Instance|data_shift[20] ; Segment_595_Dynamic:Segment_595_Dynamic_Instance|Segment_Dynamic:Segment_Dynamic_Instance|BDC_8421:BDC_8421_Instance|data_shift[20] ; system_clock ; system_clock ; 0.000        ; 0.073      ; 0.684      ;
; 0.416 ; Segment_595_Dynamic:Segment_595_Dynamic_Instance|Segment_Dynamic:Segment_Dynamic_Instance|BDC_8421:BDC_8421_Instance|data_shift[28] ; Segment_595_Dynamic:Segment_595_Dynamic_Instance|Segment_Dynamic:Segment_Dynamic_Instance|BDC_8421:BDC_8421_Instance|data_shift[28] ; system_clock ; system_clock ; 0.000        ; 0.073      ; 0.684      ;
; 0.416 ; Segment_595_Dynamic:Segment_595_Dynamic_Instance|Segment_Dynamic:Segment_Dynamic_Instance|BDC_8421:BDC_8421_Instance|data_shift[32] ; Segment_595_Dynamic:Segment_595_Dynamic_Instance|Segment_Dynamic:Segment_Dynamic_Instance|BDC_8421:BDC_8421_Instance|data_shift[32] ; system_clock ; system_clock ; 0.000        ; 0.073      ; 0.684      ;
; 0.469 ; Segment_595_Dynamic:Segment_595_Dynamic_Instance|Segment_Dynamic:Segment_Dynamic_Instance|BDC_8421:BDC_8421_Instance|data_shift[12] ; Segment_595_Dynamic:Segment_595_Dynamic_Instance|Segment_Dynamic:Segment_Dynamic_Instance|BDC_8421:BDC_8421_Instance|data_shift[13] ; system_clock ; system_clock ; 0.000        ; 0.073      ; 0.737      ;
; 0.470 ; Segment_595_Dynamic:Segment_595_Dynamic_Instance|Segment_Dynamic:Segment_Dynamic_Instance|BDC_8421:BDC_8421_Instance|data_shift[15] ; Segment_595_Dynamic:Segment_595_Dynamic_Instance|Segment_Dynamic:Segment_Dynamic_Instance|BDC_8421:BDC_8421_Instance|data_shift[16] ; system_clock ; system_clock ; 0.000        ; 0.073      ; 0.738      ;
; 0.472 ; Segment_595_Dynamic:Segment_595_Dynamic_Instance|Segment_Dynamic:Segment_Dynamic_Instance|BDC_8421:BDC_8421_Instance|data_shift[10] ; Segment_595_Dynamic:Segment_595_Dynamic_Instance|Segment_Dynamic:Segment_Dynamic_Instance|BDC_8421:BDC_8421_Instance|data_shift[11] ; system_clock ; system_clock ; 0.000        ; 0.073      ; 0.740      ;
; 0.472 ; Segment_595_Dynamic:Segment_595_Dynamic_Instance|Segment_Dynamic:Segment_Dynamic_Instance|BDC_8421:BDC_8421_Instance|data_shift[11] ; Segment_595_Dynamic:Segment_595_Dynamic_Instance|Segment_Dynamic:Segment_Dynamic_Instance|BDC_8421:BDC_8421_Instance|data_shift[12] ; system_clock ; system_clock ; 0.000        ; 0.073      ; 0.740      ;
; 0.472 ; Segment_595_Dynamic:Segment_595_Dynamic_Instance|Segment_Dynamic:Segment_Dynamic_Instance|BDC_8421:BDC_8421_Instance|data_shift[13] ; Segment_595_Dynamic:Segment_595_Dynamic_Instance|Segment_Dynamic:Segment_Dynamic_Instance|BDC_8421:BDC_8421_Instance|data_shift[14] ; system_clock ; system_clock ; 0.000        ; 0.073      ; 0.740      ;
; 0.477 ; Segment_595_Dynamic:Segment_595_Dynamic_Instance|Segment_Dynamic:Segment_Dynamic_Instance|count_selection[2]                        ; Segment_595_Dynamic:Segment_595_Dynamic_Instance|Segment_Dynamic:Segment_Dynamic_Instance|count_selection[1]                        ; system_clock ; system_clock ; 0.000        ; 0.073      ; 0.745      ;
; 0.487 ; Data_Generation:Data_Generation_Instance|data[0]                                                                                    ; Data_Generation:Data_Generation_Instance|data[9]                                                                                    ; system_clock ; system_clock ; 0.000        ; 0.073      ; 0.755      ;
; 0.491 ; Segment_595_Dynamic:Segment_595_Dynamic_Instance|Segment_Dynamic:Segment_Dynamic_Instance|BDC_8421:BDC_8421_Instance|data_shift[40] ; Segment_595_Dynamic:Segment_595_Dynamic_Instance|Segment_Dynamic:Segment_Dynamic_Instance|BDC_8421:BDC_8421_Instance|data_shift[41] ; system_clock ; system_clock ; 0.000        ; 0.074      ; 0.760      ;
; 0.501 ; Segment_595_Dynamic:Segment_595_Dynamic_Instance|Segment_Dynamic:Segment_Dynamic_Instance|count_selection[1]                        ; Segment_595_Dynamic:Segment_595_Dynamic_Instance|Segment_Dynamic:Segment_Dynamic_Instance|count_selection[2]                        ; system_clock ; system_clock ; 0.000        ; 0.073      ; 0.769      ;
; 0.522 ; Segment_595_Dynamic:Segment_595_Dynamic_Instance|Segment_Dynamic:Segment_Dynamic_Instance|data_display[2]                           ; Segment_595_Dynamic:Segment_595_Dynamic_Instance|Segment_Dynamic:Segment_Dynamic_Instance|segment[5]                                ; system_clock ; system_clock ; 0.000        ; 0.073      ; 0.790      ;
; 0.596 ; Segment_595_Dynamic:Segment_595_Dynamic_Instance|Segment_Dynamic:Segment_Dynamic_Instance|BDC_8421:BDC_8421_Instance|hundred[3]     ; Segment_595_Dynamic:Segment_595_Dynamic_Instance|Segment_Dynamic:Segment_Dynamic_Instance|data_register[9]                          ; system_clock ; system_clock ; 0.000        ; 0.073      ; 0.864      ;
; 0.598 ; Segment_595_Dynamic:Segment_595_Dynamic_Instance|Segment_Dynamic:Segment_Dynamic_Instance|BDC_8421:BDC_8421_Instance|data_shift[17] ; Segment_595_Dynamic:Segment_595_Dynamic_Instance|Segment_Dynamic:Segment_Dynamic_Instance|BDC_8421:BDC_8421_Instance|data_shift[18] ; system_clock ; system_clock ; 0.000        ; 0.073      ; 0.866      ;
; 0.605 ; Segment_595_Dynamic:Segment_595_Dynamic_Instance|Segment_Dynamic:Segment_Dynamic_Instance|selection_register[3]                     ; Segment_595_Dynamic:Segment_595_Dynamic_Instance|Segment_Dynamic:Segment_Dynamic_Instance|selection[3]                              ; system_clock ; system_clock ; 0.000        ; 0.073      ; 0.873      ;
; 0.610 ; Segment_595_Dynamic:Segment_595_Dynamic_Instance|Segment_Dynamic:Segment_Dynamic_Instance|selection_register[3]                     ; Segment_595_Dynamic:Segment_595_Dynamic_Instance|Segment_Dynamic:Segment_Dynamic_Instance|selection_register[4]                     ; system_clock ; system_clock ; 0.000        ; 0.073      ; 0.878      ;
; 0.612 ; Segment_595_Dynamic:Segment_595_Dynamic_Instance|Segment_Dynamic:Segment_Dynamic_Instance|BDC_8421:BDC_8421_Instance|data_shift[1]  ; Segment_595_Dynamic:Segment_595_Dynamic_Instance|Segment_Dynamic:Segment_Dynamic_Instance|BDC_8421:BDC_8421_Instance|data_shift[2]  ; system_clock ; system_clock ; 0.000        ; 0.074      ; 0.881      ;
; 0.613 ; Segment_595_Dynamic:Segment_595_Dynamic_Instance|Segment_Dynamic:Segment_Dynamic_Instance|BDC_8421:BDC_8421_Instance|hundred[3]     ; Segment_595_Dynamic:Segment_595_Dynamic_Instance|Segment_Dynamic:Segment_Dynamic_Instance|data_register[11]                         ; system_clock ; system_clock ; 0.000        ; 0.073      ; 0.881      ;
; 0.614 ; Segment_595_Dynamic:Segment_595_Dynamic_Instance|Segment_Dynamic:Segment_Dynamic_Instance|BDC_8421:BDC_8421_Instance|thousand[0]    ; Segment_595_Dynamic:Segment_595_Dynamic_Instance|Segment_Dynamic:Segment_Dynamic_Instance|data_register[12]                         ; system_clock ; system_clock ; 0.000        ; 0.073      ; 0.882      ;
; 0.621 ; Segment_595_Dynamic:Segment_595_Dynamic_Instance|Segment_Dynamic:Segment_Dynamic_Instance|BDC_8421:BDC_8421_Instance|thousand[1]    ; Segment_595_Dynamic:Segment_595_Dynamic_Instance|Segment_Dynamic:Segment_Dynamic_Instance|data_register[13]                         ; system_clock ; system_clock ; 0.000        ; 0.073      ; 0.889      ;
; 0.621 ; Segment_595_Dynamic:Segment_595_Dynamic_Instance|Segment_Dynamic:Segment_Dynamic_Instance|data_display[1]                           ; Segment_595_Dynamic:Segment_595_Dynamic_Instance|Segment_Dynamic:Segment_Dynamic_Instance|segment[4]                                ; system_clock ; system_clock ; 0.000        ; 0.073      ; 0.889      ;
; 0.623 ; Segment_595_Dynamic:Segment_595_Dynamic_Instance|Segment_Dynamic:Segment_Dynamic_Instance|data_display[1]                           ; Segment_595_Dynamic:Segment_595_Dynamic_Instance|Segment_Dynamic:Segment_Dynamic_Instance|segment[1]                                ; system_clock ; system_clock ; 0.000        ; 0.073      ; 0.891      ;
; 0.624 ; Segment_595_Dynamic:Segment_595_Dynamic_Instance|Segment_Dynamic:Segment_Dynamic_Instance|selection_register[0]                     ; Segment_595_Dynamic:Segment_595_Dynamic_Instance|Segment_Dynamic:Segment_Dynamic_Instance|selection_register[1]                     ; system_clock ; system_clock ; 0.000        ; 0.073      ; 0.892      ;
; 0.625 ; Segment_595_Dynamic:Segment_595_Dynamic_Instance|Segment_Dynamic:Segment_Dynamic_Instance|data_display[1]                           ; Segment_595_Dynamic:Segment_595_Dynamic_Instance|Segment_Dynamic:Segment_Dynamic_Instance|segment[6]                                ; system_clock ; system_clock ; 0.000        ; 0.073      ; 0.893      ;
; 0.627 ; Segment_595_Dynamic:Segment_595_Dynamic_Instance|Segment_Dynamic:Segment_Dynamic_Instance|data_display[1]                           ; Segment_595_Dynamic:Segment_595_Dynamic_Instance|Segment_Dynamic:Segment_Dynamic_Instance|segment[2]                                ; system_clock ; system_clock ; 0.000        ; 0.073      ; 0.895      ;
; 0.629 ; Segment_595_Dynamic:Segment_595_Dynamic_Instance|Segment_Dynamic:Segment_Dynamic_Instance|data_display[1]                           ; Segment_595_Dynamic:Segment_595_Dynamic_Instance|Segment_Dynamic:Segment_Dynamic_Instance|segment[0]                                ; system_clock ; system_clock ; 0.000        ; 0.073      ; 0.897      ;
; 0.630 ; Segment_595_Dynamic:Segment_595_Dynamic_Instance|Segment_Dynamic:Segment_Dynamic_Instance|data_display[1]                           ; Segment_595_Dynamic:Segment_595_Dynamic_Instance|Segment_Dynamic:Segment_Dynamic_Instance|segment[3]                                ; system_clock ; system_clock ; 0.000        ; 0.073      ; 0.898      ;
; 0.631 ; Segment_595_Dynamic:Segment_595_Dynamic_Instance|Segment_Dynamic:Segment_Dynamic_Instance|data_display[1]                           ; Segment_595_Dynamic:Segment_595_Dynamic_Instance|Segment_Dynamic:Segment_Dynamic_Instance|segment[5]                                ; system_clock ; system_clock ; 0.000        ; 0.073      ; 0.899      ;
; 0.644 ; Segment_595_Dynamic:Segment_595_Dynamic_Instance|Segment_Dynamic:Segment_Dynamic_Instance|BDC_8421:BDC_8421_Instance|hundred[1]     ; Segment_595_Dynamic:Segment_595_Dynamic_Instance|Segment_Dynamic:Segment_Dynamic_Instance|data_register[9]                          ; system_clock ; system_clock ; 0.000        ; 0.073      ; 0.912      ;
; 0.661 ; Segment_595_Dynamic:Segment_595_Dynamic_Instance|Segment_Dynamic:Segment_Dynamic_Instance|BDC_8421:BDC_8421_Instance|hundred[2]     ; Segment_595_Dynamic:Segment_595_Dynamic_Instance|Segment_Dynamic:Segment_Dynamic_Instance|data_register[10]                         ; system_clock ; system_clock ; 0.000        ; 0.073      ; 0.929      ;
; 0.672 ; Segment_595_Dynamic:Segment_595_Dynamic_Instance|Segment_Dynamic:Segment_Dynamic_Instance|BDC_8421:BDC_8421_Instance|data_shift[39] ; Segment_595_Dynamic:Segment_595_Dynamic_Instance|Segment_Dynamic:Segment_Dynamic_Instance|BDC_8421:BDC_8421_Instance|data_shift[40] ; system_clock ; system_clock ; 0.000        ; 0.077      ; 0.944      ;
; 0.683 ; Segment_595_Dynamic:Segment_595_Dynamic_Instance|Segment_Dynamic:Segment_Dynamic_Instance|data_display[0]                           ; Segment_595_Dynamic:Segment_595_Dynamic_Instance|Segment_Dynamic:Segment_Dynamic_Instance|segment[0]                                ; system_clock ; system_clock ; 0.000        ; 0.073      ; 0.951      ;
; 0.683 ; Segment_595_Dynamic:Segment_595_Dynamic_Instance|Segment_Dynamic:Segment_Dynamic_Instance|data_display[0]                           ; Segment_595_Dynamic:Segment_595_Dynamic_Instance|Segment_Dynamic:Segment_Dynamic_Instance|segment[3]                                ; system_clock ; system_clock ; 0.000        ; 0.073      ; 0.951      ;
; 0.685 ; Segment_595_Dynamic:Segment_595_Dynamic_Instance|Segment_Dynamic:Segment_Dynamic_Instance|data_display[0]                           ; Segment_595_Dynamic:Segment_595_Dynamic_Instance|Segment_Dynamic:Segment_Dynamic_Instance|segment[2]                                ; system_clock ; system_clock ; 0.000        ; 0.073      ; 0.953      ;
; 0.686 ; Segment_595_Dynamic:Segment_595_Dynamic_Instance|Segment_Dynamic:Segment_Dynamic_Instance|BDC_8421:BDC_8421_Instance|data_shift[6]  ; Segment_595_Dynamic:Segment_595_Dynamic_Instance|Segment_Dynamic:Segment_Dynamic_Instance|BDC_8421:BDC_8421_Instance|data_shift[7]  ; system_clock ; system_clock ; 0.000        ; 0.073      ; 0.954      ;
; 0.687 ; Segment_595_Dynamic:Segment_595_Dynamic_Instance|Segment_Dynamic:Segment_Dynamic_Instance|BDC_8421:BDC_8421_Instance|data_shift[2]  ; Segment_595_Dynamic:Segment_595_Dynamic_Instance|Segment_Dynamic:Segment_Dynamic_Instance|BDC_8421:BDC_8421_Instance|data_shift[3]  ; system_clock ; system_clock ; 0.000        ; 0.074      ; 0.956      ;
; 0.687 ; Segment_595_Dynamic:Segment_595_Dynamic_Instance|Segment_Dynamic:Segment_Dynamic_Instance|BDC_8421:BDC_8421_Instance|data_shift[14] ; Segment_595_Dynamic:Segment_595_Dynamic_Instance|Segment_Dynamic:Segment_Dynamic_Instance|BDC_8421:BDC_8421_Instance|data_shift[15] ; system_clock ; system_clock ; 0.000        ; 0.073      ; 0.955      ;
; 0.687 ; Segment_595_Dynamic:Segment_595_Dynamic_Instance|Segment_Dynamic:Segment_Dynamic_Instance|data_display[0]                           ; Segment_595_Dynamic:Segment_595_Dynamic_Instance|Segment_Dynamic:Segment_Dynamic_Instance|segment[1]                                ; system_clock ; system_clock ; 0.000        ; 0.073      ; 0.955      ;
; 0.688 ; Segment_595_Dynamic:Segment_595_Dynamic_Instance|Segment_Dynamic:Segment_Dynamic_Instance|BDC_8421:BDC_8421_Instance|data_shift[8]  ; Segment_595_Dynamic:Segment_595_Dynamic_Instance|Segment_Dynamic:Segment_Dynamic_Instance|BDC_8421:BDC_8421_Instance|data_shift[9]  ; system_clock ; system_clock ; 0.000        ; 0.073      ; 0.956      ;
; 0.688 ; Segment_595_Dynamic:Segment_595_Dynamic_Instance|Segment_Dynamic:Segment_Dynamic_Instance|BDC_8421:BDC_8421_Instance|data_shift[16] ; Segment_595_Dynamic:Segment_595_Dynamic_Instance|Segment_Dynamic:Segment_Dynamic_Instance|BDC_8421:BDC_8421_Instance|data_shift[17] ; system_clock ; system_clock ; 0.000        ; 0.073      ; 0.956      ;
; 0.689 ; Segment_595_Dynamic:Segment_595_Dynamic_Instance|Segment_Dynamic:Segment_Dynamic_Instance|BDC_8421:BDC_8421_Instance|data_shift[3]  ; Segment_595_Dynamic:Segment_595_Dynamic_Instance|Segment_Dynamic:Segment_Dynamic_Instance|BDC_8421:BDC_8421_Instance|data_shift[4]  ; system_clock ; system_clock ; 0.000        ; 0.074      ; 0.958      ;
; 0.689 ; Segment_595_Dynamic:Segment_595_Dynamic_Instance|Segment_Dynamic:Segment_Dynamic_Instance|BDC_8421:BDC_8421_Instance|data_shift[7]  ; Segment_595_Dynamic:Segment_595_Dynamic_Instance|Segment_Dynamic:Segment_Dynamic_Instance|BDC_8421:BDC_8421_Instance|data_shift[8]  ; system_clock ; system_clock ; 0.000        ; 0.073      ; 0.957      ;
; 0.689 ; Segment_595_Dynamic:Segment_595_Dynamic_Instance|Segment_Dynamic:Segment_Dynamic_Instance|BDC_8421:BDC_8421_Instance|data_shift[9]  ; Segment_595_Dynamic:Segment_595_Dynamic_Instance|Segment_Dynamic:Segment_Dynamic_Instance|BDC_8421:BDC_8421_Instance|data_shift[10] ; system_clock ; system_clock ; 0.000        ; 0.073      ; 0.957      ;
; 0.690 ; Segment_595_Dynamic:Segment_595_Dynamic_Instance|Segment_Dynamic:Segment_Dynamic_Instance|BDC_8421:BDC_8421_Instance|data_shift[5]  ; Segment_595_Dynamic:Segment_595_Dynamic_Instance|Segment_Dynamic:Segment_Dynamic_Instance|BDC_8421:BDC_8421_Instance|data_shift[6]  ; system_clock ; system_clock ; 0.000        ; 0.073      ; 0.958      ;
; 0.690 ; Segment_595_Dynamic:Segment_595_Dynamic_Instance|Segment_Dynamic:Segment_Dynamic_Instance|BDC_8421:BDC_8421_Instance|data_shift[18] ; Segment_595_Dynamic:Segment_595_Dynamic_Instance|Segment_Dynamic:Segment_Dynamic_Instance|BDC_8421:BDC_8421_Instance|data_shift[19] ; system_clock ; system_clock ; 0.000        ; 0.073      ; 0.958      ;
; 0.691 ; Data_Generation:Data_Generation_Instance|count_100ms[15]                                                                            ; Data_Generation:Data_Generation_Instance|count_100ms[15]                                                                            ; system_clock ; system_clock ; 0.000        ; 0.073      ; 0.959      ;
; 0.692 ; Data_Generation:Data_Generation_Instance|count_100ms[7]                                                                             ; Data_Generation:Data_Generation_Instance|count_100ms[7]                                                                             ; system_clock ; system_clock ; 0.000        ; 0.073      ; 0.960      ;
; 0.693 ; Data_Generation:Data_Generation_Instance|count_100ms[16]                                                                            ; Data_Generation:Data_Generation_Instance|count_100ms[16]                                                                            ; system_clock ; system_clock ; 0.000        ; 0.073      ; 0.961      ;
; 0.694 ; Data_Generation:Data_Generation_Instance|count_100ms[17]                                                                            ; Data_Generation:Data_Generation_Instance|count_100ms[17]                                                                            ; system_clock ; system_clock ; 0.000        ; 0.073      ; 0.962      ;
; 0.698 ; Segment_595_Dynamic:Segment_595_Dynamic_Instance|Segment_Dynamic:Segment_Dynamic_Instance|BDC_8421:BDC_8421_Instance|count_shift[3] ; Segment_595_Dynamic:Segment_595_Dynamic_Instance|Segment_Dynamic:Segment_Dynamic_Instance|BDC_8421:BDC_8421_Instance|count_shift[3] ; system_clock ; system_clock ; 0.000        ; 0.074      ; 0.967      ;
; 0.704 ; Data_Generation:Data_Generation_Instance|data[7]                                                                                    ; Data_Generation:Data_Generation_Instance|data[7]                                                                                    ; system_clock ; system_clock ; 0.000        ; 0.073      ; 0.972      ;
; 0.705 ; Data_Generation:Data_Generation_Instance|data[5]                                                                                    ; Data_Generation:Data_Generation_Instance|data[5]                                                                                    ; system_clock ; system_clock ; 0.000        ; 0.073      ; 0.973      ;
; 0.706 ; Data_Generation:Data_Generation_Instance|count_100ms[10]                                                                            ; Data_Generation:Data_Generation_Instance|count_100ms[10]                                                                            ; system_clock ; system_clock ; 0.000        ; 0.073      ; 0.974      ;
; 0.706 ; Data_Generation:Data_Generation_Instance|count_100ms[12]                                                                            ; Data_Generation:Data_Generation_Instance|count_100ms[12]                                                                            ; system_clock ; system_clock ; 0.000        ; 0.073      ; 0.974      ;
; 0.706 ; Data_Generation:Data_Generation_Instance|data[11]                                                                                   ; Data_Generation:Data_Generation_Instance|data[11]                                                                                   ; system_clock ; system_clock ; 0.000        ; 0.073      ; 0.974      ;
; 0.707 ; Segment_595_Dynamic:Segment_595_Dynamic_Instance|Segment_Dynamic:Segment_Dynamic_Instance|count_1ms[5]                              ; Segment_595_Dynamic:Segment_595_Dynamic_Instance|Segment_Dynamic:Segment_Dynamic_Instance|count_1ms[5]                              ; system_clock ; system_clock ; 0.000        ; 0.072      ; 0.974      ;
; 0.707 ; Segment_595_Dynamic:Segment_595_Dynamic_Instance|Segment_Dynamic:Segment_Dynamic_Instance|count_1ms[13]                             ; Segment_595_Dynamic:Segment_595_Dynamic_Instance|Segment_Dynamic:Segment_Dynamic_Instance|count_1ms[13]                             ; system_clock ; system_clock ; 0.000        ; 0.072      ; 0.974      ;
; 0.707 ; Data_Generation:Data_Generation_Instance|data[1]                                                                                    ; Data_Generation:Data_Generation_Instance|data[1]                                                                                    ; system_clock ; system_clock ; 0.000        ; 0.073      ; 0.975      ;
; 0.707 ; Data_Generation:Data_Generation_Instance|data[3]                                                                                    ; Data_Generation:Data_Generation_Instance|data[3]                                                                                    ; system_clock ; system_clock ; 0.000        ; 0.073      ; 0.975      ;
; 0.708 ; Segment_595_Dynamic:Segment_595_Dynamic_Instance|Segment_Dynamic:Segment_Dynamic_Instance|count_1ms[11]                             ; Segment_595_Dynamic:Segment_595_Dynamic_Instance|Segment_Dynamic:Segment_Dynamic_Instance|count_1ms[11]                             ; system_clock ; system_clock ; 0.000        ; 0.072      ; 0.975      ;
; 0.708 ; Segment_595_Dynamic:Segment_595_Dynamic_Instance|Segment_Dynamic:Segment_Dynamic_Instance|count_1ms[12]                             ; Segment_595_Dynamic:Segment_595_Dynamic_Instance|Segment_Dynamic:Segment_Dynamic_Instance|count_1ms[12]                             ; system_clock ; system_clock ; 0.000        ; 0.072      ; 0.975      ;
; 0.708 ; Data_Generation:Data_Generation_Instance|count_100ms[4]                                                                             ; Data_Generation:Data_Generation_Instance|count_100ms[4]                                                                             ; system_clock ; system_clock ; 0.000        ; 0.073      ; 0.976      ;
; 0.708 ; Data_Generation:Data_Generation_Instance|count_100ms[20]                                                                            ; Data_Generation:Data_Generation_Instance|count_100ms[20]                                                                            ; system_clock ; system_clock ; 0.000        ; 0.073      ; 0.976      ;
; 0.709 ; Segment_595_Dynamic:Segment_595_Dynamic_Instance|Segment_Dynamic:Segment_Dynamic_Instance|count_1ms[10]                             ; Segment_595_Dynamic:Segment_595_Dynamic_Instance|Segment_Dynamic:Segment_Dynamic_Instance|count_1ms[10]                             ; system_clock ; system_clock ; 0.000        ; 0.072      ; 0.976      ;
; 0.709 ; Data_Generation:Data_Generation_Instance|count_100ms[13]                                                                            ; Data_Generation:Data_Generation_Instance|count_100ms[13]                                                                            ; system_clock ; system_clock ; 0.000        ; 0.073      ; 0.977      ;
+-------+-------------------------------------------------------------------------------------------------------------------------------------+-------------------------------------------------------------------------------------------------------------------------------------+--------------+--------------+--------------+------------+------------+


+----------------------------------------------------------------------------------------------------------------------------------------------------------------------------------------------------------------------------+
; Slow 1200mV 0C Model Minimum Pulse Width: 'system_clock'                                                                                                                                                                   ;
+--------+--------------+----------------+------------+--------------+------------+------------------------------------------------------------------------------------------------------------------------------------------+
; Slack  ; Actual Width ; Required Width ; Type       ; Clock        ; Clock Edge ; Target                                                                                                                                   ;
+--------+--------------+----------------+------------+--------------+------------+------------------------------------------------------------------------------------------------------------------------------------------+
; -3.000 ; 1.000        ; 4.000          ; Port Rate  ; system_clock ; Rise       ; system_clock                                                                                                                             ;
; -1.487 ; 1.000        ; 2.487          ; Min Period ; system_clock ; Rise       ; Data_Generation:Data_Generation_Instance|count100ms_flag                                                                                 ;
; -1.487 ; 1.000        ; 2.487          ; Min Period ; system_clock ; Rise       ; Data_Generation:Data_Generation_Instance|count_100ms[10]                                                                                 ;
; -1.487 ; 1.000        ; 2.487          ; Min Period ; system_clock ; Rise       ; Data_Generation:Data_Generation_Instance|count_100ms[11]                                                                                 ;
; -1.487 ; 1.000        ; 2.487          ; Min Period ; system_clock ; Rise       ; Data_Generation:Data_Generation_Instance|count_100ms[12]                                                                                 ;
; -1.487 ; 1.000        ; 2.487          ; Min Period ; system_clock ; Rise       ; Data_Generation:Data_Generation_Instance|count_100ms[13]                                                                                 ;
; -1.487 ; 1.000        ; 2.487          ; Min Period ; system_clock ; Rise       ; Data_Generation:Data_Generation_Instance|count_100ms[14]                                                                                 ;
; -1.487 ; 1.000        ; 2.487          ; Min Period ; system_clock ; Rise       ; Data_Generation:Data_Generation_Instance|count_100ms[15]                                                                                 ;
; -1.487 ; 1.000        ; 2.487          ; Min Period ; system_clock ; Rise       ; Data_Generation:Data_Generation_Instance|count_100ms[16]                                                                                 ;
; -1.487 ; 1.000        ; 2.487          ; Min Period ; system_clock ; Rise       ; Data_Generation:Data_Generation_Instance|count_100ms[17]                                                                                 ;
; -1.487 ; 1.000        ; 2.487          ; Min Period ; system_clock ; Rise       ; Data_Generation:Data_Generation_Instance|count_100ms[18]                                                                                 ;
; -1.487 ; 1.000        ; 2.487          ; Min Period ; system_clock ; Rise       ; Data_Generation:Data_Generation_Instance|count_100ms[19]                                                                                 ;
; -1.487 ; 1.000        ; 2.487          ; Min Period ; system_clock ; Rise       ; Data_Generation:Data_Generation_Instance|count_100ms[20]                                                                                 ;
; -1.487 ; 1.000        ; 2.487          ; Min Period ; system_clock ; Rise       ; Data_Generation:Data_Generation_Instance|count_100ms[21]                                                                                 ;
; -1.487 ; 1.000        ; 2.487          ; Min Period ; system_clock ; Rise       ; Data_Generation:Data_Generation_Instance|count_100ms[22]                                                                                 ;
; -1.487 ; 1.000        ; 2.487          ; Min Period ; system_clock ; Rise       ; Data_Generation:Data_Generation_Instance|count_100ms[4]                                                                                  ;
; -1.487 ; 1.000        ; 2.487          ; Min Period ; system_clock ; Rise       ; Data_Generation:Data_Generation_Instance|count_100ms[5]                                                                                  ;
; -1.487 ; 1.000        ; 2.487          ; Min Period ; system_clock ; Rise       ; Data_Generation:Data_Generation_Instance|count_100ms[6]                                                                                  ;
; -1.487 ; 1.000        ; 2.487          ; Min Period ; system_clock ; Rise       ; Data_Generation:Data_Generation_Instance|count_100ms[7]                                                                                  ;
; -1.487 ; 1.000        ; 2.487          ; Min Period ; system_clock ; Rise       ; Data_Generation:Data_Generation_Instance|count_100ms[8]                                                                                  ;
; -1.487 ; 1.000        ; 2.487          ; Min Period ; system_clock ; Rise       ; Data_Generation:Data_Generation_Instance|count_100ms[9]                                                                                  ;
; -1.487 ; 1.000        ; 2.487          ; Min Period ; system_clock ; Rise       ; Data_Generation:Data_Generation_Instance|data[0]                                                                                         ;
; -1.487 ; 1.000        ; 2.487          ; Min Period ; system_clock ; Rise       ; Data_Generation:Data_Generation_Instance|data[10]                                                                                        ;
; -1.487 ; 1.000        ; 2.487          ; Min Period ; system_clock ; Rise       ; Data_Generation:Data_Generation_Instance|data[11]                                                                                        ;
; -1.487 ; 1.000        ; 2.487          ; Min Period ; system_clock ; Rise       ; Data_Generation:Data_Generation_Instance|data[12]                                                                                        ;
; -1.487 ; 1.000        ; 2.487          ; Min Period ; system_clock ; Rise       ; Data_Generation:Data_Generation_Instance|data[13]                                                                                        ;
; -1.487 ; 1.000        ; 2.487          ; Min Period ; system_clock ; Rise       ; Data_Generation:Data_Generation_Instance|data[14]                                                                                        ;
; -1.487 ; 1.000        ; 2.487          ; Min Period ; system_clock ; Rise       ; Data_Generation:Data_Generation_Instance|data[15]                                                                                        ;
; -1.487 ; 1.000        ; 2.487          ; Min Period ; system_clock ; Rise       ; Data_Generation:Data_Generation_Instance|data[16]                                                                                        ;
; -1.487 ; 1.000        ; 2.487          ; Min Period ; system_clock ; Rise       ; Data_Generation:Data_Generation_Instance|data[17]                                                                                        ;
; -1.487 ; 1.000        ; 2.487          ; Min Period ; system_clock ; Rise       ; Data_Generation:Data_Generation_Instance|data[18]                                                                                        ;
; -1.487 ; 1.000        ; 2.487          ; Min Period ; system_clock ; Rise       ; Data_Generation:Data_Generation_Instance|data[19]                                                                                        ;
; -1.487 ; 1.000        ; 2.487          ; Min Period ; system_clock ; Rise       ; Data_Generation:Data_Generation_Instance|data[1]                                                                                         ;
; -1.487 ; 1.000        ; 2.487          ; Min Period ; system_clock ; Rise       ; Data_Generation:Data_Generation_Instance|data[2]                                                                                         ;
; -1.487 ; 1.000        ; 2.487          ; Min Period ; system_clock ; Rise       ; Data_Generation:Data_Generation_Instance|data[3]                                                                                         ;
; -1.487 ; 1.000        ; 2.487          ; Min Period ; system_clock ; Rise       ; Data_Generation:Data_Generation_Instance|data[4]                                                                                         ;
; -1.487 ; 1.000        ; 2.487          ; Min Period ; system_clock ; Rise       ; Data_Generation:Data_Generation_Instance|data[5]                                                                                         ;
; -1.487 ; 1.000        ; 2.487          ; Min Period ; system_clock ; Rise       ; Data_Generation:Data_Generation_Instance|data[6]                                                                                         ;
; -1.487 ; 1.000        ; 2.487          ; Min Period ; system_clock ; Rise       ; Data_Generation:Data_Generation_Instance|data[7]                                                                                         ;
; -1.487 ; 1.000        ; 2.487          ; Min Period ; system_clock ; Rise       ; Data_Generation:Data_Generation_Instance|data[8]                                                                                         ;
; -1.487 ; 1.000        ; 2.487          ; Min Period ; system_clock ; Rise       ; Data_Generation:Data_Generation_Instance|data[9]                                                                                         ;
; -1.487 ; 1.000        ; 2.487          ; Min Period ; system_clock ; Rise       ; Data_Generation:Data_Generation_Instance|segment_enable                                                                                  ;
; -1.487 ; 1.000        ; 2.487          ; Min Period ; system_clock ; Rise       ; Segment_595_Dynamic:Segment_595_Dynamic_Instance|Segment_Dynamic:Segment_Dynamic_Instance|BDC_8421:BDC_8421_Instance|count_shift[1]      ;
; -1.487 ; 1.000        ; 2.487          ; Min Period ; system_clock ; Rise       ; Segment_595_Dynamic:Segment_595_Dynamic_Instance|Segment_Dynamic:Segment_Dynamic_Instance|BDC_8421:BDC_8421_Instance|count_shift[2]      ;
; -1.487 ; 1.000        ; 2.487          ; Min Period ; system_clock ; Rise       ; Segment_595_Dynamic:Segment_595_Dynamic_Instance|Segment_Dynamic:Segment_Dynamic_Instance|BDC_8421:BDC_8421_Instance|count_shift[3]      ;
; -1.487 ; 1.000        ; 2.487          ; Min Period ; system_clock ; Rise       ; Segment_595_Dynamic:Segment_595_Dynamic_Instance|Segment_Dynamic:Segment_Dynamic_Instance|BDC_8421:BDC_8421_Instance|count_shift[4]      ;
; -1.487 ; 1.000        ; 2.487          ; Min Period ; system_clock ; Rise       ; Segment_595_Dynamic:Segment_595_Dynamic_Instance|Segment_Dynamic:Segment_Dynamic_Instance|BDC_8421:BDC_8421_Instance|data_shift[0]       ;
; -1.487 ; 1.000        ; 2.487          ; Min Period ; system_clock ; Rise       ; Segment_595_Dynamic:Segment_595_Dynamic_Instance|Segment_Dynamic:Segment_Dynamic_Instance|BDC_8421:BDC_8421_Instance|data_shift[10]      ;
; -1.487 ; 1.000        ; 2.487          ; Min Period ; system_clock ; Rise       ; Segment_595_Dynamic:Segment_595_Dynamic_Instance|Segment_Dynamic:Segment_Dynamic_Instance|BDC_8421:BDC_8421_Instance|data_shift[11]      ;
; -1.487 ; 1.000        ; 2.487          ; Min Period ; system_clock ; Rise       ; Segment_595_Dynamic:Segment_595_Dynamic_Instance|Segment_Dynamic:Segment_Dynamic_Instance|BDC_8421:BDC_8421_Instance|data_shift[12]      ;
; -1.487 ; 1.000        ; 2.487          ; Min Period ; system_clock ; Rise       ; Segment_595_Dynamic:Segment_595_Dynamic_Instance|Segment_Dynamic:Segment_Dynamic_Instance|BDC_8421:BDC_8421_Instance|data_shift[13]      ;
; -1.487 ; 1.000        ; 2.487          ; Min Period ; system_clock ; Rise       ; Segment_595_Dynamic:Segment_595_Dynamic_Instance|Segment_Dynamic:Segment_Dynamic_Instance|BDC_8421:BDC_8421_Instance|data_shift[14]      ;
; -1.487 ; 1.000        ; 2.487          ; Min Period ; system_clock ; Rise       ; Segment_595_Dynamic:Segment_595_Dynamic_Instance|Segment_Dynamic:Segment_Dynamic_Instance|BDC_8421:BDC_8421_Instance|data_shift[15]      ;
; -1.487 ; 1.000        ; 2.487          ; Min Period ; system_clock ; Rise       ; Segment_595_Dynamic:Segment_595_Dynamic_Instance|Segment_Dynamic:Segment_Dynamic_Instance|BDC_8421:BDC_8421_Instance|data_shift[16]      ;
; -1.487 ; 1.000        ; 2.487          ; Min Period ; system_clock ; Rise       ; Segment_595_Dynamic:Segment_595_Dynamic_Instance|Segment_Dynamic:Segment_Dynamic_Instance|BDC_8421:BDC_8421_Instance|data_shift[17]      ;
; -1.487 ; 1.000        ; 2.487          ; Min Period ; system_clock ; Rise       ; Segment_595_Dynamic:Segment_595_Dynamic_Instance|Segment_Dynamic:Segment_Dynamic_Instance|BDC_8421:BDC_8421_Instance|data_shift[18]      ;
; -1.487 ; 1.000        ; 2.487          ; Min Period ; system_clock ; Rise       ; Segment_595_Dynamic:Segment_595_Dynamic_Instance|Segment_Dynamic:Segment_Dynamic_Instance|BDC_8421:BDC_8421_Instance|data_shift[19]      ;
; -1.487 ; 1.000        ; 2.487          ; Min Period ; system_clock ; Rise       ; Segment_595_Dynamic:Segment_595_Dynamic_Instance|Segment_Dynamic:Segment_Dynamic_Instance|BDC_8421:BDC_8421_Instance|data_shift[1]       ;
; -1.487 ; 1.000        ; 2.487          ; Min Period ; system_clock ; Rise       ; Segment_595_Dynamic:Segment_595_Dynamic_Instance|Segment_Dynamic:Segment_Dynamic_Instance|BDC_8421:BDC_8421_Instance|data_shift[20]      ;
; -1.487 ; 1.000        ; 2.487          ; Min Period ; system_clock ; Rise       ; Segment_595_Dynamic:Segment_595_Dynamic_Instance|Segment_Dynamic:Segment_Dynamic_Instance|BDC_8421:BDC_8421_Instance|data_shift[21]      ;
; -1.487 ; 1.000        ; 2.487          ; Min Period ; system_clock ; Rise       ; Segment_595_Dynamic:Segment_595_Dynamic_Instance|Segment_Dynamic:Segment_Dynamic_Instance|BDC_8421:BDC_8421_Instance|data_shift[22]      ;
; -1.487 ; 1.000        ; 2.487          ; Min Period ; system_clock ; Rise       ; Segment_595_Dynamic:Segment_595_Dynamic_Instance|Segment_Dynamic:Segment_Dynamic_Instance|BDC_8421:BDC_8421_Instance|data_shift[23]      ;
; -1.487 ; 1.000        ; 2.487          ; Min Period ; system_clock ; Rise       ; Segment_595_Dynamic:Segment_595_Dynamic_Instance|Segment_Dynamic:Segment_Dynamic_Instance|BDC_8421:BDC_8421_Instance|data_shift[24]      ;
; -1.487 ; 1.000        ; 2.487          ; Min Period ; system_clock ; Rise       ; Segment_595_Dynamic:Segment_595_Dynamic_Instance|Segment_Dynamic:Segment_Dynamic_Instance|BDC_8421:BDC_8421_Instance|data_shift[25]      ;
; -1.487 ; 1.000        ; 2.487          ; Min Period ; system_clock ; Rise       ; Segment_595_Dynamic:Segment_595_Dynamic_Instance|Segment_Dynamic:Segment_Dynamic_Instance|BDC_8421:BDC_8421_Instance|data_shift[26]      ;
; -1.487 ; 1.000        ; 2.487          ; Min Period ; system_clock ; Rise       ; Segment_595_Dynamic:Segment_595_Dynamic_Instance|Segment_Dynamic:Segment_Dynamic_Instance|BDC_8421:BDC_8421_Instance|data_shift[27]      ;
; -1.487 ; 1.000        ; 2.487          ; Min Period ; system_clock ; Rise       ; Segment_595_Dynamic:Segment_595_Dynamic_Instance|Segment_Dynamic:Segment_Dynamic_Instance|BDC_8421:BDC_8421_Instance|data_shift[28]      ;
; -1.487 ; 1.000        ; 2.487          ; Min Period ; system_clock ; Rise       ; Segment_595_Dynamic:Segment_595_Dynamic_Instance|Segment_Dynamic:Segment_Dynamic_Instance|BDC_8421:BDC_8421_Instance|data_shift[29]      ;
; -1.487 ; 1.000        ; 2.487          ; Min Period ; system_clock ; Rise       ; Segment_595_Dynamic:Segment_595_Dynamic_Instance|Segment_Dynamic:Segment_Dynamic_Instance|BDC_8421:BDC_8421_Instance|data_shift[2]       ;
; -1.487 ; 1.000        ; 2.487          ; Min Period ; system_clock ; Rise       ; Segment_595_Dynamic:Segment_595_Dynamic_Instance|Segment_Dynamic:Segment_Dynamic_Instance|BDC_8421:BDC_8421_Instance|data_shift[30]      ;
; -1.487 ; 1.000        ; 2.487          ; Min Period ; system_clock ; Rise       ; Segment_595_Dynamic:Segment_595_Dynamic_Instance|Segment_Dynamic:Segment_Dynamic_Instance|BDC_8421:BDC_8421_Instance|data_shift[31]      ;
; -1.487 ; 1.000        ; 2.487          ; Min Period ; system_clock ; Rise       ; Segment_595_Dynamic:Segment_595_Dynamic_Instance|Segment_Dynamic:Segment_Dynamic_Instance|BDC_8421:BDC_8421_Instance|data_shift[32]      ;
; -1.487 ; 1.000        ; 2.487          ; Min Period ; system_clock ; Rise       ; Segment_595_Dynamic:Segment_595_Dynamic_Instance|Segment_Dynamic:Segment_Dynamic_Instance|BDC_8421:BDC_8421_Instance|data_shift[33]      ;
; -1.487 ; 1.000        ; 2.487          ; Min Period ; system_clock ; Rise       ; Segment_595_Dynamic:Segment_595_Dynamic_Instance|Segment_Dynamic:Segment_Dynamic_Instance|BDC_8421:BDC_8421_Instance|data_shift[34]      ;
; -1.487 ; 1.000        ; 2.487          ; Min Period ; system_clock ; Rise       ; Segment_595_Dynamic:Segment_595_Dynamic_Instance|Segment_Dynamic:Segment_Dynamic_Instance|BDC_8421:BDC_8421_Instance|data_shift[35]      ;
; -1.487 ; 1.000        ; 2.487          ; Min Period ; system_clock ; Rise       ; Segment_595_Dynamic:Segment_595_Dynamic_Instance|Segment_Dynamic:Segment_Dynamic_Instance|BDC_8421:BDC_8421_Instance|data_shift[36]      ;
; -1.487 ; 1.000        ; 2.487          ; Min Period ; system_clock ; Rise       ; Segment_595_Dynamic:Segment_595_Dynamic_Instance|Segment_Dynamic:Segment_Dynamic_Instance|BDC_8421:BDC_8421_Instance|data_shift[37]      ;
; -1.487 ; 1.000        ; 2.487          ; Min Period ; system_clock ; Rise       ; Segment_595_Dynamic:Segment_595_Dynamic_Instance|Segment_Dynamic:Segment_Dynamic_Instance|BDC_8421:BDC_8421_Instance|data_shift[38]      ;
; -1.487 ; 1.000        ; 2.487          ; Min Period ; system_clock ; Rise       ; Segment_595_Dynamic:Segment_595_Dynamic_Instance|Segment_Dynamic:Segment_Dynamic_Instance|BDC_8421:BDC_8421_Instance|data_shift[39]      ;
; -1.487 ; 1.000        ; 2.487          ; Min Period ; system_clock ; Rise       ; Segment_595_Dynamic:Segment_595_Dynamic_Instance|Segment_Dynamic:Segment_Dynamic_Instance|BDC_8421:BDC_8421_Instance|data_shift[3]       ;
; -1.487 ; 1.000        ; 2.487          ; Min Period ; system_clock ; Rise       ; Segment_595_Dynamic:Segment_595_Dynamic_Instance|Segment_Dynamic:Segment_Dynamic_Instance|BDC_8421:BDC_8421_Instance|data_shift[40]      ;
; -1.487 ; 1.000        ; 2.487          ; Min Period ; system_clock ; Rise       ; Segment_595_Dynamic:Segment_595_Dynamic_Instance|Segment_Dynamic:Segment_Dynamic_Instance|BDC_8421:BDC_8421_Instance|data_shift[41]      ;
; -1.487 ; 1.000        ; 2.487          ; Min Period ; system_clock ; Rise       ; Segment_595_Dynamic:Segment_595_Dynamic_Instance|Segment_Dynamic:Segment_Dynamic_Instance|BDC_8421:BDC_8421_Instance|data_shift[42]      ;
; -1.487 ; 1.000        ; 2.487          ; Min Period ; system_clock ; Rise       ; Segment_595_Dynamic:Segment_595_Dynamic_Instance|Segment_Dynamic:Segment_Dynamic_Instance|BDC_8421:BDC_8421_Instance|data_shift[43]      ;
; -1.487 ; 1.000        ; 2.487          ; Min Period ; system_clock ; Rise       ; Segment_595_Dynamic:Segment_595_Dynamic_Instance|Segment_Dynamic:Segment_Dynamic_Instance|BDC_8421:BDC_8421_Instance|data_shift[4]       ;
; -1.487 ; 1.000        ; 2.487          ; Min Period ; system_clock ; Rise       ; Segment_595_Dynamic:Segment_595_Dynamic_Instance|Segment_Dynamic:Segment_Dynamic_Instance|BDC_8421:BDC_8421_Instance|data_shift[5]       ;
; -1.487 ; 1.000        ; 2.487          ; Min Period ; system_clock ; Rise       ; Segment_595_Dynamic:Segment_595_Dynamic_Instance|Segment_Dynamic:Segment_Dynamic_Instance|BDC_8421:BDC_8421_Instance|data_shift[6]       ;
; -1.487 ; 1.000        ; 2.487          ; Min Period ; system_clock ; Rise       ; Segment_595_Dynamic:Segment_595_Dynamic_Instance|Segment_Dynamic:Segment_Dynamic_Instance|BDC_8421:BDC_8421_Instance|data_shift[7]       ;
; -1.487 ; 1.000        ; 2.487          ; Min Period ; system_clock ; Rise       ; Segment_595_Dynamic:Segment_595_Dynamic_Instance|Segment_Dynamic:Segment_Dynamic_Instance|BDC_8421:BDC_8421_Instance|data_shift[8]       ;
; -1.487 ; 1.000        ; 2.487          ; Min Period ; system_clock ; Rise       ; Segment_595_Dynamic:Segment_595_Dynamic_Instance|Segment_Dynamic:Segment_Dynamic_Instance|BDC_8421:BDC_8421_Instance|data_shift[9]       ;
; -1.487 ; 1.000        ; 2.487          ; Min Period ; system_clock ; Rise       ; Segment_595_Dynamic:Segment_595_Dynamic_Instance|Segment_Dynamic:Segment_Dynamic_Instance|BDC_8421:BDC_8421_Instance|hundred[0]          ;
; -1.487 ; 1.000        ; 2.487          ; Min Period ; system_clock ; Rise       ; Segment_595_Dynamic:Segment_595_Dynamic_Instance|Segment_Dynamic:Segment_Dynamic_Instance|BDC_8421:BDC_8421_Instance|hundred[1]          ;
; -1.487 ; 1.000        ; 2.487          ; Min Period ; system_clock ; Rise       ; Segment_595_Dynamic:Segment_595_Dynamic_Instance|Segment_Dynamic:Segment_Dynamic_Instance|BDC_8421:BDC_8421_Instance|hundred[2]          ;
; -1.487 ; 1.000        ; 2.487          ; Min Period ; system_clock ; Rise       ; Segment_595_Dynamic:Segment_595_Dynamic_Instance|Segment_Dynamic:Segment_Dynamic_Instance|BDC_8421:BDC_8421_Instance|hundred[3]          ;
; -1.487 ; 1.000        ; 2.487          ; Min Period ; system_clock ; Rise       ; Segment_595_Dynamic:Segment_595_Dynamic_Instance|Segment_Dynamic:Segment_Dynamic_Instance|BDC_8421:BDC_8421_Instance|hundred_thousand[0] ;
; -1.487 ; 1.000        ; 2.487          ; Min Period ; system_clock ; Rise       ; Segment_595_Dynamic:Segment_595_Dynamic_Instance|Segment_Dynamic:Segment_Dynamic_Instance|BDC_8421:BDC_8421_Instance|hundred_thousand[1] ;
; -1.487 ; 1.000        ; 2.487          ; Min Period ; system_clock ; Rise       ; Segment_595_Dynamic:Segment_595_Dynamic_Instance|Segment_Dynamic:Segment_Dynamic_Instance|BDC_8421:BDC_8421_Instance|hundred_thousand[2] ;
; -1.487 ; 1.000        ; 2.487          ; Min Period ; system_clock ; Rise       ; Segment_595_Dynamic:Segment_595_Dynamic_Instance|Segment_Dynamic:Segment_Dynamic_Instance|BDC_8421:BDC_8421_Instance|hundred_thousand[3] ;
; -1.487 ; 1.000        ; 2.487          ; Min Period ; system_clock ; Rise       ; Segment_595_Dynamic:Segment_595_Dynamic_Instance|Segment_Dynamic:Segment_Dynamic_Instance|BDC_8421:BDC_8421_Instance|one[0]              ;
; -1.487 ; 1.000        ; 2.487          ; Min Period ; system_clock ; Rise       ; Segment_595_Dynamic:Segment_595_Dynamic_Instance|Segment_Dynamic:Segment_Dynamic_Instance|BDC_8421:BDC_8421_Instance|one[1]              ;
+--------+--------------+----------------+------------+--------------+------------+------------------------------------------------------------------------------------------------------------------------------------------+


+-------------------------------------------------------------------------+
; Clock to Output Times                                                   ;
+-----------+--------------+-------+-------+------------+-----------------+
; Data Port ; Clock Port   ; Rise  ; Fall  ; Clock Edge ; Clock Reference ;
+-----------+--------------+-------+-------+------------+-----------------+
; ds        ; system_clock ; 7.835 ; 7.449 ; Rise       ; system_clock    ;
; shcp      ; system_clock ; 7.137 ; 6.862 ; Rise       ; system_clock    ;
; stcp      ; system_clock ; 7.729 ; 7.425 ; Rise       ; system_clock    ;
+-----------+--------------+-------+-------+------------+-----------------+


+-------------------------------------------------------------------------+
; Minimum Clock to Output Times                                           ;
+-----------+--------------+-------+-------+------------+-----------------+
; Data Port ; Clock Port   ; Rise  ; Fall  ; Clock Edge ; Clock Reference ;
+-----------+--------------+-------+-------+------------+-----------------+
; ds        ; system_clock ; 7.536 ; 7.165 ; Rise       ; system_clock    ;
; shcp      ; system_clock ; 6.866 ; 6.601 ; Rise       ; system_clock    ;
; stcp      ; system_clock ; 7.437 ; 7.144 ; Rise       ; system_clock    ;
+-----------+--------------+-------+-------+------------+-----------------+


---------------------------------------------
; Slow 1200mV 0C Model Metastability Report ;
---------------------------------------------
No synchronizer chains to report.


+---------------------------------------+
; Fast 1200mV 0C Model Setup Summary    ;
+--------------+--------+---------------+
; Clock        ; Slack  ; End Point TNS ;
+--------------+--------+---------------+
; system_clock ; -0.988 ; -92.437       ;
+--------------+--------+---------------+


+--------------------------------------+
; Fast 1200mV 0C Model Hold Summary    ;
+--------------+-------+---------------+
; Clock        ; Slack ; End Point TNS ;
+--------------+-------+---------------+
; system_clock ; 0.186 ; 0.000         ;
+--------------+-------+---------------+


-----------------------------------------
; Fast 1200mV 0C Model Recovery Summary ;
-----------------------------------------
No paths to report.


----------------------------------------
; Fast 1200mV 0C Model Removal Summary ;
----------------------------------------
No paths to report.


+--------------------------------------------------+
; Fast 1200mV 0C Model Minimum Pulse Width Summary ;
+--------------+--------+--------------------------+
; Clock        ; Slack  ; End Point TNS            ;
+--------------+--------+--------------------------+
; system_clock ; -3.000 ; -202.060                 ;
+--------------+--------+--------------------------+


+----------------------------------------------------------------------------------------------------------------------------------------------------------------------------------------------------------------------------------------------------------------------------------------------------------------------------------------------------------------+
; Fast 1200mV 0C Model Setup: 'system_clock'                                                                                                                                                                                                                                                                                                                     ;
+--------+------------------------------------------------------------------------------------------------------------------------------------------+-------------------------------------------------------------------------------------------------------------------------------------+--------------+--------------+--------------+------------+------------+
; Slack  ; From Node                                                                                                                                ; To Node                                                                                                                             ; Launch Clock ; Latch Clock  ; Relationship ; Clock Skew ; Data Delay ;
+--------+------------------------------------------------------------------------------------------------------------------------------------------+-------------------------------------------------------------------------------------------------------------------------------------+--------------+--------------+--------------+------------+------------+
; -0.988 ; Segment_595_Dynamic:Segment_595_Dynamic_Instance|Segment_Dynamic:Segment_Dynamic_Instance|count_1ms[3]                                   ; Data_Generation:Data_Generation_Instance|count100ms_flag                                                                            ; system_clock ; system_clock ; 1.000        ; -0.021     ; 1.954      ;
; -0.979 ; Segment_595_Dynamic:Segment_595_Dynamic_Instance|Segment_Dynamic:Segment_Dynamic_Instance|count_1ms[2]                                   ; Data_Generation:Data_Generation_Instance|count100ms_flag                                                                            ; system_clock ; system_clock ; 1.000        ; -0.021     ; 1.945      ;
; -0.965 ; Segment_595_Dynamic:Segment_595_Dynamic_Instance|Segment_Dynamic:Segment_Dynamic_Instance|count_1ms[2]                                   ; Data_Generation:Data_Generation_Instance|count_100ms[19]                                                                            ; system_clock ; system_clock ; 1.000        ; -0.030     ; 1.922      ;
; -0.962 ; Segment_595_Dynamic:Segment_595_Dynamic_Instance|Segment_Dynamic:Segment_Dynamic_Instance|count_1ms[2]                                   ; Data_Generation:Data_Generation_Instance|count_100ms[22]                                                                            ; system_clock ; system_clock ; 1.000        ; -0.030     ; 1.919      ;
; -0.950 ; Segment_595_Dynamic:Segment_595_Dynamic_Instance|hc595_control:hc595_control_Instance|count[1]                                           ; Segment_595_Dynamic:Segment_595_Dynamic_Instance|Segment_Dynamic:Segment_Dynamic_Instance|count_1ms[15]                             ; system_clock ; system_clock ; 1.000        ; -0.046     ; 1.891      ;
; -0.921 ; Segment_595_Dynamic:Segment_595_Dynamic_Instance|Segment_Dynamic:Segment_Dynamic_Instance|count_1ms[3]                                   ; Data_Generation:Data_Generation_Instance|count_100ms[8]                                                                             ; system_clock ; system_clock ; 1.000        ; -0.023     ; 1.885      ;
; -0.921 ; Segment_595_Dynamic:Segment_595_Dynamic_Instance|Segment_Dynamic:Segment_Dynamic_Instance|count_1ms[3]                                   ; Data_Generation:Data_Generation_Instance|count_100ms[9]                                                                             ; system_clock ; system_clock ; 1.000        ; -0.023     ; 1.885      ;
; -0.920 ; Segment_595_Dynamic:Segment_595_Dynamic_Instance|Segment_Dynamic:Segment_Dynamic_Instance|count_1ms[3]                                   ; Data_Generation:Data_Generation_Instance|count_100ms[6]                                                                             ; system_clock ; system_clock ; 1.000        ; -0.023     ; 1.884      ;
; -0.920 ; Segment_595_Dynamic:Segment_595_Dynamic_Instance|Segment_Dynamic:Segment_Dynamic_Instance|count_1ms[3]                                   ; Data_Generation:Data_Generation_Instance|count_100ms[11]                                                                            ; system_clock ; system_clock ; 1.000        ; -0.023     ; 1.884      ;
; -0.917 ; Segment_595_Dynamic:Segment_595_Dynamic_Instance|hc595_control:hc595_control_Instance|count[1]                                           ; Data_Generation:Data_Generation_Instance|count_100ms[22]                                                                            ; system_clock ; system_clock ; 1.000        ; -0.052     ; 1.852      ;
; -0.912 ; Segment_595_Dynamic:Segment_595_Dynamic_Instance|Segment_Dynamic:Segment_Dynamic_Instance|count_1ms[2]                                   ; Data_Generation:Data_Generation_Instance|count_100ms[8]                                                                             ; system_clock ; system_clock ; 1.000        ; -0.023     ; 1.876      ;
; -0.912 ; Segment_595_Dynamic:Segment_595_Dynamic_Instance|Segment_Dynamic:Segment_Dynamic_Instance|count_1ms[2]                                   ; Data_Generation:Data_Generation_Instance|count_100ms[9]                                                                             ; system_clock ; system_clock ; 1.000        ; -0.023     ; 1.876      ;
; -0.911 ; Segment_595_Dynamic:Segment_595_Dynamic_Instance|hc595_control:hc595_control_Instance|count[1]                                           ; Data_Generation:Data_Generation_Instance|count_100ms[19]                                                                            ; system_clock ; system_clock ; 1.000        ; -0.052     ; 1.846      ;
; -0.911 ; Segment_595_Dynamic:Segment_595_Dynamic_Instance|Segment_Dynamic:Segment_Dynamic_Instance|count_1ms[2]                                   ; Data_Generation:Data_Generation_Instance|count_100ms[6]                                                                             ; system_clock ; system_clock ; 1.000        ; -0.023     ; 1.875      ;
; -0.911 ; Segment_595_Dynamic:Segment_595_Dynamic_Instance|Segment_Dynamic:Segment_Dynamic_Instance|count_1ms[2]                                   ; Data_Generation:Data_Generation_Instance|count_100ms[11]                                                                            ; system_clock ; system_clock ; 1.000        ; -0.023     ; 1.875      ;
; -0.886 ; Segment_595_Dynamic:Segment_595_Dynamic_Instance|hc595_control:hc595_control_Instance|count[0]                                           ; Segment_595_Dynamic:Segment_595_Dynamic_Instance|Segment_Dynamic:Segment_Dynamic_Instance|BDC_8421:BDC_8421_Instance|data_shift[28] ; system_clock ; system_clock ; 1.000        ; -0.035     ; 1.838      ;
; -0.886 ; Segment_595_Dynamic:Segment_595_Dynamic_Instance|hc595_control:hc595_control_Instance|count[0]                                           ; Segment_595_Dynamic:Segment_595_Dynamic_Instance|Segment_Dynamic:Segment_Dynamic_Instance|BDC_8421:BDC_8421_Instance|data_shift[29] ; system_clock ; system_clock ; 1.000        ; -0.035     ; 1.838      ;
; -0.878 ; Segment_595_Dynamic:Segment_595_Dynamic_Instance|hc595_control:hc595_control_Instance|count[1]                                           ; Segment_595_Dynamic:Segment_595_Dynamic_Instance|Segment_Dynamic:Segment_Dynamic_Instance|BDC_8421:BDC_8421_Instance|data_shift[31] ; system_clock ; system_clock ; 1.000        ; -0.044     ; 1.821      ;
; -0.874 ; Segment_595_Dynamic:Segment_595_Dynamic_Instance|hc595_control:hc595_control_Instance|count[1]                                           ; Segment_595_Dynamic:Segment_595_Dynamic_Instance|Segment_Dynamic:Segment_Dynamic_Instance|BDC_8421:BDC_8421_Instance|data_shift[30] ; system_clock ; system_clock ; 1.000        ; -0.044     ; 1.817      ;
; -0.867 ; Segment_595_Dynamic:Segment_595_Dynamic_Instance|Segment_Dynamic:Segment_Dynamic_Instance|count_1ms[3]                                   ; Data_Generation:Data_Generation_Instance|count_100ms[22]                                                                            ; system_clock ; system_clock ; 1.000        ; -0.030     ; 1.824      ;
; -0.866 ; Segment_595_Dynamic:Segment_595_Dynamic_Instance|Segment_Dynamic:Segment_Dynamic_Instance|count_1ms[3]                                   ; Data_Generation:Data_Generation_Instance|count_100ms[18]                                                                            ; system_clock ; system_clock ; 1.000        ; -0.030     ; 1.823      ;
; -0.866 ; Segment_595_Dynamic:Segment_595_Dynamic_Instance|Segment_Dynamic:Segment_Dynamic_Instance|BDC_8421:BDC_8421_Instance|count_shift[2]      ; Segment_595_Dynamic:Segment_595_Dynamic_Instance|Segment_Dynamic:Segment_Dynamic_Instance|BDC_8421:BDC_8421_Instance|data_shift[31] ; system_clock ; system_clock ; 1.000        ; -0.044     ; 1.809      ;
; -0.862 ; Segment_595_Dynamic:Segment_595_Dynamic_Instance|Segment_Dynamic:Segment_Dynamic_Instance|BDC_8421:BDC_8421_Instance|count_shift[2]      ; Segment_595_Dynamic:Segment_595_Dynamic_Instance|Segment_Dynamic:Segment_Dynamic_Instance|BDC_8421:BDC_8421_Instance|data_shift[30] ; system_clock ; system_clock ; 1.000        ; -0.044     ; 1.805      ;
; -0.858 ; Segment_595_Dynamic:Segment_595_Dynamic_Instance|Segment_Dynamic:Segment_Dynamic_Instance|BDC_8421:BDC_8421_Instance|count_shift[3]      ; Segment_595_Dynamic:Segment_595_Dynamic_Instance|Segment_Dynamic:Segment_Dynamic_Instance|BDC_8421:BDC_8421_Instance|data_shift[28] ; system_clock ; system_clock ; 1.000        ; -0.045     ; 1.800      ;
; -0.858 ; Segment_595_Dynamic:Segment_595_Dynamic_Instance|Segment_Dynamic:Segment_Dynamic_Instance|BDC_8421:BDC_8421_Instance|count_shift[3]      ; Segment_595_Dynamic:Segment_595_Dynamic_Instance|Segment_Dynamic:Segment_Dynamic_Instance|BDC_8421:BDC_8421_Instance|data_shift[29] ; system_clock ; system_clock ; 1.000        ; -0.045     ; 1.800      ;
; -0.857 ; Segment_595_Dynamic:Segment_595_Dynamic_Instance|Segment_Dynamic:Segment_Dynamic_Instance|count_1ms[2]                                   ; Data_Generation:Data_Generation_Instance|count_100ms[18]                                                                            ; system_clock ; system_clock ; 1.000        ; -0.030     ; 1.814      ;
; -0.847 ; Segment_595_Dynamic:Segment_595_Dynamic_Instance|Segment_Dynamic:Segment_Dynamic_Instance|count_1ms[3]                                   ; Data_Generation:Data_Generation_Instance|count_100ms[19]                                                                            ; system_clock ; system_clock ; 1.000        ; -0.030     ; 1.804      ;
; -0.843 ; Data_Generation:Data_Generation_Instance|count_100ms[11]                                                                                 ; Data_Generation:Data_Generation_Instance|count100ms_flag                                                                            ; system_clock ; system_clock ; 1.000        ; -0.035     ; 1.795      ;
; -0.839 ; Segment_595_Dynamic:Segment_595_Dynamic_Instance|hc595_control:hc595_control_Instance|count[1]                                           ; Segment_595_Dynamic:Segment_595_Dynamic_Instance|Segment_Dynamic:Segment_Dynamic_Instance|BDC_8421:BDC_8421_Instance|data_shift[28] ; system_clock ; system_clock ; 1.000        ; -0.045     ; 1.781      ;
; -0.839 ; Segment_595_Dynamic:Segment_595_Dynamic_Instance|hc595_control:hc595_control_Instance|count[1]                                           ; Segment_595_Dynamic:Segment_595_Dynamic_Instance|Segment_Dynamic:Segment_Dynamic_Instance|BDC_8421:BDC_8421_Instance|data_shift[29] ; system_clock ; system_clock ; 1.000        ; -0.045     ; 1.781      ;
; -0.831 ; Segment_595_Dynamic:Segment_595_Dynamic_Instance|hc595_control:hc595_control_Instance|count[0]                                           ; Segment_595_Dynamic:Segment_595_Dynamic_Instance|Segment_Dynamic:Segment_Dynamic_Instance|BDC_8421:BDC_8421_Instance|data_shift[24] ; system_clock ; system_clock ; 1.000        ; -0.027     ; 1.791      ;
; -0.831 ; Segment_595_Dynamic:Segment_595_Dynamic_Instance|hc595_control:hc595_control_Instance|count[0]                                           ; Segment_595_Dynamic:Segment_595_Dynamic_Instance|Segment_Dynamic:Segment_Dynamic_Instance|BDC_8421:BDC_8421_Instance|data_shift[25] ; system_clock ; system_clock ; 1.000        ; -0.027     ; 1.791      ;
; -0.830 ; Segment_595_Dynamic:Segment_595_Dynamic_Instance|hc595_control:hc595_control_Instance|count[1]                                           ; Segment_595_Dynamic:Segment_595_Dynamic_Instance|Segment_Dynamic:Segment_Dynamic_Instance|BDC_8421:BDC_8421_Instance|data_shift[27] ; system_clock ; system_clock ; 1.000        ; -0.038     ; 1.779      ;
; -0.827 ; Segment_595_Dynamic:Segment_595_Dynamic_Instance|Segment_Dynamic:Segment_Dynamic_Instance|BDC_8421:BDC_8421_Instance|count_shift[2]      ; Segment_595_Dynamic:Segment_595_Dynamic_Instance|Segment_Dynamic:Segment_Dynamic_Instance|BDC_8421:BDC_8421_Instance|data_shift[28] ; system_clock ; system_clock ; 1.000        ; -0.045     ; 1.769      ;
; -0.827 ; Segment_595_Dynamic:Segment_595_Dynamic_Instance|Segment_Dynamic:Segment_Dynamic_Instance|BDC_8421:BDC_8421_Instance|count_shift[2]      ; Segment_595_Dynamic:Segment_595_Dynamic_Instance|Segment_Dynamic:Segment_Dynamic_Instance|BDC_8421:BDC_8421_Instance|data_shift[29] ; system_clock ; system_clock ; 1.000        ; -0.045     ; 1.769      ;
; -0.820 ; Segment_595_Dynamic:Segment_595_Dynamic_Instance|hc595_control:hc595_control_Instance|count[1]                                           ; Segment_595_Dynamic:Segment_595_Dynamic_Instance|Segment_Dynamic:Segment_Dynamic_Instance|BDC_8421:BDC_8421_Instance|data_shift[38] ; system_clock ; system_clock ; 1.000        ; -0.036     ; 1.771      ;
; -0.818 ; Segment_595_Dynamic:Segment_595_Dynamic_Instance|Segment_Dynamic:Segment_Dynamic_Instance|BDC_8421:BDC_8421_Instance|count_shift[2]      ; Segment_595_Dynamic:Segment_595_Dynamic_Instance|Segment_Dynamic:Segment_Dynamic_Instance|BDC_8421:BDC_8421_Instance|data_shift[27] ; system_clock ; system_clock ; 1.000        ; -0.038     ; 1.767      ;
; -0.813 ; Segment_595_Dynamic:Segment_595_Dynamic_Instance|hc595_control:hc595_control_Instance|count[0]                                           ; Segment_595_Dynamic:Segment_595_Dynamic_Instance|Segment_Dynamic:Segment_Dynamic_Instance|BDC_8421:BDC_8421_Instance|data_shift[33] ; system_clock ; system_clock ; 1.000        ; -0.034     ; 1.766      ;
; -0.813 ; Segment_595_Dynamic:Segment_595_Dynamic_Instance|hc595_control:hc595_control_Instance|count[0]                                           ; Segment_595_Dynamic:Segment_595_Dynamic_Instance|Segment_Dynamic:Segment_Dynamic_Instance|BDC_8421:BDC_8421_Instance|data_shift[32] ; system_clock ; system_clock ; 1.000        ; -0.034     ; 1.766      ;
; -0.808 ; Segment_595_Dynamic:Segment_595_Dynamic_Instance|Segment_Dynamic:Segment_Dynamic_Instance|BDC_8421:BDC_8421_Instance|count_shift[2]      ; Segment_595_Dynamic:Segment_595_Dynamic_Instance|Segment_Dynamic:Segment_Dynamic_Instance|BDC_8421:BDC_8421_Instance|data_shift[38] ; system_clock ; system_clock ; 1.000        ; -0.036     ; 1.759      ;
; -0.807 ; Segment_595_Dynamic:Segment_595_Dynamic_Instance|Segment_Dynamic:Segment_Dynamic_Instance|BDC_8421:BDC_8421_Instance|count_shift[1]      ; Segment_595_Dynamic:Segment_595_Dynamic_Instance|Segment_Dynamic:Segment_Dynamic_Instance|BDC_8421:BDC_8421_Instance|data_shift[28] ; system_clock ; system_clock ; 1.000        ; -0.045     ; 1.749      ;
; -0.807 ; Segment_595_Dynamic:Segment_595_Dynamic_Instance|Segment_Dynamic:Segment_Dynamic_Instance|BDC_8421:BDC_8421_Instance|count_shift[1]      ; Segment_595_Dynamic:Segment_595_Dynamic_Instance|Segment_Dynamic:Segment_Dynamic_Instance|BDC_8421:BDC_8421_Instance|data_shift[29] ; system_clock ; system_clock ; 1.000        ; -0.045     ; 1.749      ;
; -0.802 ; Segment_595_Dynamic:Segment_595_Dynamic_Instance|hc595_control:hc595_control_Instance|count[1]                                           ; Segment_595_Dynamic:Segment_595_Dynamic_Instance|Segment_Dynamic:Segment_Dynamic_Instance|count_1ms[14]                             ; system_clock ; system_clock ; 1.000        ; -0.046     ; 1.743      ;
; -0.799 ; Segment_595_Dynamic:Segment_595_Dynamic_Instance|hc595_control:hc595_control_Instance|count[0]                                           ; Segment_595_Dynamic:Segment_595_Dynamic_Instance|Segment_Dynamic:Segment_Dynamic_Instance|count_1ms[15]                             ; system_clock ; system_clock ; 1.000        ; -0.036     ; 1.750      ;
; -0.795 ; Segment_595_Dynamic:Segment_595_Dynamic_Instance|hc595_control:hc595_control_Instance|count[1]                                           ; Data_Generation:Data_Generation_Instance|count100ms_flag                                                                            ; system_clock ; system_clock ; 1.000        ; -0.043     ; 1.739      ;
; -0.792 ; Segment_595_Dynamic:Segment_595_Dynamic_Instance|Segment_Dynamic:Segment_Dynamic_Instance|BDC_8421:BDC_8421_Instance|one[2]              ; Segment_595_Dynamic:Segment_595_Dynamic_Instance|Segment_Dynamic:Segment_Dynamic_Instance|data_register[18]                         ; system_clock ; system_clock ; 1.000        ; -0.037     ; 1.742      ;
; -0.792 ; Segment_595_Dynamic:Segment_595_Dynamic_Instance|Segment_Dynamic:Segment_Dynamic_Instance|BDC_8421:BDC_8421_Instance|one[2]              ; Segment_595_Dynamic:Segment_595_Dynamic_Instance|Segment_Dynamic:Segment_Dynamic_Instance|data_register[22]                         ; system_clock ; system_clock ; 1.000        ; -0.037     ; 1.742      ;
; -0.792 ; Segment_595_Dynamic:Segment_595_Dynamic_Instance|Segment_Dynamic:Segment_Dynamic_Instance|BDC_8421:BDC_8421_Instance|one[2]              ; Segment_595_Dynamic:Segment_595_Dynamic_Instance|Segment_Dynamic:Segment_Dynamic_Instance|data_register[21]                         ; system_clock ; system_clock ; 1.000        ; -0.037     ; 1.742      ;
; -0.792 ; Segment_595_Dynamic:Segment_595_Dynamic_Instance|Segment_Dynamic:Segment_Dynamic_Instance|BDC_8421:BDC_8421_Instance|one[3]              ; Segment_595_Dynamic:Segment_595_Dynamic_Instance|Segment_Dynamic:Segment_Dynamic_Instance|data_register[18]                         ; system_clock ; system_clock ; 1.000        ; -0.037     ; 1.742      ;
; -0.792 ; Segment_595_Dynamic:Segment_595_Dynamic_Instance|Segment_Dynamic:Segment_Dynamic_Instance|BDC_8421:BDC_8421_Instance|one[3]              ; Segment_595_Dynamic:Segment_595_Dynamic_Instance|Segment_Dynamic:Segment_Dynamic_Instance|data_register[22]                         ; system_clock ; system_clock ; 1.000        ; -0.037     ; 1.742      ;
; -0.792 ; Segment_595_Dynamic:Segment_595_Dynamic_Instance|Segment_Dynamic:Segment_Dynamic_Instance|BDC_8421:BDC_8421_Instance|one[3]              ; Segment_595_Dynamic:Segment_595_Dynamic_Instance|Segment_Dynamic:Segment_Dynamic_Instance|data_register[21]                         ; system_clock ; system_clock ; 1.000        ; -0.037     ; 1.742      ;
; -0.788 ; Segment_595_Dynamic:Segment_595_Dynamic_Instance|Segment_Dynamic:Segment_Dynamic_Instance|count_1ms[2]                                   ; Data_Generation:Data_Generation_Instance|count_100ms[21]                                                                            ; system_clock ; system_clock ; 1.000        ; -0.030     ; 1.745      ;
; -0.784 ; Segment_595_Dynamic:Segment_595_Dynamic_Instance|Segment_Dynamic:Segment_Dynamic_Instance|BDC_8421:BDC_8421_Instance|count_shift[3]      ; Segment_595_Dynamic:Segment_595_Dynamic_Instance|Segment_Dynamic:Segment_Dynamic_Instance|BDC_8421:BDC_8421_Instance|data_shift[33] ; system_clock ; system_clock ; 1.000        ; -0.044     ; 1.727      ;
; -0.784 ; Segment_595_Dynamic:Segment_595_Dynamic_Instance|Segment_Dynamic:Segment_Dynamic_Instance|BDC_8421:BDC_8421_Instance|count_shift[3]      ; Segment_595_Dynamic:Segment_595_Dynamic_Instance|Segment_Dynamic:Segment_Dynamic_Instance|BDC_8421:BDC_8421_Instance|data_shift[32] ; system_clock ; system_clock ; 1.000        ; -0.044     ; 1.727      ;
; -0.784 ; Segment_595_Dynamic:Segment_595_Dynamic_Instance|hc595_control:hc595_control_Instance|count[1]                                           ; Data_Generation:Data_Generation_Instance|count_100ms[18]                                                                            ; system_clock ; system_clock ; 1.000        ; -0.052     ; 1.719      ;
; -0.783 ; Segment_595_Dynamic:Segment_595_Dynamic_Instance|hc595_control:hc595_control_Instance|count[1]                                           ; Segment_595_Dynamic:Segment_595_Dynamic_Instance|Segment_Dynamic:Segment_Dynamic_Instance|BDC_8421:BDC_8421_Instance|data_shift[24] ; system_clock ; system_clock ; 1.000        ; -0.037     ; 1.733      ;
; -0.783 ; Segment_595_Dynamic:Segment_595_Dynamic_Instance|hc595_control:hc595_control_Instance|count[1]                                           ; Segment_595_Dynamic:Segment_595_Dynamic_Instance|Segment_Dynamic:Segment_Dynamic_Instance|BDC_8421:BDC_8421_Instance|data_shift[25] ; system_clock ; system_clock ; 1.000        ; -0.037     ; 1.733      ;
; -0.780 ; Segment_595_Dynamic:Segment_595_Dynamic_Instance|Segment_Dynamic:Segment_Dynamic_Instance|BDC_8421:BDC_8421_Instance|ten_thousand[0]     ; Segment_595_Dynamic:Segment_595_Dynamic_Instance|Segment_Dynamic:Segment_Dynamic_Instance|data_register[9]                          ; system_clock ; system_clock ; 1.000        ; -0.038     ; 1.729      ;
; -0.780 ; Segment_595_Dynamic:Segment_595_Dynamic_Instance|Segment_Dynamic:Segment_Dynamic_Instance|BDC_8421:BDC_8421_Instance|hundred_thousand[1] ; Segment_595_Dynamic:Segment_595_Dynamic_Instance|Segment_Dynamic:Segment_Dynamic_Instance|data_register[9]                          ; system_clock ; system_clock ; 1.000        ; -0.038     ; 1.729      ;
; -0.777 ; Segment_595_Dynamic:Segment_595_Dynamic_Instance|Segment_Dynamic:Segment_Dynamic_Instance|BDC_8421:BDC_8421_Instance|count_shift[3]      ; Segment_595_Dynamic:Segment_595_Dynamic_Instance|Segment_Dynamic:Segment_Dynamic_Instance|BDC_8421:BDC_8421_Instance|data_shift[24] ; system_clock ; system_clock ; 1.000        ; -0.037     ; 1.727      ;
; -0.777 ; Segment_595_Dynamic:Segment_595_Dynamic_Instance|Segment_Dynamic:Segment_Dynamic_Instance|BDC_8421:BDC_8421_Instance|count_shift[3]      ; Segment_595_Dynamic:Segment_595_Dynamic_Instance|Segment_Dynamic:Segment_Dynamic_Instance|BDC_8421:BDC_8421_Instance|data_shift[25] ; system_clock ; system_clock ; 1.000        ; -0.037     ; 1.727      ;
; -0.776 ; Data_Generation:Data_Generation_Instance|count_100ms[11]                                                                                 ; Data_Generation:Data_Generation_Instance|count_100ms[8]                                                                             ; system_clock ; system_clock ; 1.000        ; -0.037     ; 1.726      ;
; -0.776 ; Data_Generation:Data_Generation_Instance|count_100ms[11]                                                                                 ; Data_Generation:Data_Generation_Instance|count_100ms[9]                                                                             ; system_clock ; system_clock ; 1.000        ; -0.037     ; 1.726      ;
; -0.775 ; Data_Generation:Data_Generation_Instance|count_100ms[11]                                                                                 ; Data_Generation:Data_Generation_Instance|count_100ms[6]                                                                             ; system_clock ; system_clock ; 1.000        ; -0.037     ; 1.725      ;
; -0.775 ; Data_Generation:Data_Generation_Instance|count_100ms[11]                                                                                 ; Data_Generation:Data_Generation_Instance|count_100ms[11]                                                                            ; system_clock ; system_clock ; 1.000        ; -0.037     ; 1.725      ;
; -0.772 ; Segment_595_Dynamic:Segment_595_Dynamic_Instance|hc595_control:hc595_control_Instance|count[0]                                           ; Data_Generation:Data_Generation_Instance|count_100ms[22]                                                                            ; system_clock ; system_clock ; 1.000        ; -0.042     ; 1.717      ;
; -0.771 ; Segment_595_Dynamic:Segment_595_Dynamic_Instance|Segment_Dynamic:Segment_Dynamic_Instance|BDC_8421:BDC_8421_Instance|count_shift[2]      ; Segment_595_Dynamic:Segment_595_Dynamic_Instance|Segment_Dynamic:Segment_Dynamic_Instance|BDC_8421:BDC_8421_Instance|data_shift[24] ; system_clock ; system_clock ; 1.000        ; -0.037     ; 1.721      ;
; -0.771 ; Segment_595_Dynamic:Segment_595_Dynamic_Instance|Segment_Dynamic:Segment_Dynamic_Instance|BDC_8421:BDC_8421_Instance|count_shift[2]      ; Segment_595_Dynamic:Segment_595_Dynamic_Instance|Segment_Dynamic:Segment_Dynamic_Instance|BDC_8421:BDC_8421_Instance|data_shift[25] ; system_clock ; system_clock ; 1.000        ; -0.037     ; 1.721      ;
; -0.767 ; Segment_595_Dynamic:Segment_595_Dynamic_Instance|Segment_Dynamic:Segment_Dynamic_Instance|count_1ms[2]                                   ; Data_Generation:Data_Generation_Instance|count_100ms[14]                                                                            ; system_clock ; system_clock ; 1.000        ; -0.030     ; 1.724      ;
; -0.767 ; Segment_595_Dynamic:Segment_595_Dynamic_Instance|hc595_control:hc595_control_Instance|count[1]                                           ; Segment_595_Dynamic:Segment_595_Dynamic_Instance|Segment_Dynamic:Segment_Dynamic_Instance|BDC_8421:BDC_8421_Instance|data_shift[40] ; system_clock ; system_clock ; 1.000        ; -0.036     ; 1.718      ;
; -0.767 ; Segment_595_Dynamic:Segment_595_Dynamic_Instance|hc595_control:hc595_control_Instance|count[1]                                           ; Segment_595_Dynamic:Segment_595_Dynamic_Instance|Segment_Dynamic:Segment_Dynamic_Instance|BDC_8421:BDC_8421_Instance|data_shift[41] ; system_clock ; system_clock ; 1.000        ; -0.036     ; 1.718      ;
; -0.766 ; Segment_595_Dynamic:Segment_595_Dynamic_Instance|Segment_Dynamic:Segment_Dynamic_Instance|BDC_8421:BDC_8421_Instance|ten_thousand[0]     ; Segment_595_Dynamic:Segment_595_Dynamic_Instance|Segment_Dynamic:Segment_Dynamic_Instance|data_register[11]                         ; system_clock ; system_clock ; 1.000        ; -0.038     ; 1.715      ;
; -0.766 ; Segment_595_Dynamic:Segment_595_Dynamic_Instance|Segment_Dynamic:Segment_Dynamic_Instance|BDC_8421:BDC_8421_Instance|hundred_thousand[1] ; Segment_595_Dynamic:Segment_595_Dynamic_Instance|Segment_Dynamic:Segment_Dynamic_Instance|data_register[11]                         ; system_clock ; system_clock ; 1.000        ; -0.038     ; 1.715      ;
; -0.765 ; Segment_595_Dynamic:Segment_595_Dynamic_Instance|hc595_control:hc595_control_Instance|count[1]                                           ; Segment_595_Dynamic:Segment_595_Dynamic_Instance|Segment_Dynamic:Segment_Dynamic_Instance|BDC_8421:BDC_8421_Instance|data_shift[33] ; system_clock ; system_clock ; 1.000        ; -0.044     ; 1.708      ;
; -0.765 ; Segment_595_Dynamic:Segment_595_Dynamic_Instance|hc595_control:hc595_control_Instance|count[1]                                           ; Segment_595_Dynamic:Segment_595_Dynamic_Instance|Segment_Dynamic:Segment_Dynamic_Instance|BDC_8421:BDC_8421_Instance|data_shift[32] ; system_clock ; system_clock ; 1.000        ; -0.044     ; 1.708      ;
; -0.763 ; Segment_595_Dynamic:Segment_595_Dynamic_Instance|Segment_Dynamic:Segment_Dynamic_Instance|BDC_8421:BDC_8421_Instance|count_shift[3]      ; Segment_595_Dynamic:Segment_595_Dynamic_Instance|Segment_Dynamic:Segment_Dynamic_Instance|BDC_8421:BDC_8421_Instance|data_shift[31] ; system_clock ; system_clock ; 1.000        ; -0.044     ; 1.706      ;
; -0.759 ; Segment_595_Dynamic:Segment_595_Dynamic_Instance|Segment_Dynamic:Segment_Dynamic_Instance|BDC_8421:BDC_8421_Instance|count_shift[3]      ; Segment_595_Dynamic:Segment_595_Dynamic_Instance|Segment_Dynamic:Segment_Dynamic_Instance|BDC_8421:BDC_8421_Instance|data_shift[30] ; system_clock ; system_clock ; 1.000        ; -0.044     ; 1.702      ;
; -0.756 ; Segment_595_Dynamic:Segment_595_Dynamic_Instance|hc595_control:hc595_control_Instance|count[1]                                           ; Segment_595_Dynamic:Segment_595_Dynamic_Instance|Segment_Dynamic:Segment_Dynamic_Instance|BDC_8421:BDC_8421_Instance|data_shift[34] ; system_clock ; system_clock ; 1.000        ; -0.044     ; 1.699      ;
; -0.756 ; Segment_595_Dynamic:Segment_595_Dynamic_Instance|hc595_control:hc595_control_Instance|count[0]                                           ; Data_Generation:Data_Generation_Instance|count_100ms[19]                                                                            ; system_clock ; system_clock ; 1.000        ; -0.042     ; 1.701      ;
; -0.755 ; Segment_595_Dynamic:Segment_595_Dynamic_Instance|Segment_Dynamic:Segment_Dynamic_Instance|BDC_8421:BDC_8421_Instance|count_shift[2]      ; Segment_595_Dynamic:Segment_595_Dynamic_Instance|Segment_Dynamic:Segment_Dynamic_Instance|BDC_8421:BDC_8421_Instance|data_shift[40] ; system_clock ; system_clock ; 1.000        ; -0.036     ; 1.706      ;
; -0.755 ; Segment_595_Dynamic:Segment_595_Dynamic_Instance|Segment_Dynamic:Segment_Dynamic_Instance|BDC_8421:BDC_8421_Instance|count_shift[2]      ; Segment_595_Dynamic:Segment_595_Dynamic_Instance|Segment_Dynamic:Segment_Dynamic_Instance|BDC_8421:BDC_8421_Instance|data_shift[41] ; system_clock ; system_clock ; 1.000        ; -0.036     ; 1.706      ;
; -0.754 ; Segment_595_Dynamic:Segment_595_Dynamic_Instance|hc595_control:hc595_control_Instance|count[1]                                           ; Segment_595_Dynamic:Segment_595_Dynamic_Instance|Segment_Dynamic:Segment_Dynamic_Instance|BDC_8421:BDC_8421_Instance|data_shift[35] ; system_clock ; system_clock ; 1.000        ; -0.044     ; 1.697      ;
; -0.754 ; Segment_595_Dynamic:Segment_595_Dynamic_Instance|Segment_Dynamic:Segment_Dynamic_Instance|BDC_8421:BDC_8421_Instance|one[2]              ; Segment_595_Dynamic:Segment_595_Dynamic_Instance|Segment_Dynamic:Segment_Dynamic_Instance|data_register[14]                         ; system_clock ; system_clock ; 1.000        ; -0.035     ; 1.706      ;
; -0.754 ; Segment_595_Dynamic:Segment_595_Dynamic_Instance|Segment_Dynamic:Segment_Dynamic_Instance|BDC_8421:BDC_8421_Instance|one[2]              ; Segment_595_Dynamic:Segment_595_Dynamic_Instance|Segment_Dynamic:Segment_Dynamic_Instance|data_register[13]                         ; system_clock ; system_clock ; 1.000        ; -0.035     ; 1.706      ;
; -0.754 ; Segment_595_Dynamic:Segment_595_Dynamic_Instance|Segment_Dynamic:Segment_Dynamic_Instance|BDC_8421:BDC_8421_Instance|one[2]              ; Segment_595_Dynamic:Segment_595_Dynamic_Instance|Segment_Dynamic:Segment_Dynamic_Instance|data_register[12]                         ; system_clock ; system_clock ; 1.000        ; -0.035     ; 1.706      ;
; -0.754 ; Segment_595_Dynamic:Segment_595_Dynamic_Instance|Segment_Dynamic:Segment_Dynamic_Instance|BDC_8421:BDC_8421_Instance|one[2]              ; Segment_595_Dynamic:Segment_595_Dynamic_Instance|Segment_Dynamic:Segment_Dynamic_Instance|data_register[15]                         ; system_clock ; system_clock ; 1.000        ; -0.035     ; 1.706      ;
; -0.754 ; Segment_595_Dynamic:Segment_595_Dynamic_Instance|Segment_Dynamic:Segment_Dynamic_Instance|BDC_8421:BDC_8421_Instance|one[3]              ; Segment_595_Dynamic:Segment_595_Dynamic_Instance|Segment_Dynamic:Segment_Dynamic_Instance|data_register[14]                         ; system_clock ; system_clock ; 1.000        ; -0.035     ; 1.706      ;
; -0.754 ; Segment_595_Dynamic:Segment_595_Dynamic_Instance|Segment_Dynamic:Segment_Dynamic_Instance|BDC_8421:BDC_8421_Instance|one[3]              ; Segment_595_Dynamic:Segment_595_Dynamic_Instance|Segment_Dynamic:Segment_Dynamic_Instance|data_register[13]                         ; system_clock ; system_clock ; 1.000        ; -0.035     ; 1.706      ;
; -0.754 ; Segment_595_Dynamic:Segment_595_Dynamic_Instance|Segment_Dynamic:Segment_Dynamic_Instance|BDC_8421:BDC_8421_Instance|one[3]              ; Segment_595_Dynamic:Segment_595_Dynamic_Instance|Segment_Dynamic:Segment_Dynamic_Instance|data_register[12]                         ; system_clock ; system_clock ; 1.000        ; -0.035     ; 1.706      ;
; -0.754 ; Segment_595_Dynamic:Segment_595_Dynamic_Instance|Segment_Dynamic:Segment_Dynamic_Instance|BDC_8421:BDC_8421_Instance|one[3]              ; Segment_595_Dynamic:Segment_595_Dynamic_Instance|Segment_Dynamic:Segment_Dynamic_Instance|data_register[15]                         ; system_clock ; system_clock ; 1.000        ; -0.035     ; 1.706      ;
; -0.753 ; Segment_595_Dynamic:Segment_595_Dynamic_Instance|Segment_Dynamic:Segment_Dynamic_Instance|BDC_8421:BDC_8421_Instance|count_shift[2]      ; Segment_595_Dynamic:Segment_595_Dynamic_Instance|Segment_Dynamic:Segment_Dynamic_Instance|BDC_8421:BDC_8421_Instance|data_shift[33] ; system_clock ; system_clock ; 1.000        ; -0.044     ; 1.696      ;
; -0.753 ; Segment_595_Dynamic:Segment_595_Dynamic_Instance|Segment_Dynamic:Segment_Dynamic_Instance|BDC_8421:BDC_8421_Instance|count_shift[2]      ; Segment_595_Dynamic:Segment_595_Dynamic_Instance|Segment_Dynamic:Segment_Dynamic_Instance|BDC_8421:BDC_8421_Instance|data_shift[32] ; system_clock ; system_clock ; 1.000        ; -0.044     ; 1.696      ;
; -0.752 ; Segment_595_Dynamic:Segment_595_Dynamic_Instance|hc595_control:hc595_control_Instance|count[1]                                           ; Segment_595_Dynamic:Segment_595_Dynamic_Instance|Segment_Dynamic:Segment_Dynamic_Instance|BDC_8421:BDC_8421_Instance|data_shift[20] ; system_clock ; system_clock ; 1.000        ; -0.038     ; 1.701      ;
; -0.752 ; Segment_595_Dynamic:Segment_595_Dynamic_Instance|hc595_control:hc595_control_Instance|count[1]                                           ; Segment_595_Dynamic:Segment_595_Dynamic_Instance|Segment_Dynamic:Segment_Dynamic_Instance|BDC_8421:BDC_8421_Instance|data_shift[21] ; system_clock ; system_clock ; 1.000        ; -0.038     ; 1.701      ;
; -0.751 ; Segment_595_Dynamic:Segment_595_Dynamic_Instance|hc595_control:hc595_control_Instance|count[1]                                           ; Segment_595_Dynamic:Segment_595_Dynamic_Instance|Segment_Dynamic:Segment_Dynamic_Instance|BDC_8421:BDC_8421_Instance|data_shift[23] ; system_clock ; system_clock ; 1.000        ; -0.038     ; 1.700      ;
; -0.748 ; Segment_595_Dynamic:Segment_595_Dynamic_Instance|hc595_control:hc595_control_Instance|count[1]                                           ; Segment_595_Dynamic:Segment_595_Dynamic_Instance|Segment_Dynamic:Segment_Dynamic_Instance|BDC_8421:BDC_8421_Instance|data_shift[22] ; system_clock ; system_clock ; 1.000        ; -0.038     ; 1.697      ;
; -0.745 ; Data_Generation:Data_Generation_Instance|count_100ms[18]                                                                                 ; Data_Generation:Data_Generation_Instance|count100ms_flag                                                                            ; system_clock ; system_clock ; 1.000        ; -0.027     ; 1.705      ;
; -0.744 ; Segment_595_Dynamic:Segment_595_Dynamic_Instance|Segment_Dynamic:Segment_Dynamic_Instance|BDC_8421:BDC_8421_Instance|ten_thousand[0]     ; Segment_595_Dynamic:Segment_595_Dynamic_Instance|Segment_Dynamic:Segment_Dynamic_Instance|data_register[18]                         ; system_clock ; system_clock ; 1.000        ; -0.039     ; 1.692      ;
; -0.744 ; Segment_595_Dynamic:Segment_595_Dynamic_Instance|Segment_Dynamic:Segment_Dynamic_Instance|BDC_8421:BDC_8421_Instance|ten_thousand[0]     ; Segment_595_Dynamic:Segment_595_Dynamic_Instance|Segment_Dynamic:Segment_Dynamic_Instance|data_register[22]                         ; system_clock ; system_clock ; 1.000        ; -0.039     ; 1.692      ;
; -0.744 ; Segment_595_Dynamic:Segment_595_Dynamic_Instance|Segment_Dynamic:Segment_Dynamic_Instance|BDC_8421:BDC_8421_Instance|ten_thousand[0]     ; Segment_595_Dynamic:Segment_595_Dynamic_Instance|Segment_Dynamic:Segment_Dynamic_Instance|data_register[21]                         ; system_clock ; system_clock ; 1.000        ; -0.039     ; 1.692      ;
+--------+------------------------------------------------------------------------------------------------------------------------------------------+-------------------------------------------------------------------------------------------------------------------------------------+--------------+--------------+--------------+------------+------------+


+----------------------------------------------------------------------------------------------------------------------------------------------------------------------------------------------------------------------------------------------------------------------------------------------------------------------------------------------------------+
; Fast 1200mV 0C Model Hold: 'system_clock'                                                                                                                                                                                                                                                                                                                ;
+-------+-------------------------------------------------------------------------------------------------------------------------------------+-------------------------------------------------------------------------------------------------------------------------------------+--------------+--------------+--------------+------------+------------+
; Slack ; From Node                                                                                                                           ; To Node                                                                                                                             ; Launch Clock ; Latch Clock  ; Relationship ; Clock Skew ; Data Delay ;
+-------+-------------------------------------------------------------------------------------------------------------------------------------+-------------------------------------------------------------------------------------------------------------------------------------+--------------+--------------+--------------+------------+------------+
; 0.186 ; Segment_595_Dynamic:Segment_595_Dynamic_Instance|hc595_control:hc595_control_Instance|count_bit[1]                                  ; Segment_595_Dynamic:Segment_595_Dynamic_Instance|hc595_control:hc595_control_Instance|count_bit[1]                                  ; system_clock ; system_clock ; 0.000        ; 0.037      ; 0.307      ;
; 0.186 ; Segment_595_Dynamic:Segment_595_Dynamic_Instance|hc595_control:hc595_control_Instance|count_bit[2]                                  ; Segment_595_Dynamic:Segment_595_Dynamic_Instance|hc595_control:hc595_control_Instance|count_bit[2]                                  ; system_clock ; system_clock ; 0.000        ; 0.037      ; 0.307      ;
; 0.186 ; Segment_595_Dynamic:Segment_595_Dynamic_Instance|hc595_control:hc595_control_Instance|count_bit[3]                                  ; Segment_595_Dynamic:Segment_595_Dynamic_Instance|hc595_control:hc595_control_Instance|count_bit[3]                                  ; system_clock ; system_clock ; 0.000        ; 0.037      ; 0.307      ;
; 0.186 ; Segment_595_Dynamic:Segment_595_Dynamic_Instance|hc595_control:hc595_control_Instance|count_bit[0]                                  ; Segment_595_Dynamic:Segment_595_Dynamic_Instance|hc595_control:hc595_control_Instance|count_bit[0]                                  ; system_clock ; system_clock ; 0.000        ; 0.037      ; 0.307      ;
; 0.186 ; Segment_595_Dynamic:Segment_595_Dynamic_Instance|Segment_Dynamic:Segment_Dynamic_Instance|BDC_8421:BDC_8421_Instance|data_shift[0]  ; Segment_595_Dynamic:Segment_595_Dynamic_Instance|Segment_Dynamic:Segment_Dynamic_Instance|BDC_8421:BDC_8421_Instance|data_shift[0]  ; system_clock ; system_clock ; 0.000        ; 0.037      ; 0.307      ;
; 0.186 ; Segment_595_Dynamic:Segment_595_Dynamic_Instance|Segment_Dynamic:Segment_Dynamic_Instance|BDC_8421:BDC_8421_Instance|data_shift[21] ; Segment_595_Dynamic:Segment_595_Dynamic_Instance|Segment_Dynamic:Segment_Dynamic_Instance|BDC_8421:BDC_8421_Instance|data_shift[21] ; system_clock ; system_clock ; 0.000        ; 0.037      ; 0.307      ;
; 0.186 ; Segment_595_Dynamic:Segment_595_Dynamic_Instance|Segment_Dynamic:Segment_Dynamic_Instance|BDC_8421:BDC_8421_Instance|data_shift[22] ; Segment_595_Dynamic:Segment_595_Dynamic_Instance|Segment_Dynamic:Segment_Dynamic_Instance|BDC_8421:BDC_8421_Instance|data_shift[22] ; system_clock ; system_clock ; 0.000        ; 0.037      ; 0.307      ;
; 0.186 ; Segment_595_Dynamic:Segment_595_Dynamic_Instance|Segment_Dynamic:Segment_Dynamic_Instance|BDC_8421:BDC_8421_Instance|data_shift[23] ; Segment_595_Dynamic:Segment_595_Dynamic_Instance|Segment_Dynamic:Segment_Dynamic_Instance|BDC_8421:BDC_8421_Instance|data_shift[23] ; system_clock ; system_clock ; 0.000        ; 0.037      ; 0.307      ;
; 0.186 ; Segment_595_Dynamic:Segment_595_Dynamic_Instance|Segment_Dynamic:Segment_Dynamic_Instance|BDC_8421:BDC_8421_Instance|data_shift[25] ; Segment_595_Dynamic:Segment_595_Dynamic_Instance|Segment_Dynamic:Segment_Dynamic_Instance|BDC_8421:BDC_8421_Instance|data_shift[25] ; system_clock ; system_clock ; 0.000        ; 0.037      ; 0.307      ;
; 0.186 ; Segment_595_Dynamic:Segment_595_Dynamic_Instance|Segment_Dynamic:Segment_Dynamic_Instance|BDC_8421:BDC_8421_Instance|data_shift[26] ; Segment_595_Dynamic:Segment_595_Dynamic_Instance|Segment_Dynamic:Segment_Dynamic_Instance|BDC_8421:BDC_8421_Instance|data_shift[26] ; system_clock ; system_clock ; 0.000        ; 0.037      ; 0.307      ;
; 0.186 ; Segment_595_Dynamic:Segment_595_Dynamic_Instance|Segment_Dynamic:Segment_Dynamic_Instance|BDC_8421:BDC_8421_Instance|data_shift[27] ; Segment_595_Dynamic:Segment_595_Dynamic_Instance|Segment_Dynamic:Segment_Dynamic_Instance|BDC_8421:BDC_8421_Instance|data_shift[27] ; system_clock ; system_clock ; 0.000        ; 0.037      ; 0.307      ;
; 0.186 ; Segment_595_Dynamic:Segment_595_Dynamic_Instance|Segment_Dynamic:Segment_Dynamic_Instance|BDC_8421:BDC_8421_Instance|data_shift[29] ; Segment_595_Dynamic:Segment_595_Dynamic_Instance|Segment_Dynamic:Segment_Dynamic_Instance|BDC_8421:BDC_8421_Instance|data_shift[29] ; system_clock ; system_clock ; 0.000        ; 0.037      ; 0.307      ;
; 0.186 ; Segment_595_Dynamic:Segment_595_Dynamic_Instance|Segment_Dynamic:Segment_Dynamic_Instance|BDC_8421:BDC_8421_Instance|data_shift[37] ; Segment_595_Dynamic:Segment_595_Dynamic_Instance|Segment_Dynamic:Segment_Dynamic_Instance|BDC_8421:BDC_8421_Instance|data_shift[37] ; system_clock ; system_clock ; 0.000        ; 0.037      ; 0.307      ;
; 0.186 ; Segment_595_Dynamic:Segment_595_Dynamic_Instance|Segment_Dynamic:Segment_Dynamic_Instance|BDC_8421:BDC_8421_Instance|data_shift[38] ; Segment_595_Dynamic:Segment_595_Dynamic_Instance|Segment_Dynamic:Segment_Dynamic_Instance|BDC_8421:BDC_8421_Instance|data_shift[38] ; system_clock ; system_clock ; 0.000        ; 0.037      ; 0.307      ;
; 0.186 ; Segment_595_Dynamic:Segment_595_Dynamic_Instance|Segment_Dynamic:Segment_Dynamic_Instance|BDC_8421:BDC_8421_Instance|data_shift[39] ; Segment_595_Dynamic:Segment_595_Dynamic_Instance|Segment_Dynamic:Segment_Dynamic_Instance|BDC_8421:BDC_8421_Instance|data_shift[39] ; system_clock ; system_clock ; 0.000        ; 0.037      ; 0.307      ;
; 0.186 ; Segment_595_Dynamic:Segment_595_Dynamic_Instance|Segment_Dynamic:Segment_Dynamic_Instance|BDC_8421:BDC_8421_Instance|data_shift[41] ; Segment_595_Dynamic:Segment_595_Dynamic_Instance|Segment_Dynamic:Segment_Dynamic_Instance|BDC_8421:BDC_8421_Instance|data_shift[41] ; system_clock ; system_clock ; 0.000        ; 0.037      ; 0.307      ;
; 0.186 ; Segment_595_Dynamic:Segment_595_Dynamic_Instance|Segment_Dynamic:Segment_Dynamic_Instance|BDC_8421:BDC_8421_Instance|data_shift[43] ; Segment_595_Dynamic:Segment_595_Dynamic_Instance|Segment_Dynamic:Segment_Dynamic_Instance|BDC_8421:BDC_8421_Instance|data_shift[43] ; system_clock ; system_clock ; 0.000        ; 0.037      ; 0.307      ;
; 0.186 ; Segment_595_Dynamic:Segment_595_Dynamic_Instance|Segment_Dynamic:Segment_Dynamic_Instance|BDC_8421:BDC_8421_Instance|data_shift[42] ; Segment_595_Dynamic:Segment_595_Dynamic_Instance|Segment_Dynamic:Segment_Dynamic_Instance|BDC_8421:BDC_8421_Instance|data_shift[42] ; system_clock ; system_clock ; 0.000        ; 0.037      ; 0.307      ;
; 0.186 ; Segment_595_Dynamic:Segment_595_Dynamic_Instance|hc595_control:hc595_control_Instance|ds                                            ; Segment_595_Dynamic:Segment_595_Dynamic_Instance|hc595_control:hc595_control_Instance|ds                                            ; system_clock ; system_clock ; 0.000        ; 0.037      ; 0.307      ;
; 0.186 ; Segment_595_Dynamic:Segment_595_Dynamic_Instance|hc595_control:hc595_control_Instance|shcp                                          ; Segment_595_Dynamic:Segment_595_Dynamic_Instance|hc595_control:hc595_control_Instance|shcp                                          ; system_clock ; system_clock ; 0.000        ; 0.037      ; 0.307      ;
; 0.186 ; Segment_595_Dynamic:Segment_595_Dynamic_Instance|hc595_control:hc595_control_Instance|stcp                                          ; Segment_595_Dynamic:Segment_595_Dynamic_Instance|hc595_control:hc595_control_Instance|stcp                                          ; system_clock ; system_clock ; 0.000        ; 0.037      ; 0.307      ;
; 0.187 ; Segment_595_Dynamic:Segment_595_Dynamic_Instance|Segment_Dynamic:Segment_Dynamic_Instance|count_selection[1]                        ; Segment_595_Dynamic:Segment_595_Dynamic_Instance|Segment_Dynamic:Segment_Dynamic_Instance|count_selection[1]                        ; system_clock ; system_clock ; 0.000        ; 0.036      ; 0.307      ;
; 0.187 ; Segment_595_Dynamic:Segment_595_Dynamic_Instance|Segment_Dynamic:Segment_Dynamic_Instance|count_selection[2]                        ; Segment_595_Dynamic:Segment_595_Dynamic_Instance|Segment_Dynamic:Segment_Dynamic_Instance|count_selection[2]                        ; system_clock ; system_clock ; 0.000        ; 0.036      ; 0.307      ;
; 0.187 ; Segment_595_Dynamic:Segment_595_Dynamic_Instance|Segment_Dynamic:Segment_Dynamic_Instance|selection_register[0]                     ; Segment_595_Dynamic:Segment_595_Dynamic_Instance|Segment_Dynamic:Segment_Dynamic_Instance|selection_register[0]                     ; system_clock ; system_clock ; 0.000        ; 0.036      ; 0.307      ;
; 0.187 ; Segment_595_Dynamic:Segment_595_Dynamic_Instance|Segment_Dynamic:Segment_Dynamic_Instance|BDC_8421:BDC_8421_Instance|data_shift[33] ; Segment_595_Dynamic:Segment_595_Dynamic_Instance|Segment_Dynamic:Segment_Dynamic_Instance|BDC_8421:BDC_8421_Instance|data_shift[33] ; system_clock ; system_clock ; 0.000        ; 0.036      ; 0.307      ;
; 0.187 ; Segment_595_Dynamic:Segment_595_Dynamic_Instance|Segment_Dynamic:Segment_Dynamic_Instance|BDC_8421:BDC_8421_Instance|data_shift[30] ; Segment_595_Dynamic:Segment_595_Dynamic_Instance|Segment_Dynamic:Segment_Dynamic_Instance|BDC_8421:BDC_8421_Instance|data_shift[30] ; system_clock ; system_clock ; 0.000        ; 0.036      ; 0.307      ;
; 0.187 ; Segment_595_Dynamic:Segment_595_Dynamic_Instance|Segment_Dynamic:Segment_Dynamic_Instance|BDC_8421:BDC_8421_Instance|data_shift[31] ; Segment_595_Dynamic:Segment_595_Dynamic_Instance|Segment_Dynamic:Segment_Dynamic_Instance|BDC_8421:BDC_8421_Instance|data_shift[31] ; system_clock ; system_clock ; 0.000        ; 0.036      ; 0.307      ;
; 0.187 ; Segment_595_Dynamic:Segment_595_Dynamic_Instance|Segment_Dynamic:Segment_Dynamic_Instance|BDC_8421:BDC_8421_Instance|data_shift[34] ; Segment_595_Dynamic:Segment_595_Dynamic_Instance|Segment_Dynamic:Segment_Dynamic_Instance|BDC_8421:BDC_8421_Instance|data_shift[34] ; system_clock ; system_clock ; 0.000        ; 0.036      ; 0.307      ;
; 0.187 ; Segment_595_Dynamic:Segment_595_Dynamic_Instance|Segment_Dynamic:Segment_Dynamic_Instance|BDC_8421:BDC_8421_Instance|data_shift[35] ; Segment_595_Dynamic:Segment_595_Dynamic_Instance|Segment_Dynamic:Segment_Dynamic_Instance|BDC_8421:BDC_8421_Instance|data_shift[35] ; system_clock ; system_clock ; 0.000        ; 0.036      ; 0.307      ;
; 0.192 ; Segment_595_Dynamic:Segment_595_Dynamic_Instance|Segment_Dynamic:Segment_Dynamic_Instance|BDC_8421:BDC_8421_Instance|data_shift[12] ; Segment_595_Dynamic:Segment_595_Dynamic_Instance|Segment_Dynamic:Segment_Dynamic_Instance|BDC_8421:BDC_8421_Instance|data_shift[13] ; system_clock ; system_clock ; 0.000        ; 0.037      ; 0.313      ;
; 0.193 ; Segment_595_Dynamic:Segment_595_Dynamic_Instance|Segment_Dynamic:Segment_Dynamic_Instance|BDC_8421:BDC_8421_Instance|data_shift[15] ; Segment_595_Dynamic:Segment_595_Dynamic_Instance|Segment_Dynamic:Segment_Dynamic_Instance|BDC_8421:BDC_8421_Instance|data_shift[16] ; system_clock ; system_clock ; 0.000        ; 0.037      ; 0.314      ;
; 0.193 ; Segment_595_Dynamic:Segment_595_Dynamic_Instance|Segment_Dynamic:Segment_Dynamic_Instance|BDC_8421:BDC_8421_Instance|data_shift[20] ; Segment_595_Dynamic:Segment_595_Dynamic_Instance|Segment_Dynamic:Segment_Dynamic_Instance|BDC_8421:BDC_8421_Instance|data_shift[20] ; system_clock ; system_clock ; 0.000        ; 0.037      ; 0.314      ;
; 0.193 ; Segment_595_Dynamic:Segment_595_Dynamic_Instance|Segment_Dynamic:Segment_Dynamic_Instance|BDC_8421:BDC_8421_Instance|data_shift[24] ; Segment_595_Dynamic:Segment_595_Dynamic_Instance|Segment_Dynamic:Segment_Dynamic_Instance|BDC_8421:BDC_8421_Instance|data_shift[24] ; system_clock ; system_clock ; 0.000        ; 0.037      ; 0.314      ;
; 0.193 ; Segment_595_Dynamic:Segment_595_Dynamic_Instance|Segment_Dynamic:Segment_Dynamic_Instance|BDC_8421:BDC_8421_Instance|data_shift[28] ; Segment_595_Dynamic:Segment_595_Dynamic_Instance|Segment_Dynamic:Segment_Dynamic_Instance|BDC_8421:BDC_8421_Instance|data_shift[28] ; system_clock ; system_clock ; 0.000        ; 0.037      ; 0.314      ;
; 0.193 ; Segment_595_Dynamic:Segment_595_Dynamic_Instance|Segment_Dynamic:Segment_Dynamic_Instance|BDC_8421:BDC_8421_Instance|data_shift[36] ; Segment_595_Dynamic:Segment_595_Dynamic_Instance|Segment_Dynamic:Segment_Dynamic_Instance|BDC_8421:BDC_8421_Instance|data_shift[36] ; system_clock ; system_clock ; 0.000        ; 0.037      ; 0.314      ;
; 0.193 ; Segment_595_Dynamic:Segment_595_Dynamic_Instance|Segment_Dynamic:Segment_Dynamic_Instance|BDC_8421:BDC_8421_Instance|data_shift[40] ; Segment_595_Dynamic:Segment_595_Dynamic_Instance|Segment_Dynamic:Segment_Dynamic_Instance|BDC_8421:BDC_8421_Instance|data_shift[40] ; system_clock ; system_clock ; 0.000        ; 0.037      ; 0.314      ;
; 0.194 ; Segment_595_Dynamic:Segment_595_Dynamic_Instance|hc595_control:hc595_control_Instance|count[0]                                      ; Segment_595_Dynamic:Segment_595_Dynamic_Instance|hc595_control:hc595_control_Instance|count[0]                                      ; system_clock ; system_clock ; 0.000        ; 0.036      ; 0.314      ;
; 0.194 ; Segment_595_Dynamic:Segment_595_Dynamic_Instance|Segment_Dynamic:Segment_Dynamic_Instance|count_selection[0]                        ; Segment_595_Dynamic:Segment_595_Dynamic_Instance|Segment_Dynamic:Segment_Dynamic_Instance|count_selection[0]                        ; system_clock ; system_clock ; 0.000        ; 0.036      ; 0.314      ;
; 0.194 ; Segment_595_Dynamic:Segment_595_Dynamic_Instance|Segment_Dynamic:Segment_Dynamic_Instance|BDC_8421:BDC_8421_Instance|data_shift[32] ; Segment_595_Dynamic:Segment_595_Dynamic_Instance|Segment_Dynamic:Segment_Dynamic_Instance|BDC_8421:BDC_8421_Instance|data_shift[32] ; system_clock ; system_clock ; 0.000        ; 0.036      ; 0.314      ;
; 0.195 ; Segment_595_Dynamic:Segment_595_Dynamic_Instance|Segment_Dynamic:Segment_Dynamic_Instance|BDC_8421:BDC_8421_Instance|data_shift[10] ; Segment_595_Dynamic:Segment_595_Dynamic_Instance|Segment_Dynamic:Segment_Dynamic_Instance|BDC_8421:BDC_8421_Instance|data_shift[11] ; system_clock ; system_clock ; 0.000        ; 0.037      ; 0.316      ;
; 0.195 ; Segment_595_Dynamic:Segment_595_Dynamic_Instance|Segment_Dynamic:Segment_Dynamic_Instance|BDC_8421:BDC_8421_Instance|data_shift[11] ; Segment_595_Dynamic:Segment_595_Dynamic_Instance|Segment_Dynamic:Segment_Dynamic_Instance|BDC_8421:BDC_8421_Instance|data_shift[12] ; system_clock ; system_clock ; 0.000        ; 0.037      ; 0.316      ;
; 0.195 ; Segment_595_Dynamic:Segment_595_Dynamic_Instance|Segment_Dynamic:Segment_Dynamic_Instance|BDC_8421:BDC_8421_Instance|data_shift[13] ; Segment_595_Dynamic:Segment_595_Dynamic_Instance|Segment_Dynamic:Segment_Dynamic_Instance|BDC_8421:BDC_8421_Instance|data_shift[14] ; system_clock ; system_clock ; 0.000        ; 0.037      ; 0.316      ;
; 0.212 ; Segment_595_Dynamic:Segment_595_Dynamic_Instance|Segment_Dynamic:Segment_Dynamic_Instance|count_selection[1]                        ; Segment_595_Dynamic:Segment_595_Dynamic_Instance|Segment_Dynamic:Segment_Dynamic_Instance|count_selection[2]                        ; system_clock ; system_clock ; 0.000        ; 0.036      ; 0.332      ;
; 0.215 ; Segment_595_Dynamic:Segment_595_Dynamic_Instance|Segment_Dynamic:Segment_Dynamic_Instance|count_selection[2]                        ; Segment_595_Dynamic:Segment_595_Dynamic_Instance|Segment_Dynamic:Segment_Dynamic_Instance|count_selection[1]                        ; system_clock ; system_clock ; 0.000        ; 0.036      ; 0.335      ;
; 0.216 ; Segment_595_Dynamic:Segment_595_Dynamic_Instance|Segment_Dynamic:Segment_Dynamic_Instance|BDC_8421:BDC_8421_Instance|data_shift[40] ; Segment_595_Dynamic:Segment_595_Dynamic_Instance|Segment_Dynamic:Segment_Dynamic_Instance|BDC_8421:BDC_8421_Instance|data_shift[41] ; system_clock ; system_clock ; 0.000        ; 0.037      ; 0.337      ;
; 0.218 ; Data_Generation:Data_Generation_Instance|data[0]                                                                                    ; Data_Generation:Data_Generation_Instance|data[9]                                                                                    ; system_clock ; system_clock ; 0.000        ; 0.037      ; 0.339      ;
; 0.223 ; Segment_595_Dynamic:Segment_595_Dynamic_Instance|Segment_Dynamic:Segment_Dynamic_Instance|data_display[2]                           ; Segment_595_Dynamic:Segment_595_Dynamic_Instance|Segment_Dynamic:Segment_Dynamic_Instance|segment[5]                                ; system_clock ; system_clock ; 0.000        ; 0.037      ; 0.344      ;
; 0.253 ; Segment_595_Dynamic:Segment_595_Dynamic_Instance|Segment_Dynamic:Segment_Dynamic_Instance|BDC_8421:BDC_8421_Instance|data_shift[17] ; Segment_595_Dynamic:Segment_595_Dynamic_Instance|Segment_Dynamic:Segment_Dynamic_Instance|BDC_8421:BDC_8421_Instance|data_shift[18] ; system_clock ; system_clock ; 0.000        ; 0.037      ; 0.374      ;
; 0.257 ; Segment_595_Dynamic:Segment_595_Dynamic_Instance|Segment_Dynamic:Segment_Dynamic_Instance|selection_register[3]                     ; Segment_595_Dynamic:Segment_595_Dynamic_Instance|Segment_Dynamic:Segment_Dynamic_Instance|selection[3]                              ; system_clock ; system_clock ; 0.000        ; 0.036      ; 0.377      ;
; 0.258 ; Segment_595_Dynamic:Segment_595_Dynamic_Instance|Segment_Dynamic:Segment_Dynamic_Instance|BDC_8421:BDC_8421_Instance|data_shift[1]  ; Segment_595_Dynamic:Segment_595_Dynamic_Instance|Segment_Dynamic:Segment_Dynamic_Instance|BDC_8421:BDC_8421_Instance|data_shift[2]  ; system_clock ; system_clock ; 0.000        ; 0.037      ; 0.379      ;
; 0.260 ; Segment_595_Dynamic:Segment_595_Dynamic_Instance|Segment_Dynamic:Segment_Dynamic_Instance|BDC_8421:BDC_8421_Instance|thousand[0]    ; Segment_595_Dynamic:Segment_595_Dynamic_Instance|Segment_Dynamic:Segment_Dynamic_Instance|data_register[12]                         ; system_clock ; system_clock ; 0.000        ; 0.037      ; 0.381      ;
; 0.260 ; Segment_595_Dynamic:Segment_595_Dynamic_Instance|Segment_Dynamic:Segment_Dynamic_Instance|selection_register[3]                     ; Segment_595_Dynamic:Segment_595_Dynamic_Instance|Segment_Dynamic:Segment_Dynamic_Instance|selection_register[4]                     ; system_clock ; system_clock ; 0.000        ; 0.036      ; 0.380      ;
; 0.262 ; Segment_595_Dynamic:Segment_595_Dynamic_Instance|Segment_Dynamic:Segment_Dynamic_Instance|BDC_8421:BDC_8421_Instance|hundred[3]     ; Segment_595_Dynamic:Segment_595_Dynamic_Instance|Segment_Dynamic:Segment_Dynamic_Instance|data_register[11]                         ; system_clock ; system_clock ; 0.000        ; 0.036      ; 0.382      ;
; 0.264 ; Segment_595_Dynamic:Segment_595_Dynamic_Instance|Segment_Dynamic:Segment_Dynamic_Instance|BDC_8421:BDC_8421_Instance|hundred[3]     ; Segment_595_Dynamic:Segment_595_Dynamic_Instance|Segment_Dynamic:Segment_Dynamic_Instance|data_register[9]                          ; system_clock ; system_clock ; 0.000        ; 0.036      ; 0.384      ;
; 0.264 ; Segment_595_Dynamic:Segment_595_Dynamic_Instance|Segment_Dynamic:Segment_Dynamic_Instance|BDC_8421:BDC_8421_Instance|thousand[1]    ; Segment_595_Dynamic:Segment_595_Dynamic_Instance|Segment_Dynamic:Segment_Dynamic_Instance|data_register[13]                         ; system_clock ; system_clock ; 0.000        ; 0.037      ; 0.385      ;
; 0.267 ; Segment_595_Dynamic:Segment_595_Dynamic_Instance|Segment_Dynamic:Segment_Dynamic_Instance|selection_register[0]                     ; Segment_595_Dynamic:Segment_595_Dynamic_Instance|Segment_Dynamic:Segment_Dynamic_Instance|selection_register[1]                     ; system_clock ; system_clock ; 0.000        ; 0.036      ; 0.387      ;
; 0.274 ; Segment_595_Dynamic:Segment_595_Dynamic_Instance|Segment_Dynamic:Segment_Dynamic_Instance|data_display[1]                           ; Segment_595_Dynamic:Segment_595_Dynamic_Instance|Segment_Dynamic:Segment_Dynamic_Instance|segment[4]                                ; system_clock ; system_clock ; 0.000        ; 0.037      ; 0.395      ;
; 0.275 ; Segment_595_Dynamic:Segment_595_Dynamic_Instance|Segment_Dynamic:Segment_Dynamic_Instance|BDC_8421:BDC_8421_Instance|hundred[2]     ; Segment_595_Dynamic:Segment_595_Dynamic_Instance|Segment_Dynamic:Segment_Dynamic_Instance|data_register[10]                         ; system_clock ; system_clock ; 0.000        ; 0.036      ; 0.395      ;
; 0.275 ; Segment_595_Dynamic:Segment_595_Dynamic_Instance|Segment_Dynamic:Segment_Dynamic_Instance|BDC_8421:BDC_8421_Instance|hundred[1]     ; Segment_595_Dynamic:Segment_595_Dynamic_Instance|Segment_Dynamic:Segment_Dynamic_Instance|data_register[9]                          ; system_clock ; system_clock ; 0.000        ; 0.036      ; 0.395      ;
; 0.276 ; Segment_595_Dynamic:Segment_595_Dynamic_Instance|Segment_Dynamic:Segment_Dynamic_Instance|data_display[1]                           ; Segment_595_Dynamic:Segment_595_Dynamic_Instance|Segment_Dynamic:Segment_Dynamic_Instance|segment[6]                                ; system_clock ; system_clock ; 0.000        ; 0.037      ; 0.397      ;
; 0.277 ; Segment_595_Dynamic:Segment_595_Dynamic_Instance|Segment_Dynamic:Segment_Dynamic_Instance|data_display[1]                           ; Segment_595_Dynamic:Segment_595_Dynamic_Instance|Segment_Dynamic:Segment_Dynamic_Instance|segment[1]                                ; system_clock ; system_clock ; 0.000        ; 0.037      ; 0.398      ;
; 0.281 ; Segment_595_Dynamic:Segment_595_Dynamic_Instance|Segment_Dynamic:Segment_Dynamic_Instance|data_display[1]                           ; Segment_595_Dynamic:Segment_595_Dynamic_Instance|Segment_Dynamic:Segment_Dynamic_Instance|segment[2]                                ; system_clock ; system_clock ; 0.000        ; 0.037      ; 0.402      ;
; 0.282 ; Segment_595_Dynamic:Segment_595_Dynamic_Instance|Segment_Dynamic:Segment_Dynamic_Instance|data_display[1]                           ; Segment_595_Dynamic:Segment_595_Dynamic_Instance|Segment_Dynamic:Segment_Dynamic_Instance|segment[0]                                ; system_clock ; system_clock ; 0.000        ; 0.037      ; 0.403      ;
; 0.283 ; Segment_595_Dynamic:Segment_595_Dynamic_Instance|Segment_Dynamic:Segment_Dynamic_Instance|data_display[1]                           ; Segment_595_Dynamic:Segment_595_Dynamic_Instance|Segment_Dynamic:Segment_Dynamic_Instance|segment[3]                                ; system_clock ; system_clock ; 0.000        ; 0.037      ; 0.404      ;
; 0.284 ; Segment_595_Dynamic:Segment_595_Dynamic_Instance|Segment_Dynamic:Segment_Dynamic_Instance|data_display[1]                           ; Segment_595_Dynamic:Segment_595_Dynamic_Instance|Segment_Dynamic:Segment_Dynamic_Instance|segment[5]                                ; system_clock ; system_clock ; 0.000        ; 0.037      ; 0.405      ;
; 0.287 ; Segment_595_Dynamic:Segment_595_Dynamic_Instance|Segment_Dynamic:Segment_Dynamic_Instance|BDC_8421:BDC_8421_Instance|data_shift[39] ; Segment_595_Dynamic:Segment_595_Dynamic_Instance|Segment_Dynamic:Segment_Dynamic_Instance|BDC_8421:BDC_8421_Instance|data_shift[40] ; system_clock ; system_clock ; 0.000        ; 0.037      ; 0.408      ;
; 0.290 ; Segment_595_Dynamic:Segment_595_Dynamic_Instance|Segment_Dynamic:Segment_Dynamic_Instance|data_display[0]                           ; Segment_595_Dynamic:Segment_595_Dynamic_Instance|Segment_Dynamic:Segment_Dynamic_Instance|segment[0]                                ; system_clock ; system_clock ; 0.000        ; 0.037      ; 0.411      ;
; 0.290 ; Segment_595_Dynamic:Segment_595_Dynamic_Instance|Segment_Dynamic:Segment_Dynamic_Instance|data_display[0]                           ; Segment_595_Dynamic:Segment_595_Dynamic_Instance|Segment_Dynamic:Segment_Dynamic_Instance|segment[3]                                ; system_clock ; system_clock ; 0.000        ; 0.037      ; 0.411      ;
; 0.291 ; Segment_595_Dynamic:Segment_595_Dynamic_Instance|Segment_Dynamic:Segment_Dynamic_Instance|data_display[0]                           ; Segment_595_Dynamic:Segment_595_Dynamic_Instance|Segment_Dynamic:Segment_Dynamic_Instance|segment[2]                                ; system_clock ; system_clock ; 0.000        ; 0.037      ; 0.412      ;
; 0.293 ; Segment_595_Dynamic:Segment_595_Dynamic_Instance|Segment_Dynamic:Segment_Dynamic_Instance|BDC_8421:BDC_8421_Instance|data_shift[2]  ; Segment_595_Dynamic:Segment_595_Dynamic_Instance|Segment_Dynamic:Segment_Dynamic_Instance|BDC_8421:BDC_8421_Instance|data_shift[3]  ; system_clock ; system_clock ; 0.000        ; 0.037      ; 0.414      ;
; 0.293 ; Segment_595_Dynamic:Segment_595_Dynamic_Instance|Segment_Dynamic:Segment_Dynamic_Instance|BDC_8421:BDC_8421_Instance|data_shift[6]  ; Segment_595_Dynamic:Segment_595_Dynamic_Instance|Segment_Dynamic:Segment_Dynamic_Instance|BDC_8421:BDC_8421_Instance|data_shift[7]  ; system_clock ; system_clock ; 0.000        ; 0.037      ; 0.414      ;
; 0.293 ; Segment_595_Dynamic:Segment_595_Dynamic_Instance|Segment_Dynamic:Segment_Dynamic_Instance|data_display[0]                           ; Segment_595_Dynamic:Segment_595_Dynamic_Instance|Segment_Dynamic:Segment_Dynamic_Instance|segment[1]                                ; system_clock ; system_clock ; 0.000        ; 0.037      ; 0.414      ;
; 0.294 ; Segment_595_Dynamic:Segment_595_Dynamic_Instance|Segment_Dynamic:Segment_Dynamic_Instance|BDC_8421:BDC_8421_Instance|data_shift[7]  ; Segment_595_Dynamic:Segment_595_Dynamic_Instance|Segment_Dynamic:Segment_Dynamic_Instance|BDC_8421:BDC_8421_Instance|data_shift[8]  ; system_clock ; system_clock ; 0.000        ; 0.037      ; 0.415      ;
; 0.294 ; Segment_595_Dynamic:Segment_595_Dynamic_Instance|Segment_Dynamic:Segment_Dynamic_Instance|BDC_8421:BDC_8421_Instance|data_shift[9]  ; Segment_595_Dynamic:Segment_595_Dynamic_Instance|Segment_Dynamic:Segment_Dynamic_Instance|BDC_8421:BDC_8421_Instance|data_shift[10] ; system_clock ; system_clock ; 0.000        ; 0.037      ; 0.415      ;
; 0.294 ; Segment_595_Dynamic:Segment_595_Dynamic_Instance|Segment_Dynamic:Segment_Dynamic_Instance|BDC_8421:BDC_8421_Instance|data_shift[14] ; Segment_595_Dynamic:Segment_595_Dynamic_Instance|Segment_Dynamic:Segment_Dynamic_Instance|BDC_8421:BDC_8421_Instance|data_shift[15] ; system_clock ; system_clock ; 0.000        ; 0.037      ; 0.415      ;
; 0.294 ; Segment_595_Dynamic:Segment_595_Dynamic_Instance|Segment_Dynamic:Segment_Dynamic_Instance|BDC_8421:BDC_8421_Instance|data_shift[16] ; Segment_595_Dynamic:Segment_595_Dynamic_Instance|Segment_Dynamic:Segment_Dynamic_Instance|BDC_8421:BDC_8421_Instance|data_shift[17] ; system_clock ; system_clock ; 0.000        ; 0.037      ; 0.415      ;
; 0.295 ; Segment_595_Dynamic:Segment_595_Dynamic_Instance|Segment_Dynamic:Segment_Dynamic_Instance|BDC_8421:BDC_8421_Instance|data_shift[3]  ; Segment_595_Dynamic:Segment_595_Dynamic_Instance|Segment_Dynamic:Segment_Dynamic_Instance|BDC_8421:BDC_8421_Instance|data_shift[4]  ; system_clock ; system_clock ; 0.000        ; 0.037      ; 0.416      ;
; 0.295 ; Segment_595_Dynamic:Segment_595_Dynamic_Instance|Segment_Dynamic:Segment_Dynamic_Instance|BDC_8421:BDC_8421_Instance|data_shift[5]  ; Segment_595_Dynamic:Segment_595_Dynamic_Instance|Segment_Dynamic:Segment_Dynamic_Instance|BDC_8421:BDC_8421_Instance|data_shift[6]  ; system_clock ; system_clock ; 0.000        ; 0.037      ; 0.416      ;
; 0.295 ; Segment_595_Dynamic:Segment_595_Dynamic_Instance|Segment_Dynamic:Segment_Dynamic_Instance|BDC_8421:BDC_8421_Instance|data_shift[8]  ; Segment_595_Dynamic:Segment_595_Dynamic_Instance|Segment_Dynamic:Segment_Dynamic_Instance|BDC_8421:BDC_8421_Instance|data_shift[9]  ; system_clock ; system_clock ; 0.000        ; 0.037      ; 0.416      ;
; 0.295 ; Segment_595_Dynamic:Segment_595_Dynamic_Instance|Segment_Dynamic:Segment_Dynamic_Instance|BDC_8421:BDC_8421_Instance|data_shift[18] ; Segment_595_Dynamic:Segment_595_Dynamic_Instance|Segment_Dynamic:Segment_Dynamic_Instance|BDC_8421:BDC_8421_Instance|data_shift[19] ; system_clock ; system_clock ; 0.000        ; 0.037      ; 0.416      ;
; 0.297 ; Segment_595_Dynamic:Segment_595_Dynamic_Instance|Segment_Dynamic:Segment_Dynamic_Instance|data_display[0]                           ; Segment_595_Dynamic:Segment_595_Dynamic_Instance|Segment_Dynamic:Segment_Dynamic_Instance|segment[6]                                ; system_clock ; system_clock ; 0.000        ; 0.037      ; 0.418      ;
; 0.298 ; Data_Generation:Data_Generation_Instance|count_100ms[7]                                                                             ; Data_Generation:Data_Generation_Instance|count_100ms[7]                                                                             ; system_clock ; system_clock ; 0.000        ; 0.037      ; 0.419      ;
; 0.298 ; Data_Generation:Data_Generation_Instance|count_100ms[15]                                                                            ; Data_Generation:Data_Generation_Instance|count_100ms[15]                                                                            ; system_clock ; system_clock ; 0.000        ; 0.036      ; 0.418      ;
; 0.298 ; Segment_595_Dynamic:Segment_595_Dynamic_Instance|Segment_Dynamic:Segment_Dynamic_Instance|data_display[0]                           ; Segment_595_Dynamic:Segment_595_Dynamic_Instance|Segment_Dynamic:Segment_Dynamic_Instance|segment[4]                                ; system_clock ; system_clock ; 0.000        ; 0.037      ; 0.419      ;
; 0.299 ; Data_Generation:Data_Generation_Instance|count_100ms[16]                                                                            ; Data_Generation:Data_Generation_Instance|count_100ms[16]                                                                            ; system_clock ; system_clock ; 0.000        ; 0.036      ; 0.419      ;
; 0.299 ; Data_Generation:Data_Generation_Instance|count_100ms[17]                                                                            ; Data_Generation:Data_Generation_Instance|count_100ms[17]                                                                            ; system_clock ; system_clock ; 0.000        ; 0.036      ; 0.419      ;
; 0.302 ; Segment_595_Dynamic:Segment_595_Dynamic_Instance|Segment_Dynamic:Segment_Dynamic_Instance|BDC_8421:BDC_8421_Instance|count_shift[3] ; Segment_595_Dynamic:Segment_595_Dynamic_Instance|Segment_Dynamic:Segment_Dynamic_Instance|BDC_8421:BDC_8421_Instance|count_shift[3] ; system_clock ; system_clock ; 0.000        ; 0.037      ; 0.423      ;
; 0.303 ; Data_Generation:Data_Generation_Instance|data[7]                                                                                    ; Data_Generation:Data_Generation_Instance|data[7]                                                                                    ; system_clock ; system_clock ; 0.000        ; 0.037      ; 0.424      ;
; 0.304 ; Data_Generation:Data_Generation_Instance|count_100ms[4]                                                                             ; Data_Generation:Data_Generation_Instance|count_100ms[4]                                                                             ; system_clock ; system_clock ; 0.000        ; 0.037      ; 0.425      ;
; 0.304 ; Data_Generation:Data_Generation_Instance|count_100ms[10]                                                                            ; Data_Generation:Data_Generation_Instance|count_100ms[10]                                                                            ; system_clock ; system_clock ; 0.000        ; 0.037      ; 0.425      ;
; 0.304 ; Data_Generation:Data_Generation_Instance|data[1]                                                                                    ; Data_Generation:Data_Generation_Instance|data[1]                                                                                    ; system_clock ; system_clock ; 0.000        ; 0.037      ; 0.425      ;
; 0.304 ; Data_Generation:Data_Generation_Instance|data[5]                                                                                    ; Data_Generation:Data_Generation_Instance|data[5]                                                                                    ; system_clock ; system_clock ; 0.000        ; 0.037      ; 0.425      ;
; 0.304 ; Data_Generation:Data_Generation_Instance|data[11]                                                                                   ; Data_Generation:Data_Generation_Instance|data[11]                                                                                   ; system_clock ; system_clock ; 0.000        ; 0.037      ; 0.425      ;
; 0.305 ; Segment_595_Dynamic:Segment_595_Dynamic_Instance|Segment_Dynamic:Segment_Dynamic_Instance|count_1ms[5]                              ; Segment_595_Dynamic:Segment_595_Dynamic_Instance|Segment_Dynamic:Segment_Dynamic_Instance|count_1ms[5]                              ; system_clock ; system_clock ; 0.000        ; 0.036      ; 0.425      ;
; 0.305 ; Segment_595_Dynamic:Segment_595_Dynamic_Instance|Segment_Dynamic:Segment_Dynamic_Instance|count_1ms[13]                             ; Segment_595_Dynamic:Segment_595_Dynamic_Instance|Segment_Dynamic:Segment_Dynamic_Instance|count_1ms[13]                             ; system_clock ; system_clock ; 0.000        ; 0.036      ; 0.425      ;
; 0.305 ; Data_Generation:Data_Generation_Instance|count_100ms[12]                                                                            ; Data_Generation:Data_Generation_Instance|count_100ms[12]                                                                            ; system_clock ; system_clock ; 0.000        ; 0.036      ; 0.425      ;
; 0.305 ; Data_Generation:Data_Generation_Instance|count100ms_flag                                                                            ; Data_Generation:Data_Generation_Instance|data[0]                                                                                    ; system_clock ; system_clock ; 0.000        ; 0.037      ; 0.426      ;
; 0.305 ; Data_Generation:Data_Generation_Instance|data[2]                                                                                    ; Data_Generation:Data_Generation_Instance|data[2]                                                                                    ; system_clock ; system_clock ; 0.000        ; 0.037      ; 0.426      ;
; 0.305 ; Data_Generation:Data_Generation_Instance|data[3]                                                                                    ; Data_Generation:Data_Generation_Instance|data[3]                                                                                    ; system_clock ; system_clock ; 0.000        ; 0.037      ; 0.426      ;
; 0.305 ; Data_Generation:Data_Generation_Instance|data[8]                                                                                    ; Data_Generation:Data_Generation_Instance|data[8]                                                                                    ; system_clock ; system_clock ; 0.000        ; 0.037      ; 0.426      ;
+-------+-------------------------------------------------------------------------------------------------------------------------------------+-------------------------------------------------------------------------------------------------------------------------------------+--------------+--------------+--------------+------------+------------+


+----------------------------------------------------------------------------------------------------------------------------------------------------------------------------------------------------------------------------+
; Fast 1200mV 0C Model Minimum Pulse Width: 'system_clock'                                                                                                                                                                   ;
+--------+--------------+----------------+------------+--------------+------------+------------------------------------------------------------------------------------------------------------------------------------------+
; Slack  ; Actual Width ; Required Width ; Type       ; Clock        ; Clock Edge ; Target                                                                                                                                   ;
+--------+--------------+----------------+------------+--------------+------------+------------------------------------------------------------------------------------------------------------------------------------------+
; -3.000 ; 1.000        ; 4.000          ; Port Rate  ; system_clock ; Rise       ; system_clock                                                                                                                             ;
; -1.000 ; 1.000        ; 2.000          ; Min Period ; system_clock ; Rise       ; Data_Generation:Data_Generation_Instance|count100ms_flag                                                                                 ;
; -1.000 ; 1.000        ; 2.000          ; Min Period ; system_clock ; Rise       ; Data_Generation:Data_Generation_Instance|count_100ms[10]                                                                                 ;
; -1.000 ; 1.000        ; 2.000          ; Min Period ; system_clock ; Rise       ; Data_Generation:Data_Generation_Instance|count_100ms[11]                                                                                 ;
; -1.000 ; 1.000        ; 2.000          ; Min Period ; system_clock ; Rise       ; Data_Generation:Data_Generation_Instance|count_100ms[12]                                                                                 ;
; -1.000 ; 1.000        ; 2.000          ; Min Period ; system_clock ; Rise       ; Data_Generation:Data_Generation_Instance|count_100ms[13]                                                                                 ;
; -1.000 ; 1.000        ; 2.000          ; Min Period ; system_clock ; Rise       ; Data_Generation:Data_Generation_Instance|count_100ms[14]                                                                                 ;
; -1.000 ; 1.000        ; 2.000          ; Min Period ; system_clock ; Rise       ; Data_Generation:Data_Generation_Instance|count_100ms[15]                                                                                 ;
; -1.000 ; 1.000        ; 2.000          ; Min Period ; system_clock ; Rise       ; Data_Generation:Data_Generation_Instance|count_100ms[16]                                                                                 ;
; -1.000 ; 1.000        ; 2.000          ; Min Period ; system_clock ; Rise       ; Data_Generation:Data_Generation_Instance|count_100ms[17]                                                                                 ;
; -1.000 ; 1.000        ; 2.000          ; Min Period ; system_clock ; Rise       ; Data_Generation:Data_Generation_Instance|count_100ms[18]                                                                                 ;
; -1.000 ; 1.000        ; 2.000          ; Min Period ; system_clock ; Rise       ; Data_Generation:Data_Generation_Instance|count_100ms[19]                                                                                 ;
; -1.000 ; 1.000        ; 2.000          ; Min Period ; system_clock ; Rise       ; Data_Generation:Data_Generation_Instance|count_100ms[20]                                                                                 ;
; -1.000 ; 1.000        ; 2.000          ; Min Period ; system_clock ; Rise       ; Data_Generation:Data_Generation_Instance|count_100ms[21]                                                                                 ;
; -1.000 ; 1.000        ; 2.000          ; Min Period ; system_clock ; Rise       ; Data_Generation:Data_Generation_Instance|count_100ms[22]                                                                                 ;
; -1.000 ; 1.000        ; 2.000          ; Min Period ; system_clock ; Rise       ; Data_Generation:Data_Generation_Instance|count_100ms[4]                                                                                  ;
; -1.000 ; 1.000        ; 2.000          ; Min Period ; system_clock ; Rise       ; Data_Generation:Data_Generation_Instance|count_100ms[5]                                                                                  ;
; -1.000 ; 1.000        ; 2.000          ; Min Period ; system_clock ; Rise       ; Data_Generation:Data_Generation_Instance|count_100ms[6]                                                                                  ;
; -1.000 ; 1.000        ; 2.000          ; Min Period ; system_clock ; Rise       ; Data_Generation:Data_Generation_Instance|count_100ms[7]                                                                                  ;
; -1.000 ; 1.000        ; 2.000          ; Min Period ; system_clock ; Rise       ; Data_Generation:Data_Generation_Instance|count_100ms[8]                                                                                  ;
; -1.000 ; 1.000        ; 2.000          ; Min Period ; system_clock ; Rise       ; Data_Generation:Data_Generation_Instance|count_100ms[9]                                                                                  ;
; -1.000 ; 1.000        ; 2.000          ; Min Period ; system_clock ; Rise       ; Data_Generation:Data_Generation_Instance|data[0]                                                                                         ;
; -1.000 ; 1.000        ; 2.000          ; Min Period ; system_clock ; Rise       ; Data_Generation:Data_Generation_Instance|data[10]                                                                                        ;
; -1.000 ; 1.000        ; 2.000          ; Min Period ; system_clock ; Rise       ; Data_Generation:Data_Generation_Instance|data[11]                                                                                        ;
; -1.000 ; 1.000        ; 2.000          ; Min Period ; system_clock ; Rise       ; Data_Generation:Data_Generation_Instance|data[12]                                                                                        ;
; -1.000 ; 1.000        ; 2.000          ; Min Period ; system_clock ; Rise       ; Data_Generation:Data_Generation_Instance|data[13]                                                                                        ;
; -1.000 ; 1.000        ; 2.000          ; Min Period ; system_clock ; Rise       ; Data_Generation:Data_Generation_Instance|data[14]                                                                                        ;
; -1.000 ; 1.000        ; 2.000          ; Min Period ; system_clock ; Rise       ; Data_Generation:Data_Generation_Instance|data[15]                                                                                        ;
; -1.000 ; 1.000        ; 2.000          ; Min Period ; system_clock ; Rise       ; Data_Generation:Data_Generation_Instance|data[16]                                                                                        ;
; -1.000 ; 1.000        ; 2.000          ; Min Period ; system_clock ; Rise       ; Data_Generation:Data_Generation_Instance|data[17]                                                                                        ;
; -1.000 ; 1.000        ; 2.000          ; Min Period ; system_clock ; Rise       ; Data_Generation:Data_Generation_Instance|data[18]                                                                                        ;
; -1.000 ; 1.000        ; 2.000          ; Min Period ; system_clock ; Rise       ; Data_Generation:Data_Generation_Instance|data[19]                                                                                        ;
; -1.000 ; 1.000        ; 2.000          ; Min Period ; system_clock ; Rise       ; Data_Generation:Data_Generation_Instance|data[1]                                                                                         ;
; -1.000 ; 1.000        ; 2.000          ; Min Period ; system_clock ; Rise       ; Data_Generation:Data_Generation_Instance|data[2]                                                                                         ;
; -1.000 ; 1.000        ; 2.000          ; Min Period ; system_clock ; Rise       ; Data_Generation:Data_Generation_Instance|data[3]                                                                                         ;
; -1.000 ; 1.000        ; 2.000          ; Min Period ; system_clock ; Rise       ; Data_Generation:Data_Generation_Instance|data[4]                                                                                         ;
; -1.000 ; 1.000        ; 2.000          ; Min Period ; system_clock ; Rise       ; Data_Generation:Data_Generation_Instance|data[5]                                                                                         ;
; -1.000 ; 1.000        ; 2.000          ; Min Period ; system_clock ; Rise       ; Data_Generation:Data_Generation_Instance|data[6]                                                                                         ;
; -1.000 ; 1.000        ; 2.000          ; Min Period ; system_clock ; Rise       ; Data_Generation:Data_Generation_Instance|data[7]                                                                                         ;
; -1.000 ; 1.000        ; 2.000          ; Min Period ; system_clock ; Rise       ; Data_Generation:Data_Generation_Instance|data[8]                                                                                         ;
; -1.000 ; 1.000        ; 2.000          ; Min Period ; system_clock ; Rise       ; Data_Generation:Data_Generation_Instance|data[9]                                                                                         ;
; -1.000 ; 1.000        ; 2.000          ; Min Period ; system_clock ; Rise       ; Data_Generation:Data_Generation_Instance|segment_enable                                                                                  ;
; -1.000 ; 1.000        ; 2.000          ; Min Period ; system_clock ; Rise       ; Segment_595_Dynamic:Segment_595_Dynamic_Instance|Segment_Dynamic:Segment_Dynamic_Instance|BDC_8421:BDC_8421_Instance|count_shift[1]      ;
; -1.000 ; 1.000        ; 2.000          ; Min Period ; system_clock ; Rise       ; Segment_595_Dynamic:Segment_595_Dynamic_Instance|Segment_Dynamic:Segment_Dynamic_Instance|BDC_8421:BDC_8421_Instance|count_shift[2]      ;
; -1.000 ; 1.000        ; 2.000          ; Min Period ; system_clock ; Rise       ; Segment_595_Dynamic:Segment_595_Dynamic_Instance|Segment_Dynamic:Segment_Dynamic_Instance|BDC_8421:BDC_8421_Instance|count_shift[3]      ;
; -1.000 ; 1.000        ; 2.000          ; Min Period ; system_clock ; Rise       ; Segment_595_Dynamic:Segment_595_Dynamic_Instance|Segment_Dynamic:Segment_Dynamic_Instance|BDC_8421:BDC_8421_Instance|count_shift[4]      ;
; -1.000 ; 1.000        ; 2.000          ; Min Period ; system_clock ; Rise       ; Segment_595_Dynamic:Segment_595_Dynamic_Instance|Segment_Dynamic:Segment_Dynamic_Instance|BDC_8421:BDC_8421_Instance|data_shift[0]       ;
; -1.000 ; 1.000        ; 2.000          ; Min Period ; system_clock ; Rise       ; Segment_595_Dynamic:Segment_595_Dynamic_Instance|Segment_Dynamic:Segment_Dynamic_Instance|BDC_8421:BDC_8421_Instance|data_shift[10]      ;
; -1.000 ; 1.000        ; 2.000          ; Min Period ; system_clock ; Rise       ; Segment_595_Dynamic:Segment_595_Dynamic_Instance|Segment_Dynamic:Segment_Dynamic_Instance|BDC_8421:BDC_8421_Instance|data_shift[11]      ;
; -1.000 ; 1.000        ; 2.000          ; Min Period ; system_clock ; Rise       ; Segment_595_Dynamic:Segment_595_Dynamic_Instance|Segment_Dynamic:Segment_Dynamic_Instance|BDC_8421:BDC_8421_Instance|data_shift[12]      ;
; -1.000 ; 1.000        ; 2.000          ; Min Period ; system_clock ; Rise       ; Segment_595_Dynamic:Segment_595_Dynamic_Instance|Segment_Dynamic:Segment_Dynamic_Instance|BDC_8421:BDC_8421_Instance|data_shift[13]      ;
; -1.000 ; 1.000        ; 2.000          ; Min Period ; system_clock ; Rise       ; Segment_595_Dynamic:Segment_595_Dynamic_Instance|Segment_Dynamic:Segment_Dynamic_Instance|BDC_8421:BDC_8421_Instance|data_shift[14]      ;
; -1.000 ; 1.000        ; 2.000          ; Min Period ; system_clock ; Rise       ; Segment_595_Dynamic:Segment_595_Dynamic_Instance|Segment_Dynamic:Segment_Dynamic_Instance|BDC_8421:BDC_8421_Instance|data_shift[15]      ;
; -1.000 ; 1.000        ; 2.000          ; Min Period ; system_clock ; Rise       ; Segment_595_Dynamic:Segment_595_Dynamic_Instance|Segment_Dynamic:Segment_Dynamic_Instance|BDC_8421:BDC_8421_Instance|data_shift[16]      ;
; -1.000 ; 1.000        ; 2.000          ; Min Period ; system_clock ; Rise       ; Segment_595_Dynamic:Segment_595_Dynamic_Instance|Segment_Dynamic:Segment_Dynamic_Instance|BDC_8421:BDC_8421_Instance|data_shift[17]      ;
; -1.000 ; 1.000        ; 2.000          ; Min Period ; system_clock ; Rise       ; Segment_595_Dynamic:Segment_595_Dynamic_Instance|Segment_Dynamic:Segment_Dynamic_Instance|BDC_8421:BDC_8421_Instance|data_shift[18]      ;
; -1.000 ; 1.000        ; 2.000          ; Min Period ; system_clock ; Rise       ; Segment_595_Dynamic:Segment_595_Dynamic_Instance|Segment_Dynamic:Segment_Dynamic_Instance|BDC_8421:BDC_8421_Instance|data_shift[19]      ;
; -1.000 ; 1.000        ; 2.000          ; Min Period ; system_clock ; Rise       ; Segment_595_Dynamic:Segment_595_Dynamic_Instance|Segment_Dynamic:Segment_Dynamic_Instance|BDC_8421:BDC_8421_Instance|data_shift[1]       ;
; -1.000 ; 1.000        ; 2.000          ; Min Period ; system_clock ; Rise       ; Segment_595_Dynamic:Segment_595_Dynamic_Instance|Segment_Dynamic:Segment_Dynamic_Instance|BDC_8421:BDC_8421_Instance|data_shift[20]      ;
; -1.000 ; 1.000        ; 2.000          ; Min Period ; system_clock ; Rise       ; Segment_595_Dynamic:Segment_595_Dynamic_Instance|Segment_Dynamic:Segment_Dynamic_Instance|BDC_8421:BDC_8421_Instance|data_shift[21]      ;
; -1.000 ; 1.000        ; 2.000          ; Min Period ; system_clock ; Rise       ; Segment_595_Dynamic:Segment_595_Dynamic_Instance|Segment_Dynamic:Segment_Dynamic_Instance|BDC_8421:BDC_8421_Instance|data_shift[22]      ;
; -1.000 ; 1.000        ; 2.000          ; Min Period ; system_clock ; Rise       ; Segment_595_Dynamic:Segment_595_Dynamic_Instance|Segment_Dynamic:Segment_Dynamic_Instance|BDC_8421:BDC_8421_Instance|data_shift[23]      ;
; -1.000 ; 1.000        ; 2.000          ; Min Period ; system_clock ; Rise       ; Segment_595_Dynamic:Segment_595_Dynamic_Instance|Segment_Dynamic:Segment_Dynamic_Instance|BDC_8421:BDC_8421_Instance|data_shift[24]      ;
; -1.000 ; 1.000        ; 2.000          ; Min Period ; system_clock ; Rise       ; Segment_595_Dynamic:Segment_595_Dynamic_Instance|Segment_Dynamic:Segment_Dynamic_Instance|BDC_8421:BDC_8421_Instance|data_shift[25]      ;
; -1.000 ; 1.000        ; 2.000          ; Min Period ; system_clock ; Rise       ; Segment_595_Dynamic:Segment_595_Dynamic_Instance|Segment_Dynamic:Segment_Dynamic_Instance|BDC_8421:BDC_8421_Instance|data_shift[26]      ;
; -1.000 ; 1.000        ; 2.000          ; Min Period ; system_clock ; Rise       ; Segment_595_Dynamic:Segment_595_Dynamic_Instance|Segment_Dynamic:Segment_Dynamic_Instance|BDC_8421:BDC_8421_Instance|data_shift[27]      ;
; -1.000 ; 1.000        ; 2.000          ; Min Period ; system_clock ; Rise       ; Segment_595_Dynamic:Segment_595_Dynamic_Instance|Segment_Dynamic:Segment_Dynamic_Instance|BDC_8421:BDC_8421_Instance|data_shift[28]      ;
; -1.000 ; 1.000        ; 2.000          ; Min Period ; system_clock ; Rise       ; Segment_595_Dynamic:Segment_595_Dynamic_Instance|Segment_Dynamic:Segment_Dynamic_Instance|BDC_8421:BDC_8421_Instance|data_shift[29]      ;
; -1.000 ; 1.000        ; 2.000          ; Min Period ; system_clock ; Rise       ; Segment_595_Dynamic:Segment_595_Dynamic_Instance|Segment_Dynamic:Segment_Dynamic_Instance|BDC_8421:BDC_8421_Instance|data_shift[2]       ;
; -1.000 ; 1.000        ; 2.000          ; Min Period ; system_clock ; Rise       ; Segment_595_Dynamic:Segment_595_Dynamic_Instance|Segment_Dynamic:Segment_Dynamic_Instance|BDC_8421:BDC_8421_Instance|data_shift[30]      ;
; -1.000 ; 1.000        ; 2.000          ; Min Period ; system_clock ; Rise       ; Segment_595_Dynamic:Segment_595_Dynamic_Instance|Segment_Dynamic:Segment_Dynamic_Instance|BDC_8421:BDC_8421_Instance|data_shift[31]      ;
; -1.000 ; 1.000        ; 2.000          ; Min Period ; system_clock ; Rise       ; Segment_595_Dynamic:Segment_595_Dynamic_Instance|Segment_Dynamic:Segment_Dynamic_Instance|BDC_8421:BDC_8421_Instance|data_shift[32]      ;
; -1.000 ; 1.000        ; 2.000          ; Min Period ; system_clock ; Rise       ; Segment_595_Dynamic:Segment_595_Dynamic_Instance|Segment_Dynamic:Segment_Dynamic_Instance|BDC_8421:BDC_8421_Instance|data_shift[33]      ;
; -1.000 ; 1.000        ; 2.000          ; Min Period ; system_clock ; Rise       ; Segment_595_Dynamic:Segment_595_Dynamic_Instance|Segment_Dynamic:Segment_Dynamic_Instance|BDC_8421:BDC_8421_Instance|data_shift[34]      ;
; -1.000 ; 1.000        ; 2.000          ; Min Period ; system_clock ; Rise       ; Segment_595_Dynamic:Segment_595_Dynamic_Instance|Segment_Dynamic:Segment_Dynamic_Instance|BDC_8421:BDC_8421_Instance|data_shift[35]      ;
; -1.000 ; 1.000        ; 2.000          ; Min Period ; system_clock ; Rise       ; Segment_595_Dynamic:Segment_595_Dynamic_Instance|Segment_Dynamic:Segment_Dynamic_Instance|BDC_8421:BDC_8421_Instance|data_shift[36]      ;
; -1.000 ; 1.000        ; 2.000          ; Min Period ; system_clock ; Rise       ; Segment_595_Dynamic:Segment_595_Dynamic_Instance|Segment_Dynamic:Segment_Dynamic_Instance|BDC_8421:BDC_8421_Instance|data_shift[37]      ;
; -1.000 ; 1.000        ; 2.000          ; Min Period ; system_clock ; Rise       ; Segment_595_Dynamic:Segment_595_Dynamic_Instance|Segment_Dynamic:Segment_Dynamic_Instance|BDC_8421:BDC_8421_Instance|data_shift[38]      ;
; -1.000 ; 1.000        ; 2.000          ; Min Period ; system_clock ; Rise       ; Segment_595_Dynamic:Segment_595_Dynamic_Instance|Segment_Dynamic:Segment_Dynamic_Instance|BDC_8421:BDC_8421_Instance|data_shift[39]      ;
; -1.000 ; 1.000        ; 2.000          ; Min Period ; system_clock ; Rise       ; Segment_595_Dynamic:Segment_595_Dynamic_Instance|Segment_Dynamic:Segment_Dynamic_Instance|BDC_8421:BDC_8421_Instance|data_shift[3]       ;
; -1.000 ; 1.000        ; 2.000          ; Min Period ; system_clock ; Rise       ; Segment_595_Dynamic:Segment_595_Dynamic_Instance|Segment_Dynamic:Segment_Dynamic_Instance|BDC_8421:BDC_8421_Instance|data_shift[40]      ;
; -1.000 ; 1.000        ; 2.000          ; Min Period ; system_clock ; Rise       ; Segment_595_Dynamic:Segment_595_Dynamic_Instance|Segment_Dynamic:Segment_Dynamic_Instance|BDC_8421:BDC_8421_Instance|data_shift[41]      ;
; -1.000 ; 1.000        ; 2.000          ; Min Period ; system_clock ; Rise       ; Segment_595_Dynamic:Segment_595_Dynamic_Instance|Segment_Dynamic:Segment_Dynamic_Instance|BDC_8421:BDC_8421_Instance|data_shift[42]      ;
; -1.000 ; 1.000        ; 2.000          ; Min Period ; system_clock ; Rise       ; Segment_595_Dynamic:Segment_595_Dynamic_Instance|Segment_Dynamic:Segment_Dynamic_Instance|BDC_8421:BDC_8421_Instance|data_shift[43]      ;
; -1.000 ; 1.000        ; 2.000          ; Min Period ; system_clock ; Rise       ; Segment_595_Dynamic:Segment_595_Dynamic_Instance|Segment_Dynamic:Segment_Dynamic_Instance|BDC_8421:BDC_8421_Instance|data_shift[4]       ;
; -1.000 ; 1.000        ; 2.000          ; Min Period ; system_clock ; Rise       ; Segment_595_Dynamic:Segment_595_Dynamic_Instance|Segment_Dynamic:Segment_Dynamic_Instance|BDC_8421:BDC_8421_Instance|data_shift[5]       ;
; -1.000 ; 1.000        ; 2.000          ; Min Period ; system_clock ; Rise       ; Segment_595_Dynamic:Segment_595_Dynamic_Instance|Segment_Dynamic:Segment_Dynamic_Instance|BDC_8421:BDC_8421_Instance|data_shift[6]       ;
; -1.000 ; 1.000        ; 2.000          ; Min Period ; system_clock ; Rise       ; Segment_595_Dynamic:Segment_595_Dynamic_Instance|Segment_Dynamic:Segment_Dynamic_Instance|BDC_8421:BDC_8421_Instance|data_shift[7]       ;
; -1.000 ; 1.000        ; 2.000          ; Min Period ; system_clock ; Rise       ; Segment_595_Dynamic:Segment_595_Dynamic_Instance|Segment_Dynamic:Segment_Dynamic_Instance|BDC_8421:BDC_8421_Instance|data_shift[8]       ;
; -1.000 ; 1.000        ; 2.000          ; Min Period ; system_clock ; Rise       ; Segment_595_Dynamic:Segment_595_Dynamic_Instance|Segment_Dynamic:Segment_Dynamic_Instance|BDC_8421:BDC_8421_Instance|data_shift[9]       ;
; -1.000 ; 1.000        ; 2.000          ; Min Period ; system_clock ; Rise       ; Segment_595_Dynamic:Segment_595_Dynamic_Instance|Segment_Dynamic:Segment_Dynamic_Instance|BDC_8421:BDC_8421_Instance|hundred[0]          ;
; -1.000 ; 1.000        ; 2.000          ; Min Period ; system_clock ; Rise       ; Segment_595_Dynamic:Segment_595_Dynamic_Instance|Segment_Dynamic:Segment_Dynamic_Instance|BDC_8421:BDC_8421_Instance|hundred[1]          ;
; -1.000 ; 1.000        ; 2.000          ; Min Period ; system_clock ; Rise       ; Segment_595_Dynamic:Segment_595_Dynamic_Instance|Segment_Dynamic:Segment_Dynamic_Instance|BDC_8421:BDC_8421_Instance|hundred[2]          ;
; -1.000 ; 1.000        ; 2.000          ; Min Period ; system_clock ; Rise       ; Segment_595_Dynamic:Segment_595_Dynamic_Instance|Segment_Dynamic:Segment_Dynamic_Instance|BDC_8421:BDC_8421_Instance|hundred[3]          ;
; -1.000 ; 1.000        ; 2.000          ; Min Period ; system_clock ; Rise       ; Segment_595_Dynamic:Segment_595_Dynamic_Instance|Segment_Dynamic:Segment_Dynamic_Instance|BDC_8421:BDC_8421_Instance|hundred_thousand[0] ;
; -1.000 ; 1.000        ; 2.000          ; Min Period ; system_clock ; Rise       ; Segment_595_Dynamic:Segment_595_Dynamic_Instance|Segment_Dynamic:Segment_Dynamic_Instance|BDC_8421:BDC_8421_Instance|hundred_thousand[1] ;
; -1.000 ; 1.000        ; 2.000          ; Min Period ; system_clock ; Rise       ; Segment_595_Dynamic:Segment_595_Dynamic_Instance|Segment_Dynamic:Segment_Dynamic_Instance|BDC_8421:BDC_8421_Instance|hundred_thousand[2] ;
; -1.000 ; 1.000        ; 2.000          ; Min Period ; system_clock ; Rise       ; Segment_595_Dynamic:Segment_595_Dynamic_Instance|Segment_Dynamic:Segment_Dynamic_Instance|BDC_8421:BDC_8421_Instance|hundred_thousand[3] ;
; -1.000 ; 1.000        ; 2.000          ; Min Period ; system_clock ; Rise       ; Segment_595_Dynamic:Segment_595_Dynamic_Instance|Segment_Dynamic:Segment_Dynamic_Instance|BDC_8421:BDC_8421_Instance|one[0]              ;
; -1.000 ; 1.000        ; 2.000          ; Min Period ; system_clock ; Rise       ; Segment_595_Dynamic:Segment_595_Dynamic_Instance|Segment_Dynamic:Segment_Dynamic_Instance|BDC_8421:BDC_8421_Instance|one[1]              ;
+--------+--------------+----------------+------------+--------------+------------+------------------------------------------------------------------------------------------------------------------------------------------+


+-------------------------------------------------------------------------+
; Clock to Output Times                                                   ;
+-----------+--------------+-------+-------+------------+-----------------+
; Data Port ; Clock Port   ; Rise  ; Fall  ; Clock Edge ; Clock Reference ;
+-----------+--------------+-------+-------+------------+-----------------+
; ds        ; system_clock ; 3.893 ; 4.040 ; Rise       ; system_clock    ;
; shcp      ; system_clock ; 3.570 ; 3.683 ; Rise       ; system_clock    ;
; stcp      ; system_clock ; 3.899 ; 4.039 ; Rise       ; system_clock    ;
+-----------+--------------+-------+-------+------------+-----------------+


+-------------------------------------------------------------------------+
; Minimum Clock to Output Times                                           ;
+-----------+--------------+-------+-------+------------+-----------------+
; Data Port ; Clock Port   ; Rise  ; Fall  ; Clock Edge ; Clock Reference ;
+-----------+--------------+-------+-------+------------+-----------------+
; ds        ; system_clock ; 3.765 ; 3.906 ; Rise       ; system_clock    ;
; shcp      ; system_clock ; 3.455 ; 3.563 ; Rise       ; system_clock    ;
; stcp      ; system_clock ; 3.769 ; 3.903 ; Rise       ; system_clock    ;
+-----------+--------------+-------+-------+------------+-----------------+


---------------------------------------------
; Fast 1200mV 0C Model Metastability Report ;
---------------------------------------------
No synchronizer chains to report.


+--------------------------------------------------------------------------------+
; Multicorner Timing Analysis Summary                                            ;
+------------------+----------+-------+----------+---------+---------------------+
; Clock            ; Setup    ; Hold  ; Recovery ; Removal ; Minimum Pulse Width ;
+------------------+----------+-------+----------+---------+---------------------+
; Worst-case Slack ; -3.447   ; 0.186 ; N/A      ; N/A     ; -3.000              ;
;  system_clock    ; -3.447   ; 0.186 ; N/A      ; N/A     ; -3.000              ;
; Design-wide TNS  ; -442.035 ; 0.0   ; 0.0      ; 0.0     ; -281.069            ;
;  system_clock    ; -442.035 ; 0.000 ; N/A      ; N/A     ; -281.069            ;
+------------------+----------+-------+----------+---------+---------------------+


+-------------------------------------------------------------------------+
; Clock to Output Times                                                   ;
+-----------+--------------+-------+-------+------------+-----------------+
; Data Port ; Clock Port   ; Rise  ; Fall  ; Clock Edge ; Clock Reference ;
+-----------+--------------+-------+-------+------------+-----------------+
; ds        ; system_clock ; 8.484 ; 8.258 ; Rise       ; system_clock    ;
; shcp      ; system_clock ; 7.762 ; 7.624 ; Rise       ; system_clock    ;
; stcp      ; system_clock ; 8.403 ; 8.218 ; Rise       ; system_clock    ;
+-----------+--------------+-------+-------+------------+-----------------+


+-------------------------------------------------------------------------+
; Minimum Clock to Output Times                                           ;
+-----------+--------------+-------+-------+------------+-----------------+
; Data Port ; Clock Port   ; Rise  ; Fall  ; Clock Edge ; Clock Reference ;
+-----------+--------------+-------+-------+------------+-----------------+
; ds        ; system_clock ; 3.765 ; 3.906 ; Rise       ; system_clock    ;
; shcp      ; system_clock ; 3.455 ; 3.563 ; Rise       ; system_clock    ;
; stcp      ; system_clock ; 3.769 ; 3.903 ; Rise       ; system_clock    ;
+-----------+--------------+-------+-------+------------+-----------------+


+------------------------------------------------------------------------------------------------------------------------------------------------------------------------------------------------------------------------------------------------------------------------------------------------------------------------------------------------------------------------------------------------------------------+
; Board Trace Model Assignments                                                                                                                                                                                                                                                                                                                                                                                    ;
+---------------+--------------+-------------------+-------------------------+-------------------------+---------------+---------------------+----------------+------------------+--------+------------------+------------------------+------------------------+--------------+---------------+-----------------+-------+---------------------+--------------------+---------------+-----------------+-------------+
; Pin           ; I/O Standard ; Near Tline Length ; Near Tline L per Length ; Near Tline C per Length ; Near Series R ; Near Differential R ; Near Pull-up R ; Near Pull-down R ; Near C ; Far Tline Length ; Far Tline L per Length ; Far Tline C per Length ; Far Series R ; Far Pull-up R ; Far Pull-down R ; Far C ; Termination Voltage ; Far Differential R ; EBD File Name ; EBD Signal Name ; EBD Far-end ;
+---------------+--------------+-------------------+-------------------------+-------------------------+---------------+---------------------+----------------+------------------+--------+------------------+------------------------+------------------------+--------------+---------------+-----------------+-------+---------------------+--------------------+---------------+-----------------+-------------+
; ds            ; 2.5 V        ; 0 in              ; 0 H/in                  ; 0 F/in                  ; short         ; -                   ; open           ; open             ; open   ; 0 in             ; 0 H/in                 ; 0 F/in                 ; short        ; open          ; open            ; open  ; 0 V                 ; -                  ; n/a           ; n/a             ; n/a         ;
; oe            ; 2.5 V        ; 0 in              ; 0 H/in                  ; 0 F/in                  ; short         ; -                   ; open           ; open             ; open   ; 0 in             ; 0 H/in                 ; 0 F/in                 ; short        ; open          ; open            ; open  ; 0 V                 ; -                  ; n/a           ; n/a             ; n/a         ;
; shcp          ; 2.5 V        ; 0 in              ; 0 H/in                  ; 0 F/in                  ; short         ; -                   ; open           ; open             ; open   ; 0 in             ; 0 H/in                 ; 0 F/in                 ; short        ; open          ; open            ; open  ; 0 V                 ; -                  ; n/a           ; n/a             ; n/a         ;
; stcp          ; 2.5 V        ; 0 in              ; 0 H/in                  ; 0 F/in                  ; short         ; -                   ; open           ; open             ; open   ; 0 in             ; 0 H/in                 ; 0 F/in                 ; short        ; open          ; open            ; open  ; 0 V                 ; -                  ; n/a           ; n/a             ; n/a         ;
; ~ALTERA_DCLK~ ; 2.5 V        ; 0 in              ; 0 H/in                  ; 0 F/in                  ; short         ; -                   ; open           ; open             ; open   ; 0 in             ; 0 H/in                 ; 0 F/in                 ; short        ; open          ; open            ; open  ; 0 V                 ; -                  ; n/a           ; n/a             ; n/a         ;
; ~ALTERA_nCEO~ ; 2.5 V        ; 0 in              ; 0 H/in                  ; 0 F/in                  ; short         ; -                   ; open           ; open             ; open   ; 0 in             ; 0 H/in                 ; 0 F/in                 ; short        ; open          ; open            ; open  ; 0 V                 ; -                  ; n/a           ; n/a             ; n/a         ;
+---------------+--------------+-------------------+-------------------------+-------------------------+---------------+---------------------+----------------+------------------+--------+------------------+------------------------+------------------------+--------------+---------------+-----------------+-------+---------------------+--------------------+---------------+-----------------+-------------+


+----------------------------------------------------------------------------+
; Input Transition Times                                                     ;
+-------------------------+--------------+-----------------+-----------------+
; Pin                     ; I/O Standard ; 10-90 Rise Time ; 90-10 Fall Time ;
+-------------------------+--------------+-----------------+-----------------+
; system_clock            ; 2.5 V        ; 2000 ps         ; 2000 ps         ;
; system_reset_n          ; 2.5 V        ; 2000 ps         ; 2000 ps         ;
; ~ALTERA_ASDO_DATA1~     ; 2.5 V        ; 2000 ps         ; 2000 ps         ;
; ~ALTERA_FLASH_nCE_nCSO~ ; 2.5 V        ; 2000 ps         ; 2000 ps         ;
; ~ALTERA_DATA0~          ; 2.5 V        ; 2000 ps         ; 2000 ps         ;
+-------------------------+--------------+-----------------+-----------------+


+--------------------------------------------------------------------------------------------------------------------------------------------------------------------------------------------------------------------------------------------------------------------------------------------------------------------------------------------------------------------------------------------------------------------------------------------------------------------------------------------------------------------------------------------------------------------------------------------------------------------------------------------------------------------------------------------+
; Signal Integrity Metrics (Slow 1200mv 0c Model)                                                                                                                                                                                                                                                                                                                                                                                                                                                                                                                                                                                                                                            ;
+---------------+--------------+---------------------+---------------------+------------------------------+------------------------------+---------------------+---------------------+--------------------------------------+--------------------------------------+-----------------------------+-----------------------------+----------------------------+----------------------------+-----------------------------+-----------------------------+--------------------+--------------------+-------------------------------------+-------------------------------------+----------------------------+----------------------------+---------------------------+---------------------------+
; Pin           ; I/O Standard ; Board Delay on Rise ; Board Delay on Fall ; Steady State Voh at FPGA Pin ; Steady State Vol at FPGA Pin ; Voh Max at FPGA Pin ; Vol Min at FPGA Pin ; Ringback Voltage on Rise at FPGA Pin ; Ringback Voltage on Fall at FPGA Pin ; 10-90 Rise Time at FPGA Pin ; 90-10 Fall Time at FPGA Pin ; Monotonic Rise at FPGA Pin ; Monotonic Fall at FPGA Pin ; Steady State Voh at Far-end ; Steady State Vol at Far-end ; Voh Max at Far-end ; Vol Min at Far-end ; Ringback Voltage on Rise at Far-end ; Ringback Voltage on Fall at Far-end ; 10-90 Rise Time at Far-end ; 90-10 Fall Time at Far-end ; Monotonic Rise at Far-end ; Monotonic Fall at Far-end ;
+---------------+--------------+---------------------+---------------------+------------------------------+------------------------------+---------------------+---------------------+--------------------------------------+--------------------------------------+-----------------------------+-----------------------------+----------------------------+----------------------------+-----------------------------+-----------------------------+--------------------+--------------------+-------------------------------------+-------------------------------------+----------------------------+----------------------------+---------------------------+---------------------------+
; ds            ; 2.5 V        ; 0 s                 ; 0 s                 ; 2.32 V                       ; 2.07e-09 V                   ; 2.38 V              ; -0.0073 V           ; 0.097 V                              ; 0.018 V                              ; 4.24e-10 s                  ; 3.65e-10 s                  ; No                         ; Yes                        ; 2.32 V                      ; 2.07e-09 V                  ; 2.38 V             ; -0.0073 V          ; 0.097 V                             ; 0.018 V                             ; 4.24e-10 s                 ; 3.65e-10 s                 ; No                        ; Yes                       ;
; oe            ; 2.5 V        ; 0 s                 ; 0 s                 ; 2.32 V                       ; 2.8e-09 V                    ; 2.37 V              ; -0.00373 V          ; 0.104 V                              ; 0.011 V                              ; 4.34e-10 s                  ; 3.82e-10 s                  ; Yes                        ; Yes                        ; 2.32 V                      ; 2.8e-09 V                   ; 2.37 V             ; -0.00373 V         ; 0.104 V                             ; 0.011 V                             ; 4.34e-10 s                 ; 3.82e-10 s                 ; Yes                       ; Yes                       ;
; shcp          ; 2.5 V        ; 0 s                 ; 0 s                 ; 2.32 V                       ; 2.07e-09 V                   ; 2.38 V              ; -0.0073 V           ; 0.097 V                              ; 0.018 V                              ; 4.24e-10 s                  ; 3.65e-10 s                  ; No                         ; Yes                        ; 2.32 V                      ; 2.07e-09 V                  ; 2.38 V             ; -0.0073 V          ; 0.097 V                             ; 0.018 V                             ; 4.24e-10 s                 ; 3.65e-10 s                 ; No                        ; Yes                       ;
; stcp          ; 2.5 V        ; 0 s                 ; 0 s                 ; 2.32 V                       ; 2.8e-09 V                    ; 2.37 V              ; -0.00373 V          ; 0.104 V                              ; 0.011 V                              ; 4.34e-10 s                  ; 3.82e-10 s                  ; Yes                        ; Yes                        ; 2.32 V                      ; 2.8e-09 V                   ; 2.37 V             ; -0.00373 V         ; 0.104 V                             ; 0.011 V                             ; 4.34e-10 s                 ; 3.82e-10 s                 ; Yes                       ; Yes                       ;
; ~ALTERA_DCLK~ ; 2.5 V        ; 0 s                 ; 0 s                 ; 2.32 V                       ; 1.74e-09 V                   ; 2.37 V              ; -0.0346 V           ; 0.198 V                              ; 0.094 V                              ; 3.14e-10 s                  ; 2.92e-10 s                  ; Yes                        ; Yes                        ; 2.32 V                      ; 1.74e-09 V                  ; 2.37 V             ; -0.0346 V          ; 0.198 V                             ; 0.094 V                             ; 3.14e-10 s                 ; 2.92e-10 s                 ; Yes                       ; Yes                       ;
; ~ALTERA_nCEO~ ; 2.5 V        ; 0 s                 ; 0 s                 ; 2.32 V                       ; 2.57e-09 V                   ; 2.37 V              ; -0.00683 V          ; 0.171 V                              ; 0.018 V                              ; 4.97e-10 s                  ; 6.66e-10 s                  ; Yes                        ; Yes                        ; 2.32 V                      ; 2.57e-09 V                  ; 2.37 V             ; -0.00683 V         ; 0.171 V                             ; 0.018 V                             ; 4.97e-10 s                 ; 6.66e-10 s                 ; Yes                       ; Yes                       ;
+---------------+--------------+---------------------+---------------------+------------------------------+------------------------------+---------------------+---------------------+--------------------------------------+--------------------------------------+-----------------------------+-----------------------------+----------------------------+----------------------------+-----------------------------+-----------------------------+--------------------+--------------------+-------------------------------------+-------------------------------------+----------------------------+----------------------------+---------------------------+---------------------------+


+--------------------------------------------------------------------------------------------------------------------------------------------------------------------------------------------------------------------------------------------------------------------------------------------------------------------------------------------------------------------------------------------------------------------------------------------------------------------------------------------------------------------------------------------------------------------------------------------------------------------------------------------------------------------------------------------+
; Signal Integrity Metrics (Slow 1200mv 85c Model)                                                                                                                                                                                                                                                                                                                                                                                                                                                                                                                                                                                                                                           ;
+---------------+--------------+---------------------+---------------------+------------------------------+------------------------------+---------------------+---------------------+--------------------------------------+--------------------------------------+-----------------------------+-----------------------------+----------------------------+----------------------------+-----------------------------+-----------------------------+--------------------+--------------------+-------------------------------------+-------------------------------------+----------------------------+----------------------------+---------------------------+---------------------------+
; Pin           ; I/O Standard ; Board Delay on Rise ; Board Delay on Fall ; Steady State Voh at FPGA Pin ; Steady State Vol at FPGA Pin ; Voh Max at FPGA Pin ; Vol Min at FPGA Pin ; Ringback Voltage on Rise at FPGA Pin ; Ringback Voltage on Fall at FPGA Pin ; 10-90 Rise Time at FPGA Pin ; 90-10 Fall Time at FPGA Pin ; Monotonic Rise at FPGA Pin ; Monotonic Fall at FPGA Pin ; Steady State Voh at Far-end ; Steady State Vol at Far-end ; Voh Max at Far-end ; Vol Min at Far-end ; Ringback Voltage on Rise at Far-end ; Ringback Voltage on Fall at Far-end ; 10-90 Rise Time at Far-end ; 90-10 Fall Time at Far-end ; Monotonic Rise at Far-end ; Monotonic Fall at Far-end ;
+---------------+--------------+---------------------+---------------------+------------------------------+------------------------------+---------------------+---------------------+--------------------------------------+--------------------------------------+-----------------------------+-----------------------------+----------------------------+----------------------------+-----------------------------+-----------------------------+--------------------+--------------------+-------------------------------------+-------------------------------------+----------------------------+----------------------------+---------------------------+---------------------------+
; ds            ; 2.5 V        ; 0 s                 ; 0 s                 ; 2.32 V                       ; 1.93e-07 V                   ; 2.35 V              ; -0.00834 V          ; 0.127 V                              ; 0.035 V                              ; 4.7e-10 s                   ; 4.64e-10 s                  ; Yes                        ; Yes                        ; 2.32 V                      ; 1.93e-07 V                  ; 2.35 V             ; -0.00834 V         ; 0.127 V                             ; 0.035 V                             ; 4.7e-10 s                  ; 4.64e-10 s                 ; Yes                       ; Yes                       ;
; oe            ; 2.5 V        ; 0 s                 ; 0 s                 ; 2.32 V                       ; 2.85e-07 V                   ; 2.35 V              ; -0.0123 V           ; 0.144 V                              ; 0.042 V                              ; 4.81e-10 s                  ; 4.81e-10 s                  ; Yes                        ; Yes                        ; 2.32 V                      ; 2.85e-07 V                  ; 2.35 V             ; -0.0123 V          ; 0.144 V                             ; 0.042 V                             ; 4.81e-10 s                 ; 4.81e-10 s                 ; Yes                       ; Yes                       ;
; shcp          ; 2.5 V        ; 0 s                 ; 0 s                 ; 2.32 V                       ; 1.93e-07 V                   ; 2.35 V              ; -0.00834 V          ; 0.127 V                              ; 0.035 V                              ; 4.7e-10 s                   ; 4.64e-10 s                  ; Yes                        ; Yes                        ; 2.32 V                      ; 1.93e-07 V                  ; 2.35 V             ; -0.00834 V         ; 0.127 V                             ; 0.035 V                             ; 4.7e-10 s                  ; 4.64e-10 s                 ; Yes                       ; Yes                       ;
; stcp          ; 2.5 V        ; 0 s                 ; 0 s                 ; 2.32 V                       ; 2.85e-07 V                   ; 2.35 V              ; -0.0123 V           ; 0.144 V                              ; 0.042 V                              ; 4.81e-10 s                  ; 4.81e-10 s                  ; Yes                        ; Yes                        ; 2.32 V                      ; 2.85e-07 V                  ; 2.35 V             ; -0.0123 V          ; 0.144 V                             ; 0.042 V                             ; 4.81e-10 s                 ; 4.81e-10 s                 ; Yes                       ; Yes                       ;
; ~ALTERA_DCLK~ ; 2.5 V        ; 0 s                 ; 0 s                 ; 2.32 V                       ; 1.55e-07 V                   ; 2.35 V              ; -0.00221 V          ; 0.097 V                              ; 0.005 V                              ; 4.49e-10 s                  ; 3.85e-10 s                  ; Yes                        ; Yes                        ; 2.32 V                      ; 1.55e-07 V                  ; 2.35 V             ; -0.00221 V         ; 0.097 V                             ; 0.005 V                             ; 4.49e-10 s                 ; 3.85e-10 s                 ; Yes                       ; Yes                       ;
; ~ALTERA_nCEO~ ; 2.5 V        ; 0 s                 ; 0 s                 ; 2.32 V                       ; 2.54e-07 V                   ; 2.34 V              ; -0.00774 V          ; 0.109 V                              ; 0.026 V                              ; 6.58e-10 s                  ; 8.24e-10 s                  ; Yes                        ; Yes                        ; 2.32 V                      ; 2.54e-07 V                  ; 2.34 V             ; -0.00774 V         ; 0.109 V                             ; 0.026 V                             ; 6.58e-10 s                 ; 8.24e-10 s                 ; Yes                       ; Yes                       ;
+---------------+--------------+---------------------+---------------------+------------------------------+------------------------------+---------------------+---------------------+--------------------------------------+--------------------------------------+-----------------------------+-----------------------------+----------------------------+----------------------------+-----------------------------+-----------------------------+--------------------+--------------------+-------------------------------------+-------------------------------------+----------------------------+----------------------------+---------------------------+---------------------------+


+--------------------------------------------------------------------------------------------------------------------------------------------------------------------------------------------------------------------------------------------------------------------------------------------------------------------------------------------------------------------------------------------------------------------------------------------------------------------------------------------------------------------------------------------------------------------------------------------------------------------------------------------------------------------------------------------+
; Signal Integrity Metrics (Fast 1200mv 0c Model)                                                                                                                                                                                                                                                                                                                                                                                                                                                                                                                                                                                                                                            ;
+---------------+--------------+---------------------+---------------------+------------------------------+------------------------------+---------------------+---------------------+--------------------------------------+--------------------------------------+-----------------------------+-----------------------------+----------------------------+----------------------------+-----------------------------+-----------------------------+--------------------+--------------------+-------------------------------------+-------------------------------------+----------------------------+----------------------------+---------------------------+---------------------------+
; Pin           ; I/O Standard ; Board Delay on Rise ; Board Delay on Fall ; Steady State Voh at FPGA Pin ; Steady State Vol at FPGA Pin ; Voh Max at FPGA Pin ; Vol Min at FPGA Pin ; Ringback Voltage on Rise at FPGA Pin ; Ringback Voltage on Fall at FPGA Pin ; 10-90 Rise Time at FPGA Pin ; 90-10 Fall Time at FPGA Pin ; Monotonic Rise at FPGA Pin ; Monotonic Fall at FPGA Pin ; Steady State Voh at Far-end ; Steady State Vol at Far-end ; Voh Max at Far-end ; Vol Min at Far-end ; Ringback Voltage on Rise at Far-end ; Ringback Voltage on Fall at Far-end ; 10-90 Rise Time at Far-end ; 90-10 Fall Time at Far-end ; Monotonic Rise at Far-end ; Monotonic Fall at Far-end ;
+---------------+--------------+---------------------+---------------------+------------------------------+------------------------------+---------------------+---------------------+--------------------------------------+--------------------------------------+-----------------------------+-----------------------------+----------------------------+----------------------------+-----------------------------+-----------------------------+--------------------+--------------------+-------------------------------------+-------------------------------------+----------------------------+----------------------------+---------------------------+---------------------------+
; ds            ; 2.5 V        ; 0 s                 ; 0 s                 ; 2.62 V                       ; 2.74e-08 V                   ; 2.73 V              ; -0.0384 V           ; 0.169 V                              ; 0.089 V                              ; 2.7e-10 s                   ; 2.62e-10 s                  ; Yes                        ; Yes                        ; 2.62 V                      ; 2.74e-08 V                  ; 2.73 V             ; -0.0384 V          ; 0.169 V                             ; 0.089 V                             ; 2.7e-10 s                  ; 2.62e-10 s                 ; Yes                       ; Yes                       ;
; oe            ; 2.5 V        ; 0 s                 ; 0 s                 ; 2.62 V                       ; 4.05e-08 V                   ; 2.72 V              ; -0.0349 V           ; 0.173 V                              ; 0.1 V                                ; 2.72e-10 s                  ; 2.69e-10 s                  ; Yes                        ; Yes                        ; 2.62 V                      ; 4.05e-08 V                  ; 2.72 V             ; -0.0349 V          ; 0.173 V                             ; 0.1 V                               ; 2.72e-10 s                 ; 2.69e-10 s                 ; Yes                       ; Yes                       ;
; shcp          ; 2.5 V        ; 0 s                 ; 0 s                 ; 2.62 V                       ; 2.74e-08 V                   ; 2.73 V              ; -0.0384 V           ; 0.169 V                              ; 0.089 V                              ; 2.7e-10 s                   ; 2.62e-10 s                  ; Yes                        ; Yes                        ; 2.62 V                      ; 2.74e-08 V                  ; 2.73 V             ; -0.0384 V          ; 0.169 V                             ; 0.089 V                             ; 2.7e-10 s                  ; 2.62e-10 s                 ; Yes                       ; Yes                       ;
; stcp          ; 2.5 V        ; 0 s                 ; 0 s                 ; 2.62 V                       ; 4.05e-08 V                   ; 2.72 V              ; -0.0349 V           ; 0.173 V                              ; 0.1 V                                ; 2.72e-10 s                  ; 2.69e-10 s                  ; Yes                        ; Yes                        ; 2.62 V                      ; 4.05e-08 V                  ; 2.72 V             ; -0.0349 V          ; 0.173 V                             ; 0.1 V                               ; 2.72e-10 s                 ; 2.69e-10 s                 ; Yes                       ; Yes                       ;
; ~ALTERA_DCLK~ ; 2.5 V        ; 0 s                 ; 0 s                 ; 2.62 V                       ; 2.22e-08 V                   ; 2.74 V              ; -0.06 V             ; 0.158 V                              ; 0.08 V                               ; 2.68e-10 s                  ; 2.19e-10 s                  ; Yes                        ; Yes                        ; 2.62 V                      ; 2.22e-08 V                  ; 2.74 V             ; -0.06 V            ; 0.158 V                             ; 0.08 V                              ; 2.68e-10 s                 ; 2.19e-10 s                 ; Yes                       ; Yes                       ;
; ~ALTERA_nCEO~ ; 2.5 V        ; 0 s                 ; 0 s                 ; 2.62 V                       ; 3.54e-08 V                   ; 2.7 V               ; -0.00943 V          ; 0.276 V                              ; 0.035 V                              ; 3.19e-10 s                  ; 4.99e-10 s                  ; No                         ; Yes                        ; 2.62 V                      ; 3.54e-08 V                  ; 2.7 V              ; -0.00943 V         ; 0.276 V                             ; 0.035 V                             ; 3.19e-10 s                 ; 4.99e-10 s                 ; No                        ; Yes                       ;
+---------------+--------------+---------------------+---------------------+------------------------------+------------------------------+---------------------+---------------------+--------------------------------------+--------------------------------------+-----------------------------+-----------------------------+----------------------------+----------------------------+-----------------------------+-----------------------------+--------------------+--------------------+-------------------------------------+-------------------------------------+----------------------------+----------------------------+---------------------------+---------------------------+


+-------------------------------------------------------------------------+
; Setup Transfers                                                         ;
+--------------+--------------+----------+----------+----------+----------+
; From Clock   ; To Clock     ; RR Paths ; FR Paths ; RF Paths ; FF Paths ;
+--------------+--------------+----------+----------+----------+----------+
; system_clock ; system_clock ; 3558     ; 0        ; 0        ; 0        ;
+--------------+--------------+----------+----------+----------+----------+
Entries labeled "false path" only account for clock-to-clock false paths and not path-based false paths. As a result, actual path counts may be lower than reported.


+-------------------------------------------------------------------------+
; Hold Transfers                                                          ;
+--------------+--------------+----------+----------+----------+----------+
; From Clock   ; To Clock     ; RR Paths ; FR Paths ; RF Paths ; FF Paths ;
+--------------+--------------+----------+----------+----------+----------+
; system_clock ; system_clock ; 3558     ; 0        ; 0        ; 0        ;
+--------------+--------------+----------+----------+----------+----------+
Entries labeled "false path" only account for clock-to-clock false paths and not path-based false paths. As a result, actual path counts may be lower than reported.


---------------
; Report TCCS ;
---------------
No dedicated SERDES Transmitter circuitry present in device or used in design


---------------
; Report RSKM ;
---------------
No dedicated SERDES Receiver circuitry present in device or used in design


+------------------------------------------------+
; Unconstrained Paths                            ;
+---------------------------------+-------+------+
; Property                        ; Setup ; Hold ;
+---------------------------------+-------+------+
; Illegal Clocks                  ; 0     ; 0    ;
; Unconstrained Clocks            ; 0     ; 0    ;
; Unconstrained Input Ports       ; 1     ; 1    ;
; Unconstrained Input Port Paths  ; 187   ; 187  ;
; Unconstrained Output Ports      ; 3     ; 3    ;
; Unconstrained Output Port Paths ; 3     ; 3    ;
+---------------------------------+-------+------+


+------------------------------------+
; TimeQuest Timing Analyzer Messages ;
+------------------------------------+
Info: *******************************************************************
Info: Running Quartus II 64-Bit TimeQuest Timing Analyzer
    Info: Version 13.0.1 Build 232 06/12/2013 Service Pack 1 SJ Full Version
    Info: Processing started: Thu Feb 27 19:31:19 2025
Info: Command: quartus_sta Dynamic_Digital_Tube -c Dynamic_Digital_Tube
Info: qsta_default_script.tcl version: #1
Info (11104): Parallel Compilation has detected 22 hyper-threaded processors. However, the extra hyper-threaded processors will not be used by default. Parallel Compilation will use 16 of the 16 physical processors detected instead.
Info (21077): Core supply voltage is 1.2V
Info (21077): Low junction temperature is 0 degrees C
Info (21077): High junction temperature is 85 degrees C
Critical Warning (332012): Synopsys Design Constraints File file not found: 'Dynamic_Digital_Tube.sdc'. A Synopsys Design Constraints File is required by the TimeQuest Timing Analyzer to get proper timing constraints. Without it, the Compiler will not properly optimize the design.
Info (332142): No user constrained base clocks found in the design. Calling "derive_clocks -period 1.0"
Info (332105): Deriving Clocks
    Info (332105): create_clock -period 1.000 -name system_clock system_clock
Info (332143): No user constrained clock uncertainty found in the design. Calling "derive_clock_uncertainty"
Info (332123): Deriving Clock Uncertainty. Please refer to report_sdc in TimeQuest to see clock uncertainties.
Info: Found TIMEQUEST_REPORT_SCRIPT_INCLUDE_DEFAULT_ANALYSIS = ON
Info: Analyzing Slow 1200mV 85C Model
Critical Warning (332148): Timing requirements not met
    Info (11105): For recommendations on closing timing, run Report Timing Closure Recommendations in the TimeQuest Timing Analyzer.
Info (332146): Worst-case setup slack is -3.447
    Info (332119):     Slack End Point TNS Clock 
    Info (332119): ========= ============= =====================
    Info (332119):    -3.447      -442.035 system_clock 
Info (332146): Worst-case hold slack is 0.452
    Info (332119):     Slack End Point TNS Clock 
    Info (332119): ========= ============= =====================
    Info (332119):     0.452         0.000 system_clock 
Info (332140): No Recovery paths to report
Info (332140): No Removal paths to report
Info (332146): Worst-case minimum pulse width slack is -3.000
    Info (332119):     Slack End Point TNS Clock 
    Info (332119): ========= ============= =====================
    Info (332119):    -3.000      -281.069 system_clock 
Info: Analyzing Slow 1200mV 0C Model
Info (334003): Started post-fitting delay annotation
Info (334004): Delay annotation completed successfully
Info (332123): Deriving Clock Uncertainty. Please refer to report_sdc in TimeQuest to see clock uncertainties.
Critical Warning (332148): Timing requirements not met
    Info (11105): For recommendations on closing timing, run Report Timing Closure Recommendations in the TimeQuest Timing Analyzer.
Info (332146): Worst-case setup slack is -3.069
    Info (332119):     Slack End Point TNS Clock 
    Info (332119): ========= ============= =====================
    Info (332119):    -3.069      -398.697 system_clock 
Info (332146): Worst-case hold slack is 0.400
    Info (332119):     Slack End Point TNS Clock 
    Info (332119): ========= ============= =====================
    Info (332119):     0.400         0.000 system_clock 
Info (332140): No Recovery paths to report
Info (332140): No Removal paths to report
Info (332146): Worst-case minimum pulse width slack is -3.000
    Info (332119):     Slack End Point TNS Clock 
    Info (332119): ========= ============= =====================
    Info (332119):    -3.000      -281.069 system_clock 
Info: Analyzing Fast 1200mV 0C Model
Info (332123): Deriving Clock Uncertainty. Please refer to report_sdc in TimeQuest to see clock uncertainties.
Critical Warning (332148): Timing requirements not met
    Info (11105): For recommendations on closing timing, run Report Timing Closure Recommendations in the TimeQuest Timing Analyzer.
Info (332146): Worst-case setup slack is -0.988
    Info (332119):     Slack End Point TNS Clock 
    Info (332119): ========= ============= =====================
    Info (332119):    -0.988       -92.437 system_clock 
Info (332146): Worst-case hold slack is 0.186
    Info (332119):     Slack End Point TNS Clock 
    Info (332119): ========= ============= =====================
    Info (332119):     0.186         0.000 system_clock 
Info (332140): No Recovery paths to report
Info (332140): No Removal paths to report
Info (332146): Worst-case minimum pulse width slack is -3.000
    Info (332119):     Slack End Point TNS Clock 
    Info (332119): ========= ============= =====================
    Info (332119):    -3.000      -202.060 system_clock 
Info (332102): Design is not fully constrained for setup requirements
Info (332102): Design is not fully constrained for hold requirements
Info: Quartus II 64-Bit TimeQuest Timing Analyzer was successful. 0 errors, 4 warnings
    Info: Peak virtual memory: 4721 megabytes
    Info: Processing ended: Thu Feb 27 19:31:21 2025
    Info: Elapsed time: 00:00:02
    Info: Total CPU time (on all processors): 00:00:02


